household,person,home,sex,age,occupation,repeated,trip,start,new start,motive,new motive,dest. type,new dest. type,orig. type,new orig. type,origin,new origin,destination,new destination,mode,new mode,leg min,new leg min,ajustes,problemas,status,new status,note
9,2,1403900014283,Mujeres,31,Empleado,,1,09:00,,Trabajar,,Fábrica o taller,,Su casa,,home,,1403900010863,,Taxi plataforma (Uber/Didi),,30,,,,,,
9,2,1403900014283,Mujeres,31,Empleado,,2,08:52 → 20:52,,Regresar a Casa,,Su casa,,,,1403900010863,,home,,AUTOMÓVIL PARTICULAR,,30,15,hora:revision,,changed,,"Novena revisión: 30 min en AUTOMÓVIL PARTICULAR para 1.9 km en línea recta es más del doble de lo que la encuesta suele reportar para ese modo a esa distancia (15 min, la mediana de 3832 viajes): los minutos son el error, no la hora. Con 15 min llega a las 21:07 y el viaje siguiente sale a las 22:14, 67 min después. Es el mismo recorrido, en el mismo modo, que otro viaje del día cuyos minutos chocaban con la salida siguiente."
9,2,1403900014283,Mujeres,31,Empleado,,3,10:14 → 22:14,,Trabajar,,Fábrica o taller,,,,home,,1403900010863,,AUTOMÓVIL PARTICULAR,,30,15,hora:revision,,changed,,"Novena revisión: 30 min en AUTOMÓVIL PARTICULAR para 1.9 km en línea recta es más del doble de lo que la encuesta suele reportar para ese modo a esa distancia (15 min, la mediana de 3832 viajes): los minutos son el error, no la hora. Con 15 min llega a las 22:29 y el viaje siguiente sale a las 22:44, 15 min después."
9,2,1403900014283,Mujeres,31,Empleado,,4,10:20 → 22:44,,Regresar a Casa,,Su casa,,,,1403900010863,,home,,AUTOMÓVIL PARTICULAR,,30,15,hora:revision,,changed,,"Novena revisión: 30 min en AUTOMÓVIL PARTICULAR para 1.9 km en línea recta es más del doble de lo que la encuesta suele reportar para ese modo a esa distancia (15 min, la mediana de 3832 viajes): los minutos son el error, no la hora. Es el último viaje del día. Es el mismo recorrido, en el mismo modo, que otro viaje del día cuyos minutos chocaban con la salida siguiente."
42,7,1403900010825,Hombres,40,Trabajador independiente,,1,07:13,,Compras (comida),,"Comercio, mercado, tienda o centro comercial",,Su casa,,home,,140390001083A,,A PIE,,9,,,,,,
42,7,1403900010825,Hombres,40,Trabajador independiente,,2,07:24,,Regresar a Casa,,Su casa,,,,140390001083A,,home,,A PIE,,9,,,,,,
42,7,1403900010825,Hombres,40,Trabajador independiente,,3,11:03,,Trabajar,,Su casa → Fábrica o taller,,,,home,,1403900013177,,CAMIÓN O AUTOBÚS,,90,,tipo_destino:revision,,changed,,
42,7,1403900010825,Hombres,40,Trabajador independiente,,4,14:02,,Regresar a Casa,,Su casa,,,,1403900013177,,home,,CAMIÓN O AUTOBÚS,,90,,,,,,
42,7,1403900010825,Hombres,40,Trabajador independiente,,5,15:03 → 17:03,,Visitar a alguien,,"Comercio, mercado, tienda o centro comercial",,,,home,,1403900011378,,TREN LIGERO,,60,30,hora:-10h+12h,,changed,,"Novena revisión: 60 min en TREN LIGERO para 4.3 km en línea recta es más del doble de lo que la encuesta suele reportar para ese modo a esa distancia (30 min, la mediana de 280 viajes): los minutos son el error, no la hora. Con 30 min llega a las 17:33 y el viaje siguiente sale a las 18:01, 28 min después."
42,7,1403900010825,Hombres,40,Trabajador independiente,,6,18:01 → 18:03,18:01,Regresar a Casa,,Su casa,,,,1403900011378,,home,,TREN LIGERO,,60,30,hora:revision,,changed,,"Novena revisión: 60 min en TREN LIGERO para 4.3 km en línea recta es más del doble de lo que la encuesta suele reportar para ese modo a esa distancia (30 min, la mediana de 280 viajes): los minutos son el error, no la hora. Es el último viaje del día. Es el mismo recorrido, en el mismo modo, que otro viaje del día cuyos minutos chocaban con la salida siguiente. Novena revisión: la salida vuelve a las 18:01, la hora que reporta la encuesta: con los minutos de traslado que corrige esta revisión cabe después de la llegada del viaje anterior (17:33); una revisión anterior la había movido a las 18:03 para dejar sitio a los minutos de más."
47,3,140390001418A,Mujeres,31,Desempleado,,1,07:16,,Guardería,Llevar o recoger a alguien,Otros (especifique),,Su casa,,home,,1403900014226,,A PIE,,10,,,motivo_guarderia,,,"Novena revisión: el motivo «Guardería» se registra como acompañamiento, como la primera revisión lo hizo con los demás viajes de personas de 12 años o más: la encuesta lo usa tanto para quien asiste como para quien lleva o recoge, y la persona tiene 31 años."
47,3,140390001418A,Mujeres,31,Desempleado,,2,07:33,,Regresar a Casa,,Su casa,,,,1403900014226,,home,,A PIE,,10,,,,,,
47,3,140390001418A,Mujeres,31,Desempleado,,3,11:00,,Visitar a alguien,,Oficina,,,,home,,1403900011221,,AUTOMÓVIL PARTICULAR,,15,,,,,,
47,3,140390001418A,Mujeres,31,Desempleado,,4,22:00,,Regresar a Casa,,Su casa,,,,1403900011221,,home,,AUTOMÓVIL PARTICULAR,,15,,,,,,
49,1,140390001083A,Hombres,33,Empleado,,1,14:00,,Trabajar,,Fábrica o taller,,Su casa,,home,,1407000140276,,AUTOMÓVIL PARTICULAR,,90,45,,,,,"Novena revisión: 90 min en AUTOMÓVIL PARTICULAR para 13.4 km en línea recta es más del doble de lo que la encuesta suele reportar para ese modo a esa distancia (45 min, la mediana de 4989 viajes): los minutos son el error, no la hora. Con 45 min llega a las 14:45 y el viaje siguiente sale a las 19:00, 255 min después. Es el mismo recorrido, en el mismo modo, que otro viaje del día cuyos minutos chocaban con la salida siguiente."
49,1,140390001083A,Hombres,33,Empleado,,2,19:00,,Regresar a Casa,,Su casa,,,,1407000140276,,home,,AUTOMÓVIL PARTICULAR,,90,45,,,,,"Novena revisión: 90 min en AUTOMÓVIL PARTICULAR para 13.4 km en línea recta es más del doble de lo que la encuesta suele reportar para ese modo a esa distancia (45 min, la mediana de 4989 viajes): los minutos son el error, no la hora. Con 45 min llega a las 19:45 y el viaje siguiente sale a las 20:00, 15 min después."
49,1,140390001083A,Hombres,33,Empleado,,3,20:00 → 20:30,20:00,Deportes o recreación,,"Restaurante, bar, cafetería",,,,home,,1403900011359,,AUTOMÓVIL PARTICULAR,,60,,hora:revision,,changed,,"Novena revisión: la salida vuelve a las 20:00, la hora que reporta la encuesta: con los minutos de traslado que corrige esta revisión cabe después de la llegada del viaje anterior (19:45); una revisión anterior la había movido a las 20:30 para dejar sitio a los minutos de más."
49,1,140390001083A,Hombres,33,Empleado,,4,22:30,,Regresar a Casa,,Su casa,,,,1403900011359,,home,,AUTOMÓVIL PARTICULAR,,60,,,,,,
66,1,140390001083A,Hombres,66,Trabajador independiente,,1,14:00 → 04:00,,Trabajar,,"Comercio, mercado, tienda o centro comercial",,Su casa,,home,,1412000015482,,AUTOMÓVIL PARTICULAR,,90,40,hora:revision,,changed,,"Novena revisión: 90 min en AUTOMÓVIL PARTICULAR para 9.6 km en línea recta es más del doble de lo que la encuesta suele reportar para ese modo a esa distancia (40 min, la mediana de 5474 viajes): los minutos son el error, no la hora. Con 40 min llega a las 04:40 y el viaje siguiente sale a las 13:50, 550 min después. Es el mismo recorrido, en el mismo modo, que otro viaje del día cuyos minutos chocaban con la salida siguiente."
66,1,140390001083A,Hombres,66,Trabajador independiente,,2,13:50,,Regresar a Casa,,Su casa,,,,1412000015482,,home,,AUTOMÓVIL PARTICULAR,,90,40,,,,,"Novena revisión: 90 min en AUTOMÓVIL PARTICULAR para 9.6 km en línea recta es más del doble de lo que la encuesta suele reportar para ese modo a esa distancia (40 min, la mediana de 5474 viajes): los minutos son el error, no la hora. Con 40 min llega a las 14:30 y el viaje siguiente sale a las 15:20, 50 min después."
66,1,140390001083A,Hombres,66,Trabajador independiente,,3,15:20,,Trabajar,,"Comercio, mercado, tienda o centro comercial",,,,home,,1412000015482,,AUTOMÓVIL PARTICULAR,,90,40,,,,,"Novena revisión: 90 min en AUTOMÓVIL PARTICULAR para 9.6 km en línea recta es más del doble de lo que la encuesta suele reportar para ese modo a esa distancia (40 min, la mediana de 5474 viajes): los minutos son el error, no la hora. Con 40 min llega a las 16:00 y el viaje siguiente sale a las 18:00, 120 min después. Es el mismo recorrido, en el mismo modo, que otro viaje del día cuyos minutos chocaban con la salida siguiente."
66,1,140390001083A,Hombres,66,Trabajador independiente,,4,16:00 → 18:00,,Regresar a Casa,,Su casa,,,,1412000015482,,home,,AUTOMÓVIL PARTICULAR,,90,40,hora:revision,,changed,,"Novena revisión: 90 min en AUTOMÓVIL PARTICULAR para 9.6 km en línea recta es más del doble de lo que la encuesta suele reportar para ese modo a esa distancia (40 min, la mediana de 5474 viajes): los minutos son el error, no la hora. Es el último viaje del día. Es el mismo recorrido, en el mismo modo, que otro viaje del día cuyos minutos chocaban con la salida siguiente."
71,2,1403900014245,Mujeres,49,Hogar,,1,07:22,,Guardería,Llevar o recoger a alguien,Otros (especifique),,Su casa,,home,,1403900013177,,A PIE,,4,,,motivo_guarderia,,,"Novena revisión: el motivo «Guardería» se registra como acompañamiento, como la primera revisión lo hizo con los demás viajes de personas de 12 años o más: la encuesta lo usa tanto para quien asiste como para quien lleva o recoge, y la persona tiene 49 años."
71,2,1403900014245,Mujeres,49,Hogar,,2,07:36,,Regresar a Casa,,Su casa,,,,1403900013177,,home,,A PIE,,4,,,,,,
71,2,1403900014245,Mujeres,49,Hogar,,3,13:55,,"Compras (bienes, productos y servicios)",,Escuela,,,,home,,1403900013177,,A PIE,,5,,,,,,
71,2,1403900014245,Mujeres,49,Hogar,,4,14:05,,Regresar a Casa,,Su casa,,,,1403900013177,,home,,A PIE,,5,,,,,,
71,2,1403900014245,Mujeres,49,Hogar,,5,14:30,,Hacer un trámite,,Escuela,,,,home,,1403900013177,,A PIE,,20,,,,,,
71,2,1403900014245,Mujeres,49,Hogar,,6,19:12,,Regresar a Casa,,Su casa,,,,1403900013177,,home,,A PIE,,20,,,,,,
81,4,140390001083A,Hombres,58,Empleado,,1,06:00,,Trabajar,,Fábrica o taller,,Su casa,,home,,1412000011009,,AUTOMÓVIL PARTICULAR,,100,40,,,,,"Novena revisión: 100 min en AUTOMÓVIL PARTICULAR para 10.6 km en línea recta es más del doble de lo que la encuesta suele reportar para ese modo a esa distancia (40 min, la mediana de 5474 viajes): los minutos son el error, no la hora. Con 40 min llega a las 06:40 y el viaje siguiente sale a las 11:44, 304 min después. Es el mismo recorrido, en el mismo modo, que otro viaje del día cuyos minutos chocaban con la salida siguiente."
81,4,140390001083A,Hombres,58,Empleado,,2,11:44,,Regresar a Casa,,Su casa,,,,1412000011009,,home,,AUTOMÓVIL PARTICULAR,,100,40,,,,,"Novena revisión: 100 min en AUTOMÓVIL PARTICULAR para 10.6 km en línea recta es más del doble de lo que la encuesta suele reportar para ese modo a esa distancia (40 min, la mediana de 5474 viajes): los minutos son el error, no la hora. Con 40 min llega a las 12:24 y el viaje siguiente sale a las 13:12, 48 min después."
81,4,140390001083A,Hombres,58,Empleado,,3,13:12 → 13:24,13:12,Trabajar,,Fábrica o taller,,,,home,,1412000011009,,AUTOMÓVIL PARTICULAR,,100,40,hora:revision,,changed,,"Novena revisión: 100 min en AUTOMÓVIL PARTICULAR para 10.6 km en línea recta es más del doble de lo que la encuesta suele reportar para ese modo a esa distancia (40 min, la mediana de 5474 viajes): los minutos son el error, no la hora. Con 40 min llega a las 13:52 y el viaje siguiente sale a las 16:00, 128 min después. Es el mismo recorrido, en el mismo modo, que otro viaje del día cuyos minutos chocaban con la salida siguiente. Novena revisión: la salida vuelve a las 13:12, la hora que reporta la encuesta: con los minutos de traslado que corrige esta revisión cabe después de la llegada del viaje anterior (12:24); una revisión anterior la había movido a las 13:24 para dejar sitio a los minutos de más."
81,4,140390001083A,Hombres,58,Empleado,,4,16:00,,Regresar a Casa,,Su casa,,,,1412000011009,,home,,AUTOMÓVIL PARTICULAR,,100,40,,,,,"Novena revisión: 100 min en AUTOMÓVIL PARTICULAR para 10.6 km en línea recta es más del doble de lo que la encuesta suele reportar para ese modo a esa distancia (40 min, la mediana de 5474 viajes): los minutos son el error, no la hora. Con 40 min llega a las 16:40 y el viaje siguiente sale a las 18:03, 83 min después. Es el mismo recorrido, en el mismo modo, que otro viaje del día cuyos minutos chocaban con la salida siguiente."
81,4,140390001083A,Hombres,58,Empleado,,5,18:03,,Compras (comida),,"Comercio, mercado, tienda o centro comercial",,,,home,,home,,A PIE,,10,,,,,,
81,4,140390001083A,Hombres,58,Empleado,,6,18:20,,Regresar a Casa,,Su casa,,,,home,,home,,A PIE,,10,,,,,,
92,2,1403900010859,Hombres,36,Trabajador independiente,,1,08:19,,Guardería,Llevar o recoger a alguien,Otros (especifique),,Su casa,,home,,1403900010825,,A PIE,,14,,,motivo_guarderia,,,"Novena revisión: el motivo «Guardería» se registra como acompañamiento, como la primera revisión lo hizo con los demás viajes de personas de 12 años o más: la encuesta lo usa tanto para quien asiste como para quien lleva o recoge, y la persona tiene 36 años."
92,2,1403900010859,Hombres,36,Trabajador independiente,,2,08:40,,Regresar a Casa,,Su casa,,,,1403900010825,,home,,A PIE,,14,,,,,,
92,2,1403900010859,Hombres,36,Trabajador independiente,,3,11:30,,Trabajar,,Otra vivienda,,,,home,,1403900011005,,AUTOMÓVIL PARTICULAR,,60,,,,,,
92,2,1403900010859,Hombres,36,Trabajador independiente,,4,20:00,,Regresar a Casa,,Su casa,,,,1403900011005,,home,,AUTOMÓVIL PARTICULAR,,60,,,,,,
116,1,1403900013800,Mujeres,46,Empleado,,1,08:04,,Guardería,Llevar o recoger a alguien,Otros (especifique),,Su casa,,home,,1403900011471,,A PIE,,4,,,motivo_guarderia,,,"Novena revisión: el motivo «Guardería» se registra como acompañamiento, como la primera revisión lo hizo con los demás viajes de personas de 12 años o más: la encuesta lo usa tanto para quien asiste como para quien lleva o recoge, y la persona tiene 46 años."
116,1,1403900013800,Mujeres,46,Empleado,,2,08:15,,Regresar a Casa,,Su casa,,,,1403900011471,,home,,A PIE,,4,,,,,,
116,1,1403900013800,Mujeres,46,Empleado,,3,11:30,,Trabajar,,Otra vivienda,,,,home,,home,,CAMIÓN O AUTOBÚS,,85,,,,,,
116,1,1403900013800,Mujeres,46,Empleado,,4,23:30,,Regresar a Casa,,Su casa,,,,home,,home,,CAMIÓN O AUTOBÚS,,40,,,,,,
250,1,1403900014033,Mujeres,59,Hogar,,1,13:00,,Al médico o atención de salud,,"Hospital, clínica, consultorio, laboratorio clínico",,Su casa,,home,,1403900011170,,CAMIÓN O AUTOBÚS,,60,,,,,,
250,1,1403900014033,Mujeres,59,Hogar,,2,14:26,,Hacer un trámite,,Otra vivienda,,,,1403900011170,,1403900011359,,CAMIÓN O AUTOBÚS,,20,,,,,,
250,1,1403900014033,Mujeres,59,Hogar,,3,17:00,,Regresar a Casa,,Su casa,,,,1403900011359,,home,,CAMIÓN O AUTOBÚS,,70,30,,,,,"Novena revisión: 70 min en CAMIÓN O AUTOBÚS para 5.0 km en línea recta es más del doble de lo que la encuesta suele reportar para ese modo a esa distancia (30 min, la mediana de 5401 viajes): los minutos son el error, no la hora. Con 30 min llega a las 17:30 y el viaje siguiente sale a las 18:01, 31 min después."
250,1,1403900014033,Mujeres,59,Hogar,,4,18:01 → 18:10,18:01,Deportes o recreación,,"Deportivo, gimnasio",,,,home,,1403900012713,,A PIE,,11,,hora:revision,,changed,,"Novena revisión: la salida vuelve a las 18:01, la hora que reporta la encuesta: con los minutos de traslado que corrige esta revisión cabe después de la llegada del viaje anterior (17:30); una revisión anterior la había movido a las 18:10 para dejar sitio a los minutos de más."
250,1,1403900014033,Mujeres,59,Hogar,,5,18:20 → 18:21,18:20,Regresar a Casa,,Su casa,,,,1403900012713,,home,,A PIE,,11,,hora:revision,,changed,,"Novena revisión: la salida vuelve a las 18:20, la hora que reporta la encuesta: con los minutos de traslado que corrige esta revisión cabe después de la llegada del viaje anterior (18:12); una revisión anterior la había movido a las 18:21 para dejar sitio a los minutos de más."
307,1,1403900013711,Mujeres,36,Empleado,,1,07:30,,Llevar o recoger a alguien,,Escuela,,Su casa,,home,,1409800010525,,AUTOMÓVIL PARTICULAR,,25,,,,,,
307,1,1403900013711,Mujeres,36,Empleado,,2,07:45 → 07:55,,Trabajar,,Oficina,,,,1409800010525,,1403900012427,,AUTOMÓVIL PARTICULAR,,25,,hora:revision,,changed,,
307,1,1403900013711,Mujeres,36,Empleado,,3,14:00,,Compras (comida),,"Comercio, mercado, tienda o centro comercial",,,,1403900012427,,1403900012569,,A PIE,,10,,,,,,
307,1,1403900013711,Mujeres,36,Empleado,,4,15:00,,Trabajar,,Oficina,,,,1403900012569,,1403900012427,,A PIE,,10,,,,,,
307,1,1403900013711,Mujeres,36,Empleado,,5,17:45,,Guardería,Llevar o recoger a alguien,Escuela,,,,1403900012427,,1409800010525,,AUTOMÓVIL PARTICULAR,,35,,,motivo_guarderia,,,"Novena revisión: el motivo «Guardería» se registra como acompañamiento, como la primera revisión lo hizo con los demás viajes de personas de 12 años o más: la encuesta lo usa tanto para quien asiste como para quien lleva o recoge, y la persona tiene 36 años."
307,1,1403900013711,Mujeres,36,Empleado,,6,18:25,,Regresar a Casa,,Su casa,,,,1409800010525,,home,,AUTOMÓVIL PARTICULAR,,25,,,,,,
353,2,1403900012569,Mujeres,34,Empleado,,1,07:29,,Trabajar,,Fábrica o taller,,Su casa,,home,,1403900011753,,CAMIÓN O AUTOBÚS,,55,,,,,,
353,2,1403900012569,Mujeres,34,Empleado,,2,17:28,,Regresar a Casa,,Su casa,,,,1403900011753,,home,,CAMIÓN O AUTOBÚS,,60,30,,,,,"Novena revisión: 60 min en CAMIÓN O AUTOBÚS para 4.8 km en línea recta es más del doble de lo que la encuesta suele reportar para ese modo a esa distancia (30 min, la mediana de 5401 viajes): los minutos son el error, no la hora. Con 30 min llega a las 17:58 y el viaje siguiente sale a las 18:16, 18 min después."
353,2,1403900012569,Mujeres,34,Empleado,,3,18:16 → 18:28,18:16,Trabajar,,Fábrica o taller,,,,home,,1403900011753,,CAMIÓN O AUTOBÚS,,55,,hora:revision,,changed,,"Novena revisión: la salida vuelve a las 18:16, la hora que reporta la encuesta: con los minutos de traslado que corrige esta revisión cabe después de la llegada del viaje anterior (17:58); una revisión anterior la había movido a las 18:28 para dejar sitio a los minutos de más."
353,2,1403900012569,Mujeres,34,Empleado,,4,20:48,,Regresar a Casa,,Su casa,,,,1403900011753,,home,,CAMIÓN O AUTOBÚS,,60,30,,,,,"Novena revisión: 60 min en CAMIÓN O AUTOBÚS para 4.8 km en línea recta es más del doble de lo que la encuesta suele reportar para ese modo a esa distancia (30 min, la mediana de 5401 viajes): los minutos son el error, no la hora. Es el último viaje del día. Es el mismo recorrido, en el mismo modo, que otro viaje del día cuyos minutos chocaban con la salida siguiente."
363,1,1403900015332,Hombres,52,Trabajador independiente,,1,07:05,,Guardería,Llevar o recoger a alguien,Otros (especifique),,Su casa,,home,,home,,A PIE,,5,,,motivo_guarderia,,,"Novena revisión: el motivo «Guardería» se registra como acompañamiento, como la primera revisión lo hizo con los demás viajes de personas de 12 años o más: la encuesta lo usa tanto para quien asiste como para quien lleva o recoge, y la persona tiene 52 años."
363,1,1403900015332,Hombres,52,Trabajador independiente,,2,07:20,,Regresar a Casa,,Su casa,,,,home,,home,,A PIE,,5,,,,,,
363,1,1403900015332,Hombres,52,Trabajador independiente,,3,12:20,,Trabajar,,"Comercio, mercado, tienda o centro comercial",,,,home,,1403900012395,,A PIE,,15,,,,,,
363,1,1403900015332,Hombres,52,Trabajador independiente,,4,21:40,,Regresar a Casa,,Su casa,,,,1403900012395,,home,,A PIE,,15,,,,,,
390,3,1403900015332,Mujeres,15,Estudiante,,1,08:09,,Guardería,Llevar o recoger a alguien,Otros (especifique),,Su casa,,home,,1403900012427,,A PIE,,4,,,motivo_guarderia,,,"Novena revisión: el motivo «Guardería» se registra como acompañamiento, como la primera revisión lo hizo con los demás viajes de personas de 12 años o más: la encuesta lo usa tanto para quien asiste como para quien lleva o recoge, y la persona tiene 15 años."
390,3,1403900015332,Mujeres,15,Estudiante,,2,08:21,,Regresar a Casa,,Su casa,,,,1403900012427,,home,,A PIE,,4,,,,,,
390,3,1403900015332,Mujeres,15,Estudiante,,3,12:45,,Estudiar,,Escuela,,,,home,,1403900012427,,A PIE,,10,,,,,,
390,3,1403900015332,Mujeres,15,Estudiante,,4,19:15,,Regresar a Casa,,Su casa,,,,1403900012427,,home,,A PIE,,10,,,,,,
412,2,1403900015347,Hombres,23,Empleado,,1,08:20,,Guardería,Llevar o recoger a alguien,Otros (especifique),,Su casa,,home,,1403900012588,,A PIE,,1,,,motivo_guarderia,,,"Novena revisión: el motivo «Guardería» se registra como acompañamiento, como la primera revisión lo hizo con los demás viajes de personas de 12 años o más: la encuesta lo usa tanto para quien asiste como para quien lleva o recoge, y la persona tiene 23 años."
412,2,1403900015347,Hombres,23,Empleado,,2,08:23,,Regresar a Casa,,Su casa,,,,1403900012588,,home,,A PIE,,1,,,,,,
412,2,1403900015347,Hombres,23,Empleado,,3,09:44,,Trabajar,,"Comercio, mercado, tienda o centro comercial",,,,home,,1403900012446,,AUTOMÓVIL PARTICULAR,,4,,,,,,
412,2,1403900015347,Hombres,23,Empleado,,4,19:44,,Regresar a Casa,,Su casa,,,,1403900012446,,home,,AUTOMÓVIL PARTICULAR,,4,,,,,,
412,2,1403900015347,Hombres,23,Empleado,,5,20:32,,Regresar a Casa,,Su casa,,Su casa,,home,,home,,AUTOMÓVIL PARTICULAR,,5,,,,dropped,,
498,1,1403900011170,Hombres,57,Empleado,,1,06:45,,Trabajar,,Fábrica o taller,,Su casa,,home,,1403900011537,,CAMIÓN O AUTOBÚS,,90,40,,,,,"Novena revisión: 90 min en CAMIÓN O AUTOBÚS para 6.8 km en línea recta es más del doble de lo que la encuesta suele reportar para ese modo a esa distancia (40 min, la mediana de 5870 viajes): los minutos son el error, no la hora. Con 40 min llega a las 07:25 y el viaje siguiente sale a las 17:05, 580 min después. Es el mismo recorrido, en el mismo modo, que otro viaje del día cuyos minutos chocaban con la salida siguiente."
498,1,1403900011170,Hombres,57,Empleado,,2,17:05,,Regresar a Casa,,Su casa,,,,1403900011537,,home,,CAMIÓN O AUTOBÚS,,90,40,,,,,"Novena revisión: 90 min en CAMIÓN O AUTOBÚS para 6.8 km en línea recta es más del doble de lo que la encuesta suele reportar para ese modo a esa distancia (40 min, la mediana de 5870 viajes): los minutos son el error, no la hora. Con 40 min llega a las 17:45 y el viaje siguiente sale a las 18:24, 39 min después."
498,1,1403900011170,Hombres,57,Empleado,,3,18:24 → 18:35,18:24,Trabajar,,Fábrica o taller,,,,home,,1403900011537,,CAMIÓN O AUTOBÚS,,60,,hora:revision,,changed,,"Novena revisión: la salida vuelve a las 18:24, la hora que reporta la encuesta: con los minutos de traslado que corrige esta revisión cabe después de la llegada del viaje anterior (17:45); una revisión anterior la había movido a las 18:35 para dejar sitio a los minutos de más."
498,1,1403900011170,Hombres,57,Empleado,,4,20:42,,Regresar a Casa,,Su casa,,,,1403900011537,,home,,CAMIÓN O AUTOBÚS,,60,,,,,,
574,3,1403900011185,Mujeres,49,Empleado,,1,08:00,,Trabajar,,Fábrica o taller,,Su casa,,home,,1403900012427,,CAMIÓN O AUTOBÚS,,80,40,,,,,"Novena revisión: 80 min en CAMIÓN O AUTOBÚS para 5.4 km en línea recta es más del doble de lo que la encuesta suele reportar para ese modo a esa distancia (40 min, la mediana de 5870 viajes): los minutos son el error, no la hora. Con 40 min llega a las 08:40 y el viaje siguiente sale a las 18:00, 560 min después. Es el mismo recorrido, en el mismo modo, que otro viaje del día cuyos minutos chocaban con la salida siguiente."
574,3,1403900011185,Mujeres,49,Empleado,,2,18:00,,Regresar a Casa,,Su casa,,,,1403900012427,,home,,CAMIÓN O AUTOBÚS,,92,40,,,,,"Novena revisión: 92 min en CAMIÓN O AUTOBÚS para 5.4 km en línea recta es más del doble de lo que la encuesta suele reportar para ese modo a esa distancia (40 min, la mediana de 5870 viajes): los minutos son el error, no la hora. Con 40 min llega a las 18:40 y el viaje siguiente sale a las 19:30, 50 min después."
574,3,1403900011185,Mujeres,49,Empleado,,3,19:30 → 19:32,19:30,Compras (comida),,"Su casa → Comercio, mercado, tienda o centro comercial",,,,home,,home,,A PIE,,10,,hora:revision;tipo_destino:revision,,changed,,"Novena revisión: la salida vuelve a las 19:30, la hora que reporta la encuesta: con los minutos de traslado que corrige esta revisión cabe después de la llegada del viaje anterior (18:40); una revisión anterior la había movido a las 19:32 para dejar sitio a los minutos de más."
574,3,1403900011185,Mujeres,49,Empleado,,4,21:10,,Regresar a Casa,,Su casa,,,,home,,home,,A PIE,,10,,,,,,
621,3,1403900014870,Mujeres,26,Empleado,,1,08:00,,Trabajar,,"Hospital, clínica, consultorio, laboratorio clínico",,Su casa,,home,,1412000012242,,AUTOMÓVIL PARTICULAR,,40,20,,,,,"Novena revisión: 40 min en AUTOMÓVIL PARTICULAR para 2.3 km en línea recta es más del doble de lo que la encuesta suele reportar para ese modo a esa distancia (20 min, la mediana de 3486 viajes): los minutos son el error, no la hora. Con 20 min llega a las 08:20 y el viaje siguiente sale a las 16:38, 498 min después. Es el mismo recorrido, en el mismo modo, que otro viaje del día cuyos minutos chocaban con la salida siguiente."
621,3,1403900014870,Mujeres,26,Empleado,,2,06:38 → 16:38,,Regresar a Casa,,Su casa,,,,1412000012242,,home,,AUTOMÓVIL PARTICULAR,,45,20,hora:revision,,changed,,"Novena revisión: 45 min en AUTOMÓVIL PARTICULAR para 2.3 km en línea recta es más del doble de lo que la encuesta suele reportar para ese modo a esa distancia (20 min, la mediana de 3486 viajes): los minutos son el error, no la hora. Con 20 min llega a las 16:58 y el viaje siguiente sale a las 18:16, 78 min después. Es el mismo recorrido, en el mismo modo, que otro viaje del día cuyos minutos chocaban con la salida siguiente."
621,3,1403900014870,Mujeres,26,Empleado,,3,08:16 → 18:16,,Trabajar,,"Hospital, clínica, consultorio, laboratorio clínico",,,,home,,1412000012242,,AUTOMÓVIL PARTICULAR,,40,20,hora:revision,,changed,,"Novena revisión: 40 min en AUTOMÓVIL PARTICULAR para 2.3 km en línea recta es más del doble de lo que la encuesta suele reportar para ese modo a esa distancia (20 min, la mediana de 3486 viajes): los minutos son el error, no la hora. Con 20 min llega a las 18:36 y el viaje siguiente sale a las 20:00, 84 min después. Es el mismo recorrido, en el mismo modo, que otro viaje del día cuyos minutos chocaban con la salida siguiente."
621,3,1403900014870,Mujeres,26,Empleado,,4,08:00 → 20:00,,Regresar a Casa,,Su casa,,,,1412000012242,,home,,AUTOMÓVIL PARTICULAR,,45,20,hora:revision,,changed,,"Novena revisión: 45 min en AUTOMÓVIL PARTICULAR para 2.3 km en línea recta es más del doble de lo que la encuesta suele reportar para ese modo a esa distancia (20 min, la mediana de 3486 viajes): los minutos son el error, no la hora. Con 20 min llega a las 20:20 y el viaje siguiente sale a las 20:45, 25 min después."
621,3,1403900014870,Mujeres,26,Empleado,,5,18:04 → 20:45,,Otros (especifique),,Otros (especifique),,,,home,,1403900010632,,A PIE,,2,,hora:revision,,changed,,
621,3,1403900014870,Mujeres,26,Empleado,,6,18:09 → 20:47,,Regresar a Casa,,Su casa,,,,1403900010632,,home,,A PIE,,2,,hora:revision,,changed,,
655,1,1403900014813,Mujeres,28,Empleado,,1,08:45,,Guardería,Llevar o recoger a alguien,Escuela,,Su casa,,home,,1403900013656,,AUTOMÓVIL PARTICULAR,,20,,,motivo_guarderia,,,"Novena revisión: el motivo «Guardería» se registra como acompañamiento, como la primera revisión lo hizo con los demás viajes de personas de 12 años o más: la encuesta lo usa tanto para quien asiste como para quien lleva o recoge, y la persona tiene 28 años."
655,1,1403900014813,Mujeres,28,Empleado,,2,13:46,,Regresar a Casa,,Su casa,,,,1403900013656,,home,,AUTOMÓVIL PARTICULAR,,20,,,,,,
657,2,1403900014813,Hombres,25,Empleado,,1,08:38,,Guardería,Llevar o recoger a alguien,Escuela,,Su casa,,home,,1403900013656,,AUTOMÓVIL PARTICULAR,,20,,,motivo_guarderia,,,"Novena revisión: el motivo «Guardería» se registra como acompañamiento, como la primera revisión lo hizo con los demás viajes de personas de 12 años o más: la encuesta lo usa tanto para quien asiste como para quien lleva o recoge, y la persona tiene 25 años."
657,2,1403900014813,Hombres,25,Empleado,,2,13:39,,Regresar a Casa,,Su casa,,,,1403900013656,,home,,AUTOMÓVIL PARTICULAR,,20,,,,,,
657,2,1403900014813,Hombres,25,Empleado,,3,18:22,,Compras (comida),,"Comercio, mercado, tienda o centro comercial",,,,home,,home,,A PIE,,1,,,,,,
657,2,1403900014813,Hombres,25,Empleado,,4,18:29,,Regresar a Casa,,Su casa,,,,home,,home,,A PIE,,1,,,,,,
691,2,1403900010115,Hombres,24,Trabajador independiente,,1,06:15,,Hacer un trámite,,Otros (especifique),,Su casa,,home,,999990001,,AUTOMÓVIL PARTICULAR,,267,,,,,,
691,2,1403900010115,Hombres,24,Trabajador independiente,,2,14:30,,Regresar a Casa,,Su casa,,,,999990001,,home,,AUTOMÓVIL PARTICULAR,,47,,,,,,
691,2,1403900010115,Hombres,24,Trabajador independiente,,3,21:30,,Compras (comida),,"Comercio, mercado, tienda o centro comercial",,,,home,,1403900013656,,AUTOMÓVIL PARTICULAR,,55,15,,,,,"Novena revisión: 55 min en AUTOMÓVIL PARTICULAR para 1.7 km en línea recta es más del doble de lo que la encuesta suele reportar para ese modo a esa distancia (15 min, la mediana de 3832 viajes): los minutos son el error, no la hora. Con 15 min llega a las 21:45 y el viaje siguiente sale a las 22:00, 15 min después."
691,2,1403900010115,Hombres,24,Trabajador independiente,,4,22:00 → 22:25,22:00,Regresar a Casa,,Su casa,,,,1403900013656,,home,,AUTOMÓVIL PARTICULAR,,50,15,hora:revision,,changed,,"Novena revisión: 50 min en AUTOMÓVIL PARTICULAR para 1.7 km en línea recta es más del doble de lo que la encuesta suele reportar para ese modo a esa distancia (15 min, la mediana de 3832 viajes): los minutos son el error, no la hora. Con 15 min llega a las 22:15 y el viaje siguiente sale a las 22:30, 15 min después. Novena revisión: la salida vuelve a las 22:00, la hora que reporta la encuesta: con los minutos de traslado que corrige esta revisión cabe después de la llegada del viaje anterior (21:45); una revisión anterior la había movido a las 22:25 para dejar sitio a los minutos de más."
691,2,1403900010115,Hombres,24,Trabajador independiente,,5,22:30 → 23:15,22:30,Visitar a alguien,,Otra vivienda,,,,home,,1403900010153,,AUTOMÓVIL PARTICULAR,,30,10,hora:revision,,changed,,"Novena revisión: 30 min en AUTOMÓVIL PARTICULAR para 0.7 km en línea recta es más del doble de lo que la encuesta suele reportar para ese modo a esa distancia (10 min, la mediana de 1718 viajes): los minutos son el error, no la hora. Con 10 min llega a las 22:40 y el viaje siguiente sale a las 23:30, 50 min después. Novena revisión: la salida vuelve a las 22:30, la hora que reporta la encuesta: con los minutos de traslado que corrige esta revisión cabe después de la llegada del viaje anterior (22:15); una revisión anterior la había movido a las 23:15 para dejar sitio a los minutos de más."
691,2,1403900010115,Hombres,24,Trabajador independiente,,6,23:30 → 23:45,23:30,Regresar a Casa,,Su casa,,,,1403900010153,,home,,AUTOMÓVIL PARTICULAR,,30,10,hora:revision,,changed,,"Novena revisión: 30 min en AUTOMÓVIL PARTICULAR para 0.7 km en línea recta es más del doble de lo que la encuesta suele reportar para ese modo a esa distancia (10 min, la mediana de 1718 viajes): los minutos son el error, no la hora. Es el último viaje del día. Es el mismo recorrido, en el mismo modo, que otro viaje del día cuyos minutos chocaban con la salida siguiente. Novena revisión: la salida vuelve a las 23:30, la hora que reporta la encuesta: con los minutos de traslado que corrige esta revisión cabe después de la llegada del viaje anterior (22:40); una revisión anterior la había movido a las 23:45 para dejar sitio a los minutos de más."
702,3,1403900010736,Mujeres,35,Estudiante,,1,07:08,,Guardería,Llevar o recoger a alguien,Otros (especifique),,Su casa,,home,,home,,A PIE,,5,,,motivo_guarderia,,,"Novena revisión: el motivo «Guardería» se registra como acompañamiento, como la primera revisión lo hizo con los demás viajes de personas de 12 años o más: la encuesta lo usa tanto para quien asiste como para quien lleva o recoge, y la persona tiene 35 años."
702,3,1403900010736,Mujeres,35,Estudiante,,2,07:22,,Regresar a Casa,,Su casa,,,,home,,home,,A PIE,,5,,,,,,
702,3,1403900010736,Mujeres,35,Estudiante,,3,17:30,,"Compras (bienes, productos y servicios)",,"Comercio, mercado, tienda o centro comercial",,,,home,,1412000013293,,Taxi plataforma (Uber/Didi),,60,,,,,,
702,3,1403900010736,Mujeres,35,Estudiante,,4,21:00,,Regresar a Casa,,Su casa,,,,1412000013293,,home,,Taxi plataforma (Uber/Didi),,110,,,,,,
708,3,1403900010986,Mujeres,34,Empleado,,1,07:15,,Llevar o recoger a alguien,,"Comercio, mercado, tienda o centro comercial",,Su casa,,home,,1403900010647,,A PIE,,10,,,,,,
708,3,1403900010986,Mujeres,34,Empleado,,2,07:40,,Guardería,Llevar o recoger a alguien,Escuela,,,,1403900010647,,1403900010647,,A PIE,,10,,,motivo_guarderia,,,"Novena revisión: el motivo «Guardería» se registra como acompañamiento, como la primera revisión lo hizo con los demás viajes de personas de 12 años o más: la encuesta lo usa tanto para quien asiste como para quien lleva o recoge, y la persona tiene 34 años."
708,3,1403900010986,Mujeres,34,Empleado,,3,08:10,,Regresar a Casa,,Su casa,,,,1403900010647,,home,,A PIE,,25,,,,,,
710,5,1403900010986,Mujeres,32,,,1,07:15,,Llevar o recoger a alguien,,"Comercio, mercado, tienda o centro comercial",,Su casa,,home,,1403900010647,,A PIE,,10,,,,,,
710,5,1403900010986,Mujeres,32,,,2,07:40,,Guardería,Llevar o recoger a alguien,Escuela,,,,1403900010647,,1403900010647,,A PIE,,10,,,motivo_guarderia,,,"Novena revisión: el motivo «Guardería» se registra como acompañamiento, como la primera revisión lo hizo con los demás viajes de personas de 12 años o más: la encuesta lo usa tanto para quien asiste como para quien lleva o recoge, y la persona tiene 32 años."
710,5,1403900010986,Mujeres,32,,,3,08:10,,Regresar a Casa,,Su casa,,,,1403900010647,,home,,A PIE,,25,,,,,,
710,5,1403900010986,Mujeres,32,,,4,19:22,,Deportes o recreación,,Centro cultural o área recreativa,,,,home,,1403900010651,,A PIE,,4,,,,,,
710,5,1403900010986,Mujeres,32,,,5,19:27,,Regresar a Casa,,Su casa,,,,1403900010651,,home,,A PIE,,4,,,,,,
718,2,1403900010666,Mujeres,31,Trabajador independiente,,1,08:00,,Guardería,Llevar o recoger a alguien,Escuela,,Su casa,,home,,1403900010365,,A PIE,,25,,,motivo_guarderia,,,"Novena revisión: el motivo «Guardería» se registra como acompañamiento, como la primera revisión lo hizo con los demás viajes de personas de 12 años o más: la encuesta lo usa tanto para quien asiste como para quien lleva o recoge, y la persona tiene 31 años."
718,2,1403900010666,Mujeres,31,Trabajador independiente,,2,08:20 → 08:25,,Regresar a Casa,,Su casa,,,,1403900010365,,home,,A PIE,,25,,hora:revision,,changed,,
718,2,1403900010666,Mujeres,31,Trabajador independiente,,3,18:17,,Llevar o recoger a alguien,,Otra vivienda,,,,home,,home,,A PIE,,15,,,,,,
718,2,1403900010666,Mujeres,31,Trabajador independiente,,4,18:39,,Regresar a Casa,,Su casa,,,,home,,home,,A PIE,,15,,,,,,
735,1,1403900010399,Hombres,17,Patrón o empresario,,1,07:23,,Guardería,Llevar o recoger a alguien,Otros (especifique),,Su casa,,home,,1403900014809,,A PIE,,10,,,motivo_guarderia,,,"Novena revisión: el motivo «Guardería» se registra como acompañamiento, como la primera revisión lo hizo con los demás viajes de personas de 12 años o más: la encuesta lo usa tanto para quien asiste como para quien lleva o recoge, y la persona tiene 17 años."
735,1,1403900010399,Hombres,17,Patrón o empresario,,2,07:37,,Regresar a Casa,,Su casa,,,,1403900014809,,home,,A PIE,,10,,,,,,
735,1,1403900010399,Hombres,17,Patrón o empresario,,3,09:02,,Compras (comida),,"Comercio, mercado, tienda o centro comercial",,,,home,,1403900011378,,AUTOMÓVIL PARTICULAR,,12,,,,,,
735,1,1403900010399,Hombres,17,Patrón o empresario,,4,18:22,,Guardería,Llevar o recoger a alguien,Otros (especifique),,,,1403900011378,,home,,AUTOMÓVIL PARTICULAR,,12,,,motivo_guarderia,,,"Novena revisión: el motivo «Guardería» se registra como acompañamiento, como la primera revisión lo hizo con los demás viajes de personas de 12 años o más: la encuesta lo usa tanto para quien asiste como para quien lleva o recoge, y la persona tiene 17 años."
735,1,1403900010399,Hombres,17,Patrón o empresario,,5,19:56,,Regresar a Casa,,Su casa,,,,home,,home,,AUTOMÓVIL PARTICULAR,,5,,,,,,
810,1,140390001140A,Mujeres,31,Hogar,,1,08:06,,Guardería,Llevar o recoger a alguien,Otros (especifique),,Su casa,,home,,140390001119A,,A PIE,,7,,,motivo_guarderia,,,"Novena revisión: el motivo «Guardería» se registra como acompañamiento, como la primera revisión lo hizo con los demás viajes de personas de 12 años o más: la encuesta lo usa tanto para quien asiste como para quien lleva o recoge, y la persona tiene 31 años."
810,1,140390001140A,Mujeres,31,Hogar,,2,08:19,,Regresar a Casa,,Su casa,,,,140390001119A,,home,,A PIE,,7,,,,,,
810,1,140390001140A,Mujeres,31,Hogar,,3,17:25,,Compras (comida),,Centro cultural o área recreativa,,,,home,,1403900011397,,CAMIÓN O AUTOBÚS,,39,,,,,,
810,1,140390001140A,Mujeres,31,Hogar,,4,18:26,,Compras (comida),,"Comercio, mercado, tienda o centro comercial",,,,1403900011397,,home,,CAMIÓN O AUTOBÚS,,39,,,,,,
810,1,140390001140A,Mujeres,31,Hogar,,5,19:27,,Regresar a Casa,,Su casa,,,,home,,home,,CAMIÓN O AUTOBÚS,,39,,,,,,
819,1,140390001165A,Mujeres,55,Hogar,,1,08:05,,Guardería,Llevar o recoger a alguien,Otros (especifique),,Su casa,,home,,home,,A PIE,,7,,,motivo_guarderia,,,"Novena revisión: el motivo «Guardería» se registra como acompañamiento, como la primera revisión lo hizo con los demás viajes de personas de 12 años o más: la encuesta lo usa tanto para quien asiste como para quien lleva o recoge, y la persona tiene 55 años."
819,1,140390001165A,Mujeres,55,Hogar,,2,08:17,,Regresar a Casa,,Su casa,,,,home,,home,,A PIE,,7,,,,,,
819,1,140390001165A,Mujeres,55,Hogar,,3,13:00,,Pagar algún servicio o al banco,,"Comercio, mercado, tienda o centro comercial",,,,home,,1404400010079,,AUTOMÓVIL PARTICULAR,,100,,,,,,
819,1,140390001165A,Mujeres,55,Hogar,,4,18:01,,Regresar a Casa,,Su casa,,,,1404400010079,,home,,AUTOMÓVIL PARTICULAR,,100,,,,,,
845,5,1409800011203,Hombres,27,Trabajador independiente,,1,07:10,,Guardería,Llevar o recoger a alguien,Otros (especifique),,Su casa,,home,,1409800011190,,A PIE,,8,,,motivo_guarderia,,,"Novena revisión: el motivo «Guardería» se registra como acompañamiento, como la primera revisión lo hizo con los demás viajes de personas de 12 años o más: la encuesta lo usa tanto para quien asiste como para quien lleva o recoge, y la persona tiene 27 años."
845,5,1409800011203,Hombres,27,Trabajador independiente,,2,07:25,,Regresar a Casa,,Su casa,,,,1409800011190,,home,,A PIE,,8,,,,,,
845,5,1409800011203,Hombres,27,Trabajador independiente,,3,11:04,,Trabajar,,Otra vivienda,,,,home,,1409800011928,,CAMIÓN O AUTOBÚS,,25,,,,,,
845,5,1409800011203,Hombres,27,Trabajador independiente,,4,15:04,,Regresar a Casa,,Su casa,,,,1409800011928,,home,,CAMIÓN O AUTOBÚS,,25,,,,,,
845,5,1409800011203,Hombres,27,Trabajador independiente,,5,18:05,,Trabajar,,Otra vivienda,,,,home,,1409800011928,,CAMIÓN O AUTOBÚS,,25,,,,,,
845,5,1409800011203,Hombres,27,Trabajador independiente,,6,19:39,,Regresar a Casa,,Su casa,,,,1409800011928,,home,,CAMIÓN O AUTOBÚS,,25,,,,,,
915,2,1403900013552,Mujeres,20,Estudiante,,1,08:20,,Guardería,Llevar o recoger a alguien,Otros (especifique),,Su casa,,home,,1403900014669,,A PIE,,9,,,motivo_guarderia,,,"Novena revisión: el motivo «Guardería» se registra como acompañamiento, como la primera revisión lo hizo con los demás viajes de personas de 12 años o más: la encuesta lo usa tanto para quien asiste como para quien lleva o recoge, y la persona tiene 20 años."
915,2,1403900013552,Mujeres,20,Estudiante,,2,08:33,,Regresar a Casa,,Su casa,,,,1403900014669,,home,,A PIE,,9,,,,,,
915,2,1403900013552,Mujeres,20,Estudiante,,3,19:03 → 09:03,,Estudiar,,Escuela,,,,home,,1403900011170,,MI MACRO,,50,,hora:-10h,,changed,,
915,2,1403900013552,Mujeres,20,Estudiante,,4,13:03,,Regresar a Casa,,Su casa,,,,1403900011170,,home,,MI MACRO,,50,,,,,,
988,1,1403900015474,Mujeres,34,Empleado,,1,06:30,,Trabajar,,"Comercio, mercado, tienda o centro comercial",,Su casa,,home,,1403900011274,,CAMIÓN O AUTOBÚS,,80,40,,,,,"Novena revisión: 80 min en CAMIÓN O AUTOBÚS para 7.6 km en línea recta es más del doble de lo que la encuesta suele reportar para ese modo a esa distancia (40 min, la mediana de 5870 viajes): los minutos son el error, no la hora. Con 40 min llega a las 07:10 y el viaje siguiente sale a las 17:00, 590 min después. Es el mismo recorrido, en el mismo modo, que otro viaje del día cuyos minutos chocaban con la salida siguiente."
988,1,1403900015474,Mujeres,34,Empleado,,2,17:00,,Regresar a Casa,,Su casa,,,,1403900011274,,home,,CAMIÓN O AUTOBÚS,,80,40,,,,,"Novena revisión: 80 min en CAMIÓN O AUTOBÚS para 7.6 km en línea recta es más del doble de lo que la encuesta suele reportar para ese modo a esa distancia (40 min, la mediana de 5870 viajes): los minutos son el error, no la hora. Con 40 min llega a las 17:40 y el viaje siguiente sale a las 18:07, 27 min después."
988,1,1403900015474,Mujeres,34,Empleado,,3,18:07 → 18:20,18:07,Trabajar,,"Comercio, mercado, tienda o centro comercial",,,,home,,1403900011274,,CAMIÓN O AUTOBÚS,,40,,hora:revision,,changed,,"Novena revisión: la salida vuelve a las 18:07, la hora que reporta la encuesta: con los minutos de traslado que corrige esta revisión cabe después de la llegada del viaje anterior (17:40); una revisión anterior la había movido a las 18:20 para dejar sitio a los minutos de más."
988,1,1403900015474,Mujeres,34,Empleado,,4,20:49,,Regresar a Casa,,Su casa,,,,1403900011274,,home,,CAMIÓN O AUTOBÚS,,40,,,,,,
1072,1,1403900015474,Hombres,51,Empleado,,1,07:15,,Trabajar,,Fábrica o taller,,Su casa,,home,,1403900015489,,CAMIÓN O AUTOBÚS,,50,25,,,,,"Novena revisión: 50 min en CAMIÓN O AUTOBÚS para 2.6 km en línea recta es más del doble de lo que la encuesta suele reportar para ese modo a esa distancia (25 min, la mediana de 3370 viajes): los minutos son el error, no la hora. Con 25 min llega a las 07:40 y el viaje siguiente sale a las 17:40, 600 min después. Es el mismo recorrido, en el mismo modo, que otro viaje del día cuyos minutos chocaban con la salida siguiente."
1072,1,1403900015474,Hombres,51,Empleado,,2,17:40,,Regresar a Casa,,Su casa,,,,1403900015489,,home,,CAMIÓN O AUTOBÚS,,50,25,,,,,"Novena revisión: 50 min en CAMIÓN O AUTOBÚS para 2.6 km en línea recta es más del doble de lo que la encuesta suele reportar para ese modo a esa distancia (25 min, la mediana de 3370 viajes): los minutos son el error, no la hora. Con 25 min llega a las 18:05 y el viaje siguiente sale a las 18:20, 15 min después."
1072,1,1403900015474,Hombres,51,Empleado,,3,18:20 → 18:30,18:20,Visitar a alguien,,Otra vivienda,,,,home,,140390001546A,,A PIE,,15,,hora:revision,,changed,,"Novena revisión: la salida vuelve a las 18:20, la hora que reporta la encuesta: con los minutos de traslado que corrige esta revisión cabe después de la llegada del viaje anterior (18:05); una revisión anterior la había movido a las 18:30 para dejar sitio a los minutos de más."
1072,1,1403900015474,Hombres,51,Empleado,,4,18:41 → 18:45,18:41,Regresar a Casa,,Su casa,,,,140390001546A,,home,,A PIE,,15,,hora:revision,,changed,,"Novena revisión: la salida vuelve a las 18:41, la hora que reporta la encuesta: con los minutos de traslado que corrige esta revisión cabe después de la llegada del viaje anterior (18:35); una revisión anterior la había movido a las 18:45 para dejar sitio a los minutos de más."
1206,4,1409800010506,Hombres,14,Estudiante,,1,07:23,,Guardería,Llevar o recoger a alguien,Otros (especifique),,Su casa,,home,,1409800011097,,A PIE,,15,,,motivo_guarderia,,,"Novena revisión: el motivo «Guardería» se registra como acompañamiento, como la primera revisión lo hizo con los demás viajes de personas de 12 años o más: la encuesta lo usa tanto para quien asiste como para quien lleva o recoge, y la persona tiene 14 años."
1206,4,1409800010506,Hombres,14,Estudiante,,2,07:48,,Regresar a Casa,,Su casa,,,,1409800011097,,home,,A PIE,,15,,,,,,
1206,4,1409800010506,Hombres,14,Estudiante,,3,13:30,,Estudiar,,Escuela,,,,home,,1409800012165,,A PIE,,5,,,,,,
1206,4,1409800010506,Hombres,14,Estudiante,,4,19:30,,Regresar a Casa,,Su casa,,,,1409800012165,,home,,A PIE,,10,,,,,,
1224,2,1409800010046,Hombres,56,Empleado,,1,09:30,,Trabajar,,"Comercio, mercado, tienda o centro comercial",,Su casa,,home,,1412000011225,,Taxi plataforma (Uber/Didi),,80,,,,,,
1224,2,1409800010046,Hombres,56,Empleado,,2,14:53,,Regresar a Casa,,Su casa,,,,1412000011225,,home,,AUTOMÓVIL PARTICULAR,,90,45,,,,,"Novena revisión: 90 min en AUTOMÓVIL PARTICULAR para 13.6 km en línea recta es más del doble de lo que la encuesta suele reportar para ese modo a esa distancia (45 min, la mediana de 4989 viajes): los minutos son el error, no la hora. Con 45 min llega a las 15:38 y el viaje siguiente sale a las 16:09, 31 min después."
1224,2,1409800010046,Hombres,56,Empleado,,3,16:09 → 16:23,16:09,Trabajar,,"Comercio, mercado, tienda o centro comercial",,,,home,,1412000011225,,AUTOMÓVIL PARTICULAR,,80,,hora:revision,,changed,,"Novena revisión: la salida vuelve a las 16:09, la hora que reporta la encuesta: con los minutos de traslado que corrige esta revisión cabe después de la llegada del viaje anterior (15:38); una revisión anterior la había movido a las 16:23 para dejar sitio a los minutos de más."
1224,2,1409800010046,Hombres,56,Empleado,,4,19:00,,Regresar a Casa,,Su casa,,,,1412000011225,,home,,AUTOMÓVIL PARTICULAR,,90,45,,,,,"Novena revisión: 90 min en AUTOMÓVIL PARTICULAR para 13.6 km en línea recta es más del doble de lo que la encuesta suele reportar para ese modo a esa distancia (45 min, la mediana de 4989 viajes): los minutos son el error, no la hora. Es el último viaje del día. Es el mismo recorrido, en el mismo modo, que otro viaje del día cuyos minutos chocaban con la salida siguiente."
1241,3,1409800010506,Mujeres,26,Empleado,,1,07:09,,Guardería,Llevar o recoger a alguien,Otros (especifique),,Su casa,,home,,1409800010084,,A PIE,,9,,,motivo_guarderia,,,"Novena revisión: el motivo «Guardería» se registra como acompañamiento, como la primera revisión lo hizo con los demás viajes de personas de 12 años o más: la encuesta lo usa tanto para quien asiste como para quien lleva o recoge, y la persona tiene 26 años."
1241,3,1409800010506,Mujeres,26,Empleado,,2,07:25,,Regresar a Casa,,Su casa,,,,1409800010084,,home,,A PIE,,9,,,,,,
1241,3,1409800010506,Mujeres,26,Empleado,,3,14:30,,"Compras (bienes, productos y servicios)",,"Comercio, mercado, tienda o centro comercial",,,,home,,1403900011359,,CAMIÓN O AUTOBÚS,,80,,,,,,
1241,3,1409800010506,Mujeres,26,Empleado,,4,18:30,,Regresar a Casa,,Su casa,,,,1403900011359,,home,,CAMIÓN O AUTOBÚS,,80,,,,,,
1380,2,1410100011484,Mujeres,64,,,1,08:19,,Guardería,Llevar o recoger a alguien,Otros (especifique),,Su casa,,home,,141010001147A,,A PIE,,15,,,motivo_guarderia,,,"Novena revisión: el motivo «Guardería» se registra como acompañamiento, como la primera revisión lo hizo con los demás viajes de personas de 12 años o más: la encuesta lo usa tanto para quien asiste como para quien lleva o recoge, y la persona tiene 64 años."
1380,2,1410100011484,Mujeres,64,,,2,08:36,,Regresar a Casa,,Su casa,,,,141010001147A,,home,,A PIE,,15,,,,,,
1380,2,1410100011484,Mujeres,64,,,3,14:00,,"Compras (bienes, productos y servicios)",,"Comercio, mercado, tienda o centro comercial",,,,home,,1403900011448,,AUTOMÓVIL PARTICULAR,,75,,,,,,
1380,2,1410100011484,Mujeres,64,,,4,19:01,,Regresar a Casa,,Su casa,,,,1403900011448,,home,,AUTOMÓVIL PARTICULAR,,75,,,,,,
1488,2,1403900014480,Mujeres,41,,,1,08:06,,Guardería,Llevar o recoger a alguien,Otros (especifique),,Su casa,,home,,1403900015099,,A PIE,,5,,,motivo_guarderia,,,"Novena revisión: el motivo «Guardería» se registra como acompañamiento, como la primera revisión lo hizo con los demás viajes de personas de 12 años o más: la encuesta lo usa tanto para quien asiste como para quien lleva o recoge, y la persona tiene 41 años."
1488,2,1403900014480,Mujeres,41,,,2,08:17,,Regresar a Casa,,Su casa,,,,1403900015099,,home,,A PIE,,5,,,,,,
1488,2,1403900014480,Mujeres,41,,,3,13:00,,Al médico o atención de salud,,"Hospital, clínica, consultorio, laboratorio clínico",,,,home,,1412000012242,,CAMIÓN O AUTOBÚS,,40,,,,,,
1488,2,1403900014480,Mujeres,41,,,4,19:00,,Visitar a alguien,,Otra vivienda,,,,1412000012242,,home,,CAMIÓN O AUTOBÚS,,60,,,,,,
1488,2,1403900014480,Mujeres,41,,,5,20:30,,Visitar a alguien,,Otra vivienda,,,,home,,1409708221530,,CAMIÓN O AUTOBÚS,,20,,,,,,
1488,2,1403900014480,Mujeres,41,,,6,19:57 → 21:57,,Regresar a Casa,,Su casa,,,,1409708221530,,home,,CAMIÓN O AUTOBÚS,,20,,hora:-10h+12h,,changed,,
1514,4,1403900014527,Mujeres,20,Empleado,,1,06:00,,Guardería,Llevar o recoger a alguien,Escuela,,Su casa,,home,,1403900011221,,Taxi plataforma (Uber/Didi),,20,,,motivo_guarderia,,,"Novena revisión: el motivo «Guardería» se registra como acompañamiento, como la primera revisión lo hizo con los demás viajes de personas de 12 años o más: la encuesta lo usa tanto para quien asiste como para quien lleva o recoge, y la persona tiene 20 años."
1514,4,1403900014527,Mujeres,20,Empleado,,2,06:40,,Trabajar,,"Comercio, mercado, tienda o centro comercial",,,,1403900011221,,1403900012304,,CAMIÓN O AUTOBÚS,,25,,,,,,
1514,4,1403900014527,Mujeres,20,Empleado,,3,15:30,,Guardería,Llevar o recoger a alguien,Escuela,,,,1403900012304,,1403900011221,,CAMIÓN O AUTOBÚS,,25,,,motivo_guarderia,,,"Novena revisión: el motivo «Guardería» se registra como acompañamiento, como la primera revisión lo hizo con los demás viajes de personas de 12 años o más: la encuesta lo usa tanto para quien asiste como para quien lleva o recoge, y la persona tiene 20 años."
1514,4,1403900014527,Mujeres,20,Empleado,,4,16:05,,Compras (comida),,"Comercio, mercado, tienda o centro comercial",,,,1403900011221,,140390001172A,,CAMIÓN O AUTOBÚS,,25,,,,,,
1514,4,1403900014527,Mujeres,20,Empleado,,5,16:45,,Regresar a Casa,,Su casa,,,,140390001172A,,home,,A PIE,,15,,,,,,
1514,4,1403900014527,Mujeres,20,Empleado,,6,18:11,,Otros (especifique),,Otros (especifique),,,,home,,home,,A PIE,,2,,,,,,
1514,4,1403900014527,Mujeres,20,Empleado,,7,18:17,,Regresar a Casa,,Su casa,,,,home,,home,,A PIE,,2,,,,,,
1740,7,1409800012767,Mujeres,40,Empleado,,1,06:28,,Trabajar,,Fábrica o taller,,Su casa,,home,,1409701800301,,CAMIÓN O AUTOBÚS,,120,60,,,,,"Novena revisión: 120 min en CAMIÓN O AUTOBÚS para 14.5 km en línea recta es más del doble de lo que la encuesta suele reportar para ese modo a esa distancia (60 min, la mediana de 5803 viajes): los minutos son el error, no la hora. Con 60 min llega a las 07:28 y el viaje siguiente sale a las 17:30, 602 min después. Es el mismo recorrido, en el mismo modo, que otro viaje del día cuyos minutos chocaban con la salida siguiente."
1740,7,1409800012767,Mujeres,40,Empleado,,2,17:30,,Regresar a Casa,,Su casa,,,,1409701800301,,home,,CAMIÓN O AUTOBÚS,,125,60,,,,,"Novena revisión: 125 min en CAMIÓN O AUTOBÚS para 14.5 km en línea recta es más del doble de lo que la encuesta suele reportar para ese modo a esa distancia (60 min, la mediana de 5803 viajes): los minutos son el error, no la hora. Con 60 min llega a las 18:30 y el viaje siguiente sale a las 19:19, 49 min después."
1740,7,1409800012767,Mujeres,40,Empleado,,3,19:19 → 19:35,19:19,Trabajar,,Fábrica o taller,,,,home,,1409701800301,,CAMIÓN O AUTOBÚS,,120,60,hora:revision,,changed,,"Novena revisión: 120 min en CAMIÓN O AUTOBÚS para 14.5 km en línea recta es más del doble de lo que la encuesta suele reportar para ese modo a esa distancia (60 min, la mediana de 5803 viajes): los minutos son el error, no la hora. Con 60 min llega a las 20:19 y el viaje siguiente sale a las 21:41, 82 min después. Es el mismo recorrido, en el mismo modo, que otro viaje del día cuyos minutos chocaban con la salida siguiente. Novena revisión: la salida vuelve a las 19:19, la hora que reporta la encuesta: con los minutos de traslado que corrige esta revisión cabe después de la llegada del viaje anterior (18:30); una revisión anterior la había movido a las 19:35 para dejar sitio a los minutos de más."
1740,7,1409800012767,Mujeres,40,Empleado,,4,21:41,,Regresar a Casa,,Su casa,,,,1409701800301,,home,,CAMIÓN O AUTOBÚS,,125,60,,,,,"Novena revisión: 125 min en CAMIÓN O AUTOBÚS para 14.5 km en línea recta es más del doble de lo que la encuesta suele reportar para ese modo a esa distancia (60 min, la mediana de 5803 viajes): los minutos son el error, no la hora. Es el último viaje del día. Es el mismo recorrido, en el mismo modo, que otro viaje del día cuyos minutos chocaban con la salida siguiente."
1768,2,1409800011383,Mujeres,39,Desempleado,,1,08:24,,Guardería,Llevar o recoger a alguien,Otros (especifique),,Su casa,,home,,home,,A PIE,,6,,,motivo_guarderia,,,"Novena revisión: el motivo «Guardería» se registra como acompañamiento, como la primera revisión lo hizo con los demás viajes de personas de 12 años o más: la encuesta lo usa tanto para quien asiste como para quien lleva o recoge, y la persona tiene 39 años."
1768,2,1409800011383,Mujeres,39,Desempleado,,2,08:35,,Regresar a Casa,,Su casa,,,,home,,home,,A PIE,,6,,,,,,
1768,2,1409800011383,Mujeres,39,Desempleado,,3,22:00 → 10:00,,"Compras (bienes, productos y servicios)",,"Comercio, mercado, tienda o centro comercial",,,,home,,1409800012790,,CAMIÓN O AUTOBÚS,,50,,hora:revision,,changed,,
1768,2,1409800011383,Mujeres,39,Desempleado,,4,14:00,,Regresar a Casa,,Su casa,,,,1409800012790,,home,,AUTOMÓVIL PARTICULAR,,45,,,,,,
1870,2,1409800011877,Mujeres,59,Hogar,,1,08:11,,Guardería,Llevar o recoger a alguien,Otros (especifique),,Su casa,,home,,1409800012930,,A PIE,,13,,,motivo_guarderia,,,"Novena revisión: el motivo «Guardería» se registra como acompañamiento, como la primera revisión lo hizo con los demás viajes de personas de 12 años o más: la encuesta lo usa tanto para quien asiste como para quien lleva o recoge, y la persona tiene 59 años."
1870,2,1409800011877,Mujeres,59,Hogar,,2,08:25,,Regresar a Casa,,Su casa,,,,1409800012930,,home,,A PIE,,13,,,,,,
1870,2,1409800011877,Mujeres,59,Hogar,,3,20:00,,"Compras (bienes, productos y servicios)",,"Comercio, mercado, tienda o centro comercial",,,,home,,1403900011359,,CAMIÓN O AUTOBÚS,,120,,,,,,
1870,2,1409800011877,Mujeres,59,Hogar,,4,23:01,,Regresar a Casa,,Su casa,,,,1403900011359,,home,,CAMIÓN O AUTOBÚS,,120,,,hora_2301,,,
1871,4,1409800011576,Mujeres,9,Estudiante,,1,07:30,,Estudiar,,Escuela,,Su casa,,home,,home,,MOTOCICLETA,,10,,,,,,
1871,4,1409800011576,Mujeres,9,Estudiante,,2,12:47,,Regresar a Casa,,Su casa,,,,home,,home,,MOTOCICLETA,,10,,,,,,
1871,4,1409800011576,Mujeres,9,Estudiante,,3,13:20,,Llevar o recoger a alguien,,"Hospital, clínica, consultorio, laboratorio clínico",,,,home,,1403900011170,,CAMIÓN O AUTOBÚS,,90,,,,,,
1871,4,1409800011576,Mujeres,9,Estudiante,,4,16:27,,Regresar a Casa,,Su casa,,,,1403900011170,,home,,CAMIÓN O AUTOBÚS,,105,50,,,,,"Novena revisión: 105 min en CAMIÓN O AUTOBÚS para 10.6 km en línea recta es más del doble de lo que la encuesta suele reportar para ese modo a esa distancia (50 min, la mediana de 5647 viajes): los minutos son el error, no la hora. Con 50 min llega a las 17:17 y el viaje siguiente sale a las 18:01, 44 min después."
1871,4,1409800011576,Mujeres,9,Estudiante,,5,18:01 → 18:12,18:01,Compras (comida),,"Restaurante, bar, cafetería",,,,home,,140980001181A,,A PIE,,12,,hora:revision,,changed,,"Novena revisión: la salida vuelve a las 18:01, la hora que reporta la encuesta: con los minutos de traslado que corrige esta revisión cabe después de la llegada del viaje anterior (17:17); una revisión anterior la había movido a las 18:12 para dejar sitio a los minutos de más."
1871,4,1409800011576,Mujeres,9,Estudiante,,6,18:14 → 18:24,18:14,Regresar a Casa,,Su casa,,,,140980001181A,,home,,A PIE,,12,,hora:revision,,changed,,"Novena revisión: la salida vuelve a las 18:14, la hora que reporta la encuesta: con los minutos de traslado que corrige esta revisión cabe después de la llegada del viaje anterior (18:13); una revisión anterior la había movido a las 18:24 para dejar sitio a los minutos de más."
2035,2,140980128288A,Mujeres,25,Empleado,,1,16:00,,Llevar o recoger a alguien,,Otra vivienda,,Su casa,,home,,1403900013374,,Taxi plataforma (Uber/Didi),,30,,,,,,
2035,2,140980128288A,Mujeres,25,Empleado,,2,06:00 → 18:00,,Trabajar,,Oficina,,,,1403900013374,,141200001066A,,CAMIÓN O AUTOBÚS,,20,,hora:+12h,,changed,,
2035,2,140980128288A,Mujeres,25,Empleado,,3,18:30,,Guardería,Llevar o recoger a alguien,Oficina,,,,141200001066A,,1403900011556,,CAMIÓN O AUTOBÚS,,15,,,motivo_guarderia,,,"Novena revisión: el motivo «Guardería» se registra como acompañamiento, como la primera revisión lo hizo con los demás viajes de personas de 12 años o más: la encuesta lo usa tanto para quien asiste como para quien lleva o recoge, y la persona tiene 25 años."
2035,2,140980128288A,Mujeres,25,Empleado,,4,19:00,,Visitar a alguien,,Otra vivienda,,,,1403900011556,,1403900010562,,Taxi plataforma (Uber/Didi),,15,,,,,,
2035,2,140980128288A,Mujeres,25,Empleado,,5,21:00,,Visitar a alguien,,Otros (especifique),,,,1403900010562,,1403900013374,,Taxi plataforma (Uber/Didi),,25,,,,,,
2035,2,140980128288A,Mujeres,25,Empleado,,6,22:00,,Regresar a Casa,,Su casa,,,,1403900013374,,home,,AUTOMÓVIL PARTICULAR,,30,,,,,,
2163,7,1409800011966,Mujeres,13,Estudiante,,1,08:20,,Guardería,Llevar o recoger a alguien,Otros (especifique),,Su casa,,home,,home,,A PIE,,1,,,motivo_guarderia,,,"Novena revisión: el motivo «Guardería» se registra como acompañamiento, como la primera revisión lo hizo con los demás viajes de personas de 12 años o más: la encuesta lo usa tanto para quien asiste como para quien lleva o recoge, y la persona tiene 13 años."
2163,7,1409800011966,Mujeres,13,Estudiante,,2,08:23,,Regresar a Casa,,Su casa,,,,home,,home,,A PIE,,1,,,,,,
2163,7,1409800011966,Mujeres,13,Estudiante,,3,13:02,,Estudiar,,Escuela,,,,home,,1409800010987,,A PIE,,15,,,,,,
2163,7,1409800011966,Mujeres,13,Estudiante,,4,19:26,,Regresar a Casa,,Su casa,,,,1409800010987,,home,,A PIE,,20,,,,,,
2235,2,1403900015436,Mujeres,66,Hogar,,1,07:22,,Guardería,Llevar o recoger a alguien,Otros (especifique),,Su casa,,home,,home,,A PIE,,14,,,motivo_guarderia,,,"Novena revisión: el motivo «Guardería» se registra como acompañamiento, como la primera revisión lo hizo con los demás viajes de personas de 12 años o más: la encuesta lo usa tanto para quien asiste como para quien lleva o recoge, y la persona tiene 66 años."
2235,2,1403900015436,Mujeres,66,Hogar,,2,07:41,,Regresar a Casa,,Su casa,,,,home,,home,,A PIE,,14,,,,,,
2235,2,1403900015436,Mujeres,66,Hogar,,3,14:00,,Visitar a alguien,,Su casa,,,,home,,home,,A PIE,,10,,,actividad_en_casa,,,
2235,2,1403900015436,Mujeres,66,Hogar,,4,18:30,,Regresar a Casa,,Su casa,,,,home,,home,,A PIE,,15,,,,,,
2336,1,1409800012150,Mujeres,48,Hogar,,1,06:40,,Llevar o recoger a alguien,,Escuela,,Su casa,,home,,1409800010370,,A PIE,,20,,,,,,
2336,1,1409800012150,Mujeres,48,Hogar,,2,07:00,,Regresar a Casa,,Su casa,,,,1409800010370,,home,,A PIE,,20,,,,,,
2336,1,1409800012150,Mujeres,48,Hogar,,3,12:00,,Llevar o recoger a alguien,,Escuela,,,,home,,140390001464A,,CAMIÓN O AUTOBÚS,,75,30,,,,,"Novena revisión: 75 min en CAMIÓN O AUTOBÚS para 4.7 km en línea recta es más del doble de lo que la encuesta suele reportar para ese modo a esa distancia (30 min, la mediana de 5401 viajes): los minutos son el error, no la hora. Con 30 min llega a las 12:30 y el viaje siguiente sale a las 13:00, 30 min después."
2336,1,1409800012150,Mujeres,48,Hogar,,4,13:00 → 13:15,13:00,Regresar a Casa,,Su casa,,,,140390001464A,,home,,CAMIÓN O AUTOBÚS,,75,30,hora:revision,,changed,,"Novena revisión: 75 min en CAMIÓN O AUTOBÚS para 4.7 km en línea recta es más del doble de lo que la encuesta suele reportar para ese modo a esa distancia (30 min, la mediana de 5401 viajes): los minutos son el error, no la hora. Es el último viaje del día. Es el mismo recorrido, en el mismo modo, que otro viaje del día cuyos minutos chocaban con la salida siguiente. Novena revisión: la salida vuelve a las 13:00, la hora que reporta la encuesta: con los minutos de traslado que corrige esta revisión cabe después de la llegada del viaje anterior (12:30); una revisión anterior la había movido a las 13:15 para dejar sitio a los minutos de más."
2363,1,1409800012983,Mujeres,24,Empleado,,1,09:00,,Trabajar,,Oficina,,Su casa,,home,,1412000011121,,AUTOMÓVIL PARTICULAR,,60,,,,,,
2363,1,1409800012983,Mujeres,24,Empleado,,2,15:49,,Regresar a Casa,,Su casa,,,,1412000011121,,home,,AUTOMÓVIL PARTICULAR,,90,45,,,,,"Novena revisión: 90 min en AUTOMÓVIL PARTICULAR para 15.6 km en línea recta es más del doble de lo que la encuesta suele reportar para ese modo a esa distancia (45 min, la mediana de 4989 viajes): los minutos son el error, no la hora. Con 45 min llega a las 16:34 y el viaje siguiente sale a las 17:12, 38 min después."
2363,1,1409800012983,Mujeres,24,Empleado,,3,17:12 → 17:19,17:12,Trabajar,,Oficina,,,,home,,1412000011121,,AUTOMÓVIL PARTICULAR,,60,,hora:revision,,changed,,"Novena revisión: la salida vuelve a las 17:12, la hora que reporta la encuesta: con los minutos de traslado que corrige esta revisión cabe después de la llegada del viaje anterior (16:34); una revisión anterior la había movido a las 17:19 para dejar sitio a los minutos de más."
2363,1,1409800012983,Mujeres,24,Empleado,,4,20:00,,Regresar a Casa,,Su casa,,,,1412000011121,,home,,AUTOMÓVIL PARTICULAR,,90,45,,,,,"Novena revisión: 90 min en AUTOMÓVIL PARTICULAR para 15.6 km en línea recta es más del doble de lo que la encuesta suele reportar para ese modo a esa distancia (45 min, la mediana de 4989 viajes): los minutos son el error, no la hora. Es el último viaje del día. Es el mismo recorrido, en el mismo modo, que otro viaje del día cuyos minutos chocaban con la salida siguiente."
2381,1,1409800012983,Hombres,58,Empleado,,1,06:30,,Trabajar,,Fábrica o taller,,Su casa,,home,,1412000014836,,AUTOMÓVIL PARTICULAR,,60,,,,,,
2381,1,1409800012983,Hombres,58,Empleado,,2,12:31,,Regresar a Casa,,Su casa,,,,1412000014836,,home,,AUTOMÓVIL PARTICULAR,,120,45,,,,,"Novena revisión: 120 min en AUTOMÓVIL PARTICULAR para 13.5 km en línea recta es más del doble de lo que la encuesta suele reportar para ese modo a esa distancia (45 min, la mediana de 4989 viajes): los minutos son el error, no la hora. Con 45 min llega a las 13:16 y el viaje siguiente sale a las 14:22, 66 min después."
2381,1,1409800012983,Hombres,58,Empleado,,3,14:22 → 14:31,14:22,Trabajar,,Fábrica o taller,,,,home,,1412000014836,,AUTOMÓVIL PARTICULAR,,60,,hora:revision,,changed,,"Novena revisión: la salida vuelve a las 14:22, la hora que reporta la encuesta: con los minutos de traslado que corrige esta revisión cabe después de la llegada del viaje anterior (13:16); una revisión anterior la había movido a las 14:31 para dejar sitio a los minutos de más."
2381,1,1409800012983,Hombres,58,Empleado,,4,18:00,,Regresar a Casa,,Su casa,,,,1412000014836,,home,,AUTOMÓVIL PARTICULAR,,120,45,,,,,"Novena revisión: 120 min en AUTOMÓVIL PARTICULAR para 13.5 km en línea recta es más del doble de lo que la encuesta suele reportar para ese modo a esa distancia (45 min, la mediana de 4989 viajes): los minutos son el error, no la hora. Es el último viaje del día. Es el mismo recorrido, en el mismo modo, que otro viaje del día cuyos minutos chocaban con la salida siguiente."
2418,3,1409800012150,Mujeres,19,Estudiante,,1,07:00,,Otros (especifique),,Otros (especifique),,Su casa,,home,,1409800011684,,MI MACRO,,30,15,,,,,"Novena revisión: 30 min en MI MACRO para 0.8 km en línea recta es más del doble de lo que la encuesta suele reportar para ese modo a esa distancia (15 min, la mediana de 45 viajes): los minutos son el error, no la hora. Con 15 min llega a las 07:15 y el viaje siguiente sale a las 07:30, 15 min después."
2418,3,1409800012150,Mujeres,19,Estudiante,,2,07:30,,Estudiar,,Escuela,,,,1409800011684,,1403900015366,,TREN LIGERO,,51,,,,,,
2418,3,1409800012150,Mujeres,19,Estudiante,,3,15:00,,Regresar a Casa,,Su casa,,,,1403900015366,,home,,TREN LIGERO,,63,,,,,,
2418,3,1409800012150,Mujeres,19,Estudiante,,4,15:40,,Regresar a Casa,,Su casa,,Su casa,,home,,home,,MI MACRO,,30,,,,dropped,,
2419,3,1409800013290,Mujeres,48,Empleado,,1,07:02,,Trabajar,,Oficina,,"Comercio, mercado, tienda o centro comercial → Su casa",,141200001066A → home,,141200001066A,,Bicicleta,,50,,tipo_origen:revision;origen:revision,,changed,,
2419,3,1409800013290,Mujeres,48,Empleado,,2,17:01,,Regresar a Casa,,Su casa,,,,141200001066A,,home,,MI MACRO,,90,40,tipo_origen:revision,,changed,,"Novena revisión: 90 min en MI MACRO para 6.4 km en línea recta es más del doble de lo que la encuesta suele reportar para ese modo a esa distancia (40 min, la mediana de 555 viajes): los minutos son el error, no la hora. Con 40 min llega a las 17:41 y el viaje siguiente sale a las 18:16, 35 min después."
2419,3,1409800013290,Mujeres,48,Empleado,,3,18:16 → 18:31,18:16,Deportes o recreación,,Centro cultural o área recreativa,,,,home,,home,,A PIE,,13,,hora:revision;tipo_origen:revision,,changed,,"Novena revisión: la salida vuelve a las 18:16, la hora que reporta la encuesta: con los minutos de traslado que corrige esta revisión cabe después de la llegada del viaje anterior (17:41); una revisión anterior la había movido a las 18:31 para dejar sitio a los minutos de más."
2419,3,1409800013290,Mujeres,48,Empleado,,4,18:34 → 18:44,18:34,Regresar a Casa,,Su casa,,,,home,,home,,A PIE,,13,,hora:revision;tipo_origen:revision,,changed,,"Novena revisión: la salida vuelve a las 18:34, la hora que reporta la encuesta: con los minutos de traslado que corrige esta revisión cabe después de la llegada del viaje anterior (18:29); una revisión anterior la había movido a las 18:44 para dejar sitio a los minutos de más."
2421,2,1409800012841,Mujeres,44,,,1,08:30,,Guardería,Llevar o recoger a alguien,Escuela,,Su casa,,home,,1409800012131,,A PIE,,20,,,motivo_guarderia,,,"Novena revisión: el motivo «Guardería» se registra como acompañamiento, como la primera revisión lo hizo con los demás viajes de personas de 12 años o más: la encuesta lo usa tanto para quien asiste como para quien lleva o recoge, y la persona tiene 44 años."
2421,2,1409800012841,Mujeres,44,,,2,21:15 → 09:15,,Visitar a alguien,,Otra vivienda,,,,1409800012131,,1409800012150,,A PIE,,15,,hora:revision,,changed,,
2421,2,1409800012841,Mujeres,44,,,3,10:30,,Al médico o atención de salud,,"Hospital, clínica, consultorio, laboratorio clínico",,,,1409800012150,,140390001044A,,CAMIÓN O AUTOBÚS,,80,,,,,,
2421,2,1409800012841,Mujeres,44,,,4,15:00,,"Compras (bienes, productos y servicios)",,"Comercio, mercado, tienda o centro comercial",,,,140390001044A,,1403900011359,,CAMIÓN O AUTOBÚS,,30,,,,,,
2421,2,1409800012841,Mujeres,44,,,5,17:30,,Guardería,Llevar o recoger a alguien,"Comercio, mercado, tienda o centro comercial",,,,1403900011359,,1409800011928,,TREN LIGERO,,60,,,motivo_guarderia,,,"Novena revisión: el motivo «Guardería» se registra como acompañamiento, como la primera revisión lo hizo con los demás viajes de personas de 12 años o más: la encuesta lo usa tanto para quien asiste como para quien lleva o recoge, y la persona tiene 44 años."
2421,2,1409800012841,Mujeres,44,,,6,20:36,,Regresar a Casa,,Su casa,,,,1409800011928,,home,,TREN LIGERO,,60,,,,,,
2421,4,1409800012841,Mujeres,32,Empleado,,1,07:02,,Trabajar,,Fábrica o taller,,Su casa,,home,,1403900011556,,MI MACRO,,80,,,,,,
2421,4,1409800012841,Mujeres,32,Empleado,,2,18:29,,"Compras (bienes, productos y servicios)",,"Comercio, mercado, tienda o centro comercial",,,,1403900011556,,1409800012150,,MI MACRO,,114,55,,,,,"Novena revisión: 114 min en MI MACRO para 9.4 km en línea recta es más del doble de lo que la encuesta suele reportar para ese modo a esa distancia (55 min, la mediana de 562 viajes): los minutos son el error, no la hora. Con 55 min llega a las 19:24 y el viaje siguiente sale a las 20:17, 53 min después."
2421,4,1409800012841,Mujeres,32,Empleado,,3,20:17 → 20:23,20:17,Regresar a Casa,,Su casa,,,,1409800012150,,home,,A PIE,,15,,hora:revision,,changed,,"Novena revisión: la salida vuelve a las 20:17, la hora que reporta la encuesta: con los minutos de traslado que corrige esta revisión cabe después de la llegada del viaje anterior (19:24); una revisión anterior la había movido a las 20:23 para dejar sitio a los minutos de más."
2459,2,1409800012150,Mujeres,28,Estudiante,,1,07:04,,Otros (especifique),,Otros (especifique),,Su casa,,home,,1409800011684,,MI MACRO,,30,15,,,,,"Novena revisión: 30 min en MI MACRO para 0.8 km en línea recta es más del doble de lo que la encuesta suele reportar para ese modo a esa distancia (15 min, la mediana de 45 viajes): los minutos son el error, no la hora. Con 15 min llega a las 07:19 y el viaje siguiente sale a las 07:28, 9 min después."
2459,2,1409800012150,Mujeres,28,Estudiante,,2,07:28 → 07:34,07:28,Estudiar,,Escuela,,,,1409800011684,,1403900015366,,TREN LIGERO,,53,,hora:revision,,changed,,"Novena revisión: la salida vuelve a las 07:28, la hora que reporta la encuesta: con los minutos de traslado que corrige esta revisión cabe después de la llegada del viaje anterior (07:19); una revisión anterior la había movido a las 07:34 para dejar sitio a los minutos de más."
2459,2,1409800012150,Mujeres,28,Estudiante,,3,15:04,,Regresar a Casa,,Su casa,,,,1403900015366,,home,,TREN LIGERO,,70,,,,,,
2459,2,1409800012150,Mujeres,28,Estudiante,,4,15:31,,Regresar a Casa,,Su casa,,Su casa,,home,,home,,MI MACRO,,30,,,,dropped,,
2478,1,1409800012663,Hombres,51,Empleado,,1,08:00,,Trabajar,,"Comercio, mercado, tienda o centro comercial",,Su casa,,home,,1403900011626,,AUTOMÓVIL PARTICULAR,,60,,,,,,
2478,1,1409800012663,Hombres,51,Empleado,,2,14:32,,Regresar a Casa,,Su casa,,,,1403900011626,,home,,AUTOMÓVIL PARTICULAR,,120,40,,,,,"Novena revisión: 120 min en AUTOMÓVIL PARTICULAR para 10.9 km en línea recta es más del doble de lo que la encuesta suele reportar para ese modo a esa distancia (40 min, la mediana de 5474 viajes): los minutos son el error, no la hora. Con 40 min llega a las 15:12 y el viaje siguiente sale a las 16:19, 67 min después."
2478,1,1409800012663,Hombres,51,Empleado,,3,16:19 → 16:32,16:19,Trabajar,,"Comercio, mercado, tienda o centro comercial",,,,home,,1403900011626,,AUTOMÓVIL PARTICULAR,,60,,hora:revision,,changed,,"Novena revisión: la salida vuelve a las 16:19, la hora que reporta la encuesta: con los minutos de traslado que corrige esta revisión cabe después de la llegada del viaje anterior (15:12); una revisión anterior la había movido a las 16:32 para dejar sitio a los minutos de más."
2478,1,1409800012663,Hombres,51,Empleado,,4,20:30,,Regresar a Casa,,Su casa,,,,1403900011626,,home,,AUTOMÓVIL PARTICULAR,,120,40,,,,,"Novena revisión: 120 min en AUTOMÓVIL PARTICULAR para 10.9 km en línea recta es más del doble de lo que la encuesta suele reportar para ese modo a esa distancia (40 min, la mediana de 5474 viajes): los minutos son el error, no la hora. Es el último viaje del día. Es el mismo recorrido, en el mismo modo, que otro viaje del día cuyos minutos chocaban con la salida siguiente."
2506,1,1409800012663,Hombres,68,Jubilado o pensionado,,1,08:15,,Guardería,Llevar o recoger a alguien,Otros (especifique),,Su casa,,home,,1409800012150,,A PIE,,14,,,motivo_guarderia,,,"Novena revisión: el motivo «Guardería» se registra como acompañamiento, como la primera revisión lo hizo con los demás viajes de personas de 12 años o más: la encuesta lo usa tanto para quien asiste como para quien lleva o recoge, y la persona tiene 68 años."
2506,1,1409800012663,Hombres,68,Jubilado o pensionado,,2,08:36,,Regresar a Casa,,Su casa,,,,1409800012150,,home,,A PIE,,14,,,,,,
2506,1,1409800012663,Hombres,68,Jubilado o pensionado,,3,16:30,,Deportes o recreación,,Centro cultural o área recreativa,,,,home,,140980188,,AUTOMÓVIL PARTICULAR,,10,,,,,,
2506,1,1409800012663,Hombres,68,Jubilado o pensionado,,4,18:00,,Regresar a Casa,,Su casa,,,,140980188,,home,,AUTOMÓVIL PARTICULAR,,12,,,,,,
2514,7,1409800012150,Mujeres,14,Estudiante,,1,14:01,,Estudiar,,Escuela,,Su casa,,home,,1403900014565,,MI MACRO,,30,,,,,,
2514,7,1409800012150,Mujeres,14,Estudiante,,2,14:25 → 14:30,14:31,Estudiar,,Escuela,,,,1403900014565,,1403900014565,,Bicicleta,,30,,hora:revision,hora_traslapada,changed,,"Novena revisión: sale a las 14:31, la hora a la que llega el viaje anterior (14:01 + 30 min), en vez de las 14:30: TASHA no admite un viaje que sale antes de que llegue el anterior, y 30 min en MI MACRO no son excesivos para su distancia, así que se mueve la salida y no los minutos."
2514,7,1409800012150,Mujeres,14,Estudiante,,3,20:05,,"Compras (bienes, productos y servicios)",,"Comercio, mercado, tienda o centro comercial",,,,1403900014565,,1409800011928,,TREN LIGERO,,41,,,,,,
2514,7,1409800012150,Mujeres,14,Estudiante,,4,20:38 → 20:46,,Regresar a Casa,,Su casa,,,,1409800011928,,home,,MI MACRO,,30,,hora:revision,,changed,,
2525,1,1409800012979,Mujeres,41,Empleado,,1,07:30,,Guardería,Llevar o recoger a alguien,Escuela,,Su casa,,home,,1410100010927,,AUTOMÓVIL PARTICULAR,,45,,,motivo_guarderia,,,"Novena revisión: el motivo «Guardería» se registra como acompañamiento, como la primera revisión lo hizo con los demás viajes de personas de 12 años o más: la encuesta lo usa tanto para quien asiste como para quien lleva o recoge, y la persona tiene 41 años."
2525,1,1409800012979,Mujeres,41,Empleado,,2,08:15,,Trabajar,,Oficina,,,,1410100010927,,1410100010927,,AUTOMÓVIL PARTICULAR,,15,,,,,,
2525,1,1409800012979,Mujeres,41,Empleado,,3,17:30,,Guardería,Llevar o recoger a alguien,Escuela,,,,1410100010927,,1410100010927,,AUTOMÓVIL PARTICULAR,,15,,,motivo_guarderia,,,"Novena revisión: el motivo «Guardería» se registra como acompañamiento, como la primera revisión lo hizo con los demás viajes de personas de 12 años o más: la encuesta lo usa tanto para quien asiste como para quien lleva o recoge, y la persona tiene 41 años."
2525,1,1409800012979,Mujeres,41,Empleado,,4,18:05,,Regresar a Casa,,Su casa,,,,1410100010927,,home,,AUTOMÓVIL PARTICULAR,,60,,,,,,
2698,2,1409704241761,Mujeres,38,Empleado,,1,07:30,,Llevar o recoger a alguien,,Escuela,,Su casa,,home,,1409700201013,,AUTOMÓVIL PARTICULAR,,30,15,,,,,"Novena revisión: 30 min en AUTOMÓVIL PARTICULAR para 1.7 km en línea recta es más del doble de lo que la encuesta suele reportar para ese modo a esa distancia (15 min, la mediana de 3832 viajes): los minutos son el error, no la hora. Con 15 min llega a las 07:45 y el viaje siguiente sale a las 08:00, 15 min después."
2698,2,1409704241761,Mujeres,38,Empleado,,2,07:40 → 08:00,,Regresar a Casa,,Su casa,,,,1409700201013,,home,,AUTOMÓVIL PARTICULAR,,30,15,hora:revision,,changed,,"Novena revisión: 30 min en AUTOMÓVIL PARTICULAR para 1.7 km en línea recta es más del doble de lo que la encuesta suele reportar para ese modo a esa distancia (15 min, la mediana de 3832 viajes): los minutos son el error, no la hora. Con 15 min llega a las 08:15 y el viaje siguiente sale a las 13:30, 315 min después. Es el mismo recorrido, en el mismo modo, que otro viaje del día cuyos minutos chocaban con la salida siguiente."
2698,2,1409704241761,Mujeres,38,Empleado,,3,13:30,,Trabajar,,"Comercio, mercado, tienda o centro comercial",,,,home,,1412000012492,,AUTOMÓVIL PARTICULAR,,50,,,,,,
2698,2,1409704241761,Mujeres,38,Empleado,,4,23:00,,Regresar a Casa,,Su casa,,,,1412000012492,,home,,AUTOMÓVIL PARTICULAR,,20,,,,,,
2862,1,1409800142019,Hombres,53,Empleado,,1,08:00,,Trabajar,,Fábrica o taller,,Su casa,,home,,1403900011096,,AUTOMÓVIL PARTICULAR,,90,45,,,,,"Novena revisión: 90 min en AUTOMÓVIL PARTICULAR para 16.0 km en línea recta es más del doble de lo que la encuesta suele reportar para ese modo a esa distancia (45 min, la mediana de 4989 viajes): los minutos son el error, no la hora. Con 45 min llega a las 08:45 y el viaje siguiente sale a las 13:54, 309 min después. Es el mismo recorrido, en el mismo modo, que otro viaje del día cuyos minutos chocaban con la salida siguiente."
2862,1,1409800142019,Hombres,53,Empleado,,2,13:54,,Regresar a Casa,,Su casa,,,,1403900011096,,home,,AUTOMÓVIL PARTICULAR,,100,45,,,,,"Novena revisión: 100 min en AUTOMÓVIL PARTICULAR para 16.0 km en línea recta es más del doble de lo que la encuesta suele reportar para ese modo a esa distancia (45 min, la mediana de 4989 viajes): los minutos son el error, no la hora. Con 45 min llega a las 14:39 y el viaje siguiente sale a las 15:25, 46 min después."
2862,1,1409800142019,Hombres,53,Empleado,,3,15:25 → 15:34,15:25,Trabajar,,Fábrica o taller,,,,home,,1403900011096,,AUTOMÓVIL PARTICULAR,,90,45,hora:revision,,changed,,"Novena revisión: 90 min en AUTOMÓVIL PARTICULAR para 16.0 km en línea recta es más del doble de lo que la encuesta suele reportar para ese modo a esa distancia (45 min, la mediana de 4989 viajes): los minutos son el error, no la hora. Con 45 min llega a las 16:10 y el viaje siguiente sale a las 18:00, 110 min después. Es el mismo recorrido, en el mismo modo, que otro viaje del día cuyos minutos chocaban con la salida siguiente. Novena revisión: la salida vuelve a las 15:25, la hora que reporta la encuesta: con los minutos de traslado que corrige esta revisión cabe después de la llegada del viaje anterior (14:39); una revisión anterior la había movido a las 15:34 para dejar sitio a los minutos de más."
2862,1,1409800142019,Hombres,53,Empleado,,4,18:00,,Regresar a Casa,,Su casa,,,,1403900011096,,home,,AUTOMÓVIL PARTICULAR,,100,45,,,,,"Novena revisión: 100 min en AUTOMÓVIL PARTICULAR para 16.0 km en línea recta es más del doble de lo que la encuesta suele reportar para ese modo a esa distancia (45 min, la mediana de 4989 viajes): los minutos son el error, no la hora. Es el último viaje del día. Es el mismo recorrido, en el mismo modo, que otro viaje del día cuyos minutos chocaban con la salida siguiente."
2903,1,140980012,Hombres,60,Empleado,,1,06:00,,Trabajar,,Fábrica o taller,,Su casa,,home,,1412000012331,,AUTOMÓVIL PARTICULAR,,50,,,,,,
2903,1,140980012,Hombres,60,Empleado,,2,12:40,,Regresar a Casa,,Su casa,,,,1412000012331,,home,,AUTOMÓVIL PARTICULAR,,90,45,,,,,"Novena revisión: 90 min en AUTOMÓVIL PARTICULAR para 19.6 km en línea recta es más del doble de lo que la encuesta suele reportar para ese modo a esa distancia (45 min, la mediana de 4989 viajes): los minutos son el error, no la hora. Con 45 min llega a las 13:25 y el viaje siguiente sale a las 14:01, 36 min después."
2903,1,140980012,Hombres,60,Empleado,,3,14:01 → 14:10,14:01,Trabajar,,Fábrica o taller,,,,home,,1412000012331,,AUTOMÓVIL PARTICULAR,,50,,hora:revision,,changed,,"Novena revisión: la salida vuelve a las 14:01, la hora que reporta la encuesta: con los minutos de traslado que corrige esta revisión cabe después de la llegada del viaje anterior (13:25); una revisión anterior la había movido a las 14:10 para dejar sitio a los minutos de más."
2903,1,140980012,Hombres,60,Empleado,,4,18:00,,Regresar a Casa,,Su casa,,,,1412000012331,,home,,AUTOMÓVIL PARTICULAR,,90,45,,,,,"Novena revisión: 90 min en AUTOMÓVIL PARTICULAR para 19.6 km en línea recta es más del doble de lo que la encuesta suele reportar para ese modo a esa distancia (45 min, la mediana de 4989 viajes): los minutos son el error, no la hora. Es el último viaje del día. Es el mismo recorrido, en el mismo modo, que otro viaje del día cuyos minutos chocaban con la salida siguiente."
2913,2,1409800143229,Mujeres,31,Empleado,,1,07:00,,Trabajar,,Otra vivienda,,Su casa,,home,,1412000012505,,CAMIÓN O AUTOBÚS,,80,30,,,,,"Novena revisión: 80 min en CAMIÓN O AUTOBÚS para 4.6 km en línea recta es más del doble de lo que la encuesta suele reportar para ese modo a esa distancia (30 min, la mediana de 5401 viajes): los minutos son el error, no la hora. Con 30 min llega a las 07:30 y el viaje siguiente sale a las 17:00, 570 min después. Es el mismo recorrido, en el mismo modo, que otro viaje del día cuyos minutos chocaban con la salida siguiente."
2913,2,1409800143229,Mujeres,31,Empleado,,2,17:00,,Regresar a Casa,,Su casa,,,,1412000012505,,home,,CAMIÓN O AUTOBÚS,,80,30,,,,,"Novena revisión: 80 min en CAMIÓN O AUTOBÚS para 4.6 km en línea recta es más del doble de lo que la encuesta suele reportar para ese modo a esa distancia (30 min, la mediana de 5401 viajes): los minutos son el error, no la hora. Con 30 min llega a las 17:30 y el viaje siguiente sale a las 18:10, 40 min después."
2913,2,1409800143229,Mujeres,31,Empleado,,3,18:10 → 18:20,18:10,Deportes o recreación,,Centro cultural o área recreativa,,,,home,,home,,A PIE,,2,,hora:revision,,changed,,"Novena revisión: la salida vuelve a las 18:10, la hora que reporta la encuesta: con los minutos de traslado que corrige esta revisión cabe después de la llegada del viaje anterior (17:30); una revisión anterior la había movido a las 18:20 para dejar sitio a los minutos de más."
2913,2,1409800143229,Mujeres,31,Empleado,,4,18:18 → 18:22,18:18,Regresar a Casa,,Su casa,,,,home,,home,,A PIE,,2,,hora:revision,,changed,,"Novena revisión: la salida vuelve a las 18:18, la hora que reporta la encuesta: con los minutos de traslado que corrige esta revisión cabe después de la llegada del viaje anterior (18:12); una revisión anterior la había movido a las 18:22 para dejar sitio a los minutos de más."
3017,1,1409705603467,Mujeres,46,Desempleado,,1,10:00,,Compras (comida),,"Comercio, mercado, tienda o centro comercial",,Su casa,,home,,1409700320053,,A PIE,,3,,,,,,
3017,1,1409705603467,Mujeres,46,Desempleado,,2,10:06,,Regresar a Casa,,Su casa,,,,1409700320053,,home,,A PIE,,3,,,,,,
3017,1,1409705603467,Mujeres,46,Desempleado,,3,17:30,,Guardería,Llevar o recoger a alguien,Escuela,,,,home,,140970862340A,,AUTOMÓVIL PARTICULAR,,12,,,motivo_guarderia,,,"Novena revisión: el motivo «Guardería» se registra como acompañamiento, como la primera revisión lo hizo con los demás viajes de personas de 12 años o más: la encuesta lo usa tanto para quien asiste como para quien lleva o recoge, y la persona tiene 46 años."
3017,1,1409705603467,Mujeres,46,Desempleado,,4,18:05,,Regresar a Casa,,Su casa,,,,140970862340A,,home,,AUTOMÓVIL PARTICULAR,,11,,,,,,
3036,3,140970884397A,Hombres,15,Empleado,,1,09:00,,Trabajar,,Otra vivienda,,Su casa,,home,,1410100010946,,AUTOMÓVIL PARTICULAR,,120,60,,,,,"Novena revisión: 120 min en AUTOMÓVIL PARTICULAR para 24.7 km en línea recta es más del doble de lo que la encuesta suele reportar para ese modo a esa distancia (60 min, la mediana de 2401 viajes): los minutos son el error, no la hora. Con 60 min llega a las 10:00 y el viaje siguiente sale a las 13:32, 212 min después. Es el mismo recorrido, en el mismo modo, que otro viaje del día cuyos minutos chocaban con la salida siguiente."
3036,3,140970884397A,Hombres,15,Empleado,,2,13:32,,Regresar a Casa,,Su casa,,,,1410100010946,,home,,AUTOMÓVIL PARTICULAR,,120,60,,,,,"Novena revisión: 120 min en AUTOMÓVIL PARTICULAR para 24.7 km en línea recta es más del doble de lo que la encuesta suele reportar para ese modo a esa distancia (60 min, la mediana de 2401 viajes): los minutos son el error, no la hora. Con 60 min llega a las 14:32 y el viaje siguiente sale a las 15:24, 52 min después."
3036,3,140970884397A,Hombres,15,Empleado,,3,15:24 → 15:32,15:24,Trabajar,,Otra vivienda,,,,home,,1410100010946,,AUTOMÓVIL PARTICULAR,,120,60,hora:revision,,changed,,"Novena revisión: 120 min en AUTOMÓVIL PARTICULAR para 24.7 km en línea recta es más del doble de lo que la encuesta suele reportar para ese modo a esa distancia (60 min, la mediana de 2401 viajes): los minutos son el error, no la hora. Con 60 min llega a las 16:24 y el viaje siguiente sale a las 17:00, 36 min después. Es el mismo recorrido, en el mismo modo, que otro viaje del día cuyos minutos chocaban con la salida siguiente. Novena revisión: la salida vuelve a las 15:24, la hora que reporta la encuesta: con los minutos de traslado que corrige esta revisión cabe después de la llegada del viaje anterior (14:32); una revisión anterior la había movido a las 15:32 para dejar sitio a los minutos de más."
3036,3,140970884397A,Hombres,15,Empleado,,4,17:00 → 19:00,17:00,Regresar a Casa,,Su casa,,,,1410100010946,,home,,AUTOMÓVIL PARTICULAR,,120,60,hora:-10h+12h,,changed,,"Novena revisión: 120 min en AUTOMÓVIL PARTICULAR para 24.7 km en línea recta es más del doble de lo que la encuesta suele reportar para ese modo a esa distancia (60 min, la mediana de 2401 viajes): los minutos son el error, no la hora. Es el último viaje del día. Es el mismo recorrido, en el mismo modo, que otro viaje del día cuyos minutos chocaban con la salida siguiente. Novena revisión: la salida vuelve a las 17:00, la hora que reporta la encuesta: con los minutos de traslado que corrige esta revisión cabe después de la llegada del viaje anterior (16:24); la regla de horas la había movido a las 19:00 para dejar sitio a los minutos de más."
3146,2,1409708223058,Hombres,31,Trabajador independiente,,1,08:00,,Trabajar,,Fábrica o taller,,Su casa,,home,,1403900011359,,AUTOMÓVIL PARTICULAR,,90,45,,,,,"Novena revisión: 90 min en AUTOMÓVIL PARTICULAR para 19.3 km en línea recta es más del doble de lo que la encuesta suele reportar para ese modo a esa distancia (45 min, la mediana de 4989 viajes): los minutos son el error, no la hora. Con 45 min llega a las 08:45 y el viaje siguiente sale a las 14:36, 351 min después. Es el mismo recorrido, en el mismo modo, que otro viaje del día cuyos minutos chocaban con la salida siguiente."
3146,2,1409708223058,Hombres,31,Trabajador independiente,,2,14:36,,Regresar a Casa,,Su casa,,,,1403900011359,,home,,AUTOMÓVIL PARTICULAR,,120,45,,,,,"Novena revisión: 120 min en AUTOMÓVIL PARTICULAR para 19.3 km en línea recta es más del doble de lo que la encuesta suele reportar para ese modo a esa distancia (45 min, la mediana de 4989 viajes): los minutos son el error, no la hora. Con 45 min llega a las 15:21 y el viaje siguiente sale a las 16:26, 65 min después."
3146,2,1409708223058,Hombres,31,Trabajador independiente,,3,16:26 → 16:36,16:26,Trabajar,,Fábrica o taller,,,,home,,1403900011359,,AUTOMÓVIL PARTICULAR,,90,45,hora:revision,,changed,,"Novena revisión: 90 min en AUTOMÓVIL PARTICULAR para 19.3 km en línea recta es más del doble de lo que la encuesta suele reportar para ese modo a esa distancia (45 min, la mediana de 4989 viajes): los minutos son el error, no la hora. Con 45 min llega a las 17:11 y el viaje siguiente sale a las 19:00, 109 min después. Es el mismo recorrido, en el mismo modo, que otro viaje del día cuyos minutos chocaban con la salida siguiente. Novena revisión: la salida vuelve a las 16:26, la hora que reporta la encuesta: con los minutos de traslado que corrige esta revisión cabe después de la llegada del viaje anterior (15:21); una revisión anterior la había movido a las 16:36 para dejar sitio a los minutos de más."
3146,2,1409708223058,Hombres,31,Trabajador independiente,,4,19:00,,Regresar a Casa,,Su casa,,,,1403900011359,,home,,AUTOMÓVIL PARTICULAR,,120,45,,,,,"Novena revisión: 120 min en AUTOMÓVIL PARTICULAR para 19.3 km en línea recta es más del doble de lo que la encuesta suele reportar para ese modo a esa distancia (45 min, la mediana de 4989 viajes): los minutos son el error, no la hora. Es el último viaje del día. Es el mismo recorrido, en el mismo modo, que otro viaje del día cuyos minutos chocaban con la salida siguiente."
3169,3,1403900010149,Hombres,19,Trabajador independiente,,1,06:16,,Hacer un trámite,,Otros (especifique),,Su casa,,home,,999990001,,AUTOMÓVIL PARTICULAR,,267,,,,,,
3169,3,1403900010149,Hombres,19,Trabajador independiente,,2,14:27,,Regresar a Casa,,Su casa,,,,999990001,,home,,AUTOMÓVIL PARTICULAR,,47,,,,,,
3169,3,1403900010149,Hombres,19,Trabajador independiente,,3,21:29,,Compras (comida),,"Comercio, mercado, tienda o centro comercial",,,,home,,1403900013656,,AUTOMÓVIL PARTICULAR,,55,15,,,,,"Novena revisión: 55 min en AUTOMÓVIL PARTICULAR para 1.6 km en línea recta es más del doble de lo que la encuesta suele reportar para ese modo a esa distancia (15 min, la mediana de 3832 viajes): los minutos son el error, no la hora. Con 15 min llega a las 21:44 y el viaje siguiente sale a las 22:01, 17 min después."
3169,3,1403900010149,Hombres,19,Trabajador independiente,,4,22:01 → 22:24,22:01,Regresar a Casa,,Su casa,,,,1403900013656,,home,,CAMIÓN O AUTOBÚS,,50,20,hora:revision,,changed,,"Novena revisión: 50 min en CAMIÓN O AUTOBÚS para 1.6 km en línea recta es más del doble de lo que la encuesta suele reportar para ese modo a esa distancia (20 min, la mediana de 3335 viajes): los minutos son el error, no la hora. Con 20 min llega a las 22:21 y el viaje siguiente sale a las 22:27, 6 min después. Novena revisión: la salida vuelve a las 22:01, la hora que reporta la encuesta: con los minutos de traslado que corrige esta revisión cabe después de la llegada del viaje anterior (21:44); una revisión anterior la había movido a las 22:24 para dejar sitio a los minutos de más."
3169,3,1403900010149,Hombres,19,Trabajador independiente,,5,22:27 → 23:14,22:27,Visitar a alguien,,Otra vivienda,,,,home,,1403900010153,,AUTOMÓVIL PARTICULAR,,30,10,hora:revision,,changed,,"Novena revisión: 30 min en AUTOMÓVIL PARTICULAR para 0.6 km en línea recta es más del doble de lo que la encuesta suele reportar para ese modo a esa distancia (10 min, la mediana de 1718 viajes): los minutos son el error, no la hora. Con 10 min llega a las 22:37 y el viaje siguiente sale a las 23:29, 52 min después. Novena revisión: la salida vuelve a las 22:27, la hora que reporta la encuesta: con los minutos de traslado que corrige esta revisión cabe después de la llegada del viaje anterior (22:21); una revisión anterior la había movido a las 23:14 para dejar sitio a los minutos de más."
3169,3,1403900010149,Hombres,19,Trabajador independiente,,6,23:29 → 23:44,23:29,Regresar a Casa,,Su casa,,,,1403900010153,,home,,AUTOMÓVIL PARTICULAR,,30,10,hora:revision,,changed,,"Novena revisión: 30 min en AUTOMÓVIL PARTICULAR para 0.6 km en línea recta es más del doble de lo que la encuesta suele reportar para ese modo a esa distancia (10 min, la mediana de 1718 viajes): los minutos son el error, no la hora. Es el último viaje del día. Es el mismo recorrido, en el mismo modo, que otro viaje del día cuyos minutos chocaban con la salida siguiente. Novena revisión: la salida vuelve a las 23:29, la hora que reporta la encuesta: con los minutos de traslado que corrige esta revisión cabe después de la llegada del viaje anterior (22:37); una revisión anterior la había movido a las 23:44 para dejar sitio a los minutos de más."
3199,3,1409708223749,Hombres,21,Trabajador independiente,,1,08:00,,Trabajar,,Otra vivienda,,Su casa,,home,,1409708221598,,AUTOMÓVIL PARTICULAR,,80,10,,,,,"Novena revisión: 80 min en AUTOMÓVIL PARTICULAR para 0.7 km en línea recta es más del doble de lo que la encuesta suele reportar para ese modo a esa distancia (10 min, la mediana de 1718 viajes): los minutos son el error, no la hora. Con 10 min llega a las 08:10 y el viaje siguiente sale a las 10:33, 143 min después. Es el mismo recorrido, en el mismo modo, que otro viaje del día cuyos minutos chocaban con la salida siguiente."
3199,3,1409708223749,Hombres,21,Trabajador independiente,,2,10:33,,Regresar a Casa,,Su casa,,,,1409708221598,,home,,AUTOMÓVIL PARTICULAR,,120,10,,,,,"Novena revisión: 120 min en AUTOMÓVIL PARTICULAR para 0.7 km en línea recta es más del doble de lo que la encuesta suele reportar para ese modo a esa distancia (10 min, la mediana de 1718 viajes): los minutos son el error, no la hora. Con 10 min llega a las 10:43 y el viaje siguiente sale a las 12:29, 106 min después."
3199,3,1409708223749,Hombres,21,Trabajador independiente,,3,12:29 → 12:33,12:29,Trabajar,,Otra vivienda,,,,home,,1409708221598,,AUTOMÓVIL PARTICULAR,,5,,hora:revision,,changed,,"Novena revisión: la salida vuelve a las 12:29, la hora que reporta la encuesta: con los minutos de traslado que corrige esta revisión cabe después de la llegada del viaje anterior (10:43); una revisión anterior la había movido a las 12:33 para dejar sitio a los minutos de más."
3199,3,1409708223749,Hombres,21,Trabajador independiente,,4,14:00,,Regresar a Casa,,Su casa,,,,1409708221598,,home,,AUTOMÓVIL PARTICULAR,,120,10,,,,,"Novena revisión: 120 min en AUTOMÓVIL PARTICULAR para 0.7 km en línea recta es más del doble de lo que la encuesta suele reportar para ese modo a esa distancia (10 min, la mediana de 1718 viajes): los minutos son el error, no la hora. Es el último viaje del día. Es el mismo recorrido, en el mismo modo, que otro viaje del día cuyos minutos chocaban con la salida siguiente."
3219,2,1409708823984,Hombres,29,Trabajador independiente,,1,08:00,,Trabajar,,"Comercio, mercado, tienda o centro comercial",,Su casa,,home,,1403900011359,,AUTOMÓVIL PARTICULAR,,90,45,,,,,"Novena revisión: 90 min en AUTOMÓVIL PARTICULAR para 17.6 km en línea recta es más del doble de lo que la encuesta suele reportar para ese modo a esa distancia (45 min, la mediana de 4989 viajes): los minutos son el error, no la hora. Con 45 min llega a las 08:45 y el viaje siguiente sale a las 14:46, 361 min después. Es el mismo recorrido, en el mismo modo, que otro viaje del día cuyos minutos chocaban con la salida siguiente."
3219,2,1409708823984,Hombres,29,Trabajador independiente,,2,14:46,,Regresar a Casa,,Su casa,,,,1403900011359,,home,,AUTOMÓVIL PARTICULAR,,90,45,,,,,"Novena revisión: 90 min en AUTOMÓVIL PARTICULAR para 17.6 km en línea recta es más del doble de lo que la encuesta suele reportar para ese modo a esa distancia (45 min, la mediana de 4989 viajes): los minutos son el error, no la hora. Con 45 min llega a las 15:31 y el viaje siguiente sale a las 16:09, 38 min después."
3219,2,1409708823984,Hombres,29,Trabajador independiente,,3,16:09 → 16:16,16:09,Trabajar,,"Comercio, mercado, tienda o centro comercial",,,,home,,1403900011359,,AUTOMÓVIL PARTICULAR,,90,45,hora:revision,,changed,,"Novena revisión: 90 min en AUTOMÓVIL PARTICULAR para 17.6 km en línea recta es más del doble de lo que la encuesta suele reportar para ese modo a esa distancia (45 min, la mediana de 4989 viajes): los minutos son el error, no la hora. Con 45 min llega a las 16:54 y el viaje siguiente sale a las 20:00, 186 min después. Es el mismo recorrido, en el mismo modo, que otro viaje del día cuyos minutos chocaban con la salida siguiente. Novena revisión: la salida vuelve a las 16:09, la hora que reporta la encuesta: con los minutos de traslado que corrige esta revisión cabe después de la llegada del viaje anterior (15:31); una revisión anterior la había movido a las 16:16 para dejar sitio a los minutos de más."
3219,2,1409708823984,Hombres,29,Trabajador independiente,,4,20:00,,Regresar a Casa,,Su casa,,,,1403900011359,,home,,AUTOMÓVIL PARTICULAR,,90,45,,,,,"Novena revisión: 90 min en AUTOMÓVIL PARTICULAR para 17.6 km en línea recta es más del doble de lo que la encuesta suele reportar para ese modo a esa distancia (45 min, la mediana de 4989 viajes): los minutos son el error, no la hora. Es el último viaje del día. Es el mismo recorrido, en el mismo modo, que otro viaje del día cuyos minutos chocaban con la salida siguiente."
3232,1,1409708823984,Hombres,46,Empleado,,1,04:00,,Trabajar,,"Comercio, mercado, tienda o centro comercial",,Su casa,,home,,1403900015366,,AUTOMÓVIL PARTICULAR,,90,45,,,,,"Novena revisión: 90 min en AUTOMÓVIL PARTICULAR para 14.2 km en línea recta es más del doble de lo que la encuesta suele reportar para ese modo a esa distancia (45 min, la mediana de 4989 viajes): los minutos son el error, no la hora. Con 45 min llega a las 04:45 y el viaje siguiente sale a las 10:45, 360 min después. Es el mismo recorrido, en el mismo modo, que otro viaje del día cuyos minutos chocaban con la salida siguiente."
3232,1,1409708823984,Hombres,46,Empleado,,2,10:45,,Regresar a Casa,,Su casa,,,,1403900015366,,home,,AUTOMÓVIL PARTICULAR,,90,45,,,,,"Novena revisión: 90 min en AUTOMÓVIL PARTICULAR para 14.2 km en línea recta es más del doble de lo que la encuesta suele reportar para ese modo a esa distancia (45 min, la mediana de 4989 viajes): los minutos son el error, no la hora. Con 45 min llega a las 11:30 y el viaje siguiente sale a las 12:14, 44 min después."
3232,1,1409708823984,Hombres,46,Empleado,,3,12:14 → 12:15,12:14,Trabajar,,"Comercio, mercado, tienda o centro comercial",,,,home,,1403900015366,,AUTOMÓVIL PARTICULAR,,90,45,hora:revision,,changed,,"Novena revisión: 90 min en AUTOMÓVIL PARTICULAR para 14.2 km en línea recta es más del doble de lo que la encuesta suele reportar para ese modo a esa distancia (45 min, la mediana de 4989 viajes): los minutos son el error, no la hora. Con 45 min llega a las 12:59 y el viaje siguiente sale a las 16:00, 181 min después. Es el mismo recorrido, en el mismo modo, que otro viaje del día cuyos minutos chocaban con la salida siguiente. Novena revisión: la salida vuelve a las 12:14, la hora que reporta la encuesta: con los minutos de traslado que corrige esta revisión cabe después de la llegada del viaje anterior (11:30); una revisión anterior la había movido a las 12:15 para dejar sitio a los minutos de más."
3232,1,1409708823984,Hombres,46,Empleado,,4,16:00,,Regresar a Casa,,Su casa,,,,1403900015366,,home,,AUTOMÓVIL PARTICULAR,,90,45,,,,,"Novena revisión: 90 min en AUTOMÓVIL PARTICULAR para 14.2 km en línea recta es más del doble de lo que la encuesta suele reportar para ese modo a esa distancia (45 min, la mediana de 4989 viajes): los minutos son el error, no la hora. Es el último viaje del día. Es el mismo recorrido, en el mismo modo, que otro viaje del día cuyos minutos chocaban con la salida siguiente."
3250,5,1409708221583,Hombres,48,Empleado,,1,06:01,,Trabajar,,Su casa → Fábrica o taller,,"Comercio, mercado, tienda o centro comercial → Su casa",,1403900012287 → home,,1409708312045,,CAMIÓN O AUTOBÚS,,90,25,tipo_destino:revision;tipo_origen:revision;origen:revision,,changed,,"Novena revisión: 90 min en CAMIÓN O AUTOBÚS para 3.0 km en línea recta es más del doble de lo que la encuesta suele reportar para ese modo a esa distancia (25 min, la mediana de 3370 viajes): los minutos son el error, no la hora. Con 25 min llega a las 06:26 y el viaje siguiente sale a las 17:02, 636 min después. Es el mismo recorrido, en el mismo modo, que otro viaje del día cuyos minutos chocaban con la salida siguiente."
3250,5,1409708221583,Hombres,48,Empleado,,2,17:02,,Regresar a Casa,,Su casa,,,,1409708312045,,home,,CAMIÓN O AUTOBÚS,,90,25,tipo_origen:revision,,changed,,"Novena revisión: 90 min en CAMIÓN O AUTOBÚS para 3.0 km en línea recta es más del doble de lo que la encuesta suele reportar para ese modo a esa distancia (25 min, la mediana de 3370 viajes): los minutos son el error, no la hora. Con 25 min llega a las 17:27 y el viaje siguiente sale a las 18:18, 51 min después."
3250,5,1409708221583,Hombres,48,Empleado,,3,18:18 → 18:32,18:18,Trabajar,,Su casa → Fábrica o taller,,,,1403900012287 → home,,1409708312045,,CAMIÓN O AUTOBÚS,,90,25,origen:casa;hora:revision;tipo_destino:revision;tipo_origen:revision,,changed,,"Novena revisión: 90 min en CAMIÓN O AUTOBÚS para 3.0 km en línea recta es más del doble de lo que la encuesta suele reportar para ese modo a esa distancia (25 min, la mediana de 3370 viajes): los minutos son el error, no la hora. Con 25 min llega a las 18:43 y el viaje siguiente sale a las 20:45, 122 min después. Es el mismo recorrido, en el mismo modo, que otro viaje del día cuyos minutos chocaban con la salida siguiente. Novena revisión: la salida vuelve a las 18:18, la hora que reporta la encuesta: con los minutos de traslado que corrige esta revisión cabe después de la llegada del viaje anterior (17:27); una revisión anterior la había movido a las 18:32 para dejar sitio a los minutos de más."
3250,5,1409708221583,Hombres,48,Empleado,,4,20:45,,Regresar a Casa,,Su casa,,,,1409708312045,,home,,CAMIÓN O AUTOBÚS,,90,25,tipo_origen:revision,,changed,,"Novena revisión: 90 min en CAMIÓN O AUTOBÚS para 3.0 km en línea recta es más del doble de lo que la encuesta suele reportar para ese modo a esa distancia (25 min, la mediana de 3370 viajes): los minutos son el error, no la hora. Es el último viaje del día. Es el mismo recorrido, en el mismo modo, que otro viaje del día cuyos minutos chocaban con la salida siguiente."
3271,1,1409708223700,Hombres,19,Estudiante,,1,07:04,,Guardería,Llevar o recoger a alguien,Otros (especifique),,Su casa,,home,,1409708223486,,A PIE,,10,,,motivo_guarderia,,,"Novena revisión: el motivo «Guardería» se registra como acompañamiento, como la primera revisión lo hizo con los demás viajes de personas de 12 años o más: la encuesta lo usa tanto para quien asiste como para quien lleva o recoge, y la persona tiene 19 años."
3271,1,1409708223700,Hombres,19,Estudiante,,2,07:22,,Regresar a Casa,,Su casa,,,,1409708223486,,home,,A PIE,,10,,,,,,
3271,1,1409708223700,Hombres,19,Estudiante,,3,14:00,,Visitar a alguien,,Otra vivienda,,,,home,,1409800011383,,CAMIÓN O AUTOBÚS,,90,,,,,,
3271,1,1409708223700,Hombres,19,Estudiante,,4,19:30,,Regresar a Casa,,Su casa,,,,1409800011383,,home,,CAMIÓN O AUTOBÚS,,60,,,,,,
3271,1,1409708223700,Hombres,19,Estudiante,,5,18:14 → 20:30,,Visitar a alguien,,Otra vivienda,,,,home,,1409800011383,,CAMIÓN O AUTOBÚS,,90,,hora:revision,,changed,,
3271,1,1409708223700,Hombres,19,Estudiante,,6,19:49 → 22:00,,Regresar a Casa,,Su casa,,,,1409800011383,,home,,CAMIÓN O AUTOBÚS,,60,,hora:revision,,changed,,
3323,2,1403900011429,Hombres,57,Empleado,,1,10:00,,Trabajar,,Fábrica o taller,,Su casa,,home,,140980001007A,,Taxi plataforma (Uber/Didi),,60,,,,,,
3323,2,1403900011429,Hombres,57,Empleado,,2,07:53 → 17:53,,Regresar a Casa,,Su casa,,,,140980001007A,,home,,AUTOMÓVIL PARTICULAR,,15,,hora:revision,,changed,,
3323,2,1403900011429,Hombres,57,Empleado,,3,09:07 → 19:07,,Trabajar,,Fábrica o taller,,,,home,,140980001007A,,AUTOMÓVIL PARTICULAR,,60,25,hora:revision,,changed,,"Novena revisión: 60 min en AUTOMÓVIL PARTICULAR para 4.3 km en línea recta es más del doble de lo que la encuesta suele reportar para ese modo a esa distancia (25 min, la mediana de 5029 viajes): los minutos son el error, no la hora. Con 25 min llega a las 19:32 y el viaje siguiente sale a las 20:07, 35 min después."
3323,2,1403900011429,Hombres,57,Empleado,,4,08:00 → 20:07,,Regresar a Casa,,Su casa,,,,140980001007A,,home,,AUTOMÓVIL PARTICULAR,,15,,hora:revision,,changed,,
3323,2,1403900011429,Hombres,57,Empleado,,5,19:13 → 21:13,,Compras (comida),,"Comercio, mercado, tienda o centro comercial",,,,home,,1403900011217,,A PIE,,11,,hora:revision,,changed,,
3323,2,1403900011429,Hombres,57,Empleado,,6,19:34 → 21:34,,Regresar a Casa,,Su casa,,,,1403900011217,,home,,A PIE,,11,,hora:revision,,changed,,
3339,1,1403900010365,Mujeres,46,,,1,07:02,,Guardería,Llevar o recoger a alguien,Otros (especifique),,Su casa,,home,,140390001069A,,A PIE,,1,,,motivo_guarderia,,,"Novena revisión: el motivo «Guardería» se registra como acompañamiento, como la primera revisión lo hizo con los demás viajes de personas de 12 años o más: la encuesta lo usa tanto para quien asiste como para quien lleva o recoge, y la persona tiene 46 años."
3339,1,1403900010365,Mujeres,46,,,2,07:07,,Regresar a Casa,,Su casa,,,,140390001069A,,home,,A PIE,,1,,,,,,
3339,1,1403900010365,Mujeres,46,,,3,14:30,,Compras (comida),,"Comercio, mercado, tienda o centro comercial",,,,home,,140390001101A,,Taxi plataforma (Uber/Didi),,25,,,,,,
3339,1,1403900010365,Mujeres,46,,,4,15:45,,Visitar a alguien,,"Hospital, clínica, consultorio, laboratorio clínico",,,,140390001101A,,1403900011170,,AUTOMÓVIL PARTICULAR,,35,,,,,,
3339,1,1403900010365,Mujeres,46,,,5,19:00,,Regresar a Casa,,Su casa,,,,1403900011170,,home,,AUTOMÓVIL PARTICULAR,,20,,,,,,
3438,3,1403900011452,Hombres,36,Empleado,,1,07:00,,Trabajar,,Oficina,,Su casa,,home,,1412000014836,,AUTOMÓVIL PARTICULAR,,90,45,,,,,"Novena revisión: 90 min en AUTOMÓVIL PARTICULAR para 16.6 km en línea recta es más del doble de lo que la encuesta suele reportar para ese modo a esa distancia (45 min, la mediana de 4989 viajes): los minutos son el error, no la hora. Con 45 min llega a las 07:45 y el viaje siguiente sale a las 12:45, 300 min después. Es el mismo recorrido, en el mismo modo, que otro viaje del día cuyos minutos chocaban con la salida siguiente."
3438,3,1403900011452,Hombres,36,Empleado,,2,12:45,,Regresar a Casa,,Su casa,,,,1412000014836,,home,,AUTOMÓVIL PARTICULAR,,90,45,,,,,"Novena revisión: 90 min en AUTOMÓVIL PARTICULAR para 16.6 km en línea recta es más del doble de lo que la encuesta suele reportar para ese modo a esa distancia (45 min, la mediana de 4989 viajes): los minutos son el error, no la hora. Con 45 min llega a las 13:30 y el viaje siguiente sale a las 14:24, 54 min después. Es el mismo recorrido, en el mismo modo, que otro viaje del día cuyos minutos chocaban con la salida siguiente."
3438,3,1403900011452,Hombres,36,Empleado,,3,14:24,,Trabajar,,Oficina,,,,home,,1412000014836,,AUTOMÓVIL PARTICULAR,,90,45,,,,,"Novena revisión: 90 min en AUTOMÓVIL PARTICULAR para 16.6 km en línea recta es más del doble de lo que la encuesta suele reportar para ese modo a esa distancia (45 min, la mediana de 4989 viajes): los minutos son el error, no la hora. Con 45 min llega a las 15:09 y el viaje siguiente sale a las 17:00, 111 min después. Es el mismo recorrido, en el mismo modo, que otro viaje del día cuyos minutos chocaban con la salida siguiente."
3438,3,1403900011452,Hombres,36,Empleado,,4,17:00,,Regresar a Casa,,Su casa,,,,1412000014836,,home,,AUTOMÓVIL PARTICULAR,,90,45,,,,,"Novena revisión: 90 min en AUTOMÓVIL PARTICULAR para 16.6 km en línea recta es más del doble de lo que la encuesta suele reportar para ese modo a esa distancia (45 min, la mediana de 4989 viajes): los minutos son el error, no la hora. Con 45 min llega a las 17:45 y el viaje siguiente sale a las 18:21, 36 min después."
3438,3,1403900011452,Hombres,36,Empleado,,5,18:21 → 18:30,18:21,Compras (comida),,"Restaurante, bar, cafetería",,,,home,,home,,A PIE,,11,,hora:revision,,changed,,"Novena revisión: la salida vuelve a las 18:21, la hora que reporta la encuesta: con los minutos de traslado que corrige esta revisión cabe después de la llegada del viaje anterior (17:45); una revisión anterior la había movido a las 18:30 para dejar sitio a los minutos de más."
3438,3,1403900011452,Hombres,36,Empleado,,6,18:40 → 18:41,18:40,Regresar a Casa,,Su casa,,,,home,,home,,A PIE,,11,,hora:revision,,changed,,"Novena revisión: la salida vuelve a las 18:40, la hora que reporta la encuesta: con los minutos de traslado que corrige esta revisión cabe después de la llegada del viaje anterior (18:32); una revisión anterior la había movido a las 18:41 para dejar sitio a los minutos de más."
3439,2,1403900011912,Mujeres,53,Hogar,,1,07:04,,Guardería,Llevar o recoger a alguien,Otros (especifique),,Su casa,,home,,1403900011645,,A PIE,,11,,,motivo_guarderia,,,"Novena revisión: el motivo «Guardería» se registra como acompañamiento, como la primera revisión lo hizo con los demás viajes de personas de 12 años o más: la encuesta lo usa tanto para quien asiste como para quien lleva o recoge, y la persona tiene 53 años."
3439,2,1403900011912,Mujeres,53,Hogar,,2,07:16,,Regresar a Casa,,Su casa,,,,1403900011645,,home,,A PIE,,11,,,,,,
3439,2,1403900011912,Mujeres,53,Hogar,,3,14:30,,Pagar algún servicio o al banco,,"Comercio, mercado, tienda o centro comercial",,,,home,,1409800011928,,TREN LIGERO,,35,,,,,,
3439,2,1403900011912,Mujeres,53,Hogar,,4,16:00,,Regresar a Casa,,Su casa,,,,1409800011928,,home,,TREN LIGERO,,40,,,,,,
3439,2,1403900011912,Mujeres,53,Hogar,,5,21:00,,Compras (comida),,"Comercio, mercado, tienda o centro comercial",,,,home,,1403900011378,,A PIE,,5,,,,,,
3439,2,1403900011912,Mujeres,53,Hogar,,6,21:10,,Regresar a Casa,,Su casa,,,,1403900011378,,home,,A PIE,,8,,,,,,
3600,2,140980001320A,Mujeres,36,Hogar,,1,07:23,,Guardería,Llevar o recoger a alguien,Otros (especifique),,Su casa,,home,,1409800013214,,A PIE,,14,,,motivo_guarderia,,,"Novena revisión: el motivo «Guardería» se registra como acompañamiento, como la primera revisión lo hizo con los demás viajes de personas de 12 años o más: la encuesta lo usa tanto para quien asiste como para quien lleva o recoge, y la persona tiene 36 años."
3600,2,140980001320A,Mujeres,36,Hogar,,2,07:47,,Regresar a Casa,,Su casa,,,,1409800013214,,home,,A PIE,,14,,,,,,
3600,2,140980001320A,Mujeres,36,Hogar,,3,14:00,,Llevar o recoger a alguien,,Escuela,,,,home,,1409800010968,,A PIE,,20,,,,,,
3600,2,140980001320A,Mujeres,36,Hogar,,4,15:00,,Regresar a Casa,,Su casa,,,,1409800010968,,home,,A PIE,,20,,,,,,
3600,2,140980001320A,Mujeres,36,Hogar,,5,17:00,,"Compras (bienes, productos y servicios)",,"Comercio, mercado, tienda o centro comercial",,,,home,,1407000131448,,A PIE,,25,,,,,,
3600,2,140980001320A,Mujeres,36,Hogar,,6,17:50,,Estudiar,,Escuela,,,,1407000131448,,1409800012131,,A PIE,,20,,,,,,
3600,2,140980001320A,Mujeres,36,Hogar,,7,18:00 → 18:10,,Regresar a Casa,,Su casa,,,,1409800012131,,home,,A PIE,,20,,hora:revision,,changed,,
3639,1,1409708311653,Mujeres,48,Empleado,,1,07:00,,Trabajar,,Fábrica o taller,,Su casa,,home,,1403900012145,,AUTOMÓVIL PARTICULAR,,80,,,,,,
3639,1,1409708311653,Mujeres,48,Empleado,,2,13:48,,Regresar a Casa,,Su casa,,,,1403900012145,,home,,AUTOMÓVIL PARTICULAR,,90,45,,,,,"Novena revisión: 90 min en AUTOMÓVIL PARTICULAR para 12.9 km en línea recta es más del doble de lo que la encuesta suele reportar para ese modo a esa distancia (45 min, la mediana de 4989 viajes): los minutos son el error, no la hora. Con 45 min llega a las 14:33 y el viaje siguiente sale a las 15:03, 30 min después."
3639,1,1409708311653,Mujeres,48,Empleado,,3,15:03 → 15:18,15:03,Trabajar,,Fábrica o taller,,,,home,,1403900012145,,AUTOMÓVIL PARTICULAR,,80,,hora:revision,,changed,,"Novena revisión: la salida vuelve a las 15:03, la hora que reporta la encuesta: con los minutos de traslado que corrige esta revisión cabe después de la llegada del viaje anterior (14:33); una revisión anterior la había movido a las 15:18 para dejar sitio a los minutos de más."
3639,1,1409708311653,Mujeres,48,Empleado,,4,19:00,,Regresar a Casa,,Su casa,,,,1403900012145,,home,,AUTOMÓVIL PARTICULAR,,90,45,,,,,"Novena revisión: 90 min en AUTOMÓVIL PARTICULAR para 12.9 km en línea recta es más del doble de lo que la encuesta suele reportar para ese modo a esa distancia (45 min, la mediana de 4989 viajes): los minutos son el error, no la hora. Es el último viaje del día. Es el mismo recorrido, en el mismo modo, que otro viaje del día cuyos minutos chocaban con la salida siguiente."
3670,2,1409708311653,Hombres,66,Patrón o empresario,,1,06:00,,Trabajar,,"Comercio, mercado, tienda o centro comercial",,Su casa,,home,,14070140A,,AUTOMÓVIL PARTICULAR,,90,45,,,,,"Novena revisión: 90 min en AUTOMÓVIL PARTICULAR para 15.4 km en línea recta es más del doble de lo que la encuesta suele reportar para ese modo a esa distancia (45 min, la mediana de 4989 viajes): los minutos son el error, no la hora. Con 45 min llega a las 06:45 y el viaje siguiente sale a las 13:45, 420 min después. Es el mismo recorrido, en el mismo modo, que otro viaje del día cuyos minutos chocaban con la salida siguiente."
3670,2,1409708311653,Hombres,66,Patrón o empresario,,2,13:45,,Regresar a Casa,,Su casa,,,,14070140A,,home,,AUTOMÓVIL PARTICULAR,,90,45,,,,,"Novena revisión: 90 min en AUTOMÓVIL PARTICULAR para 15.4 km en línea recta es más del doble de lo que la encuesta suele reportar para ese modo a esa distancia (45 min, la mediana de 4989 viajes): los minutos son el error, no la hora. Con 45 min llega a las 14:30 y el viaje siguiente sale a las 15:02, 32 min después."
3670,2,1409708311653,Hombres,66,Patrón o empresario,,3,15:02 → 15:15,15:02,Trabajar,,"Comercio, mercado, tienda o centro comercial",,,,home,,14070140A,,AUTOMÓVIL PARTICULAR,,90,45,hora:revision,,changed,,"Novena revisión: 90 min en AUTOMÓVIL PARTICULAR para 15.4 km en línea recta es más del doble de lo que la encuesta suele reportar para ese modo a esa distancia (45 min, la mediana de 4989 viajes): los minutos son el error, no la hora. Con 45 min llega a las 15:47 y el viaje siguiente sale a las 19:00, 193 min después. Es el mismo recorrido, en el mismo modo, que otro viaje del día cuyos minutos chocaban con la salida siguiente. Novena revisión: la salida vuelve a las 15:02, la hora que reporta la encuesta: con los minutos de traslado que corrige esta revisión cabe después de la llegada del viaje anterior (14:30); una revisión anterior la había movido a las 15:15 para dejar sitio a los minutos de más."
3670,2,1409708311653,Hombres,66,Patrón o empresario,,4,19:00,,Regresar a Casa,,Su casa,,,,14070140A,,home,,AUTOMÓVIL PARTICULAR,,90,45,,,,,"Novena revisión: 90 min en AUTOMÓVIL PARTICULAR para 15.4 km en línea recta es más del doble de lo que la encuesta suele reportar para ese modo a esa distancia (45 min, la mediana de 4989 viajes): los minutos son el error, no la hora. Es el último viaje del día. Es el mismo recorrido, en el mismo modo, que otro viaje del día cuyos minutos chocaban con la salida siguiente."
4086,1,140980243,Hombres,87,Jubilado o pensionado,,1,07:24,,Guardería,Llevar o recoger a alguien,Otros (especifique),,Su casa,,home,,home,,A PIE,,6,,,motivo_guarderia,,,"Novena revisión: el motivo «Guardería» se registra como acompañamiento, como la primera revisión lo hizo con los demás viajes de personas de 12 años o más: la encuesta lo usa tanto para quien asiste como para quien lleva o recoge, y la persona tiene 87 años."
4086,1,140980243,Hombres,87,Jubilado o pensionado,,2,07:31,,Regresar a Casa,,Su casa,,,,home,,home,,A PIE,,6,,,,,,
4086,1,140980243,Hombres,87,Jubilado o pensionado,,3,21:00,,Compras (comida),,"Comercio, mercado, tienda o centro comercial",,,,home,,1409800011063,,CAMIÓN O AUTOBÚS,,25,,,,,,
4086,1,140980243,Hombres,87,Jubilado o pensionado,,4,23:00,,Regresar a Casa,,Su casa,,,,1409800011063,,home,,CAMIÓN O AUTOBÚS,,30,,,,,,
4251,4,1407000211005,Hombres,21,Empleado,,1,07:08,,Guardería,Llevar o recoger a alguien,Otros (especifique),,Su casa,,home,,home,,A PIE,,7,,,motivo_guarderia,,,"Novena revisión: el motivo «Guardería» se registra como acompañamiento, como la primera revisión lo hizo con los demás viajes de personas de 12 años o más: la encuesta lo usa tanto para quien asiste como para quien lleva o recoge, y la persona tiene 21 años."
4251,4,1407000211005,Hombres,21,Empleado,,2,07:23,,Regresar a Casa,,Su casa,,,,home,,home,,A PIE,,7,,,,,,
4251,4,1407000211005,Hombres,21,Empleado,,3,13:00,,Trabajar,,Fábrica o taller,,,,home,,1407000200191,,CAMIÓN O AUTOBÚS,,15,,,,,,
4251,4,1407000211005,Hombres,21,Empleado,,4,21:00,,Regresar a Casa,,Su casa,,,,1407000200191,,home,,CAMIÓN O AUTOBÚS,,15,,,,,,
4266,1,1407000211005,Hombres,49,Empleado,,1,06:00,,Trabajar,,"Comercio, mercado, tienda o centro comercial",,Su casa,,home,,1403900011626,,Transporte de personal,,120,50,,,,,"Novena revisión: 120 min en Transporte de personal para 14.1 km en línea recta es más del doble de lo que la encuesta suele reportar para ese modo a esa distancia (50 min, la mediana de 691 viajes): los minutos son el error, no la hora. Con 50 min llega a las 06:50 y el viaje siguiente sale a las 07:35, 45 min después."
4266,1,1407000211005,Hombres,49,Empleado,,2,07:35 → 08:00,07:35,Trabajar,,"Comercio, mercado, tienda o centro comercial",,,,1403900011626,,140700021101A,,Transporte de personal,,120,50,hora:revision,,changed,,"Novena revisión: 120 min en Transporte de personal para 14.9 km en línea recta es más del doble de lo que la encuesta suele reportar para ese modo a esa distancia (50 min, la mediana de 691 viajes): los minutos son el error, no la hora. Con 50 min llega a las 08:25 y el viaje siguiente sale a las 11:40, 195 min después. Es el mismo recorrido, en el mismo modo, que otro viaje del día cuyos minutos chocaban con la salida siguiente. Novena revisión: la salida vuelve a las 07:35, la hora que reporta la encuesta: con los minutos de traslado que corrige esta revisión cabe después de la llegada del viaje anterior (06:50); una revisión anterior la había movido a las 08:00 para dejar sitio a los minutos de más."
4266,1,1407000211005,Hombres,49,Empleado,,3,11:40,,Trabajar,,"Comercio, mercado, tienda o centro comercial",,,,140700021101A,,1403900011626,,Transporte de personal,,120,50,,,,,"Novena revisión: 120 min en Transporte de personal para 14.9 km en línea recta es más del doble de lo que la encuesta suele reportar para ese modo a esa distancia (50 min, la mediana de 691 viajes): los minutos son el error, no la hora. Con 50 min llega a las 12:30 y el viaje siguiente sale a las 14:00, 90 min después. Es el mismo recorrido, en el mismo modo, que otro viaje del día cuyos minutos chocaban con la salida siguiente."
4266,1,1407000211005,Hombres,49,Empleado,,4,14:00,,Trabajar,,"Comercio, mercado, tienda o centro comercial",,,,1403900011626,,140700021101A,,Transporte de personal,,120,50,,,,,"Novena revisión: 120 min en Transporte de personal para 14.9 km en línea recta es más del doble de lo que la encuesta suele reportar para ese modo a esa distancia (50 min, la mediana de 691 viajes): los minutos son el error, no la hora. Con 50 min llega a las 14:50 y el viaje siguiente sale a las 16:00, 70 min después."
4266,1,1407000211005,Hombres,49,Empleado,,5,16:00,,Trabajar,,"Comercio, mercado, tienda o centro comercial",,,,140700021101A,,1403900011626,,Transporte de personal,,120,50,,,,,"Novena revisión: 120 min en Transporte de personal para 14.9 km en línea recta es más del doble de lo que la encuesta suele reportar para ese modo a esa distancia (50 min, la mediana de 691 viajes): los minutos son el error, no la hora. Con 50 min llega a las 16:50 y el viaje siguiente sale a las 17:35, 45 min después. Es el mismo recorrido, en el mismo modo, que otro viaje del día cuyos minutos chocaban con la salida siguiente."
4266,1,1407000211005,Hombres,49,Empleado,,6,17:35 → 19:35,17:35,Trabajar,,"Comercio, mercado, tienda o centro comercial",,,,1403900011626,,140700021101A,,Transporte de personal,,120,50,hora:revision,,changed,,"Novena revisión: 120 min en Transporte de personal para 14.9 km en línea recta es más del doble de lo que la encuesta suele reportar para ese modo a esa distancia (50 min, la mediana de 691 viajes): los minutos son el error, no la hora. Con 50 min llega a las 18:25 y el viaje siguiente sale a las 19:48, 83 min después. Es el mismo recorrido, en el mismo modo, que otro viaje del día cuyos minutos chocaban con la salida siguiente. Novena revisión: la salida vuelve a las 17:35, la hora que reporta la encuesta: con los minutos de traslado que corrige esta revisión cabe después de la llegada del viaje anterior (16:50); una revisión anterior la había movido a las 19:35 para dejar sitio a los minutos de más."
4266,1,1407000211005,Hombres,49,Empleado,,7,19:48 → 21:48,19:48,Regresar a Casa,,Su casa,,,,140700021101A,,home,,Transporte de personal,,120,,hora:revision,,changed,,"Novena revisión: la salida vuelve a las 19:48, la hora que reporta la encuesta: con los minutos de traslado que corrige esta revisión cabe después de la llegada del viaje anterior (18:25); una revisión anterior la había movido a las 21:48 para dejar sitio a los minutos de más."
4274,2,1407000210736,Mujeres,30,Hogar,,1,07:30,,Guardería,Llevar o recoger a alguien,Escuela,,Su casa,,home,,1407000210967,,A PIE,,10,,,motivo_guarderia,,,"Novena revisión: el motivo «Guardería» se registra como acompañamiento, como la primera revisión lo hizo con los demás viajes de personas de 12 años o más: la encuesta lo usa tanto para quien asiste como para quien lleva o recoge, y la persona tiene 30 años."
4274,2,1407000210736,Mujeres,30,Hogar,,2,09:00,,Regresar a Casa,,Su casa,,,,1407000210967,,home,,A PIE,,10,,,,,,
4311,1,1409800012273,Mujeres,15,Estudiante,,1,07:02,,Guardería,Llevar o recoger a alguien,Otros (especifique),,Su casa,,home,,1409800012004,,A PIE,,7,,,motivo_guarderia,,,"Novena revisión: el motivo «Guardería» se registra como acompañamiento, como la primera revisión lo hizo con los demás viajes de personas de 12 años o más: la encuesta lo usa tanto para quien asiste como para quien lleva o recoge, y la persona tiene 15 años."
4311,1,1409800012273,Mujeres,15,Estudiante,,2,07:15,,Regresar a Casa,,Su casa,,,,1409800012004,,home,,A PIE,,7,,,,,,
4311,1,1409800012273,Mujeres,15,Estudiante,,3,13:00,,Estudiar,,Escuela,,,,home,,1410100012001,,CAMIÓN O AUTOBÚS,,55,,,,,,
4311,1,1409800012273,Mujeres,15,Estudiante,,4,19:00,,Regresar a Casa,,Su casa,,,,1410100012001,,home,,CAMIÓN O AUTOBÚS,,50,,,,,,
4355,4,1409800010347,Mujeres,13,Trabajador independiente,,1,08:18,,Llevar o recoger a alguien,,Otra vivienda,,Su casa,,home,,home,,A PIE,,10,,,,,,
4355,4,1409800010347,Mujeres,13,Trabajador independiente,,2,08:32,,Regresar a Casa,,Su casa,,,,home,,home,,A PIE,,10,,,,,,
4355,4,1409800010347,Mujeres,13,Trabajador independiente,,3,17:01,,Trabajar,,Otra vivienda,,,,home,,1403900012319,,TREN LIGERO,,55,,,,,,
4355,4,1409800010347,Mujeres,13,Trabajador independiente,,4,19:01,,Regresar a Casa,,Su casa,,,,1403900012319,,home,,CAMIÓN O AUTOBÚS,,110,30,,,,,"Novena revisión: 110 min en CAMIÓN O AUTOBÚS para 3.4 km en línea recta es más del doble de lo que la encuesta suele reportar para ese modo a esa distancia (30 min, la mediana de 5401 viajes): los minutos son el error, no la hora. Con 30 min llega a las 19:31 y el viaje siguiente sale a las 20:27, 56 min después."
4355,4,1409800010347,Mujeres,13,Trabajador independiente,,5,20:27 → 20:51,20:27,Compras (comida),,"Comercio, mercado, tienda o centro comercial",,,,home,,1409800010991,,AUTOMÓVIL PARTICULAR,,5,,hora:revision,,changed,,"Novena revisión: la salida vuelve a las 20:27, la hora que reporta la encuesta: con los minutos de traslado que corrige esta revisión cabe después de la llegada del viaje anterior (19:31); una revisión anterior la había movido a las 20:51 para dejar sitio a los minutos de más."
4355,4,1409800010347,Mujeres,13,Trabajador independiente,,6,21:00,,Regresar a Casa,,Su casa,,,,1409800010991,,home,,AUTOMÓVIL PARTICULAR,,5,,,,,,
4636,4,140510001004A,Mujeres,21,Empleado,,1,08:03,,Guardería,Llevar o recoger a alguien,Otros (especifique),,Su casa,,home,,1405100010069,,A PIE,,4,,,motivo_guarderia,,,"Novena revisión: el motivo «Guardería» se registra como acompañamiento, como la primera revisión lo hizo con los demás viajes de personas de 12 años o más: la encuesta lo usa tanto para quien asiste como para quien lleva o recoge, y la persona tiene 21 años."
4636,4,140510001004A,Mujeres,21,Empleado,,2,08:14,,Regresar a Casa,,Su casa,,,,1405100010069,,home,,A PIE,,4,,,,,,
4636,4,140510001004A,Mujeres,21,Empleado,,3,13:35,,Trabajar,,Fábrica o taller,,,,home,,1407000200191,,Transporte de personal,,45,,,,,,
4636,4,140510001004A,Mujeres,21,Empleado,,4,22:00,,Regresar a Casa,,Su casa,,,,1407000200191,,home,,Transporte de personal,,45,,,,,,
4698,1,1405100010139,Hombres,62,Empleado,,1,19:00 → 07:00,,Trabajar,,Otros (especifique),,Su casa,,home,,1409700340250,,AUTOMÓVIL PARTICULAR,,120,60,hora:revision,,changed,,"Novena revisión: 120 min en AUTOMÓVIL PARTICULAR para 34.5 km en línea recta es más del doble de lo que la encuesta suele reportar para ese modo a esa distancia (60 min, la mediana de 2401 viajes): los minutos son el error, no la hora. Con 60 min llega a las 08:00 y el viaje siguiente sale a las 20:49, 769 min después. Es el mismo recorrido, en el mismo modo, que otro viaje del día cuyos minutos chocaban con la salida siguiente."
4698,1,1405100010139,Hombres,62,Empleado,,2,20:49 → 20:00,20:49,Regresar a Casa,,Su casa,,,,1409700340250,,home,,AUTOMÓVIL PARTICULAR,,120,60,hora:revision,,changed,,"Novena revisión: 120 min en AUTOMÓVIL PARTICULAR para 34.5 km en línea recta es más del doble de lo que la encuesta suele reportar para ese modo a esa distancia (60 min, la mediana de 2401 viajes): los minutos son el error, no la hora. Con 60 min llega a las 21:49 y el viaje siguiente sale a las 22:00, 11 min después. Novena revisión: la salida vuelve a las 20:49, la hora que reporta la encuesta: con los minutos de traslado que corrige esta revisión cabe después de la llegada del viaje anterior (08:00); una revisión anterior la había movido a las 20:00 para dejar sitio a los minutos de más."
4698,1,1405100010139,Hombres,62,Empleado,,3,22:00,,Trabajar,,Otros (especifique),,,,home,,1409700340250,,AUTOMÓVIL PARTICULAR,,120,60,,,,,"Novena revisión: 120 min en AUTOMÓVIL PARTICULAR para 34.5 km en línea recta es más del doble de lo que la encuesta suele reportar para ese modo a esa distancia (60 min, la mediana de 2401 viajes): los minutos son el error, no la hora. Con 60 min llega a las 23:00 y el viaje siguiente sale a las 23:01, 1 min después."
4698,1,1405100010139,Hombres,62,Empleado,,4,23:01 → 00:00,23:01,Regresar a Casa,,Su casa,,,,1409700340250,,home,,AUTOMÓVIL PARTICULAR,,120,60,hora:revision,hora_nocturna,changed,,"Novena revisión: 120 min en AUTOMÓVIL PARTICULAR para 34.5 km en línea recta es más del doble de lo que la encuesta suele reportar para ese modo a esa distancia (60 min, la mediana de 2401 viajes): los minutos son el error, no la hora. Es el último viaje del día. Es el mismo recorrido, en el mismo modo, que otro viaje del día cuyos minutos chocaban con la salida siguiente. Novena revisión: la salida vuelve a las 23:01, la hora que reporta la encuesta: con los minutos de traslado que corrige esta revisión cabe después de la llegada del viaje anterior (23:00); una revisión anterior la había movido a las 00:00 para dejar sitio a los minutos de más."
4870,2,1403900011715,Hombres,53,Empleado,,1,07:00,,Trabajar,,Oficina,,Su casa,,home,,1403900010030,,AUTOMÓVIL PARTICULAR,,80,40,,,,,"Novena revisión: 80 min en AUTOMÓVIL PARTICULAR para 8.5 km en línea recta es más del doble de lo que la encuesta suele reportar para ese modo a esa distancia (40 min, la mediana de 5474 viajes): los minutos son el error, no la hora. Con 40 min llega a las 07:40 y el viaje siguiente sale a las 12:48, 308 min después. Es el mismo recorrido, en el mismo modo, que otro viaje del día cuyos minutos chocaban con la salida siguiente."
4870,2,1403900011715,Hombres,53,Empleado,,2,12:48,,Regresar a Casa,,Su casa,,,,1403900010030,,home,,AUTOMÓVIL PARTICULAR,,80,40,,,,,"Novena revisión: 80 min en AUTOMÓVIL PARTICULAR para 8.5 km en línea recta es más del doble de lo que la encuesta suele reportar para ese modo a esa distancia (40 min, la mediana de 5474 viajes): los minutos son el error, no la hora. Con 40 min llega a las 13:28 y el viaje siguiente sale a las 14:00, 32 min después."
4870,2,1403900011715,Hombres,53,Empleado,,3,14:00 → 14:08,14:00,Trabajar,,Oficina,,,,home,,1403900010030,,AUTOMÓVIL PARTICULAR,,80,40,hora:revision,,changed,,"Novena revisión: 80 min en AUTOMÓVIL PARTICULAR para 8.5 km en línea recta es más del doble de lo que la encuesta suele reportar para ese modo a esa distancia (40 min, la mediana de 5474 viajes): los minutos son el error, no la hora. Con 40 min llega a las 14:40 y el viaje siguiente sale a las 17:00, 140 min después. Es el mismo recorrido, en el mismo modo, que otro viaje del día cuyos minutos chocaban con la salida siguiente. Novena revisión: la salida vuelve a las 14:00, la hora que reporta la encuesta: con los minutos de traslado que corrige esta revisión cabe después de la llegada del viaje anterior (13:28); una revisión anterior la había movido a las 14:08 para dejar sitio a los minutos de más."
4870,2,1403900011715,Hombres,53,Empleado,,4,17:00,,Regresar a Casa,,Su casa,,,,1403900010030,,home,,AUTOMÓVIL PARTICULAR,,80,40,,,,,"Novena revisión: 80 min en AUTOMÓVIL PARTICULAR para 8.5 km en línea recta es más del doble de lo que la encuesta suele reportar para ese modo a esa distancia (40 min, la mediana de 5474 viajes): los minutos son el error, no la hora. Es el último viaje del día. Es el mismo recorrido, en el mismo modo, que otro viaje del día cuyos minutos chocaban con la salida siguiente."
4885,3,1409800011824,Hombres,29,Empleado,,1,07:00,,Trabajar,,"Hospital, clínica, consultorio, laboratorio clínico",,Su casa,,home,,1409708623414,,AUTOMÓVIL PARTICULAR,,90,45,,,,,"Novena revisión: 90 min en AUTOMÓVIL PARTICULAR para 13.4 km en línea recta es más del doble de lo que la encuesta suele reportar para ese modo a esa distancia (45 min, la mediana de 4989 viajes): los minutos son el error, no la hora. Con 45 min llega a las 07:45 y el viaje siguiente sale a las 13:49, 364 min después. Es el mismo recorrido, en el mismo modo, que otro viaje del día cuyos minutos chocaban con la salida siguiente."
4885,3,1409800011824,Hombres,29,Empleado,,2,13:49,,Regresar a Casa,,Su casa,,,,1409708623414,,home,,AUTOMÓVIL PARTICULAR,,90,45,,,,,"Novena revisión: 90 min en AUTOMÓVIL PARTICULAR para 13.4 km en línea recta es más del doble de lo que la encuesta suele reportar para ese modo a esa distancia (45 min, la mediana de 4989 viajes): los minutos son el error, no la hora. Con 45 min llega a las 14:34 y el viaje siguiente sale a las 15:04, 30 min después."
4885,3,1409800011824,Hombres,29,Empleado,,3,15:04 → 15:19,15:04,Trabajar,,"Hospital, clínica, consultorio, laboratorio clínico",,,,home,,1409708623414,,AUTOMÓVIL PARTICULAR,,90,45,hora:revision,,changed,,"Novena revisión: 90 min en AUTOMÓVIL PARTICULAR para 13.4 km en línea recta es más del doble de lo que la encuesta suele reportar para ese modo a esa distancia (45 min, la mediana de 4989 viajes): los minutos son el error, no la hora. Con 45 min llega a las 15:49 y el viaje siguiente sale a las 18:00, 131 min después. Es el mismo recorrido, en el mismo modo, que otro viaje del día cuyos minutos chocaban con la salida siguiente. Novena revisión: la salida vuelve a las 15:04, la hora que reporta la encuesta: con los minutos de traslado que corrige esta revisión cabe después de la llegada del viaje anterior (14:34); una revisión anterior la había movido a las 15:19 para dejar sitio a los minutos de más."
4885,3,1409800011824,Hombres,29,Empleado,,4,18:00,,Regresar a Casa,,Su casa,,,,1409708623414,,home,,AUTOMÓVIL PARTICULAR,,90,45,,,,,"Novena revisión: 90 min en AUTOMÓVIL PARTICULAR para 13.4 km en línea recta es más del doble de lo que la encuesta suele reportar para ese modo a esa distancia (45 min, la mediana de 4989 viajes): los minutos son el error, no la hora. Es el último viaje del día. Es el mismo recorrido, en el mismo modo, que otro viaje del día cuyos minutos chocaban con la salida siguiente."
4892,1,1403900012268,Hombres,46,Trabajador independiente,,1,05:00,,Trabajar,,"Comercio, mercado, tienda o centro comercial",,Su casa,,home,,1403900011359,,AUTOMÓVIL PARTICULAR,,120,25,,,,,"Novena revisión: 120 min en AUTOMÓVIL PARTICULAR para 4.8 km en línea recta es más del doble de lo que la encuesta suele reportar para ese modo a esa distancia (25 min, la mediana de 5029 viajes): los minutos son el error, no la hora. Con 25 min llega a las 05:25 y el viaje siguiente sale a las 08:45, 200 min después. Es el mismo recorrido, en el mismo modo, que otro viaje del día cuyos minutos chocaban con la salida siguiente."
4892,1,1403900012268,Hombres,46,Trabajador independiente,,2,08:45,,Regresar a Casa,,Su casa,,,,1403900011359,,home,,AUTOMÓVIL PARTICULAR,,120,25,,,,,"Novena revisión: 120 min en AUTOMÓVIL PARTICULAR para 4.8 km en línea recta es más del doble de lo que la encuesta suele reportar para ese modo a esa distancia (25 min, la mediana de 5029 viajes): los minutos son el error, no la hora. Con 25 min llega a las 09:10 y el viaje siguiente sale a las 10:25, 75 min después."
4892,1,1403900012268,Hombres,46,Trabajador independiente,,3,10:25 → 10:30,10:25,Trabajar,,"Comercio, mercado, tienda o centro comercial",,,,home,,1403900011359,,AUTOMÓVIL PARTICULAR,,120,25,hora:revision,hora_traslapada,changed,,"Novena revisión: 120 min en AUTOMÓVIL PARTICULAR para 4.8 km en línea recta es más del doble de lo que la encuesta suele reportar para ese modo a esa distancia (25 min, la mediana de 5029 viajes): los minutos son el error, no la hora. Con 25 min llega a las 10:50 y el viaje siguiente sale a las 12:00, 70 min después. Novena revisión: la salida vuelve a las 10:25, la hora que reporta la encuesta: con los minutos de traslado que corrige esta revisión cabe después de la llegada del viaje anterior (09:10); una revisión anterior la había movido a las 10:30 para dejar sitio a los minutos de más."
4892,1,1403900012268,Hombres,46,Trabajador independiente,,4,12:00 → 12:15,12:00,Regresar a Casa,,Su casa,,,,1403900011359,,home,,AUTOMÓVIL PARTICULAR,,120,25,hora:revision,hora_traslapada,changed,,"Novena revisión: 120 min en AUTOMÓVIL PARTICULAR para 4.8 km en línea recta es más del doble de lo que la encuesta suele reportar para ese modo a esa distancia (25 min, la mediana de 5029 viajes): los minutos son el error, no la hora. Es el último viaje del día. Es el mismo recorrido, en el mismo modo, que otro viaje del día cuyos minutos chocaban con la salida siguiente. Novena revisión: la salida vuelve a las 12:00, la hora que reporta la encuesta: con los minutos de traslado que corrige esta revisión cabe después de la llegada del viaje anterior (10:50); una revisión anterior la había movido a las 12:15 para dejar sitio a los minutos de más."
4901,4,1403900012268,Hombres,49,Empleado,,1,05:00,,Trabajar,,"Comercio, mercado, tienda o centro comercial",,Su casa,,home,,1409800011078,,AUTOMÓVIL PARTICULAR,,120,30,,,,,"Novena revisión: 120 min en AUTOMÓVIL PARTICULAR para 5.0 km en línea recta es más del doble de lo que la encuesta suele reportar para ese modo a esa distancia (30 min, la mediana de 5549 viajes): los minutos son el error, no la hora. Con 30 min llega a las 05:30 y el viaje siguiente sale a las 06:52, 82 min después."
4901,4,1403900012268,Hombres,49,Empleado,,2,06:52 → 07:00,06:52,Regresar a Casa,,Su casa,,,,1409800011078,,home,,AUTOMÓVIL PARTICULAR,,120,30,hora:revision,,changed,,"Novena revisión: 120 min en AUTOMÓVIL PARTICULAR para 5.0 km en línea recta es más del doble de lo que la encuesta suele reportar para ese modo a esa distancia (30 min, la mediana de 5549 viajes): los minutos son el error, no la hora. Con 30 min llega a las 07:22 y el viaje siguiente sale a las 18:10, 648 min después. Es el mismo recorrido, en el mismo modo, que otro viaje del día cuyos minutos chocaban con la salida siguiente. Novena revisión: la salida vuelve a las 06:52, la hora que reporta la encuesta: con los minutos de traslado que corrige esta revisión cabe después de la llegada del viaje anterior (05:30); una revisión anterior la había movido a las 07:00 para dejar sitio a los minutos de más."
4901,4,1403900012268,Hombres,49,Empleado,,3,08:10 → 18:10,,Trabajar,,"Comercio, mercado, tienda o centro comercial",,,,home,,1409800011078,,AUTOMÓVIL PARTICULAR,,120,30,hora:+10h,,changed,,"Novena revisión: 120 min en AUTOMÓVIL PARTICULAR para 5.0 km en línea recta es más del doble de lo que la encuesta suele reportar para ese modo a esa distancia (30 min, la mediana de 5549 viajes): los minutos son el error, no la hora. Con 30 min llega a las 18:40 y el viaje siguiente sale a las 21:00, 140 min después. Es el mismo recorrido, en el mismo modo, que otro viaje del día cuyos minutos chocaban con la salida siguiente."
4901,4,1403900012268,Hombres,49,Empleado,,4,09:00 → 21:00,,Regresar a Casa,,Su casa,,,,1409800011078,,home,,AUTOMÓVIL PARTICULAR,,120,30,hora:+12h,,changed,,"Novena revisión: 120 min en AUTOMÓVIL PARTICULAR para 5.0 km en línea recta es más del doble de lo que la encuesta suele reportar para ese modo a esa distancia (30 min, la mediana de 5549 viajes): los minutos son el error, no la hora. Es el último viaje del día. Es el mismo recorrido, en el mismo modo, que otro viaje del día cuyos minutos chocaban con la salida siguiente."
5126,3,1410100010452,Mujeres,27,Empleado,,1,05:50,,Trabajar,,"Comercio, mercado, tienda o centro comercial",,Su casa,,home,,1409800011260,,CAMIÓN O AUTOBÚS,,120,60,,,,,"Novena revisión: 120 min en CAMIÓN O AUTOBÚS para 12.5 km en línea recta es más del doble de lo que la encuesta suele reportar para ese modo a esa distancia (60 min, la mediana de 5803 viajes): los minutos son el error, no la hora. Con 60 min llega a las 06:50 y el viaje siguiente sale a las 17:30, 640 min después. Es el mismo recorrido, en el mismo modo, que otro viaje del día cuyos minutos chocaban con la salida siguiente."
5126,3,1410100010452,Mujeres,27,Empleado,,2,17:30,,Regresar a Casa,,Su casa,,,,1409800011260,,home,,CAMIÓN O AUTOBÚS,,120,60,,,,,"Novena revisión: 120 min en CAMIÓN O AUTOBÚS para 12.5 km en línea recta es más del doble de lo que la encuesta suele reportar para ese modo a esa distancia (60 min, la mediana de 5803 viajes): los minutos son el error, no la hora. Con 60 min llega a las 18:30 y el viaje siguiente sale a las 19:30, 60 min después."
5126,3,1410100010452,Mujeres,27,Empleado,,3,18:18 → 19:30,,Trabajar,,"Comercio, mercado, tienda o centro comercial",,,,home,,1409800011260,,CAMIÓN O AUTOBÚS,,60,,hora:revision,,changed,,
5126,3,1410100010452,Mujeres,27,Empleado,,4,20:45 → 21:30,20:45,Regresar a Casa,,Su casa,,,,1409800011260,,home,,CAMIÓN O AUTOBÚS,,60,,hora:revision,,changed,,"Novena revisión: la salida vuelve a las 20:45, la hora que reporta la encuesta: con los minutos de traslado que corrige esta revisión cabe después de la llegada del viaje anterior (20:30); una revisión anterior la había movido a las 21:30 para dejar sitio a los minutos de más."
5435,2,141010001065A,Mujeres,24,Empleado,,1,07:00,,Trabajar,,"Comercio, mercado, tienda o centro comercial",,Su casa,,home,,141200001301A,,CAMIÓN O AUTOBÚS,,100,,,,,,
5435,2,141010001065A,Mujeres,24,Empleado,,2,17:00,,Regresar a Casa,,Su casa,,,,141200001301A,,home,,CAMIÓN O AUTOBÚS,,130,60,,,,,"Novena revisión: 130 min en CAMIÓN O AUTOBÚS para 18.5 km en línea recta es más del doble de lo que la encuesta suele reportar para ese modo a esa distancia (60 min, la mediana de 5803 viajes): los minutos son el error, no la hora. Con 60 min llega a las 18:00 y el viaje siguiente sale a las 19:04, 64 min después."
5435,2,141010001065A,Mujeres,24,Empleado,,3,19:04 → 19:10,19:04,"Compras (bienes, productos y servicios)",,"Comercio, mercado, tienda o centro comercial",,,,home,,1410100011164,,A PIE,,12,,hora:revision,,changed,,"Novena revisión: la salida vuelve a las 19:04, la hora que reporta la encuesta: con los minutos de traslado que corrige esta revisión cabe después de la llegada del viaje anterior (18:00); una revisión anterior la había movido a las 19:10 para dejar sitio a los minutos de más."
5435,2,141010001065A,Mujeres,24,Empleado,,4,19:24,,Regresar a Casa,,Su casa,,,,1410100011164,,home,,A PIE,,12,,,,,,
5560,4,1410100091802,Mujeres,21,Empleado,,1,07:00,,Trabajar,,"Comercio, mercado, tienda o centro comercial",,Su casa,,home,,141200001066A,,CAMIÓN O AUTOBÚS,,120,60,,,,,"Novena revisión: 120 min en CAMIÓN O AUTOBÚS para 17.9 km en línea recta es más del doble de lo que la encuesta suele reportar para ese modo a esa distancia (60 min, la mediana de 5803 viajes): los minutos son el error, no la hora. Con 60 min llega a las 08:00 y el viaje siguiente sale a las 17:00, 540 min después. Es el mismo recorrido, en el mismo modo, que otro viaje del día cuyos minutos chocaban con la salida siguiente."
5560,4,1410100091802,Mujeres,21,Empleado,,2,17:00,,Regresar a Casa,,Su casa,,,,141200001066A,,home,,CAMIÓN O AUTOBÚS,,120,60,,,,,"Novena revisión: 120 min en CAMIÓN O AUTOBÚS para 17.9 km en línea recta es más del doble de lo que la encuesta suele reportar para ese modo a esa distancia (60 min, la mediana de 5803 viajes): los minutos son el error, no la hora. Con 60 min llega a las 18:00 y el viaje siguiente sale a las 18:19, 19 min después."
5560,4,1410100091802,Mujeres,21,Empleado,,3,18:19 → 19:00,18:19,Trabajar,,"Comercio, mercado, tienda o centro comercial",,,,home,,141200001066A,,CAMIÓN O AUTOBÚS,,120,60,hora:revision,,changed,,"Novena revisión: 120 min en CAMIÓN O AUTOBÚS para 17.9 km en línea recta es más del doble de lo que la encuesta suele reportar para ese modo a esa distancia (60 min, la mediana de 5803 viajes): los minutos son el error, no la hora. Con 60 min llega a las 19:19 y el viaje siguiente sale a las 20:45, 86 min después. Novena revisión: la salida vuelve a las 18:19, la hora que reporta la encuesta: con los minutos de traslado que corrige esta revisión cabe después de la llegada del viaje anterior (18:00); una revisión anterior la había movido a las 19:00 para dejar sitio a los minutos de más."
5560,4,1410100091802,Mujeres,21,Empleado,,4,20:45 → 21:00,20:45,Regresar a Casa,,Su casa,,,,141200001066A,,home,,CAMIÓN O AUTOBÚS,,120,60,hora:revision,,changed,,"Novena revisión: 120 min en CAMIÓN O AUTOBÚS para 17.9 km en línea recta es más del doble de lo que la encuesta suele reportar para ese modo a esa distancia (60 min, la mediana de 5803 viajes): los minutos son el error, no la hora. Es el último viaje del día. Es el mismo recorrido, en el mismo modo, que otro viaje del día cuyos minutos chocaban con la salida siguiente. Novena revisión: la salida vuelve a las 20:45, la hora que reporta la encuesta: con los minutos de traslado que corrige esta revisión cabe después de la llegada del viaje anterior (19:19); una revisión anterior la había movido a las 21:00 para dejar sitio a los minutos de más."
5833,1,1403900013482,Mujeres,38,Empleado,,1,07:55,,Llevar o recoger a alguien,,Escuela,,Su casa,,home,,1403900013923,,MI MACRO,,50,20,,,,,"Novena revisión: 50 min en MI MACRO para 1.7 km en línea recta es más del doble de lo que la encuesta suele reportar para ese modo a esa distancia (20 min, la mediana de 156 viajes): los minutos son el error, no la hora. Con 20 min llega a las 08:15 y el viaje siguiente sale a las 08:45, 30 min después."
5833,1,1403900013482,Mujeres,38,Empleado,,2,08:05 → 08:45,,Regresar a Casa,,Su casa,,,,1403900013923,,home,,CAMIÓN O AUTOBÚS,,20,,hora:revision,,changed,,
5833,1,1403900013482,Mujeres,38,Empleado,,3,12:25,,Llevar o recoger a alguien,,Escuela,,,,home,,1403900013923,,A PIE,,5,,,,,,
5833,1,1403900013482,Mujeres,38,Empleado,,4,12:35,,Regresar a Casa,,Su casa,,,,1403900013923,,home,,A PIE,,5,,,,,,
5833,1,1403900013482,Mujeres,38,Empleado,,5,16:00,,Trabajar,,"Comercio, mercado, tienda o centro comercial",,,,home,,1403900011359,,MI MACRO,,60,,,,,,
5833,1,1403900013482,Mujeres,38,Empleado,,6,21:00,,Regresar a Casa,,Su casa,,,,1403900011359,,home,,MI MACRO,,60,,,,,,
5840,5,1403900014404,Mujeres,43,Empleado,,1,07:52,,Llevar o recoger a alguien,,Escuela,,Su casa,,home,,1403900013923,,MI MACRO,,50,20,,,,,"Novena revisión: 50 min en MI MACRO para 1.7 km en línea recta es más del doble de lo que la encuesta suele reportar para ese modo a esa distancia (20 min, la mediana de 156 viajes): los minutos son el error, no la hora. Con 20 min llega a las 08:12 y el viaje siguiente sale a las 08:42, 30 min después."
5840,5,1403900014404,Mujeres,43,Empleado,,2,08:06 → 08:42,,Regresar a Casa,,Su casa,,,,1403900013923,,home,,CAMIÓN O AUTOBÚS,,20,,hora:revision,,changed,,
5840,5,1403900014404,Mujeres,43,Empleado,,3,12:25,,Llevar o recoger a alguien,,Escuela,,,,home,,1403900013923,,A PIE,,5,,,,,,
5840,5,1403900014404,Mujeres,43,Empleado,,4,12:35,,Regresar a Casa,,Su casa,,,,1403900013923,,home,,A PIE,,5,,,,,,
5840,5,1403900014404,Mujeres,43,Empleado,,5,16:02,,Trabajar,,"Comercio, mercado, tienda o centro comercial",,,,home,,1403900011359,,MI MACRO,,60,,,,,,
5840,5,1403900014404,Mujeres,43,Empleado,,6,21:00,,Regresar a Casa,,Su casa,,,,1403900011359,,home,,MI MACRO,,60,,,,,,
5905,3,1403900013618,Hombres,50,Empleado,,1,08:00,,Trabajar,,Otra vivienda,,Su casa,,home,,1412000012505,,AUTOMÓVIL PARTICULAR,,120,45,,,,,"Novena revisión: 120 min en AUTOMÓVIL PARTICULAR para 18.8 km en línea recta es más del doble de lo que la encuesta suele reportar para ese modo a esa distancia (45 min, la mediana de 4989 viajes): los minutos son el error, no la hora. Con 45 min llega a las 08:45 y el viaje siguiente sale a las 12:40, 235 min después. Es el mismo recorrido, en el mismo modo, que otro viaje del día cuyos minutos chocaban con la salida siguiente."
5905,3,1403900013618,Hombres,50,Empleado,,2,12:40,,Regresar a Casa,,Su casa,,,,1412000012505,,home,,AUTOMÓVIL PARTICULAR,,120,45,,,,,"Novena revisión: 120 min en AUTOMÓVIL PARTICULAR para 18.8 km en línea recta es más del doble de lo que la encuesta suele reportar para ese modo a esa distancia (45 min, la mediana de 4989 viajes): los minutos son el error, no la hora. Con 45 min llega a las 13:25 y el viaje siguiente sale a las 14:24, 59 min después."
5905,3,1403900013618,Hombres,50,Empleado,,3,14:24 → 14:40,14:24,Trabajar,,Otra vivienda,,,,home,,1412000012505,,AUTOMÓVIL PARTICULAR,,120,45,hora:revision,,changed,,"Novena revisión: 120 min en AUTOMÓVIL PARTICULAR para 18.8 km en línea recta es más del doble de lo que la encuesta suele reportar para ese modo a esa distancia (45 min, la mediana de 4989 viajes): los minutos son el error, no la hora. Con 45 min llega a las 15:09 y el viaje siguiente sale a las 16:00, 51 min después. Es el mismo recorrido, en el mismo modo, que otro viaje del día cuyos minutos chocaban con la salida siguiente. Novena revisión: la salida vuelve a las 14:24, la hora que reporta la encuesta: con los minutos de traslado que corrige esta revisión cabe después de la llegada del viaje anterior (13:25); una revisión anterior la había movido a las 14:40 para dejar sitio a los minutos de más."
5905,3,1403900013618,Hombres,50,Empleado,,4,16:00 → 18:00,16:00,Regresar a Casa,,Su casa,,,,1412000012505,,home,,AUTOMÓVIL PARTICULAR,,120,45,hora:revision,,changed,,"Novena revisión: 120 min en AUTOMÓVIL PARTICULAR para 18.8 km en línea recta es más del doble de lo que la encuesta suele reportar para ese modo a esa distancia (45 min, la mediana de 4989 viajes): los minutos son el error, no la hora. Con 45 min llega a las 16:45 y el viaje siguiente sale a las 18:07, 82 min después. Es el mismo recorrido, en el mismo modo, que otro viaje del día cuyos minutos chocaban con la salida siguiente. Novena revisión: la salida vuelve a las 16:00, la hora que reporta la encuesta: con los minutos de traslado que corrige esta revisión cabe después de la llegada del viaje anterior (15:09); una revisión anterior la había movido a las 18:00 para dejar sitio a los minutos de más."
5905,3,1403900013618,Hombres,50,Empleado,,5,18:07 → 20:07,18:07,"Compras (bienes, productos y servicios)",,"Comercio, mercado, tienda o centro comercial",,,,home,,home,,A PIE,,10,,hora:revision,,changed,,"Novena revisión: la salida vuelve a las 18:07, la hora que reporta la encuesta: con los minutos de traslado que corrige esta revisión cabe después de la llegada del viaje anterior (16:45); una revisión anterior la había movido a las 20:07 para dejar sitio a los minutos de más."
5905,3,1403900013618,Hombres,50,Empleado,,6,18:20 → 20:20,18:20,Regresar a Casa,,Su casa,,,,home,,home,,A PIE,,10,,hora:revision,,changed,,"Novena revisión: la salida vuelve a las 18:20, la hora que reporta la encuesta: con los minutos de traslado que corrige esta revisión cabe después de la llegada del viaje anterior (18:17); una revisión anterior la había movido a las 20:20 para dejar sitio a los minutos de más."
5908,4,1403900013590,Mujeres,41,Empleado,,1,07:54,,Llevar o recoger a alguien,,Escuela,,Su casa,,home,,1403900013923,,MI MACRO,,50,20,,,,,"Novena revisión: 50 min en MI MACRO para 1.3 km en línea recta es más del doble de lo que la encuesta suele reportar para ese modo a esa distancia (20 min, la mediana de 156 viajes): los minutos son el error, no la hora. Con 20 min llega a las 08:14 y el viaje siguiente sale a las 08:44, 30 min después."
5908,4,1403900013590,Mujeres,41,Empleado,,2,08:07 → 08:44,,Regresar a Casa,,Su casa,,,,1403900013923,,home,,CAMIÓN O AUTOBÚS,,20,,hora:revision,,changed,,
5908,4,1403900013590,Mujeres,41,Empleado,,3,12:28,,Llevar o recoger a alguien,,Escuela,,,,home,,1403900013923,,A PIE,,5,,,,,,
5908,4,1403900013590,Mujeres,41,Empleado,,4,12:33,,Regresar a Casa,,Su casa,,,,1403900013923,,home,,A PIE,,5,,,,,,
5908,4,1403900013590,Mujeres,41,Empleado,,5,16:00,,Trabajar,,"Comercio, mercado, tienda o centro comercial",,,,home,,1403900011359,,CAMIÓN O AUTOBÚS,,60,,,,,,
5908,4,1403900013590,Mujeres,41,Empleado,,6,21:03,,Regresar a Casa,,Su casa,,,,1403900011359,,home,,CAMIÓN O AUTOBÚS,,60,,,,,,
6173,1,1412000012242,Hombres,44,Empleado,,1,06:30,,Trabajar,,Oficina,,Su casa,,home,,1412000014198,,CAMIÓN O AUTOBÚS,,90,20,,,,,"Novena revisión: 90 min en CAMIÓN O AUTOBÚS para 1.3 km en línea recta es más del doble de lo que la encuesta suele reportar para ese modo a esa distancia (20 min, la mediana de 3335 viajes): los minutos son el error, no la hora. Con 20 min llega a las 06:50 y el viaje siguiente sale a las 18:33, 703 min después. Es el mismo recorrido, en el mismo modo, que otro viaje del día cuyos minutos chocaban con la salida siguiente."
6173,1,1412000012242,Hombres,44,Empleado,,2,18:33,,Regresar a Casa,,Su casa,,,,1412000014198,,home,,CAMIÓN O AUTOBÚS,,90,20,,,,,"Novena revisión: 90 min en CAMIÓN O AUTOBÚS para 1.3 km en línea recta es más del doble de lo que la encuesta suele reportar para ese modo a esa distancia (20 min, la mediana de 3335 viajes): los minutos son el error, no la hora. Con 20 min llega a las 18:53 y el viaje siguiente sale a las 19:52, 59 min después."
6173,1,1412000012242,Hombres,44,Empleado,,3,19:52 → 20:03,19:52,Trabajar,,Oficina,,,,home,,1412000014198,,CAMIÓN O AUTOBÚS,,90,20,hora:revision,,changed,,"Novena revisión: 90 min en CAMIÓN O AUTOBÚS para 1.3 km en línea recta es más del doble de lo que la encuesta suele reportar para ese modo a esa distancia (20 min, la mediana de 3335 viajes): los minutos son el error, no la hora. Con 20 min llega a las 20:12 y el viaje siguiente sale a las 21:30, 78 min después. Novena revisión: la salida vuelve a las 19:52, la hora que reporta la encuesta: con los minutos de traslado que corrige esta revisión cabe después de la llegada del viaje anterior (18:53); una revisión anterior la había movido a las 20:03 para dejar sitio a los minutos de más."
6173,1,1412000012242,Hombres,44,Empleado,,4,21:30 → 21:33,21:30,Regresar a Casa,,Su casa,,,,1412000014198,,home,,CAMIÓN O AUTOBÚS,,90,20,hora:revision,,changed,,"Novena revisión: 90 min en CAMIÓN O AUTOBÚS para 1.3 km en línea recta es más del doble de lo que la encuesta suele reportar para ese modo a esa distancia (20 min, la mediana de 3335 viajes): los minutos son el error, no la hora. Es el último viaje del día. Es el mismo recorrido, en el mismo modo, que otro viaje del día cuyos minutos chocaban con la salida siguiente. Novena revisión: la salida vuelve a las 21:30, la hora que reporta la encuesta: con los minutos de traslado que corrige esta revisión cabe después de la llegada del viaje anterior (20:12); una revisión anterior la había movido a las 21:33 para dejar sitio a los minutos de más."
6361,6,1403900010736,Hombres,47,Persona trabajadora del hogar,,1,10:03,,Otros (especifique),,"Deportivo, gimnasio",,Su casa,,home,,1403900011359,,CAMIÓN O AUTOBÚS,,120,25,,,,,"Novena revisión: 120 min en CAMIÓN O AUTOBÚS para 2.1 km en línea recta es más del doble de lo que la encuesta suele reportar para ese modo a esa distancia (25 min, la mediana de 3370 viajes): los minutos son el error, no la hora. Con 25 min llega a las 10:28 y el viaje siguiente sale a las 12:02, 94 min después."
6361,6,1403900010736,Hombres,47,Persona trabajadora del hogar,,2,10:02 → 12:03,12:02,Deportes o recreación,,"Deportivo, gimnasio",,,,1403900011359,,1403900011359,,CAMIÓN O AUTOBÚS,,120,,hora:revision,,changed,,"Novena revisión: la salida vuelve a las 12:02, la hora que dan las reglas; la primera revisión la había recorrido a las 12:03, la llegada del viaje anterior con sus 120 min, que esta revisión corrige a 25."
6361,6,1403900010736,Hombres,47,Persona trabajadora del hogar,,3,19:09,,Compras (comida),,"Comercio, mercado, tienda o centro comercial",,,,1403900011359,,140390001101A,,A PIE,,11,,,,,,
6361,6,1403900010736,Hombres,47,Persona trabajadora del hogar,,4,19:30,,Deportes o recreación,,Centro cultural o área recreativa,,,,140390001101A,,1403900011359,,A PIE,,11,,,fin_fuera_de_casa,,,
6575,2,1412000012670,Mujeres,39,Hogar,,1,08:01,,Visitar a alguien,,Otra vivienda,,Su casa,,home,,1412000013185,,CAMIÓN O AUTOBÚS,,45,,,,,,
6575,2,1412000012670,Mujeres,39,Hogar,,2,15:01,,Regresar a Casa,,Su casa,,,,1412000013185,,home,,CAMIÓN O AUTOBÚS,,55,25,,,,,"Novena revisión: 55 min en CAMIÓN O AUTOBÚS para 2.1 km en línea recta es más del doble de lo que la encuesta suele reportar para ese modo a esa distancia (25 min, la mediana de 3370 viajes): los minutos son el error, no la hora. Con 25 min llega a las 15:26 y el viaje siguiente sale a las 18:13, 167 min después. Es el mismo recorrido, en el mismo modo, que otro viaje del día cuyos minutos chocaban con la salida siguiente."
6575,2,1412000012670,Mujeres,39,Hogar,,3,18:13,,Visitar a alguien,,Otra vivienda,,,,home,,1412000013185,,CAMIÓN O AUTOBÚS,,45,,,,,,
6575,2,1412000012670,Mujeres,39,Hogar,,4,20:40,,Regresar a Casa,,Su casa,,,,1412000013185,,home,,CAMIÓN O AUTOBÚS,,55,25,,,,,"Novena revisión: 55 min en CAMIÓN O AUTOBÚS para 2.1 km en línea recta es más del doble de lo que la encuesta suele reportar para ese modo a esa distancia (25 min, la mediana de 3370 viajes): los minutos son el error, no la hora. Con 25 min llega a las 21:05 y el viaje siguiente sale a las 21:33, 28 min después."
6575,2,1412000012670,Mujeres,39,Hogar,,5,21:33 → 21:35,21:33,Visitar a alguien,,Otra vivienda,,,,home,,1412000010392,,Mi Bici,,10,,hora:revision,fin_fuera_de_casa,changed,,"Novena revisión: la salida vuelve a las 21:33, la hora que reporta la encuesta: con los minutos de traslado que corrige esta revisión cabe después de la llegada del viaje anterior (21:05); una revisión anterior la había movido a las 21:35 para dejar sitio a los minutos de más."
6634,1,1403900010562,Mujeres,34,Empleado,,1,06:45,,Llevar o recoger a alguien,,Escuela,,Su casa,,home,,141200001116A,,AUTOMÓVIL PARTICULAR,,35,15,,,,,"Novena revisión: 35 min en AUTOMÓVIL PARTICULAR para 1.5 km en línea recta es más del doble de lo que la encuesta suele reportar para ese modo a esa distancia (15 min, la mediana de 3832 viajes): los minutos son el error, no la hora. Con 15 min llega a las 07:00 y el viaje siguiente sale a las 07:15, 15 min después."
6634,1,1403900010562,Mujeres,34,Empleado,,2,07:15 → 07:20,07:15,Trabajar,,Oficina,,,,141200001116A,,1412000011278,,AUTOMÓVIL PARTICULAR,,30,,hora:revision,,changed,,"Novena revisión: la salida vuelve a las 07:15, la hora que reporta la encuesta: con los minutos de traslado que corrige esta revisión cabe después de la llegada del viaje anterior (07:00); una revisión anterior la había movido a las 07:20 para dejar sitio a los minutos de más."
6634,1,1403900010562,Mujeres,34,Empleado,,3,16:00,,Llevar o recoger a alguien,,Otra vivienda,,,,1412000011278,,1403900011043,,AUTOMÓVIL PARTICULAR,,40,,,,,,
6634,1,1403900010562,Mujeres,34,Empleado,,4,18:30,,Regresar a Casa,,Su casa,,,,1403900011043,,home,,AUTOMÓVIL PARTICULAR,,15,,,,,,
6661,2,1403900010280,Mujeres,49,Hogar,yes,1,07:00,,Llevar o recoger a alguien,,Oficina,,Su casa,,home,,1403900010596,,AUTOMÓVIL PARTICULAR,,30,10,,,,,"Novena revisión: 30 min en AUTOMÓVIL PARTICULAR para 0.9 km en línea recta es más del doble de lo que la encuesta suele reportar para ese modo a esa distancia (10 min, la mediana de 1718 viajes): los minutos son el error, no la hora. Con 10 min llega a las 07:10 y el viaje siguiente sale a las 07:30, 20 min después."
6661,2,1403900010280,Mujeres,49,Hogar,yes,2,07:30,,Regresar a Casa,,Su casa,,,,1403900010596,,home,,AUTOMÓVIL PARTICULAR,,30,10,,,,,"Novena revisión: 30 min en AUTOMÓVIL PARTICULAR para 0.9 km en línea recta es más del doble de lo que la encuesta suele reportar para ese modo a esa distancia (10 min, la mediana de 1718 viajes): los minutos son el error, no la hora. Con 10 min llega a las 07:40 y el viaje siguiente sale a las 08:00, 20 min después."
6661,2,1403900010280,Mujeres,49,Hogar,yes,3,07:35 → 08:00,,Llevar o recoger a alguien,,Escuela,,,,home,,1409800011928,,AUTOMÓVIL PARTICULAR,,65,,hora:revision,,changed,,
6661,2,1403900010280,Mujeres,49,Hogar,yes,4,08:40 → 09:05,,Regresar a Casa,,Su casa,,,,1409800011928,,home,,AUTOMÓVIL PARTICULAR,,45,,hora:revision,,changed,,
6661,2,1403900010280,Mujeres,49,Hogar,yes,5,15:00,,Llevar o recoger a alguien,,Escuela,,,,home,,1409800011928,,AUTOMÓVIL PARTICULAR,,65,,,,,,
6661,2,1403900010280,Mujeres,49,Hogar,yes,6,16:30,,Regresar a Casa,,Su casa,,,,1409800011928,,home,,AUTOMÓVIL PARTICULAR,,45,,,,,,
6834,1,1412000011193,Hombres,64,Profesor,,1,06:30,,Trabajar,,Escuela,,Su casa,,home,,1403900013641,,AUTOMÓVIL PARTICULAR,,120,45,,,,,"Novena revisión: 120 min en AUTOMÓVIL PARTICULAR para 13.0 km en línea recta es más del doble de lo que la encuesta suele reportar para ese modo a esa distancia (45 min, la mediana de 4989 viajes): los minutos son el error, no la hora. Con 45 min llega a las 07:15 y el viaje siguiente sale a las 13:00, 345 min después. Es el mismo recorrido, en el mismo modo, que otro viaje del día cuyos minutos chocaban con la salida siguiente."
6834,1,1412000011193,Hombres,64,Profesor,,2,13:00,,Compras (comida),,"Comercio, mercado, tienda o centro comercial",,,,1403900013641,,1403900013641,,A PIE,,7,,,,,,
6834,1,1412000011193,Hombres,64,Profesor,,3,14:30,,Trabajar,,Escuela,,,,1403900013641,,1403900013641,,A PIE,,7,,,,,,
6834,1,1412000011193,Hombres,64,Profesor,,4,20:00,,Regresar a Casa,,Su casa,,,,1403900013641,,home,,AUTOMÓVIL PARTICULAR,,110,45,,,,,"Novena revisión: 110 min en AUTOMÓVIL PARTICULAR para 13.0 km en línea recta es más del doble de lo que la encuesta suele reportar para ese modo a esa distancia (45 min, la mediana de 4989 viajes): los minutos son el error, no la hora. Con 45 min llega a las 20:45 y el viaje siguiente sale a las 21:40, 55 min después."
6834,1,1412000011193,Hombres,64,Profesor,,5,21:40 → 21:50,21:40,"Compras (bienes, productos y servicios)",,Otra vivienda,,,,home,,1412000011210,,A PIE,,5,,hora:revision,,changed,,"Novena revisión: la salida vuelve a las 21:40, la hora que reporta la encuesta: con los minutos de traslado que corrige esta revisión cabe después de la llegada del viaje anterior (20:45); una revisión anterior la había movido a las 21:50 para dejar sitio a los minutos de más."
6834,1,1412000011193,Hombres,64,Profesor,,6,21:55,,Regresar a Casa,,Su casa,,,,1412000011210,,home,,A PIE,,5,,,,,,
6987,1,141200001116A,Hombres,23,Estudiante,,1,09:20,,Trabajar,,Otra vivienda,,"Comercio, mercado, tienda o centro comercial → Su casa",,1412000013306 → home,,1412000013306,,AUTOMÓVIL PARTICULAR,,40,15,tipo_origen:revision;origen:revision,,changed,,"Novena revisión: 40 min en AUTOMÓVIL PARTICULAR para 1.9 km en línea recta es más del doble de lo que la encuesta suele reportar para ese modo a esa distancia (15 min, la mediana de 3832 viajes): los minutos son el error, no la hora. Con 15 min llega a las 09:35 y el viaje siguiente sale a las 09:55, 20 min después."
6987,1,141200001116A,Hombres,23,Estudiante,,2,09:55 → 10:00,09:55,Regresar a Casa,,Su casa,,,,1412000013306,,home,,AUTOMÓVIL PARTICULAR,,30,15,hora:revision;tipo_origen:revision,,changed,,"Novena revisión: 30 min en AUTOMÓVIL PARTICULAR para 1.9 km en línea recta es más del doble de lo que la encuesta suele reportar para ese modo a esa distancia (15 min, la mediana de 3832 viajes): los minutos son el error, no la hora. Con 15 min llega a las 10:10 y el viaje siguiente sale a las 11:04, 54 min después. Es el mismo recorrido, en el mismo modo, que otro viaje del día cuyos minutos chocaban con la salida siguiente. Novena revisión: la salida vuelve a las 09:55, la hora que reporta la encuesta: con los minutos de traslado que corrige esta revisión cabe después de la llegada del viaje anterior (09:35); una revisión anterior la había movido a las 10:00 para dejar sitio a los minutos de más."
6987,1,141200001116A,Hombres,23,Estudiante,,3,11:04,,Trabajar,,Otra vivienda,,,,home,,1412000013306,,AUTOMÓVIL PARTICULAR,,40,15,tipo_origen:revision,,changed,,"Novena revisión: 40 min en AUTOMÓVIL PARTICULAR para 1.9 km en línea recta es más del doble de lo que la encuesta suele reportar para ese modo a esa distancia (15 min, la mediana de 3832 viajes): los minutos son el error, no la hora. Con 15 min llega a las 11:19 y el viaje siguiente sale a las 12:30, 71 min después. Es el mismo recorrido, en el mismo modo, que otro viaje del día cuyos minutos chocaban con la salida siguiente."
6987,1,141200001116A,Hombres,23,Estudiante,,4,12:30,,Regresar a Casa,,Su casa,,,,1412000013306,,home,,AUTOMÓVIL PARTICULAR,,30,15,tipo_origen:revision,,changed,,"Novena revisión: 30 min en AUTOMÓVIL PARTICULAR para 1.9 km en línea recta es más del doble de lo que la encuesta suele reportar para ese modo a esa distancia (15 min, la mediana de 3832 viajes): los minutos son el error, no la hora. Es el último viaje del día. Es el mismo recorrido, en el mismo modo, que otro viaje del día cuyos minutos chocaban con la salida siguiente."
7425,3,1410100011126,Hombres,18,Empleado,,1,06:05,,Trabajar,,Otra vivienda,,Su casa,,home,,1412000010405,,AUTOMÓVIL PARTICULAR,,120,60,,,,,"Novena revisión: 120 min en AUTOMÓVIL PARTICULAR para 20.8 km en línea recta es más del doble de lo que la encuesta suele reportar para ese modo a esa distancia (60 min, la mediana de 2401 viajes): los minutos son el error, no la hora. Con 60 min llega a las 07:05 y el viaje siguiente sale a las 12:32, 327 min después. Es el mismo recorrido, en el mismo modo, que otro viaje del día cuyos minutos chocaban con la salida siguiente."
7425,3,1410100011126,Hombres,18,Empleado,,2,12:32,,Regresar a Casa,,Su casa,,,,1412000010405,,home,,AUTOMÓVIL PARTICULAR,,120,60,,,,,"Novena revisión: 120 min en AUTOMÓVIL PARTICULAR para 20.8 km en línea recta es más del doble de lo que la encuesta suele reportar para ese modo a esa distancia (60 min, la mediana de 2401 viajes): los minutos son el error, no la hora. Con 60 min llega a las 13:32 y el viaje siguiente sale a las 14:10, 38 min después."
7425,3,1410100011126,Hombres,18,Empleado,,3,14:10 → 14:32,14:10,Trabajar,,Otra vivienda,,,,home,,1412000010405,,AUTOMÓVIL PARTICULAR,,120,60,hora:revision,,changed,,"Novena revisión: 120 min en AUTOMÓVIL PARTICULAR para 20.8 km en línea recta es más del doble de lo que la encuesta suele reportar para ese modo a esa distancia (60 min, la mediana de 2401 viajes): los minutos son el error, no la hora. Con 60 min llega a las 15:10 y el viaje siguiente sale a las 18:08, 178 min después. Es el mismo recorrido, en el mismo modo, que otro viaje del día cuyos minutos chocaban con la salida siguiente. Novena revisión: la salida vuelve a las 14:10, la hora que reporta la encuesta: con los minutos de traslado que corrige esta revisión cabe después de la llegada del viaje anterior (13:32); una revisión anterior la había movido a las 14:32 para dejar sitio a los minutos de más."
7425,3,1410100011126,Hombres,18,Empleado,,4,18:08 → 18:10,18:08,Regresar a Casa,,Su casa,,,,1412000010405,,home,,AUTOMÓVIL PARTICULAR,,120,60,hora:revision,,changed,,"Novena revisión: 120 min en AUTOMÓVIL PARTICULAR para 20.8 km en línea recta es más del doble de lo que la encuesta suele reportar para ese modo a esa distancia (60 min, la mediana de 2401 viajes): los minutos son el error, no la hora. Es el último viaje del día. Es el mismo recorrido, en el mismo modo, que otro viaje del día cuyos minutos chocaban con la salida siguiente. Novena revisión: la salida vuelve a las 18:08, la hora que reporta la encuesta: con los minutos de traslado que corrige esta revisión cabe después de la llegada del viaje anterior (15:10); una revisión anterior la había movido a las 18:10 para dejar sitio a los minutos de más."
7498,4,141200001326A,Hombres,27,Empleado,,1,11:00,,Trabajar,,Oficina,,Su casa,,home,,1409700010941,,AUTOMÓVIL PARTICULAR,,100,,,,,,
7498,4,141200001326A,Hombres,27,Empleado,,2,17:31,,Regresar a Casa,,Su casa,,,,1409700010941,,home,,AUTOMÓVIL PARTICULAR,,120,60,,,,,"Novena revisión: 120 min en AUTOMÓVIL PARTICULAR para 30.8 km en línea recta es más del doble de lo que la encuesta suele reportar para ese modo a esa distancia (60 min, la mediana de 2401 viajes): los minutos son el error, no la hora. Con 60 min llega a las 18:31 y el viaje siguiente sale a las 19:10, 39 min después."
7498,4,141200001326A,Hombres,27,Empleado,,3,19:10 → 19:31,19:10,Trabajar,,Oficina,,,,home,,1409700010941,,AUTOMÓVIL PARTICULAR,,100,,hora:revision,,changed,,"Novena revisión: la salida vuelve a las 19:10, la hora que reporta la encuesta: con los minutos de traslado que corrige esta revisión cabe después de la llegada del viaje anterior (18:31); una revisión anterior la había movido a las 19:31 para dejar sitio a los minutos de más."
7498,4,141200001326A,Hombres,27,Empleado,,4,22:00,,Regresar a Casa,,Su casa,,,,1409700010941,,home,,AUTOMÓVIL PARTICULAR,,120,60,,,,,"Novena revisión: 120 min en AUTOMÓVIL PARTICULAR para 30.8 km en línea recta es más del doble de lo que la encuesta suele reportar para ese modo a esa distancia (60 min, la mediana de 2401 viajes): los minutos son el error, no la hora. Es el último viaje del día. Es el mismo recorrido, en el mismo modo, que otro viaje del día cuyos minutos chocaban con la salida siguiente."
7499,3,1412000013274,Hombres,26,Empleado,,1,08:00,,Trabajar,,Oficina,,Su casa,,home,,1412000010373,,AUTOMÓVIL PARTICULAR,,90,40,,,,,"Novena revisión: 90 min en AUTOMÓVIL PARTICULAR para 8.8 km en línea recta es más del doble de lo que la encuesta suele reportar para ese modo a esa distancia (40 min, la mediana de 5474 viajes): los minutos son el error, no la hora. Con 40 min llega a las 08:40 y el viaje siguiente sale a las 14:51, 371 min después. Es el mismo recorrido, en el mismo modo, que otro viaje del día cuyos minutos chocaban con la salida siguiente."
7499,3,1412000013274,Hombres,26,Empleado,,2,14:51,,Regresar a Casa,,Su casa,,,,1412000010373,,home,,AUTOMÓVIL PARTICULAR,,90,40,,,,,"Novena revisión: 90 min en AUTOMÓVIL PARTICULAR para 8.8 km en línea recta es más del doble de lo que la encuesta suele reportar para ese modo a esa distancia (40 min, la mediana de 5474 viajes): los minutos son el error, no la hora. Con 40 min llega a las 15:31 y el viaje siguiente sale a las 16:11, 40 min después."
7499,3,1412000013274,Hombres,26,Empleado,,3,16:11 → 16:21,16:11,Trabajar,,Oficina,,,,home,,1412000010373,,AUTOMÓVIL PARTICULAR,,90,40,hora:revision,,changed,,"Novena revisión: 90 min en AUTOMÓVIL PARTICULAR para 8.8 km en línea recta es más del doble de lo que la encuesta suele reportar para ese modo a esa distancia (40 min, la mediana de 5474 viajes): los minutos son el error, no la hora. Con 40 min llega a las 16:51 y el viaje siguiente sale a las 20:00, 189 min después. Es el mismo recorrido, en el mismo modo, que otro viaje del día cuyos minutos chocaban con la salida siguiente. Novena revisión: la salida vuelve a las 16:11, la hora que reporta la encuesta: con los minutos de traslado que corrige esta revisión cabe después de la llegada del viaje anterior (15:31); una revisión anterior la había movido a las 16:21 para dejar sitio a los minutos de más."
7499,3,1412000013274,Hombres,26,Empleado,,4,20:00,,Regresar a Casa,,Su casa,,,,1412000010373,,home,,AUTOMÓVIL PARTICULAR,,90,40,,,,,"Novena revisión: 90 min en AUTOMÓVIL PARTICULAR para 8.8 km en línea recta es más del doble de lo que la encuesta suele reportar para ese modo a esa distancia (40 min, la mediana de 5474 viajes): los minutos son el error, no la hora. Es el último viaje del día. Es el mismo recorrido, en el mismo modo, que otro viaje del día cuyos minutos chocaban con la salida siguiente."
7590,5,1409800012150,Mujeres,47,Empleado,,1,06:11,,Llevar o recoger a alguien,,Escuela,,Su casa,,home,,1409800010370,,A PIE,,15,,,,,,
7590,5,1409800012150,Mujeres,47,Empleado,,2,06:29,,Trabajar,,Fábrica o taller,,,,1409800010370,,141200001066A,,MI MACRO,,60,,,,,,
7590,5,1409800012150,Mujeres,47,Empleado,,3,18:23,,Pagar algún servicio o al banco,,"Comercio, mercado, tienda o centro comercial",,,,141200001066A,,home,,MI MACRO,,102,40,,,,,"Novena revisión: 102 min en MI MACRO para 6.7 km en línea recta es más del doble de lo que la encuesta suele reportar para ese modo a esa distancia (40 min, la mediana de 555 viajes): los minutos son el error, no la hora. Con 40 min llega a las 19:03 y el viaje siguiente sale a las 20:02, 59 min después."
7590,5,1409800012150,Mujeres,47,Empleado,,4,20:02 → 20:05,20:02,Regresar a Casa,,Su casa,,,,home,,home,,A PIE,,20,,hora:revision,,changed,,"Novena revisión: la salida vuelve a las 20:02, la hora que reporta la encuesta: con los minutos de traslado que corrige esta revisión cabe después de la llegada del viaje anterior (19:03); una revisión anterior la había movido a las 20:05 para dejar sitio a los minutos de más."
7774,2,1412000013170,Hombres,59,Trabajador independiente,,1,06:30,,Llevar o recoger a alguien,,Escuela,,Su casa,,home,,1403900011359,,AUTOMÓVIL PARTICULAR,,17,,,,,,
7774,2,1412000013170,Hombres,59,Trabajador independiente,,2,08:00,,Regresar a Casa,,Su casa,,,,1403900011359,,home,,AUTOMÓVIL PARTICULAR,,55,,,,,,
7774,2,1412000013170,Hombres,59,Trabajador independiente,,3,09:30,,Trabajar,,"Comercio, mercado, tienda o centro comercial",,,,home,,1403900011359,,AUTOMÓVIL PARTICULAR,,45,,,,,,
7774,2,1412000013170,Hombres,59,Trabajador independiente,,4,20:00,,Regresar a Casa,,Su casa,,,,1403900011359,,home,,AUTOMÓVIL PARTICULAR,,60,30,,,,,"Novena revisión: 60 min en AUTOMÓVIL PARTICULAR para 7.1 km en línea recta es más del doble de lo que la encuesta suele reportar para ese modo a esa distancia (30 min, la mediana de 5549 viajes): los minutos son el error, no la hora. Con 30 min llega a las 20:30 y el viaje siguiente sale a las 21:00, 30 min después."
7774,2,1412000013170,Hombres,59,Trabajador independiente,,5,21:00,,"Compras (bienes, productos y servicios)",,"Comercio, mercado, tienda o centro comercial",,,,home,,1403900015525,,AUTOMÓVIL PARTICULAR,,5,,,,,,
7774,2,1412000013170,Hombres,59,Trabajador independiente,,6,20:47 → 21:05,,Regresar a Casa,,Su casa,,,,1403900015525,,home,,AUTOMÓVIL PARTICULAR,,5,,hora:revision,,changed,,
7919,1,1412000011282,Hombres,59,Empleado,,1,07:00,,Trabajar,,Oficina,,Su casa,,home,,1412000010710,,AUTOMÓVIL PARTICULAR,,60,25,,,,,"Novena revisión: 60 min en AUTOMÓVIL PARTICULAR para 3.7 km en línea recta es más del doble de lo que la encuesta suele reportar para ese modo a esa distancia (25 min, la mediana de 5029 viajes): los minutos son el error, no la hora. Con 25 min llega a las 07:25 y el viaje siguiente sale a las 12:55, 330 min después. Es el mismo recorrido, en el mismo modo, que otro viaje del día cuyos minutos chocaban con la salida siguiente."
7919,1,1412000011282,Hombres,59,Empleado,,2,12:55,,Regresar a Casa,,Su casa,,,,1412000010710,,home,,AUTOMÓVIL PARTICULAR,,90,25,,,,,"Novena revisión: 90 min en AUTOMÓVIL PARTICULAR para 3.7 km en línea recta es más del doble de lo que la encuesta suele reportar para ese modo a esa distancia (25 min, la mediana de 5029 viajes): los minutos son el error, no la hora. Con 25 min llega a las 13:20 y el viaje siguiente sale a las 14:06, 46 min después. Es el mismo recorrido, en el mismo modo, que otro viaje del día cuyos minutos chocaban con la salida siguiente."
7919,1,1412000011282,Hombres,59,Empleado,,3,14:06 → 16:06,14:06,Trabajar,,Oficina,,,,home,,1412000010710,,AUTOMÓVIL PARTICULAR,,60,25,hora:-10h+12h,,changed,,"Novena revisión: 60 min en AUTOMÓVIL PARTICULAR para 3.7 km en línea recta es más del doble de lo que la encuesta suele reportar para ese modo a esa distancia (25 min, la mediana de 5029 viajes): los minutos son el error, no la hora. Con 25 min llega a las 14:31 y el viaje siguiente sale a las 17:00, 149 min después. Novena revisión: la salida vuelve a las 14:06, la hora que reporta la encuesta: con los minutos de traslado que corrige esta revisión cabe después de la llegada del viaje anterior (13:20); la regla de horas la había movido a las 16:06 para dejar sitio a los minutos de más."
7919,1,1412000011282,Hombres,59,Empleado,,4,17:00 → 17:06,17:00,Regresar a Casa,,Su casa,,,,1412000010710,,home,,AUTOMÓVIL PARTICULAR,,90,25,hora:revision,,changed,,"Novena revisión: 90 min en AUTOMÓVIL PARTICULAR para 3.7 km en línea recta es más del doble de lo que la encuesta suele reportar para ese modo a esa distancia (25 min, la mediana de 5029 viajes): los minutos son el error, no la hora. Es el último viaje del día. Es el mismo recorrido, en el mismo modo, que otro viaje del día cuyos minutos chocaban con la salida siguiente. Novena revisión: la salida vuelve a las 17:00, la hora que reporta la encuesta: con los minutos de traslado que corrige esta revisión cabe después de la llegada del viaje anterior (14:31); una revisión anterior la había movido a las 17:06 para dejar sitio a los minutos de más."
8108,2,1403900012376,Hombres,54,Empleado,,1,07:00,,Trabajar,,Otros (especifique),,Su casa,,home,,1403900011359,,AUTOMÓVIL PARTICULAR,,120,25,,,,,"Novena revisión: 120 min en AUTOMÓVIL PARTICULAR para 3.2 km en línea recta es más del doble de lo que la encuesta suele reportar para ese modo a esa distancia (25 min, la mediana de 5029 viajes): los minutos son el error, no la hora. Con 25 min llega a las 07:25 y el viaje siguiente sale a las 13:41, 376 min después. Es el mismo recorrido, en el mismo modo, que otro viaje del día cuyos minutos chocaban con la salida siguiente."
8108,2,1403900012376,Hombres,54,Empleado,,2,13:41,,Regresar a Casa,,Su casa,,,,1403900011359,,home,,AUTOMÓVIL PARTICULAR,,120,25,,,,,"Novena revisión: 120 min en AUTOMÓVIL PARTICULAR para 3.2 km en línea recta es más del doble de lo que la encuesta suele reportar para ese modo a esa distancia (25 min, la mediana de 5029 viajes): los minutos son el error, no la hora. Con 25 min llega a las 14:06 y el viaje siguiente sale a las 15:14, 68 min después."
8108,2,1403900012376,Hombres,54,Empleado,,3,15:14 → 15:41,15:14,Trabajar,,Otros (especifique),,,,home,,1403900011359,,AUTOMÓVIL PARTICULAR,,120,25,hora:revision,,changed,,"Novena revisión: 120 min en AUTOMÓVIL PARTICULAR para 3.2 km en línea recta es más del doble de lo que la encuesta suele reportar para ese modo a esa distancia (25 min, la mediana de 5029 viajes): los minutos son el error, no la hora. Con 25 min llega a las 15:39 y el viaje siguiente sale a las 19:00, 201 min después. Es el mismo recorrido, en el mismo modo, que otro viaje del día cuyos minutos chocaban con la salida siguiente. Novena revisión: la salida vuelve a las 15:14, la hora que reporta la encuesta: con los minutos de traslado que corrige esta revisión cabe después de la llegada del viaje anterior (14:06); una revisión anterior la había movido a las 15:41 para dejar sitio a los minutos de más."
8108,2,1403900012376,Hombres,54,Empleado,,4,19:00 → 19:14,19:00,Regresar a Casa,,Su casa,,,,1403900011359,,home,,AUTOMÓVIL PARTICULAR,,120,25,hora:revision,,changed,,"Novena revisión: 120 min en AUTOMÓVIL PARTICULAR para 3.2 km en línea recta es más del doble de lo que la encuesta suele reportar para ese modo a esa distancia (25 min, la mediana de 5029 viajes): los minutos son el error, no la hora. Es el último viaje del día. Es el mismo recorrido, en el mismo modo, que otro viaje del día cuyos minutos chocaban con la salida siguiente. Novena revisión: la salida vuelve a las 19:00, la hora que reporta la encuesta: con los minutos de traslado que corrige esta revisión cabe después de la llegada del viaje anterior (15:39); una revisión anterior la había movido a las 19:14 para dejar sitio a los minutos de más."
8185,1,1403900014052,Hombres,30,Empleado,,1,07:00,,Trabajar,,Fábrica o taller,,Su casa,,home,,1412000010617,,AUTOMÓVIL PARTICULAR,,80,40,,,,,"Novena revisión: 80 min en AUTOMÓVIL PARTICULAR para 10.9 km en línea recta es más del doble de lo que la encuesta suele reportar para ese modo a esa distancia (40 min, la mediana de 5474 viajes): los minutos son el error, no la hora. Con 40 min llega a las 07:40 y el viaje siguiente sale a las 12:44, 304 min después. Es el mismo recorrido, en el mismo modo, que otro viaje del día cuyos minutos chocaban con la salida siguiente."
8185,1,1403900014052,Hombres,30,Empleado,,2,12:44,,Regresar a Casa,,Su casa,,,,1412000010617,,home,,AUTOMÓVIL PARTICULAR,,90,40,,,,,"Novena revisión: 90 min en AUTOMÓVIL PARTICULAR para 10.9 km en línea recta es más del doble de lo que la encuesta suele reportar para ese modo a esa distancia (40 min, la mediana de 5474 viajes): los minutos son el error, no la hora. Con 40 min llega a las 13:24 y el viaje siguiente sale a las 14:11, 47 min después."
8185,1,1403900014052,Hombres,30,Empleado,,3,14:11 → 14:14,14:11,Trabajar,,Fábrica o taller,,,,home,,1412000010617,,AUTOMÓVIL PARTICULAR,,80,40,hora:revision,,changed,,"Novena revisión: 80 min en AUTOMÓVIL PARTICULAR para 10.9 km en línea recta es más del doble de lo que la encuesta suele reportar para ese modo a esa distancia (40 min, la mediana de 5474 viajes): los minutos son el error, no la hora. Con 40 min llega a las 14:51 y el viaje siguiente sale a las 17:30, 159 min después. Es el mismo recorrido, en el mismo modo, que otro viaje del día cuyos minutos chocaban con la salida siguiente. Novena revisión: la salida vuelve a las 14:11, la hora que reporta la encuesta: con los minutos de traslado que corrige esta revisión cabe después de la llegada del viaje anterior (13:24); una revisión anterior la había movido a las 14:14 para dejar sitio a los minutos de más."
8185,1,1403900014052,Hombres,30,Empleado,,4,17:30,,Regresar a Casa,,Su casa,,,,1412000010617,,home,,AUTOMÓVIL PARTICULAR,,90,40,,,,,"Novena revisión: 90 min en AUTOMÓVIL PARTICULAR para 10.9 km en línea recta es más del doble de lo que la encuesta suele reportar para ese modo a esa distancia (40 min, la mediana de 5474 viajes): los minutos son el error, no la hora. Con 40 min llega a las 18:10 y el viaje siguiente sale a las 19:10, 60 min después. Es el mismo recorrido, en el mismo modo, que otro viaje del día cuyos minutos chocaban con la salida siguiente."
8185,1,1403900014052,Hombres,30,Empleado,,5,19:10,,"Compras (bienes, productos y servicios)",,"Comercio, mercado, tienda o centro comercial",,,,home,,1403900012709,,A PIE,,13,,,,,,
8185,1,1403900014052,Hombres,30,Empleado,,6,19:33,,Regresar a Casa,,Su casa,,,,1403900012709,,home,,A PIE,,13,,,,,,
8320,1,1412000014465,Mujeres,68,Hogar,,1,14:00,,Pagar algún servicio o al banco,,"Comercio, mercado, tienda o centro comercial",,Su casa,,home,,141200001066A,,Taxi plataforma (Uber/Didi),,25,,,,,,
8320,1,1412000014465,Mujeres,68,Hogar,,2,17:30,,Regresar a Casa,,Su casa,,,,141200001066A,,home,,Taxi plataforma (Uber/Didi),,40,20,,,,,"Novena revisión: 40 min en Taxi plataforma (Uber/Didi) para 2.6 km en línea recta es más del doble de lo que la encuesta suele reportar para ese modo a esa distancia (20 min, la mediana de 222 viajes): los minutos son el error, no la hora. Con 20 min llega a las 17:50 y el viaje siguiente sale a las 18:02, 12 min después."
8320,1,1412000014465,Mujeres,68,Hogar,,3,18:02 → 18:10,18:02,"Compras (bienes, productos y servicios)",,"Comercio, mercado, tienda o centro comercial",,,,home,,1412000010706,,A PIE,,5,,hora:revision,,changed,,"Novena revisión: la salida vuelve a las 18:02, la hora que reporta la encuesta: con los minutos de traslado que corrige esta revisión cabe después de la llegada del viaje anterior (17:50); una revisión anterior la había movido a las 18:10 para dejar sitio a los minutos de más."
8320,1,1412000014465,Mujeres,68,Hogar,,4,18:16,,Regresar a Casa,,Su casa,,,,1412000010706,,home,,A PIE,,5,,,,,,
8590,3,1412000012473,Hombres,39,Trabajador independiente,,1,07:30,,Trabajar,,Oficina,,Su casa,,home,,1412000010405,,AUTOMÓVIL PARTICULAR,,90,45,,,,,"Novena revisión: 90 min en AUTOMÓVIL PARTICULAR para 13.7 km en línea recta es más del doble de lo que la encuesta suele reportar para ese modo a esa distancia (45 min, la mediana de 4989 viajes): los minutos son el error, no la hora. Con 45 min llega a las 08:15 y el viaje siguiente sale a las 13:34, 319 min después. Es el mismo recorrido, en el mismo modo, que otro viaje del día cuyos minutos chocaban con la salida siguiente."
8590,3,1412000012473,Hombres,39,Trabajador independiente,,2,13:34,,Regresar a Casa,,Su casa,,,,1412000010405,,home,,AUTOMÓVIL PARTICULAR,,90,45,,,,,"Novena revisión: 90 min en AUTOMÓVIL PARTICULAR para 13.7 km en línea recta es más del doble de lo que la encuesta suele reportar para ese modo a esa distancia (45 min, la mediana de 4989 viajes): los minutos son el error, no la hora. Con 45 min llega a las 14:19 y el viaje siguiente sale a las 15:02, 43 min después."
8590,3,1412000012473,Hombres,39,Trabajador independiente,,3,15:02 → 15:04,15:02,Trabajar,,Oficina,,,,home,,1412000010405,,AUTOMÓVIL PARTICULAR,,90,45,hora:revision,,changed,,"Novena revisión: 90 min en AUTOMÓVIL PARTICULAR para 13.7 km en línea recta es más del doble de lo que la encuesta suele reportar para ese modo a esa distancia (45 min, la mediana de 4989 viajes): los minutos son el error, no la hora. Con 45 min llega a las 15:47 y el viaje siguiente sale a las 19:00, 193 min después. Es el mismo recorrido, en el mismo modo, que otro viaje del día cuyos minutos chocaban con la salida siguiente. Novena revisión: la salida vuelve a las 15:02, la hora que reporta la encuesta: con los minutos de traslado que corrige esta revisión cabe después de la llegada del viaje anterior (14:19); una revisión anterior la había movido a las 15:04 para dejar sitio a los minutos de más."
8590,3,1412000012473,Hombres,39,Trabajador independiente,,4,19:00,,Regresar a Casa,,Su casa,,,,1412000010405,,home,,AUTOMÓVIL PARTICULAR,,90,45,,,,,"Novena revisión: 90 min en AUTOMÓVIL PARTICULAR para 13.7 km en línea recta es más del doble de lo que la encuesta suele reportar para ese modo a esa distancia (45 min, la mediana de 4989 viajes): los minutos son el error, no la hora. Es el último viaje del día. Es el mismo recorrido, en el mismo modo, que otro viaje del día cuyos minutos chocaban con la salida siguiente."
8590,5,1412000012473,Hombres,34,Empleado,,1,07:30,,Trabajar,,Oficina,,Su casa,,home,,1409700010918,,AUTOMÓVIL PARTICULAR,,90,45,,,,,"Novena revisión: 90 min en AUTOMÓVIL PARTICULAR para 14.8 km en línea recta es más del doble de lo que la encuesta suele reportar para ese modo a esa distancia (45 min, la mediana de 4989 viajes): los minutos son el error, no la hora. Con 45 min llega a las 08:15 y el viaje siguiente sale a las 13:41, 326 min después. Es el mismo recorrido, en el mismo modo, que otro viaje del día cuyos minutos chocaban con la salida siguiente."
8590,5,1412000012473,Hombres,34,Empleado,,2,13:41,,Regresar a Casa,,Su casa,,,,1409700010918,,home,,AUTOMÓVIL PARTICULAR,,90,45,,,,,"Novena revisión: 90 min en AUTOMÓVIL PARTICULAR para 14.8 km en línea recta es más del doble de lo que la encuesta suele reportar para ese modo a esa distancia (45 min, la mediana de 4989 viajes): los minutos son el error, no la hora. Con 45 min llega a las 14:26 y el viaje siguiente sale a las 15:01, 35 min después."
8590,5,1412000012473,Hombres,34,Empleado,,3,15:01 → 15:11,15:01,Trabajar,,Oficina,,,,home,,1409700010918,,AUTOMÓVIL PARTICULAR,,90,45,hora:revision,,changed,,"Novena revisión: 90 min en AUTOMÓVIL PARTICULAR para 14.8 km en línea recta es más del doble de lo que la encuesta suele reportar para ese modo a esa distancia (45 min, la mediana de 4989 viajes): los minutos son el error, no la hora. Con 45 min llega a las 15:46 y el viaje siguiente sale a las 18:00, 134 min después. Es el mismo recorrido, en el mismo modo, que otro viaje del día cuyos minutos chocaban con la salida siguiente. Novena revisión: la salida vuelve a las 15:01, la hora que reporta la encuesta: con los minutos de traslado que corrige esta revisión cabe después de la llegada del viaje anterior (14:26); una revisión anterior la había movido a las 15:11 para dejar sitio a los minutos de más."
8590,5,1412000012473,Hombres,34,Empleado,,4,18:00,,Regresar a Casa,,Su casa,,,,1409700010918,,home,,AUTOMÓVIL PARTICULAR,,90,45,,,,,"Novena revisión: 90 min en AUTOMÓVIL PARTICULAR para 14.8 km en línea recta es más del doble de lo que la encuesta suele reportar para ese modo a esa distancia (45 min, la mediana de 4989 viajes): los minutos son el error, no la hora. Es el último viaje del día. Es el mismo recorrido, en el mismo modo, que otro viaje del día cuyos minutos chocaban con la salida siguiente."
8635,2,1403900013336,Hombres,49,Trabajador independiente,,1,07:00,,Trabajar,,Otra vivienda,,Su casa,,home,,1412400010175,,AUTOMÓVIL PARTICULAR,,100,,,,,,
8635,2,1403900013336,Hombres,49,Trabajador independiente,,2,11:32,,Regresar a Casa,,Su casa,,,,1412400010175,,home,,AUTOMÓVIL PARTICULAR,,120,60,,,,,"Novena revisión: 120 min en AUTOMÓVIL PARTICULAR para 33.8 km en línea recta es más del doble de lo que la encuesta suele reportar para ese modo a esa distancia (60 min, la mediana de 2401 viajes): los minutos son el error, no la hora. Con 60 min llega a las 12:32 y el viaje siguiente sale a las 13:18, 46 min después."
8635,2,1403900013336,Hombres,49,Trabajador independiente,,3,13:18 → 13:32,13:18,Trabajar,,Otra vivienda,,,,home,,1412400010175,,AUTOMÓVIL PARTICULAR,,100,,hora:revision,,changed,,"Novena revisión: la salida vuelve a las 13:18, la hora que reporta la encuesta: con los minutos de traslado que corrige esta revisión cabe después de la llegada del viaje anterior (12:32); una revisión anterior la había movido a las 13:32 para dejar sitio a los minutos de más."
8635,2,1403900013336,Hombres,49,Trabajador independiente,,4,15:00 → 15:12,15:00,Regresar a Casa,,Su casa,,,,1412400010175,,home,,AUTOMÓVIL PARTICULAR,,120,60,hora:revision,,changed,,"Novena revisión: 120 min en AUTOMÓVIL PARTICULAR para 33.8 km en línea recta es más del doble de lo que la encuesta suele reportar para ese modo a esa distancia (60 min, la mediana de 2401 viajes): los minutos son el error, no la hora. Es el último viaje del día. Es el mismo recorrido, en el mismo modo, que otro viaje del día cuyos minutos chocaban con la salida siguiente. Novena revisión: la salida vuelve a las 15:00, la hora que reporta la encuesta: con los minutos de traslado que corrige esta revisión cabe después de la llegada del viaje anterior (14:58); una revisión anterior la había movido a las 15:12 para dejar sitio a los minutos de más."
8700,1,1412000015340,Mujeres,33,Empleado,,1,07:00,,Trabajar,,Oficina,,Su casa,,home,,1412000013147,,AUTOMÓVIL PARTICULAR,,45,,,,,,
8700,1,1412000015340,Mujeres,33,Empleado,,2,16:30,,Pagar algún servicio o al banco,,"Comercio, mercado, tienda o centro comercial",,,,1412000013147,,1412000013147,,AUTOMÓVIL PARTICULAR,,15,,,,,,
8700,1,1412000015340,Mujeres,33,Empleado,,3,17:30,,Regresar a Casa,,Su casa,,,,1412000013147,,home,,AUTOMÓVIL PARTICULAR,,50,25,,,,,"Novena revisión: 50 min en AUTOMÓVIL PARTICULAR para 3.3 km en línea recta es más del doble de lo que la encuesta suele reportar para ese modo a esa distancia (25 min, la mediana de 5029 viajes): los minutos son el error, no la hora. Con 25 min llega a las 17:55 y el viaje siguiente sale a las 18:19, 24 min después."
8700,1,1412000015340,Mujeres,33,Empleado,,4,18:19 → 18:20,18:19,"Compras (bienes, productos y servicios)",,"Comercio, mercado, tienda o centro comercial",,,,home,,1412000015444,,A PIE,,12,,hora:revision,,changed,,"Novena revisión: la salida vuelve a las 18:19, la hora que reporta la encuesta: con los minutos de traslado que corrige esta revisión cabe después de la llegada del viaje anterior (17:55); una revisión anterior la había movido a las 18:20 para dejar sitio a los minutos de más."
8700,1,1412000015340,Mujeres,33,Empleado,,5,18:32,,Regresar a Casa,,Su casa,,,,1412000015444,,home,,A PIE,,12,,,,,,
8709,2,1412000017366,Hombres,28,Trabajador independiente,,1,08:30,,Trabajar,,Otros (especifique),,Su casa,,home,,1409700010918,,AUTOMÓVIL PARTICULAR,,90,45,,,,,"Novena revisión: 90 min en AUTOMÓVIL PARTICULAR para 16.4 km en línea recta es más del doble de lo que la encuesta suele reportar para ese modo a esa distancia (45 min, la mediana de 4989 viajes): los minutos son el error, no la hora. Con 45 min llega a las 09:15 y el viaje siguiente sale a las 14:33, 318 min después. Es el mismo recorrido, en el mismo modo, que otro viaje del día cuyos minutos chocaban con la salida siguiente."
8709,2,1412000017366,Hombres,28,Trabajador independiente,,2,14:33,,Regresar a Casa,,Su casa,,,,1409700010918,,home,,AUTOMÓVIL PARTICULAR,,120,45,,,,,"Novena revisión: 120 min en AUTOMÓVIL PARTICULAR para 16.4 km en línea recta es más del doble de lo que la encuesta suele reportar para ese modo a esa distancia (45 min, la mediana de 4989 viajes): los minutos son el error, no la hora. Con 45 min llega a las 15:18 y el viaje siguiente sale a las 16:27, 69 min después."
8709,2,1412000017366,Hombres,28,Trabajador independiente,,3,16:27 → 16:33,16:27,Trabajar,,Otros (especifique),,,,home,,1409700010918,,AUTOMÓVIL PARTICULAR,,90,45,hora:revision,,changed,,"Novena revisión: 90 min en AUTOMÓVIL PARTICULAR para 16.4 km en línea recta es más del doble de lo que la encuesta suele reportar para ese modo a esa distancia (45 min, la mediana de 4989 viajes): los minutos son el error, no la hora. Con 45 min llega a las 17:12 y el viaje siguiente sale a las 19:00, 108 min después. Es el mismo recorrido, en el mismo modo, que otro viaje del día cuyos minutos chocaban con la salida siguiente. Novena revisión: la salida vuelve a las 16:27, la hora que reporta la encuesta: con los minutos de traslado que corrige esta revisión cabe después de la llegada del viaje anterior (15:18); una revisión anterior la había movido a las 16:33 para dejar sitio a los minutos de más."
8709,2,1412000017366,Hombres,28,Trabajador independiente,,4,19:00,,Regresar a Casa,,Su casa,,,,1409700010918,,home,,AUTOMÓVIL PARTICULAR,,120,45,,,,,"Novena revisión: 120 min en AUTOMÓVIL PARTICULAR para 16.4 km en línea recta es más del doble de lo que la encuesta suele reportar para ese modo a esa distancia (45 min, la mediana de 4989 viajes): los minutos son el error, no la hora. Es el último viaje del día. Es el mismo recorrido, en el mismo modo, que otro viaje del día cuyos minutos chocaban con la salida siguiente."
8752,1,1412000016438,Hombres,43,Trabajador independiente,,1,08:00,,Trabajar,,Oficina,,Su casa,,home,,1403900011908,,AUTOMÓVIL PARTICULAR,,90,45,,,,,"Novena revisión: 90 min en AUTOMÓVIL PARTICULAR para 15.1 km en línea recta es más del doble de lo que la encuesta suele reportar para ese modo a esa distancia (45 min, la mediana de 4989 viajes): los minutos son el error, no la hora. Con 45 min llega a las 08:45 y el viaje siguiente sale a las 19:00, 615 min después. Es el mismo recorrido, en el mismo modo, que otro viaje del día cuyos minutos chocaban con la salida siguiente."
8752,1,1412000016438,Hombres,43,Trabajador independiente,,2,19:00,,Regresar a Casa,,Su casa,,,,1403900011908,,home,,AUTOMÓVIL PARTICULAR,,120,45,,,,,"Novena revisión: 120 min en AUTOMÓVIL PARTICULAR para 15.1 km en línea recta es más del doble de lo que la encuesta suele reportar para ese modo a esa distancia (45 min, la mediana de 4989 viajes): los minutos son el error, no la hora. Con 45 min llega a las 19:45 y el viaje siguiente sale a las 20:00, 15 min después."
8752,1,1412000016438,Hombres,43,Trabajador independiente,,3,20:00 → 21:00,20:00,Compras (comida),,"Restaurante, bar, cafetería",,,,home,,1412000016902,,AUTOMÓVIL PARTICULAR,,10,,hora:revision,,changed,,"Novena revisión: la salida vuelve a las 20:00, la hora que reporta la encuesta: con los minutos de traslado que corrige esta revisión cabe después de la llegada del viaje anterior (19:45); una revisión anterior la había movido a las 21:00 para dejar sitio a los minutos de más."
8752,1,1412000016438,Hombres,43,Trabajador independiente,,4,21:00 → 22:00,21:00,Al médico o atención de salud,,"Hospital, clínica, consultorio, laboratorio clínico",,,,1412000016902,,1412000016902,,AUTOMÓVIL PARTICULAR,,10,,hora:revision,,changed,,"Novena revisión: la salida vuelve a las 21:00, la hora que reporta la encuesta: con los minutos de traslado que corrige esta revisión cabe después de la llegada del viaje anterior (20:10); una revisión anterior la había movido a las 22:00 para dejar sitio a los minutos de más."
8752,1,1412000016438,Hombres,43,Trabajador independiente,,5,21:10 → 22:10,,Visitar a alguien,,Su casa → Otra vivienda,,,,1412000016902,,home,,AUTOMÓVIL PARTICULAR,,7,,hora:revision;tipo_destino:revision,,changed,,
8752,1,1412000016438,Hombres,43,Trabajador independiente,,6,19:42 → 22:42,,Regresar a Casa,,Su casa,,,,home,,home,,AUTOMÓVIL PARTICULAR,,7,,hora:revision,,changed,,
8915,3,1409800012574,Mujeres,36,Persona trabajadora del hogar,,1,10:00,,Trabajar,,"Comercio, mercado, tienda o centro comercial",,Su casa,,home,,1409800012381,,AUTOMÓVIL PARTICULAR,,35,15,,,,,"Novena revisión: 35 min en AUTOMÓVIL PARTICULAR para 1.5 km en línea recta es más del doble de lo que la encuesta suele reportar para ese modo a esa distancia (15 min, la mediana de 3832 viajes): los minutos son el error, no la hora. Con 15 min llega a las 10:15 y el viaje siguiente sale a las 10:35, 20 min después."
8915,3,1409800012574,Mujeres,36,Persona trabajadora del hogar,,2,09:55 → 10:35,,Regresar a Casa,,Su casa,,,,1409800012381,,home,,AUTOMÓVIL PARTICULAR,,35,15,hora:revision,,changed,,"Novena revisión: 35 min en AUTOMÓVIL PARTICULAR para 1.5 km en línea recta es más del doble de lo que la encuesta suele reportar para ese modo a esa distancia (15 min, la mediana de 3832 viajes): los minutos son el error, no la hora. Con 15 min llega a las 10:50 y el viaje siguiente sale a las 11:23, 33 min después. Es el mismo recorrido, en el mismo modo, que otro viaje del día cuyos minutos chocaban con la salida siguiente."
8915,3,1409800012574,Mujeres,36,Persona trabajadora del hogar,,3,11:23,,Trabajar,,"Comercio, mercado, tienda o centro comercial",,,,home,,1409800012381,,AUTOMÓVIL PARTICULAR,,35,15,,,,,"Novena revisión: 35 min en AUTOMÓVIL PARTICULAR para 1.5 km en línea recta es más del doble de lo que la encuesta suele reportar para ese modo a esa distancia (15 min, la mediana de 3832 viajes): los minutos son el error, no la hora. Con 15 min llega a las 11:38 y el viaje siguiente sale a las 12:00, 22 min después. Es el mismo recorrido, en el mismo modo, que otro viaje del día cuyos minutos chocaban con la salida siguiente."
8915,3,1409800012574,Mujeres,36,Persona trabajadora del hogar,,4,12:00,,Regresar a Casa,,Su casa,,,,1409800012381,,home,,AUTOMÓVIL PARTICULAR,,35,15,,,,,"Novena revisión: 35 min en AUTOMÓVIL PARTICULAR para 1.5 km en línea recta es más del doble de lo que la encuesta suele reportar para ese modo a esa distancia (15 min, la mediana de 3832 viajes): los minutos son el error, no la hora. Con 15 min llega a las 12:15 y el viaje siguiente sale a las 18:24, 369 min después. Es el mismo recorrido, en el mismo modo, que otro viaje del día cuyos minutos chocaban con la salida siguiente."
8915,3,1409800012574,Mujeres,36,Persona trabajadora del hogar,,5,18:24,,Llevar o recoger a alguien,,Otra vivienda,,,,home,,1409800012589,,A PIE,,10,,,,,,
8915,3,1409800012574,Mujeres,36,Persona trabajadora del hogar,,6,18:38,,Regresar a Casa,,Su casa,,,,1409800012589,,home,,A PIE,,10,,,,,,
9123,2,1407000210967,Hombres,24,Empleado,,1,03:30,,Trabajar,,"Comercio, mercado, tienda o centro comercial",,Su casa,,home,,1403900015366,,AUTOMÓVIL PARTICULAR,,90,45,,,,,"Novena revisión: 90 min en AUTOMÓVIL PARTICULAR para 13.7 km en línea recta es más del doble de lo que la encuesta suele reportar para ese modo a esa distancia (45 min, la mediana de 4989 viajes): los minutos son el error, no la hora. Con 45 min llega a las 04:15 y el viaje siguiente sale a las 05:32, 77 min después. Es el mismo recorrido, en el mismo modo, que otro viaje del día cuyos minutos chocaban con la salida siguiente."
9123,2,1407000210967,Hombres,24,Empleado,,2,05:32,,Regresar a Casa,,Su casa,,,,1403900015366,,home,,AUTOMÓVIL PARTICULAR,,90,45,,,,,"Novena revisión: 90 min en AUTOMÓVIL PARTICULAR para 13.7 km en línea recta es más del doble de lo que la encuesta suele reportar para ese modo a esa distancia (45 min, la mediana de 4989 viajes): los minutos son el error, no la hora. Con 45 min llega a las 06:17 y el viaje siguiente sale a las 07:02, 45 min después."
9123,2,1407000210967,Hombres,24,Empleado,,3,07:02,,Trabajar,,"Comercio, mercado, tienda o centro comercial",,,,home,,1403900015366,,AUTOMÓVIL PARTICULAR,,90,45,,,,,"Novena revisión: 90 min en AUTOMÓVIL PARTICULAR para 13.7 km en línea recta es más del doble de lo que la encuesta suele reportar para ese modo a esa distancia (45 min, la mediana de 4989 viajes): los minutos son el error, no la hora. Con 45 min llega a las 07:47 y el viaje siguiente sale a las 18:00, 613 min después. Es el mismo recorrido, en el mismo modo, que otro viaje del día cuyos minutos chocaban con la salida siguiente."
9123,2,1407000210967,Hombres,24,Empleado,,4,08:00 → 18:00,,Regresar a Casa,,Su casa,,,,1403900015366,,home,,AUTOMÓVIL PARTICULAR,,90,45,hora:revision,,changed,,"Novena revisión: 90 min en AUTOMÓVIL PARTICULAR para 13.7 km en línea recta es más del doble de lo que la encuesta suele reportar para ese modo a esa distancia (45 min, la mediana de 4989 viajes): los minutos son el error, no la hora. Con 45 min llega a las 18:45 y el viaje siguiente sale a las 20:23, 98 min después. Es el mismo recorrido, en el mismo modo, que otro viaje del día cuyos minutos chocaban con la salida siguiente."
9123,2,1407000210967,Hombres,24,Empleado,,5,18:23 → 20:23,,Compras (comida),,"Comercio, mercado, tienda o centro comercial",,,,home,,home,,A PIE,,9,,hora:revision,,changed,,
9123,2,1407000210967,Hombres,24,Empleado,,6,18:42 → 20:42,,Regresar a Casa,,Su casa,,,,home,,home,,A PIE,,9,,hora:revision,,changed,,
9152,6,1412000013611,Mujeres,26,Empleado,,1,09:06,,Trabajar,,Otros (especifique),,Su casa,,home,,1412000012416,,CAMIÓN O AUTOBÚS,,90,40,,,,,"Novena revisión: 90 min en CAMIÓN O AUTOBÚS para 5.6 km en línea recta es más del doble de lo que la encuesta suele reportar para ese modo a esa distancia (40 min, la mediana de 5870 viajes): los minutos son el error, no la hora. Con 40 min llega a las 09:46 y el viaje siguiente sale a las 14:31, 285 min después. Es el mismo recorrido, en el mismo modo, que otro viaje del día cuyos minutos chocaban con la salida siguiente."
9152,6,1412000013611,Mujeres,26,Empleado,,2,14:31,,Regresar a Casa,,Su casa,,,,1412000012416,,home,,CAMIÓN O AUTOBÚS,,90,40,,,,,"Novena revisión: 90 min en CAMIÓN O AUTOBÚS para 5.6 km en línea recta es más del doble de lo que la encuesta suele reportar para ese modo a esa distancia (40 min, la mediana de 5870 viajes): los minutos son el error, no la hora. Con 40 min llega a las 15:11 y el viaje siguiente sale a las 16:47, 96 min después. Es el mismo recorrido, en el mismo modo, que otro viaje del día cuyos minutos chocaban con la salida siguiente."
9152,6,1412000013611,Mujeres,26,Empleado,,3,16:47,,Trabajar,,Otros (especifique),,,,home,,1412000012416,,CAMIÓN O AUTOBÚS,,90,40,,,,,"Novena revisión: 90 min en CAMIÓN O AUTOBÚS para 5.6 km en línea recta es más del doble de lo que la encuesta suele reportar para ese modo a esa distancia (40 min, la mediana de 5870 viajes): los minutos son el error, no la hora. Con 40 min llega a las 17:27 y el viaje siguiente sale a las 18:04, 37 min después."
9152,6,1412000013611,Mujeres,26,Empleado,,4,18:04 → 18:17,18:04,Regresar a Casa,,Su casa,,,,1412000012416,,home,,CAMIÓN O AUTOBÚS,,90,40,hora:revision,,changed,,"Novena revisión: 90 min en CAMIÓN O AUTOBÚS para 5.6 km en línea recta es más del doble de lo que la encuesta suele reportar para ese modo a esa distancia (40 min, la mediana de 5870 viajes): los minutos son el error, no la hora. Es el último viaje del día. Es el mismo recorrido, en el mismo modo, que otro viaje del día cuyos minutos chocaban con la salida siguiente. Novena revisión: la salida vuelve a las 18:04, la hora que reporta la encuesta: con los minutos de traslado que corrige esta revisión cabe después de la llegada del viaje anterior (17:27); una revisión anterior la había movido a las 18:17 para dejar sitio a los minutos de más."
9266,3,1412000012312,Mujeres,24,Empleado,,1,05:00,,Trabajar,,"Hospital, clínica, consultorio, laboratorio clínico",,Su casa,,home,,140390001101A,,AUTOMÓVIL PARTICULAR,,95,45,,,,,"Novena revisión: 95 min en AUTOMÓVIL PARTICULAR para 14.0 km en línea recta es más del doble de lo que la encuesta suele reportar para ese modo a esa distancia (45 min, la mediana de 4989 viajes): los minutos son el error, no la hora. Con 45 min llega a las 05:45 y el viaje siguiente sale a las 14:48, 543 min después. Es el mismo recorrido, en el mismo modo, que otro viaje del día cuyos minutos chocaban con la salida siguiente."
9266,3,1412000012312,Mujeres,24,Empleado,,2,14:48,,Regresar a Casa,,Su casa,,,,140390001101A,,home,,AUTOMÓVIL PARTICULAR,,95,45,,,,,"Novena revisión: 95 min en AUTOMÓVIL PARTICULAR para 14.0 km en línea recta es más del doble de lo que la encuesta suele reportar para ese modo a esa distancia (45 min, la mediana de 4989 viajes): los minutos son el error, no la hora. Con 45 min llega a las 15:33 y el viaje siguiente sale a las 16:15, 42 min después."
9266,3,1412000012312,Mujeres,24,Empleado,,3,16:15 → 16:23,16:15,Trabajar,,"Hospital, clínica, consultorio, laboratorio clínico",,,,home,,140390001101A,,AUTOMÓVIL PARTICULAR,,95,45,hora:revision,,changed,,"Novena revisión: 95 min en AUTOMÓVIL PARTICULAR para 14.0 km en línea recta es más del doble de lo que la encuesta suele reportar para ese modo a esa distancia (45 min, la mediana de 4989 viajes): los minutos son el error, no la hora. Con 45 min llega a las 17:00 y el viaje siguiente sale a las 20:00, 180 min después. Es el mismo recorrido, en el mismo modo, que otro viaje del día cuyos minutos chocaban con la salida siguiente. Novena revisión: la salida vuelve a las 16:15, la hora que reporta la encuesta: con los minutos de traslado que corrige esta revisión cabe después de la llegada del viaje anterior (15:33); una revisión anterior la había movido a las 16:23 para dejar sitio a los minutos de más."
9266,3,1412000012312,Mujeres,24,Empleado,,4,20:00,,Regresar a Casa,,Su casa,,,,140390001101A,,home,,AUTOMÓVIL PARTICULAR,,95,45,,,,,"Novena revisión: 95 min en AUTOMÓVIL PARTICULAR para 14.0 km en línea recta es más del doble de lo que la encuesta suele reportar para ese modo a esa distancia (45 min, la mediana de 4989 viajes): los minutos son el error, no la hora. Es el último viaje del día. Es el mismo recorrido, en el mismo modo, que otro viaje del día cuyos minutos chocaban con la salida siguiente."
9322,1,1412000012312,Hombres,57,Empleado,,1,04:10,,Trabajar,,Fábrica o taller,,Su casa,,home,,1403900011359,,AUTOMÓVIL PARTICULAR,,120,45,,,,,"Novena revisión: 120 min en AUTOMÓVIL PARTICULAR para 13.4 km en línea recta es más del doble de lo que la encuesta suele reportar para ese modo a esa distancia (45 min, la mediana de 4989 viajes): los minutos son el error, no la hora. Con 45 min llega a las 04:55 y el viaje siguiente sale a las 09:45, 290 min después. Es el mismo recorrido, en el mismo modo, que otro viaje del día cuyos minutos chocaban con la salida siguiente."
9322,1,1412000012312,Hombres,57,Empleado,,2,09:45,,Regresar a Casa,,Su casa,,,,1403900011359,,home,,AUTOMÓVIL PARTICULAR,,120,45,,,,,"Novena revisión: 120 min en AUTOMÓVIL PARTICULAR para 13.4 km en línea recta es más del doble de lo que la encuesta suele reportar para ese modo a esa distancia (45 min, la mediana de 4989 viajes): los minutos son el error, no la hora. Con 45 min llega a las 10:30 y el viaje siguiente sale a las 11:10, 40 min después. Es el mismo recorrido, en el mismo modo, que otro viaje del día cuyos minutos chocaban con la salida siguiente."
9322,1,1412000012312,Hombres,57,Empleado,,3,11:10 → 13:10,11:10,Trabajar,,Fábrica o taller,,,,home,,1403900011359,,AUTOMÓVIL PARTICULAR,,120,45,hora:-10h+12h,,changed,,"Novena revisión: 120 min en AUTOMÓVIL PARTICULAR para 13.4 km en línea recta es más del doble de lo que la encuesta suele reportar para ese modo a esa distancia (45 min, la mediana de 4989 viajes): los minutos son el error, no la hora. Con 45 min llega a las 11:55 y el viaje siguiente sale a las 14:30, 155 min después. Es el mismo recorrido, en el mismo modo, que otro viaje del día cuyos minutos chocaban con la salida siguiente. Novena revisión: la salida vuelve a las 11:10, la hora que reporta la encuesta: con los minutos de traslado que corrige esta revisión cabe después de la llegada del viaje anterior (10:30); la regla de horas la había movido a las 13:10 para dejar sitio a los minutos de más."
9322,1,1412000012312,Hombres,57,Empleado,,4,14:30 → 16:30,14:30,Regresar a Casa,,Su casa,,,,1403900011359,,home,,AUTOMÓVIL PARTICULAR,,120,45,hora:-10h+12h,,changed,,"Novena revisión: 120 min en AUTOMÓVIL PARTICULAR para 13.4 km en línea recta es más del doble de lo que la encuesta suele reportar para ese modo a esa distancia (45 min, la mediana de 4989 viajes): los minutos son el error, no la hora. Con 45 min llega a las 15:15 y el viaje siguiente sale a las 18:18, 183 min después. Novena revisión: la salida vuelve a las 14:30, la hora que reporta la encuesta: con los minutos de traslado que corrige esta revisión cabe después de la llegada del viaje anterior (11:55); la regla de horas la había movido a las 16:30 para dejar sitio a los minutos de más."
9322,1,1412000012312,Hombres,57,Empleado,,5,18:18 → 18:30,18:18,Deportes o recreación,,Centro cultural o área recreativa,,,,home,,home,,A PIE,,7,,hora:revision,,changed,,"Novena revisión: la salida vuelve a las 18:18, la hora que reporta la encuesta: con los minutos de traslado que corrige esta revisión cabe después de la llegada del viaje anterior (15:15); una revisión anterior la había movido a las 18:30 para dejar sitio a los minutos de más."
9322,1,1412000012312,Hombres,57,Empleado,,6,18:30 → 20:30,18:30,Regresar a Casa,,Su casa,,,,home,,home,,A PIE,,7,,hora:revision,,changed,,"Novena revisión: la salida vuelve a las 18:30, la hora que reporta la encuesta: con los minutos de traslado que corrige esta revisión cabe después de la llegada del viaje anterior (18:25); una revisión anterior la había movido a las 20:30 para dejar sitio a los minutos de más."
9360,1,1412000014658,Hombres,33,Empleado,,1,08:21,,"Compras (bienes, productos y servicios)",,"Comercio, mercado, tienda o centro comercial",,Su casa,,home,,1412000013611,,A PIE,,2,,,,,,
9360,1,1412000014658,Hombres,33,Empleado,,2,08:30,,Regresar a Casa,,Su casa,,,,1412000013611,,home,,A PIE,,2,,,,,,
9360,1,1412000014658,Hombres,33,Empleado,,3,20:30 → 08:32,,Trabajar,,"Hospital, clínica, consultorio, laboratorio clínico",,,,home,,1403900011170,,AUTOMÓVIL PARTICULAR,,90,45,hora:revision,,changed,,"Novena revisión: 90 min en AUTOMÓVIL PARTICULAR para 14.8 km en línea recta es más del doble de lo que la encuesta suele reportar para ese modo a esa distancia (45 min, la mediana de 4989 viajes): los minutos son el error, no la hora. Con 45 min llega a las 09:17 y el viaje siguiente sale a las 20:50, 693 min después. Es el mismo recorrido, en el mismo modo, que otro viaje del día cuyos minutos chocaban con la salida siguiente."
9360,1,1412000014658,Hombres,33,Empleado,,4,20:50,,Regresar a Casa,,Su casa,,,,1403900011170,,home,,AUTOMÓVIL PARTICULAR,,90,45,,,,,"Novena revisión: 90 min en AUTOMÓVIL PARTICULAR para 14.8 km en línea recta es más del doble de lo que la encuesta suele reportar para ese modo a esa distancia (45 min, la mediana de 4989 viajes): los minutos son el error, no la hora. Con 45 min llega a las 21:35 y el viaje siguiente sale a las 22:24, 49 min después. Es el mismo recorrido, en el mismo modo, que otro viaje del día cuyos minutos chocaban con la salida siguiente."
9360,1,1412000014658,Hombres,33,Empleado,,5,22:24,,Trabajar,,"Hospital, clínica, consultorio, laboratorio clínico",,,,home,,1403900011170,,AUTOMÓVIL PARTICULAR,,90,45,,,,,"Novena revisión: 90 min en AUTOMÓVIL PARTICULAR para 14.8 km en línea recta es más del doble de lo que la encuesta suele reportar para ese modo a esa distancia (45 min, la mediana de 4989 viajes): los minutos son el error, no la hora. Con 45 min llega a las 23:09 y el viaje siguiente sale a las 23:31, 22 min después."
9360,1,1412000014658,Hombres,33,Empleado,,6,23:31 → 23:54,23:31,Regresar a Casa,,Su casa,,,,1403900011170,,home,,AUTOMÓVIL PARTICULAR,,90,45,hora:revision,,changed,,"Novena revisión: 90 min en AUTOMÓVIL PARTICULAR para 14.8 km en línea recta es más del doble de lo que la encuesta suele reportar para ese modo a esa distancia (45 min, la mediana de 4989 viajes): los minutos son el error, no la hora. Es el último viaje del día. Es el mismo recorrido, en el mismo modo, que otro viaje del día cuyos minutos chocaban con la salida siguiente. Novena revisión: la salida vuelve a las 23:31, la hora que reporta la encuesta: con los minutos de traslado que corrige esta revisión cabe después de la llegada del viaje anterior (23:09); una revisión anterior la había movido a las 23:54 para dejar sitio a los minutos de más."
9509,1,1409700213842,Hombres,60,Empleado,,1,06:00,,Trabajar,,"Comercio, mercado, tienda o centro comercial",,Su casa,,home,,1403900010350,,AUTOMÓVIL PARTICULAR,,90,,,,,,
9509,1,1409700213842,Hombres,60,Empleado,,2,12:30,,Regresar a Casa,,Su casa,,,,1403900010350,,home,,AUTOMÓVIL PARTICULAR,,120,60,,,,,"Novena revisión: 120 min en AUTOMÓVIL PARTICULAR para 26.8 km en línea recta es más del doble de lo que la encuesta suele reportar para ese modo a esa distancia (60 min, la mediana de 2401 viajes): los minutos son el error, no la hora. Con 60 min llega a las 13:30 y el viaje siguiente sale a las 14:02, 32 min después."
9509,1,1409700213842,Hombres,60,Empleado,,3,14:02 → 14:30,14:02,Trabajar,,"Comercio, mercado, tienda o centro comercial",,,,home,,1403900010350,,AUTOMÓVIL PARTICULAR,,90,,hora:revision,,changed,,"Novena revisión: la salida vuelve a las 14:02, la hora que reporta la encuesta: con los minutos de traslado que corrige esta revisión cabe después de la llegada del viaje anterior (13:30); una revisión anterior la había movido a las 14:30 para dejar sitio a los minutos de más."
9509,1,1409700213842,Hombres,60,Empleado,,4,17:00,,Regresar a Casa,,Su casa,,,,1403900010350,,home,,AUTOMÓVIL PARTICULAR,,120,60,,,,,"Novena revisión: 120 min en AUTOMÓVIL PARTICULAR para 26.8 km en línea recta es más del doble de lo que la encuesta suele reportar para ese modo a esa distancia (60 min, la mediana de 2401 viajes): los minutos son el error, no la hora. Con 60 min llega a las 18:00 y el viaje siguiente sale a las 18:18, 18 min después. Es el mismo recorrido, en el mismo modo, que otro viaje del día cuyos minutos chocaban con la salida siguiente."
9509,1,1409700213842,Hombres,60,Empleado,,5,18:18 → 20:18,18:18,Llevar o recoger a alguien,,Otra vivienda,,,,home,,1409700213857,,A PIE,,1,,hora:revision,,changed,,"Novena revisión: la salida vuelve a las 18:18, la hora que reporta la encuesta: con los minutos de traslado que corrige esta revisión cabe después de la llegada del viaje anterior (18:00); una revisión anterior la había movido a las 20:18 para dejar sitio a los minutos de más."
9509,1,1409700213842,Hombres,60,Empleado,,6,18:23 → 20:23,18:23,Regresar a Casa,,Su casa,,,,1409700213857,,home,,A PIE,,1,,hora:revision,,changed,,"Novena revisión: la salida vuelve a las 18:23, la hora que reporta la encuesta: con los minutos de traslado que corrige esta revisión cabe después de la llegada del viaje anterior (18:19); una revisión anterior la había movido a las 20:23 para dejar sitio a los minutos de más."
9516,2,1409700201013,Hombres,49,Empleado,,1,08:00,,Trabajar,,"Hospital, clínica, consultorio, laboratorio clínico",,Su casa,,home,,140390001101A,,AUTOMÓVIL PARTICULAR,,90,45,,,,,"Novena revisión: 90 min en AUTOMÓVIL PARTICULAR para 17.1 km en línea recta es más del doble de lo que la encuesta suele reportar para ese modo a esa distancia (45 min, la mediana de 4989 viajes): los minutos son el error, no la hora. Con 45 min llega a las 08:45 y el viaje siguiente sale a las 15:52, 427 min después. Es el mismo recorrido, en el mismo modo, que otro viaje del día cuyos minutos chocaban con la salida siguiente."
9516,2,1409700201013,Hombres,49,Empleado,,2,15:52,,Regresar a Casa,,Su casa,,,,140390001101A,,home,,AUTOMÓVIL PARTICULAR,,90,45,,,,,"Novena revisión: 90 min en AUTOMÓVIL PARTICULAR para 17.1 km en línea recta es más del doble de lo que la encuesta suele reportar para ese modo a esa distancia (45 min, la mediana de 4989 viajes): los minutos son el error, no la hora. Con 45 min llega a las 16:37 y el viaje siguiente sale a las 17:19, 42 min después."
9516,2,1409700201013,Hombres,49,Empleado,,3,17:19 → 17:22,17:19,Trabajar,,"Hospital, clínica, consultorio, laboratorio clínico",,,,home,,140390001101A,,AUTOMÓVIL PARTICULAR,,90,45,hora:revision,,changed,,"Novena revisión: 90 min en AUTOMÓVIL PARTICULAR para 17.1 km en línea recta es más del doble de lo que la encuesta suele reportar para ese modo a esa distancia (45 min, la mediana de 4989 viajes): los minutos son el error, no la hora. Con 45 min llega a las 18:04 y el viaje siguiente sale a las 21:00, 176 min después. Es el mismo recorrido, en el mismo modo, que otro viaje del día cuyos minutos chocaban con la salida siguiente. Novena revisión: la salida vuelve a las 17:19, la hora que reporta la encuesta: con los minutos de traslado que corrige esta revisión cabe después de la llegada del viaje anterior (16:37); una revisión anterior la había movido a las 17:22 para dejar sitio a los minutos de más."
9516,2,1409700201013,Hombres,49,Empleado,,4,21:00,,Regresar a Casa,,Su casa,,,,140390001101A,,home,,AUTOMÓVIL PARTICULAR,,90,45,,,,,"Novena revisión: 90 min en AUTOMÓVIL PARTICULAR para 17.1 km en línea recta es más del doble de lo que la encuesta suele reportar para ese modo a esa distancia (45 min, la mediana de 4989 viajes): los minutos son el error, no la hora. Es el último viaje del día. Es el mismo recorrido, en el mismo modo, que otro viaje del día cuyos minutos chocaban con la salida siguiente."
9758,1,140970104,Mujeres,51,Hogar,,1,09:00,,"Compras (bienes, productos y servicios)",,"Comercio, mercado, tienda o centro comercial",,Su casa,,home,,1409704240443,,AUTOMÓVIL PARTICULAR,,40,,,,,,
9758,1,140970104,Mujeres,51,Hogar,,2,12:00,,Compras (comida),,"Comercio, mercado, tienda o centro comercial",,,,1409704240443,,1409704241776,,AUTOMÓVIL PARTICULAR,,10,,,,,,
9758,1,140970104,Mujeres,51,Hogar,,3,13:30,,Pagar algún servicio o al banco,,"Comercio, mercado, tienda o centro comercial",,,,1409704241776,,1409700201013,,AUTOMÓVIL PARTICULAR,,35,15,,,,,"Novena revisión: 35 min en AUTOMÓVIL PARTICULAR para 1.1 km en línea recta es más del doble de lo que la encuesta suele reportar para ese modo a esa distancia (15 min, la mediana de 3832 viajes): los minutos son el error, no la hora. Con 15 min llega a las 13:45 y el viaje siguiente sale a las 14:00, 15 min después."
9758,1,140970104,Mujeres,51,Hogar,,4,14:00 → 14:05,14:00,Regresar a Casa,,Su casa,,,,1409700201013,,home,,AUTOMÓVIL PARTICULAR,,60,,hora:revision,,changed,,"Novena revisión: la salida vuelve a las 14:00, la hora que reporta la encuesta: con los minutos de traslado que corrige esta revisión cabe después de la llegada del viaje anterior (13:45); una revisión anterior la había movido a las 14:05 para dejar sitio a los minutos de más."
9944,1,1409700010918,Hombres,29,Empleado,,1,05:30,,Trabajar,,Fábrica o taller,,Su casa,,home,,1409800011256,,AUTOMÓVIL PARTICULAR,,90,45,,,,,"Novena revisión: 90 min en AUTOMÓVIL PARTICULAR para 13.8 km en línea recta es más del doble de lo que la encuesta suele reportar para ese modo a esa distancia (45 min, la mediana de 4989 viajes): los minutos son el error, no la hora. Con 45 min llega a las 06:15 y el viaje siguiente sale a las 12:31, 376 min después. Es el mismo recorrido, en el mismo modo, que otro viaje del día cuyos minutos chocaban con la salida siguiente."
9944,1,1409700010918,Hombres,29,Empleado,,2,12:31,,Regresar a Casa,,Su casa,,,,1409800011256,,home,,AUTOMÓVIL PARTICULAR,,120,45,,,,,"Novena revisión: 120 min en AUTOMÓVIL PARTICULAR para 13.8 km en línea recta es más del doble de lo que la encuesta suele reportar para ese modo a esa distancia (45 min, la mediana de 4989 viajes): los minutos son el error, no la hora. Con 45 min llega a las 13:16 y el viaje siguiente sale a las 14:24, 68 min después."
9944,1,1409700010918,Hombres,29,Empleado,,3,14:24 → 14:31,14:24,Trabajar,,Fábrica o taller,,,,home,,1409800011256,,AUTOMÓVIL PARTICULAR,,90,45,hora:revision,,changed,,"Novena revisión: 90 min en AUTOMÓVIL PARTICULAR para 13.8 km en línea recta es más del doble de lo que la encuesta suele reportar para ese modo a esa distancia (45 min, la mediana de 4989 viajes): los minutos son el error, no la hora. Con 45 min llega a las 15:09 y el viaje siguiente sale a las 18:00, 171 min después. Es el mismo recorrido, en el mismo modo, que otro viaje del día cuyos minutos chocaban con la salida siguiente. Novena revisión: la salida vuelve a las 14:24, la hora que reporta la encuesta: con los minutos de traslado que corrige esta revisión cabe después de la llegada del viaje anterior (13:16); una revisión anterior la había movido a las 14:31 para dejar sitio a los minutos de más."
9944,1,1409700010918,Hombres,29,Empleado,,4,18:00,,Regresar a Casa,,Su casa,,,,1409800011256,,home,,AUTOMÓVIL PARTICULAR,,120,45,,,,,"Novena revisión: 120 min en AUTOMÓVIL PARTICULAR para 13.8 km en línea recta es más del doble de lo que la encuesta suele reportar para ese modo a esa distancia (45 min, la mediana de 4989 viajes): los minutos son el error, no la hora. Es el último viaje del día. Es el mismo recorrido, en el mismo modo, que otro viaje del día cuyos minutos chocaban con la salida siguiente."
10153,1,1409700010922,Hombres,62,Empleado,,1,07:00,,Trabajar,,Oficina,,Su casa,,home,,1412000010706,,AUTOMÓVIL PARTICULAR,,90,45,,,,,"Novena revisión: 90 min en AUTOMÓVIL PARTICULAR para 17.6 km en línea recta es más del doble de lo que la encuesta suele reportar para ese modo a esa distancia (45 min, la mediana de 4989 viajes): los minutos son el error, no la hora. Con 45 min llega a las 07:45 y el viaje siguiente sale a las 12:45, 300 min después. Es el mismo recorrido, en el mismo modo, que otro viaje del día cuyos minutos chocaban con la salida siguiente."
10153,1,1409700010922,Hombres,62,Empleado,,2,12:45,,Regresar a Casa,,Su casa,,,,1412000010706,,home,,AUTOMÓVIL PARTICULAR,,90,45,,,,,"Novena revisión: 90 min en AUTOMÓVIL PARTICULAR para 17.6 km en línea recta es más del doble de lo que la encuesta suele reportar para ese modo a esa distancia (45 min, la mediana de 4989 viajes): los minutos son el error, no la hora. Con 45 min llega a las 13:30 y el viaje siguiente sale a las 14:04, 34 min después."
10153,1,1409700010922,Hombres,62,Empleado,,3,14:04 → 14:15,14:04,Trabajar,,Oficina,,,,home,,1412000010706,,AUTOMÓVIL PARTICULAR,,90,45,hora:revision,,changed,,"Novena revisión: 90 min en AUTOMÓVIL PARTICULAR para 17.6 km en línea recta es más del doble de lo que la encuesta suele reportar para ese modo a esa distancia (45 min, la mediana de 4989 viajes): los minutos son el error, no la hora. Con 45 min llega a las 14:49 y el viaje siguiente sale a las 17:00, 131 min después. Es el mismo recorrido, en el mismo modo, que otro viaje del día cuyos minutos chocaban con la salida siguiente. Novena revisión: la salida vuelve a las 14:04, la hora que reporta la encuesta: con los minutos de traslado que corrige esta revisión cabe después de la llegada del viaje anterior (13:30); una revisión anterior la había movido a las 14:15 para dejar sitio a los minutos de más."
10153,1,1409700010922,Hombres,62,Empleado,,4,17:00,,Regresar a Casa,,Su casa,,,,1412000010706,,home,,AUTOMÓVIL PARTICULAR,,90,45,,,,,"Novena revisión: 90 min en AUTOMÓVIL PARTICULAR para 17.6 km en línea recta es más del doble de lo que la encuesta suele reportar para ese modo a esa distancia (45 min, la mediana de 4989 viajes): los minutos son el error, no la hora. Es el último viaje del día. Es el mismo recorrido, en el mismo modo, que otro viaje del día cuyos minutos chocaban con la salida siguiente."
10204,1,1409708352736,Hombres,50,Empleado,,1,06:00,,Trabajar,,Fábrica o taller,,Su casa,,home,,140980001053A,,AUTOMÓVIL PARTICULAR,,80,,,,,,
10204,1,1409708352736,Hombres,50,Empleado,,2,12:38,,Regresar a Casa,,Su casa,,,,140980001053A,,home,,AUTOMÓVIL PARTICULAR,,120,60,,,,,"Novena revisión: 120 min en AUTOMÓVIL PARTICULAR para 21.0 km en línea recta es más del doble de lo que la encuesta suele reportar para ese modo a esa distancia (60 min, la mediana de 2401 viajes): los minutos son el error, no la hora. Con 60 min llega a las 13:38 y el viaje siguiente sale a las 14:22, 44 min después."
10204,1,1409708352736,Hombres,50,Empleado,,3,14:22 → 14:38,14:22,Trabajar,,Fábrica o taller,,,,home,,140980001053A,,AUTOMÓVIL PARTICULAR,,80,,hora:revision,,changed,,"Novena revisión: la salida vuelve a las 14:22, la hora que reporta la encuesta: con los minutos de traslado que corrige esta revisión cabe después de la llegada del viaje anterior (13:38); una revisión anterior la había movido a las 14:38 para dejar sitio a los minutos de más."
10204,1,1409708352736,Hombres,50,Empleado,,4,17:00,,Regresar a Casa,,Su casa,,,,140980001053A,,home,,AUTOMÓVIL PARTICULAR,,120,60,,,,,"Novena revisión: 120 min en AUTOMÓVIL PARTICULAR para 21.0 km en línea recta es más del doble de lo que la encuesta suele reportar para ese modo a esa distancia (60 min, la mediana de 2401 viajes): los minutos son el error, no la hora. Con 60 min llega a las 18:00 y el viaje siguiente sale a las 18:08, 8 min después. Es el mismo recorrido, en el mismo modo, que otro viaje del día cuyos minutos chocaban con la salida siguiente."
10204,1,1409708352736,Hombres,50,Empleado,,5,18:08 → 20:08,18:08,Compras (comida),,"Comercio, mercado, tienda o centro comercial",,,,home,,home,,A PIE,,4,,hora:revision,,changed,,"Novena revisión: la salida vuelve a las 18:08, la hora que reporta la encuesta: con los minutos de traslado que corrige esta revisión cabe después de la llegada del viaje anterior (18:00); una revisión anterior la había movido a las 20:08 para dejar sitio a los minutos de más."
10204,1,1409708352736,Hombres,50,Empleado,,6,18:18 → 20:18,18:18,Regresar a Casa,,Su casa,,,,home,,home,,A PIE,,4,,hora:revision,,changed,,"Novena revisión: la salida vuelve a las 18:18, la hora que reporta la encuesta: con los minutos de traslado que corrige esta revisión cabe después de la llegada del viaje anterior (18:12); una revisión anterior la había movido a las 20:18 para dejar sitio a los minutos de más."
10324,1,1409708352721,Hombres,22,Empleado,,1,07:00,,Trabajar,,"Comercio, mercado, tienda o centro comercial",,Su casa,,home,,1409800011928,,AUTOMÓVIL PARTICULAR,,80,,,,,,
10324,1,1409708352721,Hombres,22,Empleado,,2,13:34,,Regresar a Casa,,Su casa,,,,1409800011928,,home,,AUTOMÓVIL PARTICULAR,,90,45,,,,,"Novena revisión: 90 min en AUTOMÓVIL PARTICULAR para 16.8 km en línea recta es más del doble de lo que la encuesta suele reportar para ese modo a esa distancia (45 min, la mediana de 4989 viajes): los minutos son el error, no la hora. Con 45 min llega a las 14:19 y el viaje siguiente sale a las 15:01, 42 min después."
10324,1,1409708352721,Hombres,22,Empleado,,3,15:01 → 15:04,15:01,Trabajar,,"Comercio, mercado, tienda o centro comercial",,,,home,,1409800011928,,AUTOMÓVIL PARTICULAR,,80,,hora:revision,,changed,,"Novena revisión: la salida vuelve a las 15:01, la hora que reporta la encuesta: con los minutos de traslado que corrige esta revisión cabe después de la llegada del viaje anterior (14:19); una revisión anterior la había movido a las 15:04 para dejar sitio a los minutos de más."
10324,1,1409708352721,Hombres,22,Empleado,,4,18:00,,Regresar a Casa,,Su casa,,,,1409800011928,,home,,AUTOMÓVIL PARTICULAR,,90,45,,,,,"Novena revisión: 90 min en AUTOMÓVIL PARTICULAR para 16.8 km en línea recta es más del doble de lo que la encuesta suele reportar para ese modo a esa distancia (45 min, la mediana de 4989 viajes): los minutos son el error, no la hora. Es el último viaje del día. Es el mismo recorrido, en el mismo modo, que otro viaje del día cuyos minutos chocaban con la salida siguiente."
10356,1,1409704393895,Hombres,25,Empleado,,1,06:00,,Trabajar,,Fábrica o taller,,Su casa,,home,,1409700342505,,Transporte de personal,,80,40,,,,,"Novena revisión: 80 min en Transporte de personal para 11.1 km en línea recta es más del doble de lo que la encuesta suele reportar para ese modo a esa distancia (40 min, la mediana de 494 viajes): los minutos son el error, no la hora. Con 40 min llega a las 06:40 y el viaje siguiente sale a las 17:00, 620 min después. Es el mismo recorrido, en el mismo modo, que otro viaje del día cuyos minutos chocaban con la salida siguiente."
10356,1,1409704393895,Hombres,25,Empleado,,2,17:00,,Regresar a Casa,,Su casa,,,,1409700342505,,home,,Transporte de personal,,90,40,,,,,"Novena revisión: 90 min en Transporte de personal para 11.1 km en línea recta es más del doble de lo que la encuesta suele reportar para ese modo a esa distancia (40 min, la mediana de 494 viajes): los minutos son el error, no la hora. Con 40 min llega a las 17:40 y el viaje siguiente sale a las 18:19, 39 min después."
10356,1,1409704393895,Hombres,25,Empleado,,3,18:19 → 18:30,18:19,Deportes o recreación,,Centro cultural o área recreativa,,,,home,,1409704393880,,A PIE,,7,,hora:revision,,changed,,"Novena revisión: la salida vuelve a las 18:19, la hora que reporta la encuesta: con los minutos de traslado que corrige esta revisión cabe después de la llegada del viaje anterior (17:40); una revisión anterior la había movido a las 18:30 para dejar sitio a los minutos de más."
10356,1,1409704393895,Hombres,25,Empleado,,4,18:36 → 18:37,18:36,Regresar a Casa,,Su casa,,,,1409704393880,,home,,A PIE,,7,,hora:revision,,changed,,"Novena revisión: la salida vuelve a las 18:36, la hora que reporta la encuesta: con los minutos de traslado que corrige esta revisión cabe después de la llegada del viaje anterior (18:26); una revisión anterior la había movido a las 18:37 para dejar sitio a los minutos de más."
10486,4,1409708432632,Mujeres,31,Patrón o empresario,,1,08:22,,Deportes o recreación,,Centro cultural o área recreativa,,Su casa,,home,,home,,A PIE,,7,,,,,,
10486,4,1409708432632,Mujeres,31,Patrón o empresario,,2,08:38,,Regresar a Casa,,Su casa,,,,home,,home,,A PIE,,7,,,,,,
10486,4,1409708432632,Mujeres,31,Patrón o empresario,,3,21:05 → 09:05,,Trabajar,,Otra vivienda,,,,home,,1409700010918,,AUTOMÓVIL PARTICULAR,,120,25,hora:revision,,changed,,"Novena revisión: 120 min en AUTOMÓVIL PARTICULAR para 3.9 km en línea recta es más del doble de lo que la encuesta suele reportar para ese modo a esa distancia (25 min, la mediana de 5029 viajes): los minutos son el error, no la hora. Con 25 min llega a las 09:30 y el viaje siguiente sale a las 20:30, 660 min después. Es el mismo recorrido, en el mismo modo, que otro viaje del día cuyos minutos chocaban con la salida siguiente."
10486,4,1409708432632,Mujeres,31,Patrón o empresario,,4,20:30,,Regresar a Casa,,Su casa,,,,1409700010918,,home,,AUTOMÓVIL PARTICULAR,,120,25,,,,,"Novena revisión: 120 min en AUTOMÓVIL PARTICULAR para 3.9 km en línea recta es más del doble de lo que la encuesta suele reportar para ese modo a esa distancia (25 min, la mediana de 5029 viajes): los minutos son el error, no la hora. Con 25 min llega a las 20:55 y el viaje siguiente sale a las 22:15, 80 min después."
10486,4,1409708432632,Mujeres,31,Patrón o empresario,,5,22:15 → 22:30,22:15,Trabajar,,Otra vivienda,,,,home,,1409700010918,,AUTOMÓVIL PARTICULAR,,120,25,hora:revision,,changed,,"Novena revisión: 120 min en AUTOMÓVIL PARTICULAR para 3.9 km en línea recta es más del doble de lo que la encuesta suele reportar para ese modo a esa distancia (25 min, la mediana de 5029 viajes): los minutos son el error, no la hora. Con 25 min llega a las 22:40 y el viaje siguiente sale a las 23:06, 26 min después. Novena revisión: la salida vuelve a las 22:15, la hora que reporta la encuesta: con los minutos de traslado que corrige esta revisión cabe después de la llegada del viaje anterior (20:55); una revisión anterior la había movido a las 22:30 para dejar sitio a los minutos de más."
10486,4,1409708432632,Mujeres,31,Patrón o empresario,,6,23:06 → 00:30,23:06,Regresar a Casa,,Su casa,,,,1409700010918,,home,,AUTOMÓVIL PARTICULAR,,120,25,hora:revision,hora_nocturna,changed,,"Novena revisión: 120 min en AUTOMÓVIL PARTICULAR para 3.9 km en línea recta es más del doble de lo que la encuesta suele reportar para ese modo a esa distancia (25 min, la mediana de 5029 viajes): los minutos son el error, no la hora. Es el último viaje del día. Es el mismo recorrido, en el mismo modo, que otro viaje del día cuyos minutos chocaban con la salida siguiente. Novena revisión: la salida vuelve a las 23:06, la hora que reporta la encuesta: con los minutos de traslado que corrige esta revisión cabe después de la llegada del viaje anterior (22:40); una revisión anterior la había movido a las 00:30 para dejar sitio a los minutos de más."
10493,2,1409708432632,Mujeres,42,Patrón o empresario,,1,07:11,,Compras (comida),,"Comercio, mercado, tienda o centro comercial",,Su casa,,home,,1409708432666,,A PIE,,12,,,,,,
10493,2,1409708432632,Mujeres,42,Patrón o empresario,,2,07:32,,Regresar a Casa,,Su casa,,,,1409708432666,,home,,A PIE,,12,,,,,,
10493,2,1409708432632,Mujeres,42,Patrón o empresario,,3,21:00 → 09:00,,Trabajar,,Otra vivienda,,,,home,,1409700010918,,AUTOMÓVIL PARTICULAR,,120,25,hora:revision,,changed,,"Novena revisión: 120 min en AUTOMÓVIL PARTICULAR para 3.9 km en línea recta es más del doble de lo que la encuesta suele reportar para ese modo a esa distancia (25 min, la mediana de 5029 viajes): los minutos son el error, no la hora. Con 25 min llega a las 09:25 y el viaje siguiente sale a las 20:47, 682 min después. Es el mismo recorrido, en el mismo modo, que otro viaje del día cuyos minutos chocaban con la salida siguiente."
10493,2,1409708432632,Mujeres,42,Patrón o empresario,,4,20:47,,Regresar a Casa,,Su casa,,,,1409700010918,,home,,AUTOMÓVIL PARTICULAR,,120,25,,,,,"Novena revisión: 120 min en AUTOMÓVIL PARTICULAR para 3.9 km en línea recta es más del doble de lo que la encuesta suele reportar para ese modo a esa distancia (25 min, la mediana de 5029 viajes): los minutos son el error, no la hora. Con 25 min llega a las 21:12 y el viaje siguiente sale a las 22:04, 52 min después."
10493,2,1409708432632,Mujeres,42,Patrón o empresario,,5,22:04 → 22:47,22:04,Trabajar,,Otra vivienda,,,,home,,1409700010918,,AUTOMÓVIL PARTICULAR,,120,25,hora:revision,,changed,,"Novena revisión: 120 min en AUTOMÓVIL PARTICULAR para 3.9 km en línea recta es más del doble de lo que la encuesta suele reportar para ese modo a esa distancia (25 min, la mediana de 5029 viajes): los minutos son el error, no la hora. Con 25 min llega a las 22:29 y el viaje siguiente sale a las 23:01, 32 min después. Novena revisión: la salida vuelve a las 22:04, la hora que reporta la encuesta: con los minutos de traslado que corrige esta revisión cabe después de la llegada del viaje anterior (21:12); una revisión anterior la había movido a las 22:47 para dejar sitio a los minutos de más."
10493,2,1409708432632,Mujeres,42,Patrón o empresario,,6,23:01 → 00:47,23:01,Regresar a Casa,,Su casa,,,,1409700010918,,home,,AUTOMÓVIL PARTICULAR,,120,25,hora:revision,hora_nocturna,changed,,"Novena revisión: 120 min en AUTOMÓVIL PARTICULAR para 3.9 km en línea recta es más del doble de lo que la encuesta suele reportar para ese modo a esa distancia (25 min, la mediana de 5029 viajes): los minutos son el error, no la hora. Es el último viaje del día. Es el mismo recorrido, en el mismo modo, que otro viaje del día cuyos minutos chocaban con la salida siguiente. Novena revisión: la salida vuelve a las 23:01, la hora que reporta la encuesta: con los minutos de traslado que corrige esta revisión cabe después de la llegada del viaje anterior (22:29); una revisión anterior la había movido a las 00:47 para dejar sitio a los minutos de más."
10601,1,1409708432666,Hombres,40,Empleado,,1,05:00,,Trabajar,,Fábrica o taller,,Su casa,,home,,1409800010879,,AUTOMÓVIL PARTICULAR,,80,,,,,,
10601,1,1409708432666,Hombres,40,Empleado,,2,11:55,,Regresar a Casa,,Su casa,,,,1409800010879,,home,,AUTOMÓVIL PARTICULAR,,90,45,,,,,"Novena revisión: 90 min en AUTOMÓVIL PARTICULAR para 19.6 km en línea recta es más del doble de lo que la encuesta suele reportar para ese modo a esa distancia (45 min, la mediana de 4989 viajes): los minutos son el error, no la hora. Con 45 min llega a las 12:40 y el viaje siguiente sale a las 13:20, 40 min después."
10601,1,1409708432666,Hombres,40,Empleado,,3,13:20 → 13:25,13:20,Trabajar,,Fábrica o taller,,,,home,,1409800010879,,AUTOMÓVIL PARTICULAR,,80,,hora:revision,,changed,,"Novena revisión: la salida vuelve a las 13:20, la hora que reporta la encuesta: con los minutos de traslado que corrige esta revisión cabe después de la llegada del viaje anterior (12:40); una revisión anterior la había movido a las 13:25 para dejar sitio a los minutos de más."
10601,1,1409708432666,Hombres,40,Empleado,,4,16:00,,Regresar a Casa,,Su casa,,,,1409800010879,,home,,AUTOMÓVIL PARTICULAR,,90,45,,,,,"Novena revisión: 90 min en AUTOMÓVIL PARTICULAR para 19.6 km en línea recta es más del doble de lo que la encuesta suele reportar para ese modo a esa distancia (45 min, la mediana de 4989 viajes): los minutos son el error, no la hora. Es el último viaje del día. Es el mismo recorrido, en el mismo modo, que otro viaje del día cuyos minutos chocaban con la salida siguiente."
10619,2,1409708432670,Hombres,37,Empleado,,1,07:00,,Trabajar,,Fábrica o taller,,Su casa,,home,,1412002314179,,AUTOMÓVIL PARTICULAR,,120,60,,,,,"Novena revisión: 120 min en AUTOMÓVIL PARTICULAR para 34.9 km en línea recta es más del doble de lo que la encuesta suele reportar para ese modo a esa distancia (60 min, la mediana de 2401 viajes): los minutos son el error, no la hora. Con 60 min llega a las 08:00 y el viaje siguiente sale a las 13:49, 349 min después. Es el mismo recorrido, en el mismo modo, que otro viaje del día cuyos minutos chocaban con la salida siguiente."
10619,2,1409708432670,Hombres,37,Empleado,,2,13:49,,Regresar a Casa,,Su casa,,,,1412002314179,,home,,AUTOMÓVIL PARTICULAR,,120,60,,,,,"Novena revisión: 120 min en AUTOMÓVIL PARTICULAR para 34.9 km en línea recta es más del doble de lo que la encuesta suele reportar para ese modo a esa distancia (60 min, la mediana de 2401 viajes): los minutos son el error, no la hora. Con 60 min llega a las 14:49 y el viaje siguiente sale a las 15:03, 14 min después. Es el mismo recorrido, en el mismo modo, que otro viaje del día cuyos minutos chocaban con la salida siguiente."
10619,2,1409708432670,Hombres,37,Empleado,,3,15:03 → 17:03,15:03,Trabajar,,Fábrica o taller,,,,home,,1412002314179,,AUTOMÓVIL PARTICULAR,,120,60,hora:-10h+12h,,changed,,"Novena revisión: 120 min en AUTOMÓVIL PARTICULAR para 34.9 km en línea recta es más del doble de lo que la encuesta suele reportar para ese modo a esa distancia (60 min, la mediana de 2401 viajes): los minutos son el error, no la hora. Con 60 min llega a las 16:03 y el viaje siguiente sale a las 19:00, 177 min después. Novena revisión: la salida vuelve a las 15:03, la hora que reporta la encuesta: con los minutos de traslado que corrige esta revisión cabe después de la llegada del viaje anterior (14:49); la regla de horas la había movido a las 17:03 para dejar sitio a los minutos de más."
10619,2,1409708432670,Hombres,37,Empleado,,4,19:00 → 19:03,19:00,Regresar a Casa,,Su casa,,,,1412002314179,,home,,AUTOMÓVIL PARTICULAR,,120,60,hora:revision,,changed,,"Novena revisión: 120 min en AUTOMÓVIL PARTICULAR para 34.9 km en línea recta es más del doble de lo que la encuesta suele reportar para ese modo a esa distancia (60 min, la mediana de 2401 viajes): los minutos son el error, no la hora. Es el último viaje del día. Es el mismo recorrido, en el mismo modo, que otro viaje del día cuyos minutos chocaban con la salida siguiente. Novena revisión: la salida vuelve a las 19:00, la hora que reporta la encuesta: con los minutos de traslado que corrige esta revisión cabe después de la llegada del viaje anterior (16:03); una revisión anterior la había movido a las 19:03 para dejar sitio a los minutos de más."
11078,1,141200001372A,Hombres,53,Empleado,,1,05:00,,Trabajar,,Fábrica o taller,,Su casa,,home,,1403900013923,,AUTOMÓVIL PARTICULAR,,90,25,,,,,"Novena revisión: 90 min en AUTOMÓVIL PARTICULAR para 4.3 km en línea recta es más del doble de lo que la encuesta suele reportar para ese modo a esa distancia (25 min, la mediana de 5029 viajes): los minutos son el error, no la hora. Con 25 min llega a las 05:25 y el viaje siguiente sale a las 11:53, 388 min después. Es el mismo recorrido, en el mismo modo, que otro viaje del día cuyos minutos chocaban con la salida siguiente."
11078,1,141200001372A,Hombres,53,Empleado,,2,11:53,,Regresar a Casa,,Su casa,,,,1403900013923,,home,,AUTOMÓVIL PARTICULAR,,90,25,,,,,"Novena revisión: 90 min en AUTOMÓVIL PARTICULAR para 4.3 km en línea recta es más del doble de lo que la encuesta suele reportar para ese modo a esa distancia (25 min, la mediana de 5029 viajes): los minutos son el error, no la hora. Con 25 min llega a las 12:18 y el viaje siguiente sale a las 13:13, 55 min después."
11078,1,141200001372A,Hombres,53,Empleado,,3,13:13 → 13:23,13:13,Trabajar,,Fábrica o taller,,,,home,,1403900013923,,AUTOMÓVIL PARTICULAR,,90,25,hora:revision,,changed,,"Novena revisión: 90 min en AUTOMÓVIL PARTICULAR para 4.3 km en línea recta es más del doble de lo que la encuesta suele reportar para ese modo a esa distancia (25 min, la mediana de 5029 viajes): los minutos son el error, no la hora. Con 25 min llega a las 13:38 y el viaje siguiente sale a las 17:00, 202 min después. Es el mismo recorrido, en el mismo modo, que otro viaje del día cuyos minutos chocaban con la salida siguiente. Novena revisión: la salida vuelve a las 13:13, la hora que reporta la encuesta: con los minutos de traslado que corrige esta revisión cabe después de la llegada del viaje anterior (12:18); una revisión anterior la había movido a las 13:23 para dejar sitio a los minutos de más."
11078,1,141200001372A,Hombres,53,Empleado,,4,17:00,,Regresar a Casa,,Su casa,,,,1403900013923,,home,,AUTOMÓVIL PARTICULAR,,90,25,,,,,"Novena revisión: 90 min en AUTOMÓVIL PARTICULAR para 4.3 km en línea recta es más del doble de lo que la encuesta suele reportar para ese modo a esa distancia (25 min, la mediana de 5029 viajes): los minutos son el error, no la hora. Es el último viaje del día. Es el mismo recorrido, en el mismo modo, que otro viaje del día cuyos minutos chocaban con la salida siguiente."
11446,1,1412000016508,Hombres,48,Empleado,,1,06:30,,Trabajar,,Oficina,,Su casa,,home,,140390001158A,,AUTOMÓVIL PARTICULAR,,90,40,,,,,"Novena revisión: 90 min en AUTOMÓVIL PARTICULAR para 11.8 km en línea recta es más del doble de lo que la encuesta suele reportar para ese modo a esa distancia (40 min, la mediana de 5474 viajes): los minutos son el error, no la hora. Con 40 min llega a las 07:10 y el viaje siguiente sale a las 11:50, 280 min después. Es el mismo recorrido, en el mismo modo, que otro viaje del día cuyos minutos chocaban con la salida siguiente."
11446,1,1412000016508,Hombres,48,Empleado,,2,11:50,,Regresar a Casa,,Su casa,,,,140390001158A,,home,,AUTOMÓVIL PARTICULAR,,90,40,,,,,"Novena revisión: 90 min en AUTOMÓVIL PARTICULAR para 11.8 km en línea recta es más del doble de lo que la encuesta suele reportar para ese modo a esa distancia (40 min, la mediana de 5474 viajes): los minutos son el error, no la hora. Con 40 min llega a las 12:30 y el viaje siguiente sale a las 13:19, 49 min después."
11446,1,1412000016508,Hombres,48,Empleado,,3,13:19 → 13:20,13:19,Trabajar,,Oficina,,,,home,,140390001158A,,AUTOMÓVIL PARTICULAR,,90,40,hora:revision,,changed,,"Novena revisión: 90 min en AUTOMÓVIL PARTICULAR para 11.8 km en línea recta es más del doble de lo que la encuesta suele reportar para ese modo a esa distancia (40 min, la mediana de 5474 viajes): los minutos son el error, no la hora. Con 40 min llega a las 13:59 y el viaje siguiente sale a las 16:00, 121 min después. Es el mismo recorrido, en el mismo modo, que otro viaje del día cuyos minutos chocaban con la salida siguiente. Novena revisión: la salida vuelve a las 13:19, la hora que reporta la encuesta: con los minutos de traslado que corrige esta revisión cabe después de la llegada del viaje anterior (12:30); una revisión anterior la había movido a las 13:20 para dejar sitio a los minutos de más."
11446,1,1412000016508,Hombres,48,Empleado,,4,16:00,,Regresar a Casa,,Su casa,,,,140390001158A,,home,,AUTOMÓVIL PARTICULAR,,90,40,,,,,"Novena revisión: 90 min en AUTOMÓVIL PARTICULAR para 11.8 km en línea recta es más del doble de lo que la encuesta suele reportar para ese modo a esa distancia (40 min, la mediana de 5474 viajes): los minutos son el error, no la hora. Es el último viaje del día. Es el mismo recorrido, en el mismo modo, que otro viaje del día cuyos minutos chocaban con la salida siguiente."
11671,1,1412000016071,Hombres,67,,,1,10:00,,Pagar algún servicio o al banco,,Oficina,,Su casa,,home,,1412000014198,,AUTOMÓVIL PARTICULAR,,60,25,,,,,"Novena revisión: 60 min en AUTOMÓVIL PARTICULAR para 4.4 km en línea recta es más del doble de lo que la encuesta suele reportar para ese modo a esa distancia (25 min, la mediana de 5029 viajes): los minutos son el error, no la hora. Con 25 min llega a las 10:25 y el viaje siguiente sale a las 17:00, 395 min después. Es el mismo recorrido, en el mismo modo, que otro viaje del día cuyos minutos chocaban con la salida siguiente."
11671,1,1412000016071,Hombres,67,,,2,17:00,,Regresar a Casa,,Su casa,,,,1412000014198,,home,,AUTOMÓVIL PARTICULAR,,90,25,,,,,"Novena revisión: 90 min en AUTOMÓVIL PARTICULAR para 4.4 km en línea recta es más del doble de lo que la encuesta suele reportar para ese modo a esa distancia (25 min, la mediana de 5029 viajes): los minutos son el error, no la hora. Con 25 min llega a las 17:25 y el viaje siguiente sale a las 18:23, 58 min después."
11671,1,1412000016071,Hombres,67,,,3,18:23 → 18:30,18:23,Compras (comida),,"Comercio, mercado, tienda o centro comercial",,,,home,,1412000013448,,A PIE,,13,,hora:revision,,changed,,"Novena revisión: la salida vuelve a las 18:23, la hora que reporta la encuesta: con los minutos de traslado que corrige esta revisión cabe después de la llegada del viaje anterior (17:25); una revisión anterior la había movido a las 18:30 para dejar sitio a los minutos de más."
11671,1,1412000016071,Hombres,67,,,4,18:45,,Regresar a Casa,,Su casa,,,,1412000013448,,home,,A PIE,,13,,,,,,
11731,2,1412000013448,Mujeres,48,Empleado,,1,07:00,,Trabajar,,Oficina,,Su casa,,home,,1403900010365,,AUTOMÓVIL PARTICULAR,,60,30,,,,,"Novena revisión: 60 min en AUTOMÓVIL PARTICULAR para 7.5 km en línea recta es más del doble de lo que la encuesta suele reportar para ese modo a esa distancia (30 min, la mediana de 5549 viajes): los minutos son el error, no la hora. Con 30 min llega a las 07:30 y el viaje siguiente sale a las 13:55, 385 min después. Es el mismo recorrido, en el mismo modo, que otro viaje del día cuyos minutos chocaban con la salida siguiente."
11731,2,1412000013448,Mujeres,48,Empleado,,2,13:55,,Regresar a Casa,,Su casa,,,,1403900010365,,home,,AUTOMÓVIL PARTICULAR,,90,30,,,,,"Novena revisión: 90 min en AUTOMÓVIL PARTICULAR para 7.5 km en línea recta es más del doble de lo que la encuesta suele reportar para ese modo a esa distancia (30 min, la mediana de 5549 viajes): los minutos son el error, no la hora. Con 30 min llega a las 14:25 y el viaje siguiente sale a las 15:20, 55 min después."
11731,2,1412000013448,Mujeres,48,Empleado,,3,15:20 → 15:25,15:20,Trabajar,,Oficina,,,,home,,1403900010365,,AUTOMÓVIL PARTICULAR,,60,30,hora:revision,,changed,,"Novena revisión: 60 min en AUTOMÓVIL PARTICULAR para 7.5 km en línea recta es más del doble de lo que la encuesta suele reportar para ese modo a esa distancia (30 min, la mediana de 5549 viajes): los minutos son el error, no la hora. Con 30 min llega a las 15:50 y el viaje siguiente sale a las 19:00, 190 min después. Es el mismo recorrido, en el mismo modo, que otro viaje del día cuyos minutos chocaban con la salida siguiente. Novena revisión: la salida vuelve a las 15:20, la hora que reporta la encuesta: con los minutos de traslado que corrige esta revisión cabe después de la llegada del viaje anterior (14:25); una revisión anterior la había movido a las 15:25 para dejar sitio a los minutos de más."
11731,2,1412000013448,Mujeres,48,Empleado,,4,19:00,,Regresar a Casa,,Su casa,,,,1403900010365,,home,,AUTOMÓVIL PARTICULAR,,90,30,,,,,"Novena revisión: 90 min en AUTOMÓVIL PARTICULAR para 7.5 km en línea recta es más del doble de lo que la encuesta suele reportar para ese modo a esa distancia (30 min, la mediana de 5549 viajes): los minutos son el error, no la hora. Es el último viaje del día. Es el mismo recorrido, en el mismo modo, que otro viaje del día cuyos minutos chocaban con la salida siguiente."
11739,2,1412000015374,Mujeres,40,Empleado,,1,08:30,,Trabajar,,Fábrica o taller,,Su casa,,home,,1412002434713,,AUTOMÓVIL PARTICULAR,,90,45,,,,,"Novena revisión: 90 min en AUTOMÓVIL PARTICULAR para 17.8 km en línea recta es más del doble de lo que la encuesta suele reportar para ese modo a esa distancia (45 min, la mediana de 4989 viajes): los minutos son el error, no la hora. Con 45 min llega a las 09:15 y el viaje siguiente sale a las 11:40, 145 min después. Es el mismo recorrido, en el mismo modo, que otro viaje del día cuyos minutos chocaban con la salida siguiente."
11739,2,1412000015374,Mujeres,40,Empleado,,2,11:40,,Regresar a Casa,,Su casa,,,,1412002434713,,home,,AUTOMÓVIL PARTICULAR,,90,45,,,,,"Novena revisión: 90 min en AUTOMÓVIL PARTICULAR para 17.8 km en línea recta es más del doble de lo que la encuesta suele reportar para ese modo a esa distancia (45 min, la mediana de 4989 viajes): los minutos son el error, no la hora. Con 45 min llega a las 12:25 y el viaje siguiente sale a las 13:06, 41 min después."
11739,2,1412000015374,Mujeres,40,Empleado,,3,13:06 → 13:10,13:06,Trabajar,,Fábrica o taller,,,,home,,1412002434713,,AUTOMÓVIL PARTICULAR,,90,45,hora:revision,,changed,,"Novena revisión: 90 min en AUTOMÓVIL PARTICULAR para 17.8 km en línea recta es más del doble de lo que la encuesta suele reportar para ese modo a esa distancia (45 min, la mediana de 4989 viajes): los minutos son el error, no la hora. Con 45 min llega a las 13:51 y el viaje siguiente sale a las 15:00, 69 min después. Es el mismo recorrido, en el mismo modo, que otro viaje del día cuyos minutos chocaban con la salida siguiente. Novena revisión: la salida vuelve a las 13:06, la hora que reporta la encuesta: con los minutos de traslado que corrige esta revisión cabe después de la llegada del viaje anterior (12:25); una revisión anterior la había movido a las 13:10 para dejar sitio a los minutos de más."
11739,2,1412000015374,Mujeres,40,Empleado,,4,15:00,,Regresar a Casa,,Su casa,,,,1412002434713,,home,,AUTOMÓVIL PARTICULAR,,90,45,,,,,"Novena revisión: 90 min en AUTOMÓVIL PARTICULAR para 17.8 km en línea recta es más del doble de lo que la encuesta suele reportar para ese modo a esa distancia (45 min, la mediana de 4989 viajes): los minutos son el error, no la hora. Es el último viaje del día. Es el mismo recorrido, en el mismo modo, que otro viaje del día cuyos minutos chocaban con la salida siguiente."
11769,3,1412000015374,Mujeres,31,Empleado,,1,08:22,,Compras (comida),,"Comercio, mercado, tienda o centro comercial",,Su casa,,home,,141200001536A,,A PIE,,14,,,,,,
11769,3,1412000015374,Mujeres,31,Empleado,,2,08:43,,Regresar a Casa,,Su casa,,,,141200001536A,,home,,A PIE,,14,,,,,,
11769,3,1412000015374,Mujeres,31,Empleado,,3,18:00,,Trabajar,,Oficina,,,,1412000013289 → home,,1412000013289,,AUTOMÓVIL PARTICULAR,,60,30,origen:casa,,changed,,"Novena revisión: 60 min en AUTOMÓVIL PARTICULAR para 6.0 km en línea recta es más del doble de lo que la encuesta suele reportar para ese modo a esa distancia (30 min, la mediana de 5549 viajes): los minutos son el error, no la hora. Con 30 min llega a las 18:30 y el viaje siguiente sale a las 19:00, 30 min después."
11769,3,1412000015374,Mujeres,31,Empleado,,4,16:55 → 19:00,,Regresar a Casa,,Su casa,,,,1412000013289,,home,,AUTOMÓVIL PARTICULAR,,60,30,hora:revision,,changed,,"Novena revisión: 60 min en AUTOMÓVIL PARTICULAR para 6.0 km en línea recta es más del doble de lo que la encuesta suele reportar para ese modo a esa distancia (30 min, la mediana de 5549 viajes): los minutos son el error, no la hora. Con 30 min llega a las 19:30 y el viaje siguiente sale a las 20:00, 30 min después."
11769,3,1412000015374,Mujeres,31,Empleado,,5,18:00 → 20:00,,Trabajar,,Oficina,,,,home,,1412000013289,,AUTOMÓVIL PARTICULAR,,60,30,hora:revision,,changed,,"Novena revisión: 60 min en AUTOMÓVIL PARTICULAR para 6.0 km en línea recta es más del doble de lo que la encuesta suele reportar para ese modo a esa distancia (30 min, la mediana de 5549 viajes): los minutos son el error, no la hora. Con 30 min llega a las 20:30 y el viaje siguiente sale a las 06:00, 570 min después. Es el mismo recorrido, en el mismo modo, que otro viaje del día cuyos minutos chocaban con la salida siguiente."
11769,3,1412000015374,Mujeres,31,Empleado,,6,18:00 → 06:00,,Regresar a Casa,,Su casa,,,,1412000013289,,home,,AUTOMÓVIL PARTICULAR,,60,30,hora:revision,hora_nocturna,changed,,"Novena revisión: 60 min en AUTOMÓVIL PARTICULAR para 6.0 km en línea recta es más del doble de lo que la encuesta suele reportar para ese modo a esa distancia (30 min, la mediana de 5549 viajes): los minutos son el error, no la hora. Es el último viaje del día. Es el mismo recorrido, en el mismo modo, que otro viaje del día cuyos minutos chocaban con la salida siguiente."
11850,1,1412000014060,Hombres,64,Jubilado o pensionado,,1,10:00,,Trabajar,,"Comercio, mercado, tienda o centro comercial",,Su casa,,home,,1412000011225,,CAMIÓN O AUTOBÚS,,60,,,,,,
11850,1,1412000014060,Hombres,64,Jubilado o pensionado,,2,10:36 → 10:45,11:00,Regresar a Casa,,Su casa,,,,1412000011225,,home,,AUTOMÓVIL PARTICULAR,,70,,hora:revision,hora_traslapada,changed,,"Novena revisión: sale a las 11:00, la hora a la que llega el viaje anterior (10:00 + 60 min), en vez de las 10:45: TASHA no admite un viaje que sale antes de que llegue el anterior, y 60 min en CAMIÓN O AUTOBÚS no son excesivos para su distancia, así que se mueve la salida y no los minutos."
11850,1,1412000014060,Hombres,64,Jubilado o pensionado,,3,12:25,,Trabajar,,"Comercio, mercado, tienda o centro comercial",,,,home,,1412000011225,,AUTOMÓVIL PARTICULAR,,60,,,,,,
11850,1,1412000014060,Hombres,64,Jubilado o pensionado,,4,13:00 → 13:10,13:25,Regresar a Casa,,Su casa,,,,1412000011225,,home,,AUTOMÓVIL PARTICULAR,,70,,hora:revision,hora_traslapada,changed,,"Novena revisión: sale a las 13:25, la hora a la que llega el viaje anterior (12:25 + 60 min), en vez de las 13:10: TASHA no admite un viaje que sale antes de que llegue el anterior, y 60 min en AUTOMÓVIL PARTICULAR no son excesivos para su distancia, así que se mueve la salida y no los minutos."
12064,3,1410101932694,Mujeres,24,Empleado,,1,09:00,,Regresar a Casa,,Su casa,,Fábrica o taller,,1412000010246,,home,,Transporte de personal,,100,50,,inicio_fuera_de_casa,,,"Novena revisión: 100 min en Transporte de personal para 19.8 km en línea recta es más del doble de lo que la encuesta suele reportar para ese modo a esa distancia (50 min, la mediana de 691 viajes): los minutos son el error, no la hora. Con 50 min llega a las 09:50 y el viaje siguiente sale a las 10:30, 40 min después."
12064,3,1410101932694,Mujeres,24,Empleado,,2,10:30 → 10:40,10:30,Compras (comida),,"Comercio, mercado, tienda o centro comercial",,,,home,,1410100010490,,CAMIÓN O AUTOBÚS,,30,,hora:revision,,changed,,"Novena revisión: la salida vuelve a las 10:30, la hora que reporta la encuesta: con los minutos de traslado que corrige esta revisión cabe después de la llegada del viaje anterior (09:50); una revisión anterior la había movido a las 10:40 para dejar sitio a los minutos de más."
12064,3,1410101932694,Mujeres,24,Empleado,,3,11:20,,Regresar a Casa,,Su casa,,,,1410100010490,,home,,Taxi,,15,,,,,,
12165,4,141200123,Hombres,37,Empleado,,1,06:02,,Trabajar,,"Comercio, mercado, tienda o centro comercial",,Su casa,,home,,1412000010405,,TREN LIGERO,,133,,,,,,
12165,4,141200123,Hombres,37,Empleado,,2,06:02 → 18:02,,Regresar a Casa,,Su casa,,,,1412000010405,,home,,AUTOMÓVIL PARTICULAR,,80,40,hora:+12h,,changed,,"Novena revisión: 80 min en AUTOMÓVIL PARTICULAR para 9.7 km en línea recta es más del doble de lo que la encuesta suele reportar para ese modo a esa distancia (40 min, la mediana de 5474 viajes): los minutos son el error, no la hora. Con 40 min llega a las 18:42 y el viaje siguiente sale a las 19:21, 39 min después."
12165,4,141200123,Hombres,37,Empleado,,3,19:21 → 19:22,19:21,Compras (comida),,"Restaurante, bar, cafetería",,,,home,,home,,A PIE,,11,,hora:revision,,changed,,"Novena revisión: la salida vuelve a las 19:21, la hora que reporta la encuesta: con los minutos de traslado que corrige esta revisión cabe después de la llegada del viaje anterior (18:42); una revisión anterior la había movido a las 19:22 para dejar sitio a los minutos de más."
12165,4,141200123,Hombres,37,Empleado,,4,19:42,,Regresar a Casa,,Su casa,,,,home,,home,,A PIE,,11,,,,,,
12247,2,1412002065054,Hombres,34,Empleado,,1,04:00,,Trabajar,,Otros (especifique),,Su casa,,1412000013698 → home,,1412000013698,,AUTOMÓVIL PARTICULAR,,120,30,origen:revision,,changed,,"Novena revisión: 120 min en AUTOMÓVIL PARTICULAR para 5.3 km en línea recta es más del doble de lo que la encuesta suele reportar para ese modo a esa distancia (30 min, la mediana de 5549 viajes): los minutos son el error, no la hora. Con 30 min llega a las 04:30 y el viaje siguiente sale a las 12:31, 481 min después. Es el mismo recorrido, en el mismo modo, que otro viaje del día cuyos minutos chocaban con la salida siguiente."
12247,2,1412002065054,Hombres,34,Empleado,,2,12:31,,Regresar a Casa,,Su casa,,,,1412000013698,,home,,AUTOMÓVIL PARTICULAR,,120,30,,,,,"Novena revisión: 120 min en AUTOMÓVIL PARTICULAR para 5.3 km en línea recta es más del doble de lo que la encuesta suele reportar para ese modo a esa distancia (30 min, la mediana de 5549 viajes): los minutos son el error, no la hora. Con 30 min llega a las 13:01 y el viaje siguiente sale a las 14:19, 78 min después."
12247,2,1412002065054,Hombres,34,Empleado,,3,14:19 → 14:31,14:19,Trabajar,,Otros (especifique),,,,home,,1412000013698,,AUTOMÓVIL PARTICULAR,,120,30,hora:revision,,changed,,"Novena revisión: 120 min en AUTOMÓVIL PARTICULAR para 5.3 km en línea recta es más del doble de lo que la encuesta suele reportar para ese modo a esa distancia (30 min, la mediana de 5549 viajes): los minutos son el error, no la hora. Con 30 min llega a las 14:49 y el viaje siguiente sale a las 18:00, 191 min después. Es el mismo recorrido, en el mismo modo, que otro viaje del día cuyos minutos chocaban con la salida siguiente. Novena revisión: la salida vuelve a las 14:19, la hora que reporta la encuesta: con los minutos de traslado que corrige esta revisión cabe después de la llegada del viaje anterior (13:01); una revisión anterior la había movido a las 14:31 para dejar sitio a los minutos de más."
12247,2,1412002065054,Hombres,34,Empleado,,4,18:00,,Regresar a Casa,,Su casa,,,,1412000013698,,home,,AUTOMÓVIL PARTICULAR,,120,30,,,,,"Novena revisión: 120 min en AUTOMÓVIL PARTICULAR para 5.3 km en línea recta es más del doble de lo que la encuesta suele reportar para ese modo a esa distancia (30 min, la mediana de 5549 viajes): los minutos son el error, no la hora. Es el último viaje del día. Es el mismo recorrido, en el mismo modo, que otro viaje del día cuyos minutos chocaban con la salida siguiente."
12265,2,1412004306940,Mujeres,41,Empleado,,1,07:00,,Trabajar,,"Comercio, mercado, tienda o centro comercial",,Su casa,,home,,140980001007A,,AUTOMÓVIL PARTICULAR,,120,60,,,,,"Novena revisión: 120 min en AUTOMÓVIL PARTICULAR para 24.4 km en línea recta es más del doble de lo que la encuesta suele reportar para ese modo a esa distancia (60 min, la mediana de 2401 viajes): los minutos son el error, no la hora. Con 60 min llega a las 08:00 y el viaje siguiente sale a las 11:31, 211 min después. Es el mismo recorrido, en el mismo modo, que otro viaje del día cuyos minutos chocaban con la salida siguiente."
12265,2,1412004306940,Mujeres,41,Empleado,,2,11:31,,Regresar a Casa,,Su casa,,,,140980001007A,,home,,AUTOMÓVIL PARTICULAR,,120,60,,,,,"Novena revisión: 120 min en AUTOMÓVIL PARTICULAR para 24.4 km en línea recta es más del doble de lo que la encuesta suele reportar para ese modo a esa distancia (60 min, la mediana de 2401 viajes): los minutos son el error, no la hora. Con 60 min llega a las 12:31 y el viaje siguiente sale a las 13:20, 49 min después."
12265,2,1412004306940,Mujeres,41,Empleado,,3,13:20 → 13:31,13:20,Trabajar,,"Comercio, mercado, tienda o centro comercial",,,,home,,140980001007A,,AUTOMÓVIL PARTICULAR,,120,60,hora:revision,,changed,,"Novena revisión: 120 min en AUTOMÓVIL PARTICULAR para 24.4 km en línea recta es más del doble de lo que la encuesta suele reportar para ese modo a esa distancia (60 min, la mediana de 2401 viajes): los minutos son el error, no la hora. Con 60 min llega a las 14:20 y el viaje siguiente sale a las 16:30, 130 min después. Es el mismo recorrido, en el mismo modo, que otro viaje del día cuyos minutos chocaban con la salida siguiente. Novena revisión: la salida vuelve a las 13:20, la hora que reporta la encuesta: con los minutos de traslado que corrige esta revisión cabe después de la llegada del viaje anterior (12:31); una revisión anterior la había movido a las 13:31 para dejar sitio a los minutos de más."
12265,2,1412004306940,Mujeres,41,Empleado,,4,16:30,,Regresar a Casa,,Su casa,,,,140980001007A,,home,,AUTOMÓVIL PARTICULAR,,120,60,,,,,"Novena revisión: 120 min en AUTOMÓVIL PARTICULAR para 24.4 km en línea recta es más del doble de lo que la encuesta suele reportar para ese modo a esa distancia (60 min, la mediana de 2401 viajes): los minutos son el error, no la hora. Es el último viaje del día. Es el mismo recorrido, en el mismo modo, que otro viaje del día cuyos minutos chocaban con la salida siguiente."
12294,3,1412004306940,Hombres,28,Empleado,,1,06:30,,Trabajar,,"Comercio, mercado, tienda o centro comercial",,Su casa,,home,,1412000011225,,AUTOMÓVIL PARTICULAR,,120,45,,,,,"Novena revisión: 120 min en AUTOMÓVIL PARTICULAR para 15.9 km en línea recta es más del doble de lo que la encuesta suele reportar para ese modo a esa distancia (45 min, la mediana de 4989 viajes): los minutos son el error, no la hora. Con 45 min llega a las 07:15 y el viaje siguiente sale a las 12:35, 320 min después. Es el mismo recorrido, en el mismo modo, que otro viaje del día cuyos minutos chocaban con la salida siguiente."
12294,3,1412004306940,Hombres,28,Empleado,,2,12:35,,Regresar a Casa,,Su casa,,,,1412000011225,,home,,AUTOMÓVIL PARTICULAR,,120,45,,,,,"Novena revisión: 120 min en AUTOMÓVIL PARTICULAR para 15.9 km en línea recta es más del doble de lo que la encuesta suele reportar para ese modo a esa distancia (45 min, la mediana de 4989 viajes): los minutos son el error, no la hora. Con 45 min llega a las 13:20 y el viaje siguiente sale a las 14:23, 63 min después."
12294,3,1412004306940,Hombres,28,Empleado,,3,14:23 → 14:35,14:23,Trabajar,,"Comercio, mercado, tienda o centro comercial",,,,home,,1412000011225,,AUTOMÓVIL PARTICULAR,,120,45,hora:revision,,changed,,"Novena revisión: 120 min en AUTOMÓVIL PARTICULAR para 15.9 km en línea recta es más del doble de lo que la encuesta suele reportar para ese modo a esa distancia (45 min, la mediana de 4989 viajes): los minutos son el error, no la hora. Con 45 min llega a las 15:08 y el viaje siguiente sale a las 17:00, 112 min después. Es el mismo recorrido, en el mismo modo, que otro viaje del día cuyos minutos chocaban con la salida siguiente. Novena revisión: la salida vuelve a las 14:23, la hora que reporta la encuesta: con los minutos de traslado que corrige esta revisión cabe después de la llegada del viaje anterior (13:20); una revisión anterior la había movido a las 14:35 para dejar sitio a los minutos de más."
12294,3,1412004306940,Hombres,28,Empleado,,4,17:00,,Regresar a Casa,,Su casa,,,,1412000011225,,home,,AUTOMÓVIL PARTICULAR,,120,45,,,,,"Novena revisión: 120 min en AUTOMÓVIL PARTICULAR para 15.9 km en línea recta es más del doble de lo que la encuesta suele reportar para ese modo a esa distancia (45 min, la mediana de 4989 viajes): los minutos son el error, no la hora. Con 45 min llega a las 17:45 y el viaje siguiente sale a las 18:01, 16 min después. Es el mismo recorrido, en el mismo modo, que otro viaje del día cuyos minutos chocaban con la salida siguiente."
12294,3,1412004306940,Hombres,28,Empleado,,5,18:01 → 20:01,18:01,Compras (comida),,"Comercio, mercado, tienda o centro comercial",,,,home,,1412007560424,,A PIE,,3,,hora:-10h+12h,,changed,,"Novena revisión: la salida vuelve a las 18:01, la hora que reporta la encuesta: con los minutos de traslado que corrige esta revisión cabe después de la llegada del viaje anterior (17:45); la regla de horas la había movido a las 20:01 para dejar sitio a los minutos de más."
12294,3,1412004306940,Hombres,28,Empleado,,6,18:10 → 20:10,18:10,Regresar a Casa,,Su casa,,,,1412007560424,,home,,A PIE,,3,,hora:-10h+12h,,changed,,"Novena revisión: la salida vuelve a las 18:10, la hora que reporta la encuesta: con los minutos de traslado que corrige esta revisión cabe después de la llegada del viaje anterior (18:04); la regla de horas la había movido a las 20:10 para dejar sitio a los minutos de más."
12391,1,141200034,Mujeres,40,Hogar,,1,11:45,,Llevar o recoger a alguien,,Escuela,,Su casa,,home,,1412007570462,,Mototaxi,,10,,,,,,
12391,1,141200034,Mujeres,40,Hogar,,2,12:50,,Regresar a Casa,,Su casa,,,,1412007570462,,home,,Mototaxi,,10,,,,,,
12391,1,141200034,Mujeres,40,Hogar,,3,14:00,,Visitar a alguien,,Otra vivienda,,,,home,,1403900014207,,CAMIÓN O AUTOBÚS,,130,,,,,,
12391,1,141200034,Mujeres,40,Hogar,,4,17:30,,Regresar a Casa,,Su casa,,,,1403900014207,,home,,CAMIÓN O AUTOBÚS,,180,80,,,,,"Novena revisión: 180 min en CAMIÓN O AUTOBÚS para 25.2 km en línea recta es más del doble de lo que la encuesta suele reportar para ese modo a esa distancia (80 min, la mediana de 2619 viajes): los minutos son el error, no la hora. Con 80 min llega a las 18:50 y el viaje siguiente sale a las 20:18, 88 min después."
12391,1,141200034,Mujeres,40,Hogar,,5,18:18 → 20:30,20:18,Deportes o recreación,,Centro cultural o área recreativa,,,,home,,home,,A PIE,,6,,hora:revision,,changed,,"Novena revisión: la salida vuelve a las 20:18, la hora que dan las reglas; la primera revisión la había recorrido a las 20:30, la llegada del viaje anterior con sus 180 min, que esta revisión corrige a 80."
12391,1,141200034,Mujeres,40,Hogar,,6,18:31 → 20:43,,Regresar a Casa,,Su casa,,,,home,,home,,A PIE,,6,,hora:revision,,changed,,
12417,4,141200034,Mujeres,44,Hogar,,1,11:43,,Llevar o recoger a alguien,,Escuela,,Su casa,,home,,1412007570462,,Mototaxi,,10,,,,,,
12417,4,141200034,Mujeres,44,Hogar,,2,12:48,,Regresar a Casa,,Su casa,,,,1412007570462,,home,,Mototaxi,,10,,,,,,
12417,4,141200034,Mujeres,44,Hogar,,3,14:03,,Visitar a alguien,,Otra vivienda,,,,home,,1403900014207,,MI MACRO,,173,,,,,,
12417,4,141200034,Mujeres,44,Hogar,,4,17:28,,Regresar a Casa,,Su casa,,,,1403900014207,,home,,MI MACRO,,207,90,,,,,"Novena revisión: 207 min en MI MACRO para 25.2 km en línea recta es más del doble de lo que la encuesta suele reportar para ese modo a esa distancia (90 min, la mediana de 257 viajes): los minutos son el error, no la hora. Con 90 min llega a las 18:58 y el viaje siguiente sale a las 20:55, 117 min después."
12417,4,141200034,Mujeres,44,Hogar,,5,18:24 → 20:55,,Compras (comida),,"Comercio, mercado, tienda o centro comercial",,,,home,,home,,A PIE,,4,,hora:revision,,changed,,
12417,4,141200034,Mujeres,44,Hogar,,6,18:38 → 21:09,,Regresar a Casa,,Su casa,,,,home,,home,,A PIE,,4,,hora:revision,,changed,,
12434,1,1412007580496,Hombres,37,Empleado,,1,05:00,,Trabajar,,Fábrica o taller,,Fábrica o taller → Su casa,,1409700010918 → home,,1409700010918,,AUTOMÓVIL PARTICULAR,,70,,tipo_origen:revision;origen:revision,,changed,,
12434,1,1412007580496,Hombres,37,Empleado,,2,14:43,,Regresar a Casa,,Su casa,,,,1409700010918,,home,,AUTOMÓVIL PARTICULAR,,120,60,tipo_origen:revision,,changed,,"Novena revisión: 120 min en AUTOMÓVIL PARTICULAR para 42.1 km en línea recta es más del doble de lo que la encuesta suele reportar para ese modo a esa distancia (60 min, la mediana de 2401 viajes): los minutos son el error, no la hora. Con 60 min llega a las 15:43 y el viaje siguiente sale a las 16:28, 45 min después."
12434,1,1412007580496,Hombres,37,Empleado,,3,16:28 → 16:43,16:28,Trabajar,,Fábrica o taller,,,,home,,1409700010918,,AUTOMÓVIL PARTICULAR,,70,,hora:revision;tipo_origen:revision,,changed,,"Novena revisión: la salida vuelve a las 16:28, la hora que reporta la encuesta: con los minutos de traslado que corrige esta revisión cabe después de la llegada del viaje anterior (15:43); una revisión anterior la había movido a las 16:43 para dejar sitio a los minutos de más."
12434,1,1412007580496,Hombres,37,Empleado,,4,20:00,,Regresar a Casa,,Su casa,,,,1409700010918,,home,,AUTOMÓVIL PARTICULAR,,120,60,tipo_origen:revision,,changed,,"Novena revisión: 120 min en AUTOMÓVIL PARTICULAR para 42.1 km en línea recta es más del doble de lo que la encuesta suele reportar para ese modo a esa distancia (60 min, la mediana de 2401 viajes): los minutos son el error, no la hora. Es el último viaje del día. Es el mismo recorrido, en el mismo modo, que otro viaje del día cuyos minutos chocaban con la salida siguiente."
12489,1,141200758080A,Hombres,30,Empleado,,1,21:30,,Trabajar,,Fábrica o taller,,Su casa,,home,,1409700340388,,Transporte de personal,,120,60,,,,,"Novena revisión: 120 min en Transporte de personal para 41.6 km en línea recta es más del doble de lo que la encuesta suele reportar para ese modo a esa distancia (60 min, la mediana de 305 viajes): los minutos son el error, no la hora. Con 60 min llega a las 22:30 y el viaje siguiente sale a las 23:20, 50 min después."
12489,1,141200758080A,Hombres,30,Empleado,,2,11:20 → 23:30,23:20,Regresar a Casa,,Su casa,,,,1409700340388,,home,,Transporte de personal,,120,60,hora:revision,,changed,,"Novena revisión: 120 min en Transporte de personal para 41.6 km en línea recta es más del doble de lo que la encuesta suele reportar para ese modo a esa distancia (60 min, la mediana de 305 viajes): los minutos son el error, no la hora. Es el último viaje del día. Es el mismo recorrido, en el mismo modo, que otro viaje del día cuyos minutos chocaban con la salida siguiente. Novena revisión: la salida vuelve a las 23:20, la hora que dan las reglas; la primera revisión la había recorrido a las 23:30, la llegada del viaje anterior con sus 120 min, que esta revisión corrige a 60."
12771,2,1412000620180,Mujeres,29,Empleado,,1,12:50,,Trabajar,,Fábrica o taller,,Su casa,,home,,1403900010238,,AUTOMÓVIL PARTICULAR,,90,45,,,,,"Novena revisión: 90 min en AUTOMÓVIL PARTICULAR para 19.1 km en línea recta es más del doble de lo que la encuesta suele reportar para ese modo a esa distancia (45 min, la mediana de 4989 viajes): los minutos son el error, no la hora. Con 45 min llega a las 13:35 y el viaje siguiente sale a las 16:45, 190 min después. Es el mismo recorrido, en el mismo modo, que otro viaje del día cuyos minutos chocaban con la salida siguiente."
12771,2,1412000620180,Mujeres,29,Empleado,,2,16:45,,Regresar a Casa,,Su casa,,,,1403900010238,,home,,AUTOMÓVIL PARTICULAR,,90,45,,,,,"Novena revisión: 90 min en AUTOMÓVIL PARTICULAR para 19.1 km en línea recta es más del doble de lo que la encuesta suele reportar para ese modo a esa distancia (45 min, la mediana de 4989 viajes): los minutos son el error, no la hora. Con 45 min llega a las 17:30 y el viaje siguiente sale a las 18:00, 30 min después."
12771,2,1412000620180,Mujeres,29,Empleado,,3,18:00 → 18:15,18:00,Trabajar,,Fábrica o taller,,,,home,,1403900010238,,AUTOMÓVIL PARTICULAR,,90,45,hora:revision,,changed,,"Novena revisión: 90 min en AUTOMÓVIL PARTICULAR para 19.1 km en línea recta es más del doble de lo que la encuesta suele reportar para ese modo a esa distancia (45 min, la mediana de 4989 viajes): los minutos son el error, no la hora. Con 45 min llega a las 18:45 y el viaje siguiente sale a las 21:00, 135 min después. Es el mismo recorrido, en el mismo modo, que otro viaje del día cuyos minutos chocaban con la salida siguiente. Novena revisión: la salida vuelve a las 18:00, la hora que reporta la encuesta: con los minutos de traslado que corrige esta revisión cabe después de la llegada del viaje anterior (17:30); una revisión anterior la había movido a las 18:15 para dejar sitio a los minutos de más."
12771,2,1412000620180,Mujeres,29,Empleado,,4,21:00,,Regresar a Casa,,Su casa,,,,1403900010238,,home,,AUTOMÓVIL PARTICULAR,,90,45,,,,,"Novena revisión: 90 min en AUTOMÓVIL PARTICULAR para 19.1 km en línea recta es más del doble de lo que la encuesta suele reportar para ese modo a esa distancia (45 min, la mediana de 4989 viajes): los minutos son el error, no la hora. Es el último viaje del día. Es el mismo recorrido, en el mismo modo, que otro viaje del día cuyos minutos chocaban con la salida siguiente."
12868,2,1412002314145,Mujeres,33,Empleado,,1,06:00,,Trabajar,,Fábrica o taller,,Su casa,,home,,1412001395980,,AUTOMÓVIL PARTICULAR,,90,25,,,,,"Novena revisión: 90 min en AUTOMÓVIL PARTICULAR para 4.9 km en línea recta es más del doble de lo que la encuesta suele reportar para ese modo a esa distancia (25 min, la mediana de 5029 viajes): los minutos son el error, no la hora. Con 25 min llega a las 06:25 y el viaje siguiente sale a las 11:49, 324 min después. Es el mismo recorrido, en el mismo modo, que otro viaje del día cuyos minutos chocaban con la salida siguiente."
12868,2,1412002314145,Mujeres,33,Empleado,,2,11:49,,Regresar a Casa,,Su casa,,,,1412001395980,,home,,AUTOMÓVIL PARTICULAR,,90,25,,,,,"Novena revisión: 90 min en AUTOMÓVIL PARTICULAR para 4.9 km en línea recta es más del doble de lo que la encuesta suele reportar para ese modo a esa distancia (25 min, la mediana de 5029 viajes): los minutos son el error, no la hora. Con 25 min llega a las 12:14 y el viaje siguiente sale a las 13:15, 61 min después."
12868,2,1412002314145,Mujeres,33,Empleado,,3,13:15 → 13:19,13:15,Trabajar,,Fábrica o taller,,,,home,,1412001395980,,AUTOMÓVIL PARTICULAR,,90,25,hora:revision,,changed,,"Novena revisión: 90 min en AUTOMÓVIL PARTICULAR para 4.9 km en línea recta es más del doble de lo que la encuesta suele reportar para ese modo a esa distancia (25 min, la mediana de 5029 viajes): los minutos son el error, no la hora. Con 25 min llega a las 13:40 y el viaje siguiente sale a las 16:30, 170 min después. Es el mismo recorrido, en el mismo modo, que otro viaje del día cuyos minutos chocaban con la salida siguiente. Novena revisión: la salida vuelve a las 13:15, la hora que reporta la encuesta: con los minutos de traslado que corrige esta revisión cabe después de la llegada del viaje anterior (12:14); una revisión anterior la había movido a las 13:19 para dejar sitio a los minutos de más."
12868,2,1412002314145,Mujeres,33,Empleado,,4,16:30,,Regresar a Casa,,Su casa,,,,1412001395980,,home,,AUTOMÓVIL PARTICULAR,,90,25,,,,,"Novena revisión: 90 min en AUTOMÓVIL PARTICULAR para 4.9 km en línea recta es más del doble de lo que la encuesta suele reportar para ese modo a esa distancia (25 min, la mediana de 5029 viajes): los minutos son el error, no la hora. Es el último viaje del día. Es el mismo recorrido, en el mismo modo, que otro viaje del día cuyos minutos chocaban con la salida siguiente."
12985,4,1412002314145,Hombres,26,Empleado,,1,06:00,,Trabajar,,Fábrica o taller,,Su casa,,home,,1412002434713,,Transporte de personal,,90,40,,,,,"Novena revisión: 90 min en Transporte de personal para 10.2 km en línea recta es más del doble de lo que la encuesta suele reportar para ese modo a esa distancia (40 min, la mediana de 494 viajes): los minutos son el error, no la hora. Con 40 min llega a las 06:40 y el viaje siguiente sale a las 17:00, 620 min después. Es el mismo recorrido, en el mismo modo, que otro viaje del día cuyos minutos chocaban con la salida siguiente."
12985,4,1412002314145,Hombres,26,Empleado,,2,17:00,,Regresar a Casa,,Su casa,,,,1412002434713,,home,,Transporte de personal,,90,40,,,,,"Novena revisión: 90 min en Transporte de personal para 10.2 km en línea recta es más del doble de lo que la encuesta suele reportar para ese modo a esa distancia (40 min, la mediana de 494 viajes): los minutos son el error, no la hora. Con 40 min llega a las 17:40 y el viaje siguiente sale a las 18:19, 39 min después."
12985,4,1412002314145,Hombres,26,Empleado,,3,18:19 → 18:30,18:19,Deportes o recreación,,"Deportivo, gimnasio",,,,home,,home,,A PIE,,14,,hora:revision,,changed,,"Novena revisión: la salida vuelve a las 18:19, la hora que reporta la encuesta: con los minutos de traslado que corrige esta revisión cabe después de la llegada del viaje anterior (17:40); una revisión anterior la había movido a las 18:30 para dejar sitio a los minutos de más."
12985,4,1412002314145,Hombres,26,Empleado,,4,18:37 → 18:44,18:37,Regresar a Casa,,Su casa,,,,home,,home,,A PIE,,14,,hora:revision,,changed,,"Novena revisión: la salida vuelve a las 18:37, la hora que reporta la encuesta: con los minutos de traslado que corrige esta revisión cabe después de la llegada del viaje anterior (18:33); una revisión anterior la había movido a las 18:44 para dejar sitio a los minutos de más."
12987,1,1412002314179,Mujeres,29,Empleado,,1,07:00,,Trabajar,,Oficina,,Su casa,,home,,1412000010405,,AUTOMÓVIL PARTICULAR,,60,,,,,,
12987,1,1412002314179,Mujeres,29,Empleado,,2,14:36,,Regresar a Casa,,Su casa,,,,1412000010405,,home,,AUTOMÓVIL PARTICULAR,,90,45,,,,,"Novena revisión: 90 min en AUTOMÓVIL PARTICULAR para 13.0 km en línea recta es más del doble de lo que la encuesta suele reportar para ese modo a esa distancia (45 min, la mediana de 4989 viajes): los minutos son el error, no la hora. Con 45 min llega a las 15:21 y el viaje siguiente sale a las 16:04, 43 min después."
12987,1,1412002314179,Mujeres,29,Empleado,,3,16:04 → 16:06,16:04,Trabajar,,Oficina,,,,home,,1412000010405,,AUTOMÓVIL PARTICULAR,,60,,hora:revision,,changed,,"Novena revisión: la salida vuelve a las 16:04, la hora que reporta la encuesta: con los minutos de traslado que corrige esta revisión cabe después de la llegada del viaje anterior (15:21); una revisión anterior la había movido a las 16:06 para dejar sitio a los minutos de más."
12987,1,1412002314179,Mujeres,29,Empleado,,4,20:00,,Regresar a Casa,,Su casa,,,,1412000010405,,home,,AUTOMÓVIL PARTICULAR,,90,45,,,,,"Novena revisión: 90 min en AUTOMÓVIL PARTICULAR para 13.0 km en línea recta es más del doble de lo que la encuesta suele reportar para ese modo a esa distancia (45 min, la mediana de 4989 viajes): los minutos son el error, no la hora. Es el último viaje del día. Es el mismo recorrido, en el mismo modo, que otro viaje del día cuyos minutos chocaban con la salida siguiente."
12990,1,1412002314179,Hombres,38,Trabajador independiente,,1,07:00,,Trabajar,,"Comercio, mercado, tienda o centro comercial",,Su casa,,home,,1410100010912,,AUTOMÓVIL PARTICULAR,,120,60,,,,,"Novena revisión: 120 min en AUTOMÓVIL PARTICULAR para 32.6 km en línea recta es más del doble de lo que la encuesta suele reportar para ese modo a esa distancia (60 min, la mediana de 2401 viajes): los minutos son el error, no la hora. Con 60 min llega a las 08:00 y el viaje siguiente sale a las 14:39, 399 min después. Es el mismo recorrido, en el mismo modo, que otro viaje del día cuyos minutos chocaban con la salida siguiente."
12990,1,1412002314179,Hombres,38,Trabajador independiente,,2,14:39,,Regresar a Casa,,Su casa,,,,1410100010912,,home,,AUTOMÓVIL PARTICULAR,,120,60,,,,,"Novena revisión: 120 min en AUTOMÓVIL PARTICULAR para 32.6 km en línea recta es más del doble de lo que la encuesta suele reportar para ese modo a esa distancia (60 min, la mediana de 2401 viajes): los minutos son el error, no la hora. Con 60 min llega a las 15:39 y el viaje siguiente sale a las 16:24, 45 min después."
12990,1,1412002314179,Hombres,38,Trabajador independiente,,3,16:24 → 16:39,16:24,Trabajar,,"Comercio, mercado, tienda o centro comercial",,,,home,,1410100010912,,AUTOMÓVIL PARTICULAR,,120,60,hora:revision,,changed,,"Novena revisión: 120 min en AUTOMÓVIL PARTICULAR para 32.6 km en línea recta es más del doble de lo que la encuesta suele reportar para ese modo a esa distancia (60 min, la mediana de 2401 viajes): los minutos son el error, no la hora. Con 60 min llega a las 17:24 y el viaje siguiente sale a las 20:00, 156 min después. Es el mismo recorrido, en el mismo modo, que otro viaje del día cuyos minutos chocaban con la salida siguiente. Novena revisión: la salida vuelve a las 16:24, la hora que reporta la encuesta: con los minutos de traslado que corrige esta revisión cabe después de la llegada del viaje anterior (15:39); una revisión anterior la había movido a las 16:39 para dejar sitio a los minutos de más."
12990,1,1412002314179,Hombres,38,Trabajador independiente,,4,20:00,,Regresar a Casa,,Su casa,,,,1410100010912,,home,,AUTOMÓVIL PARTICULAR,,120,60,,,,,"Novena revisión: 120 min en AUTOMÓVIL PARTICULAR para 32.6 km en línea recta es más del doble de lo que la encuesta suele reportar para ese modo a esa distancia (60 min, la mediana de 2401 viajes): los minutos son el error, no la hora. Es el último viaje del día. Es el mismo recorrido, en el mismo modo, que otro viaje del día cuyos minutos chocaban con la salida siguiente."
13157,2,141200142,Hombres,53,Empleado,,1,05:30,,Trabajar,,"Comercio, mercado, tienda o centro comercial",,Su casa,,home,,1403900015366,,AUTOMÓVIL PARTICULAR,,120,45,,,,,"Novena revisión: 120 min en AUTOMÓVIL PARTICULAR para 19.8 km en línea recta es más del doble de lo que la encuesta suele reportar para ese modo a esa distancia (45 min, la mediana de 4989 viajes): los minutos son el error, no la hora. Con 45 min llega a las 06:15 y el viaje siguiente sale a las 08:38, 143 min después. Es el mismo recorrido, en el mismo modo, que otro viaje del día cuyos minutos chocaban con la salida siguiente."
13157,2,141200142,Hombres,53,Empleado,,2,08:38,,Regresar a Casa,,Su casa,,,,1403900015366,,home,,AUTOMÓVIL PARTICULAR,,120,45,,,,,"Novena revisión: 120 min en AUTOMÓVIL PARTICULAR para 19.8 km en línea recta es más del doble de lo que la encuesta suele reportar para ese modo a esa distancia (45 min, la mediana de 4989 viajes): los minutos son el error, no la hora. Con 45 min llega a las 09:23 y el viaje siguiente sale a las 10:02, 39 min después. Es el mismo recorrido, en el mismo modo, que otro viaje del día cuyos minutos chocaban con la salida siguiente."
13157,2,141200142,Hombres,53,Empleado,,3,10:02 → 12:02,10:02,Trabajar,,"Comercio, mercado, tienda o centro comercial",,,,home,,1403900015366,,AUTOMÓVIL PARTICULAR,,120,45,hora:-10h+12h,,changed,,"Novena revisión: 120 min en AUTOMÓVIL PARTICULAR para 19.8 km en línea recta es más del doble de lo que la encuesta suele reportar para ese modo a esa distancia (45 min, la mediana de 4989 viajes): los minutos son el error, no la hora. Con 45 min llega a las 10:47 y el viaje siguiente sale a las 12:00, 73 min después. Novena revisión: la salida vuelve a las 10:02, la hora que reporta la encuesta: con los minutos de traslado que corrige esta revisión cabe después de la llegada del viaje anterior (09:23); la regla de horas la había movido a las 12:02 para dejar sitio a los minutos de más."
13157,2,141200142,Hombres,53,Empleado,,4,12:00 → 14:02,12:00,Regresar a Casa,,Su casa,,,,1403900015366,,home,,AUTOMÓVIL PARTICULAR,,120,45,hora:revision,,changed,,"Novena revisión: 120 min en AUTOMÓVIL PARTICULAR para 19.8 km en línea recta es más del doble de lo que la encuesta suele reportar para ese modo a esa distancia (45 min, la mediana de 4989 viajes): los minutos son el error, no la hora. Con 45 min llega a las 12:45 y el viaje siguiente sale a las 19:15, 390 min después. Es el mismo recorrido, en el mismo modo, que otro viaje del día cuyos minutos chocaban con la salida siguiente. Novena revisión: la salida vuelve a las 12:00, la hora que reporta la encuesta: con los minutos de traslado que corrige esta revisión cabe después de la llegada del viaje anterior (10:47); una revisión anterior la había movido a las 14:02 para dejar sitio a los minutos de más."
13157,2,141200142,Hombres,53,Empleado,,5,19:15,,"Compras (bienes, productos y servicios)",,"Comercio, mercado, tienda o centro comercial",,,,home,,home,,A PIE,,9,,,,,,
13157,2,141200142,Hombres,53,Empleado,,6,19:27,,Regresar a Casa,,Su casa,,,,home,,home,,A PIE,,9,,,,,,
13257,3,1412002434709,Mujeres,37,Empleado,,1,06:50,,Trabajar,,Fábrica o taller,,Su casa,,home,,1412000016599,,AUTOMÓVIL PARTICULAR,,90,40,,,,,"Novena revisión: 90 min en AUTOMÓVIL PARTICULAR para 9.1 km en línea recta es más del doble de lo que la encuesta suele reportar para ese modo a esa distancia (40 min, la mediana de 5474 viajes): los minutos son el error, no la hora. Con 40 min llega a las 07:30 y el viaje siguiente sale a las 10:47, 197 min después. Es el mismo recorrido, en el mismo modo, que otro viaje del día cuyos minutos chocaban con la salida siguiente."
13257,3,1412002434709,Mujeres,37,Empleado,,2,10:47,,Regresar a Casa,,Su casa,,,,1412000016599,,home,,AUTOMÓVIL PARTICULAR,,90,40,,,,,"Novena revisión: 90 min en AUTOMÓVIL PARTICULAR para 9.1 km en línea recta es más del doble de lo que la encuesta suele reportar para ese modo a esa distancia (40 min, la mediana de 5474 viajes): los minutos son el error, no la hora. Con 40 min llega a las 11:27 y el viaje siguiente sale a las 12:10, 43 min después."
13257,3,1412002434709,Mujeres,37,Empleado,,3,12:10 → 12:17,12:10,Trabajar,,Fábrica o taller,,,,home,,1412000016599,,AUTOMÓVIL PARTICULAR,,90,40,hora:revision,,changed,,"Novena revisión: 90 min en AUTOMÓVIL PARTICULAR para 9.1 km en línea recta es más del doble de lo que la encuesta suele reportar para ese modo a esa distancia (40 min, la mediana de 5474 viajes): los minutos son el error, no la hora. Con 40 min llega a las 12:50 y el viaje siguiente sale a las 15:00, 130 min después. Es el mismo recorrido, en el mismo modo, que otro viaje del día cuyos minutos chocaban con la salida siguiente. Novena revisión: la salida vuelve a las 12:10, la hora que reporta la encuesta: con los minutos de traslado que corrige esta revisión cabe después de la llegada del viaje anterior (11:27); una revisión anterior la había movido a las 12:17 para dejar sitio a los minutos de más."
13257,3,1412002434709,Mujeres,37,Empleado,,4,15:00,,Regresar a Casa,,Su casa,,,,1412000016599,,home,,AUTOMÓVIL PARTICULAR,,90,40,,,,,"Novena revisión: 90 min en AUTOMÓVIL PARTICULAR para 9.1 km en línea recta es más del doble de lo que la encuesta suele reportar para ese modo a esa distancia (40 min, la mediana de 5474 viajes): los minutos son el error, no la hora. Es el último viaje del día. Es el mismo recorrido, en el mismo modo, que otro viaje del día cuyos minutos chocaban con la salida siguiente."
13388,5,1412000011278,Hombres,7,Estudiante,,1,10:05,,Deportes o recreación,,Centro cultural o área recreativa,,Su casa,,home,,1403900011359,,AUTOMÓVIL PARTICULAR,,60,30,,,,,"Novena revisión: 60 min en AUTOMÓVIL PARTICULAR para 8.0 km en línea recta es más del doble de lo que la encuesta suele reportar para ese modo a esa distancia (30 min, la mediana de 5549 viajes): los minutos son el error, no la hora. Con 30 min llega a las 10:35 y el viaje siguiente sale a las 17:09, 394 min después. Es el mismo recorrido, en el mismo modo, que otro viaje del día cuyos minutos chocaban con la salida siguiente."
13388,5,1412000011278,Hombres,7,Estudiante,,2,17:09,,Regresar a Casa,,Su casa,,,,1403900011359,,home,,AUTOMÓVIL PARTICULAR,,60,30,,,,,"Novena revisión: 60 min en AUTOMÓVIL PARTICULAR para 8.0 km en línea recta es más del doble de lo que la encuesta suele reportar para ese modo a esa distancia (30 min, la mediana de 5549 viajes): los minutos son el error, no la hora. Con 30 min llega a las 17:39 y el viaje siguiente sale a las 18:05, 26 min después."
13388,5,1412000011278,Hombres,7,Estudiante,,3,18:05 → 18:09,18:05,Otros (especifique),,Otros (especifique),,,,home,,1412000013217,,A PIE,,4,,hora:revision,,changed,,"Novena revisión: la salida vuelve a las 18:05, la hora que reporta la encuesta: con los minutos de traslado que corrige esta revisión cabe después de la llegada del viaje anterior (17:39); una revisión anterior la había movido a las 18:09 para dejar sitio a los minutos de más."
13388,5,1412000011278,Hombres,7,Estudiante,,4,18:17,,Regresar a Casa,,Su casa,,,,1412000013217,,home,,A PIE,,4,,,,,,
13535,3,141200001454A,Hombres,27,Empleado,,1,07:30,,Trabajar,,"Comercio, mercado, tienda o centro comercial",,Su casa,,home,,1412000014535,,AUTOMÓVIL PARTICULAR,,40,,,,,,
13535,3,141200001454A,Hombres,27,Empleado,,2,17:00,,Regresar a Casa,,Su casa,,,,1412000014535,,home,,CAMIÓN O AUTOBÚS,,70,20,,,,,"Novena revisión: 70 min en CAMIÓN O AUTOBÚS para 1.1 km en línea recta es más del doble de lo que la encuesta suele reportar para ese modo a esa distancia (20 min, la mediana de 3335 viajes): los minutos son el error, no la hora. Con 20 min llega a las 17:20 y el viaje siguiente sale a las 18:00, 40 min después."
13535,3,141200001454A,Hombres,27,Empleado,,3,18:00 → 18:10,18:00,Trabajar,,"Comercio, mercado, tienda o centro comercial",,,,home,,1412000013611,,A PIE,,15,,hora:revision,,changed,,"Novena revisión: la salida vuelve a las 18:00, la hora que reporta la encuesta: con los minutos de traslado que corrige esta revisión cabe después de la llegada del viaje anterior (17:20); una revisión anterior la había movido a las 18:10 para dejar sitio a los minutos de más."
13535,3,141200001454A,Hombres,27,Empleado,,4,19:24,,Regresar a Casa,,Su casa,,,,1412000013611,,home,,A PIE,,15,,,,,,
13587,2,1409708634111,Mujeres,24,,,1,11:00,,Compras (comida),,"Comercio, mercado, tienda o centro comercial",,Su casa,,home,,1409800011928,,MOTOCICLETA,,100,45,,,,,"Novena revisión: 100 min en MOTOCICLETA para 21.2 km en línea recta es más del doble de lo que la encuesta suele reportar para ese modo a esa distancia (45 min, la mediana de 150 viajes): los minutos son el error, no la hora. Con 45 min llega a las 11:45 y el viaje siguiente sale a las 16:30, 285 min después. Es el mismo recorrido, en el mismo modo, que otro viaje del día cuyos minutos chocaban con la salida siguiente."
13587,2,1409708634111,Mujeres,24,,,2,16:30,,Regresar a Casa,,Su casa,,,,1409800011928,,home,,MOTOCICLETA,,100,45,,,,,"Novena revisión: 100 min en MOTOCICLETA para 21.2 km en línea recta es más del doble de lo que la encuesta suele reportar para ese modo a esa distancia (45 min, la mediana de 150 viajes): los minutos son el error, no la hora. Con 45 min llega a las 17:15 y el viaje siguiente sale a las 18:07, 52 min después."
13587,2,1409708634111,Mujeres,24,,,3,— → 18:10,18:07,— → Compras (comida),,"— → Comercio, mercado, tienda o centro comercial",,,,home,,home,,A PIE,,14,,motivo:vecinos;hora:revision,,changed,,"Novena revisión: la salida vuelve a las 18:07, la hora que dan las reglas; la primera revisión la había recorrido a las 18:10, la llegada del viaje anterior con sus 100 min, que esta revisión corrige a 45."
13587,2,1409708634111,Mujeres,24,,,4,18:21 → 18:24,,Regresar a Casa,,Su casa,,,,home,,home,,A PIE,,14,,hora:revision,,changed,,
13603,4,1407000201382,Hombres,24,Empleado,,1,21:00 → 09:00,,Trabajar,,"Comercio, mercado, tienda o centro comercial",,Su casa,,home,,14097059A,,AUTOMÓVIL PARTICULAR,,120,30,hora:revision,,changed,,"Novena revisión: 120 min en AUTOMÓVIL PARTICULAR para 5.5 km en línea recta es más del doble de lo que la encuesta suele reportar para ese modo a esa distancia (30 min, la mediana de 5549 viajes): los minutos son el error, no la hora. Con 30 min llega a las 09:30 y el viaje siguiente sale a las 20:32, 662 min después. Es el mismo recorrido, en el mismo modo, que otro viaje del día cuyos minutos chocaban con la salida siguiente."
13603,4,1407000201382,Hombres,24,Empleado,,2,20:32,,Regresar a Casa,,Su casa,,,,14097059A,,home,,AUTOMÓVIL PARTICULAR,,120,30,,,,,"Novena revisión: 120 min en AUTOMÓVIL PARTICULAR para 5.5 km en línea recta es más del doble de lo que la encuesta suele reportar para ese modo a esa distancia (30 min, la mediana de 5549 viajes): los minutos son el error, no la hora. Con 30 min llega a las 21:02 y el viaje siguiente sale a las 22:00, 58 min después."
13603,4,1407000201382,Hombres,24,Empleado,,3,22:00 → 22:32,22:00,Trabajar,,"Comercio, mercado, tienda o centro comercial",,,,home,,14097059A,,AUTOMÓVIL PARTICULAR,,120,30,hora:revision,,changed,,"Novena revisión: 120 min en AUTOMÓVIL PARTICULAR para 5.5 km en línea recta es más del doble de lo que la encuesta suele reportar para ese modo a esa distancia (30 min, la mediana de 5549 viajes): los minutos son el error, no la hora. Con 30 min llega a las 22:30 y el viaje siguiente sale a las 23:01, 31 min después. Novena revisión: la salida vuelve a las 22:00, la hora que reporta la encuesta: con los minutos de traslado que corrige esta revisión cabe después de la llegada del viaje anterior (21:02); una revisión anterior la había movido a las 22:32 para dejar sitio a los minutos de más."
13603,4,1407000201382,Hombres,24,Empleado,,4,23:01 → 00:32,23:01,Regresar a Casa,,Su casa,,,,14097059A,,home,,AUTOMÓVIL PARTICULAR,,120,30,hora:revision,hora_nocturna,changed,,"Novena revisión: 120 min en AUTOMÓVIL PARTICULAR para 5.5 km en línea recta es más del doble de lo que la encuesta suele reportar para ese modo a esa distancia (30 min, la mediana de 5549 viajes): los minutos son el error, no la hora. Es el último viaje del día. Es el mismo recorrido, en el mismo modo, que otro viaje del día cuyos minutos chocaban con la salida siguiente. Novena revisión: la salida vuelve a las 23:01, la hora que reporta la encuesta: con los minutos de traslado que corrige esta revisión cabe después de la llegada del viaje anterior (22:30); una revisión anterior la había movido a las 00:32 para dejar sitio a los minutos de más."
13885,3,1410100011200,Mujeres,37,Hogar,,1,08:00,,Llevar o recoger a alguien,,"Comercio, mercado, tienda o centro comercial",,Su casa,,home,,1403900011359,,CAMIÓN O AUTOBÚS,,120,60,,,,,"Novena revisión: 120 min en CAMIÓN O AUTOBÚS para 14.7 km en línea recta es más del doble de lo que la encuesta suele reportar para ese modo a esa distancia (60 min, la mediana de 5803 viajes): los minutos son el error, no la hora. Con 60 min llega a las 09:00 y el viaje siguiente sale a las 12:00, 180 min después. Es el mismo recorrido, en el mismo modo, que otro viaje del día cuyos minutos chocaban con la salida siguiente."
13885,3,1410100011200,Mujeres,37,Hogar,,2,12:00,,Regresar a Casa,,Su casa,,,,1403900011359,,home,,CAMIÓN O AUTOBÚS,,130,60,,,,,"Novena revisión: 130 min en CAMIÓN O AUTOBÚS para 14.7 km en línea recta es más del doble de lo que la encuesta suele reportar para ese modo a esa distancia (60 min, la mediana de 5803 viajes): los minutos son el error, no la hora. Con 60 min llega a las 13:00 y el viaje siguiente sale a las 14:00, 60 min después."
13885,3,1410100011200,Mujeres,37,Hogar,,3,14:00 → 14:10,14:00,"Compras (bienes, productos y servicios)",,"Comercio, mercado, tienda o centro comercial",,,,home,,1409800010991,,Mototaxi,,15,,hora:revision,,changed,,"Novena revisión: la salida vuelve a las 14:00, la hora que reporta la encuesta: con los minutos de traslado que corrige esta revisión cabe después de la llegada del viaje anterior (13:00); una revisión anterior la había movido a las 14:10 para dejar sitio a los minutos de más."
13885,3,1410100011200,Mujeres,37,Hogar,,4,15:30,,Regresar a Casa,,Su casa,,,,1409800010991,,home,,Mototaxi,,15,,,,,,
13885,3,1410100011200,Mujeres,37,Hogar,,5,17:29,,Compras (comida),,Centro cultural o área recreativa,,,,home,,1410100011126,,A PIE,,6,,,,,,
13885,3,1410100011200,Mujeres,37,Hogar,,6,18:30,,Regresar a Casa,,Su casa,,,,1410100011126,,home,,A PIE,,6,,,,,,
13994,4,1410100011554,Mujeres,9,Estudiante,,1,08:01,,Deportes o recreación,,Otra vivienda,,Su casa,,home,,1410100011516,,AUTOMÓVIL PARTICULAR,,30,10,,,,,"Novena revisión: 30 min en AUTOMÓVIL PARTICULAR para 0.9 km en línea recta es más del doble de lo que la encuesta suele reportar para ese modo a esa distancia (10 min, la mediana de 1718 viajes): los minutos son el error, no la hora. Con 10 min llega a las 08:11 y el viaje siguiente sale a las 08:31, 20 min después."
13994,4,1410100011554,Mujeres,9,Estudiante,,2,08:00 → 08:31,,Regresar a Casa,,Su casa,,,,1410100011516,,home,,AUTOMÓVIL PARTICULAR,,30,10,hora:revision,,changed,,"Novena revisión: 30 min en AUTOMÓVIL PARTICULAR para 0.9 km en línea recta es más del doble de lo que la encuesta suele reportar para ese modo a esa distancia (10 min, la mediana de 1718 viajes): los minutos son el error, no la hora. Con 10 min llega a las 08:41 y el viaje siguiente sale a las 13:00, 259 min después. Es el mismo recorrido, en el mismo modo, que otro viaje del día cuyos minutos chocaban con la salida siguiente."
13994,4,1410100011554,Mujeres,9,Estudiante,,3,13:00,,"Compras (bienes, productos y servicios)",,Centro cultural o área recreativa,,,,home,,1410100011130,,A PIE,,3,,,,,,
13994,4,1410100011554,Mujeres,9,Estudiante,,4,18:11,,Regresar a Casa,,Su casa,,,,1410100011130,,home,,A PIE,,3,,,,,,
14138,3,141240029,Hombres,37,Empleado,,1,07:15,,Trabajar,,"Comercio, mercado, tienda o centro comercial",,Su casa,,home,,1412400010175,,AUTOMÓVIL PARTICULAR,,120,45,,,,,"Novena revisión: 120 min en AUTOMÓVIL PARTICULAR para 13.2 km en línea recta es más del doble de lo que la encuesta suele reportar para ese modo a esa distancia (45 min, la mediana de 4989 viajes): los minutos son el error, no la hora. Con 45 min llega a las 08:00 y el viaje siguiente sale a las 13:34, 334 min después. Es el mismo recorrido, en el mismo modo, que otro viaje del día cuyos minutos chocaban con la salida siguiente."
14138,3,141240029,Hombres,37,Empleado,,2,13:34,,Regresar a Casa,,Su casa,,,,1412400010175,,home,,AUTOMÓVIL PARTICULAR,,120,45,,,,,"Novena revisión: 120 min en AUTOMÓVIL PARTICULAR para 13.2 km en línea recta es más del doble de lo que la encuesta suele reportar para ese modo a esa distancia (45 min, la mediana de 4989 viajes): los minutos son el error, no la hora. Con 45 min llega a las 14:19 y el viaje siguiente sale a las 15:20, 61 min después."
14138,3,141240029,Hombres,37,Empleado,,3,15:20 → 15:34,15:20,Trabajar,,"Comercio, mercado, tienda o centro comercial",,,,home,,1412400010175,,AUTOMÓVIL PARTICULAR,,120,45,hora:revision,,changed,,"Novena revisión: 120 min en AUTOMÓVIL PARTICULAR para 13.2 km en línea recta es más del doble de lo que la encuesta suele reportar para ese modo a esa distancia (45 min, la mediana de 4989 viajes): los minutos son el error, no la hora. Con 45 min llega a las 16:05 y el viaje siguiente sale a las 19:30, 205 min después. Es el mismo recorrido, en el mismo modo, que otro viaje del día cuyos minutos chocaban con la salida siguiente. Novena revisión: la salida vuelve a las 15:20, la hora que reporta la encuesta: con los minutos de traslado que corrige esta revisión cabe después de la llegada del viaje anterior (14:19); una revisión anterior la había movido a las 15:34 para dejar sitio a los minutos de más."
14138,3,141240029,Hombres,37,Empleado,,4,19:30,,Regresar a Casa,,Su casa,,,,1412400010175,,home,,AUTOMÓVIL PARTICULAR,,120,45,,,,,"Novena revisión: 120 min en AUTOMÓVIL PARTICULAR para 13.2 km en línea recta es más del doble de lo que la encuesta suele reportar para ese modo a esa distancia (45 min, la mediana de 4989 viajes): los minutos son el error, no la hora. Es el último viaje del día. Es el mismo recorrido, en el mismo modo, que otro viaje del día cuyos minutos chocaban con la salida siguiente."
14277,4,141240029,Mujeres,21,Empleado,,1,07:20,,Trabajar,,"Comercio, mercado, tienda o centro comercial",,Su casa,,home,,1412400010298,,MOTOCICLETA,,75,25,,,,,"Novena revisión: 75 min en MOTOCICLETA para 11.8 km en línea recta es más del doble de lo que la encuesta suele reportar para ese modo a esa distancia (25 min, la mediana de 535 viajes): los minutos son el error, no la hora. Con 25 min llega a las 07:45 y el viaje siguiente sale a las 17:25, 580 min después. Es el mismo recorrido, en el mismo modo, que otro viaje del día cuyos minutos chocaban con la salida siguiente."
14277,4,141240029,Mujeres,21,Empleado,,2,17:25,,Regresar a Casa,,Su casa,,,,1412400010298,,home,,MOTOCICLETA,,75,25,,,,,"Novena revisión: 75 min en MOTOCICLETA para 11.8 km en línea recta es más del doble de lo que la encuesta suele reportar para ese modo a esa distancia (25 min, la mediana de 535 viajes): los minutos son el error, no la hora. Con 25 min llega a las 17:50 y el viaje siguiente sale a las 18:27, 37 min después."
14277,4,141240029,Mujeres,21,Empleado,,3,18:27 → 18:40,18:27,Compras (comida),,Centro cultural o área recreativa,,,,home,,home,,A PIE,,5,,hora:revision,,changed,,"Novena revisión: la salida vuelve a las 18:27, la hora que reporta la encuesta: con los minutos de traslado que corrige esta revisión cabe después de la llegada del viaje anterior (17:50); una revisión anterior la había movido a las 18:40 para dejar sitio a los minutos de más."
14277,4,141240029,Mujeres,21,Empleado,,4,19:29,,Regresar a Casa,,Su casa,,,,home,,home,,A PIE,,5,,,,,,
14307,1,1412400010156,Hombres,47,Empleado,,1,06:00,,Trabajar,,Fábrica o taller,,Su casa,,home,,1410100010946,,AUTOMÓVIL PARTICULAR,,60,,,,,,
14307,1,1412400010156,Hombres,47,Empleado,,2,12:30,,Regresar a Casa,,Su casa,,,,1410100010946,,home,,AUTOMÓVIL PARTICULAR,,90,45,,,,,"Novena revisión: 90 min en AUTOMÓVIL PARTICULAR para 18.0 km en línea recta es más del doble de lo que la encuesta suele reportar para ese modo a esa distancia (45 min, la mediana de 4989 viajes): los minutos son el error, no la hora. Con 45 min llega a las 13:15 y el viaje siguiente sale a las 14:15, 60 min después. Es el mismo recorrido, en el mismo modo, que otro viaje del día cuyos minutos chocaban con la salida siguiente."
14307,1,1412400010156,Hombres,47,Empleado,,3,14:15,,Trabajar,,Fábrica o taller,,,,home,,1410100010946,,AUTOMÓVIL PARTICULAR,,60,,,,,,
14307,1,1412400010156,Hombres,47,Empleado,,4,17:00,,Regresar a Casa,,Su casa,,,,1410100010946,,home,,AUTOMÓVIL PARTICULAR,,90,45,,,,,"Novena revisión: 90 min en AUTOMÓVIL PARTICULAR para 18.0 km en línea recta es más del doble de lo que la encuesta suele reportar para ese modo a esa distancia (45 min, la mediana de 4989 viajes): los minutos son el error, no la hora. Con 45 min llega a las 17:45 y el viaje siguiente sale a las 18:16, 31 min después."
14307,1,1412400010156,Hombres,47,Empleado,,5,18:16 → 18:30,18:16,"Compras (bienes, productos y servicios)",,"Comercio, mercado, tienda o centro comercial",,,,home,,home,,A PIE,,6,,hora:revision,,changed,,"Novena revisión: la salida vuelve a las 18:16, la hora que reporta la encuesta: con los minutos de traslado que corrige esta revisión cabe después de la llegada del viaje anterior (17:45); una revisión anterior la había movido a las 18:30 para dejar sitio a los minutos de más."
14307,1,1412400010156,Hombres,47,Empleado,,6,19:31,,Regresar a Casa,,Su casa,,,,home,,home,,A PIE,,6,,,,,,
15074,4,1410100312317,Mujeres,28,Trabajador independiente,,1,09:30,,Visitar a alguien,,Otra vivienda,,Su casa,,home,,1410100011516,,AUTOMÓVIL PARTICULAR,,35,,,,,,
15074,4,1410100312317,Mujeres,28,Trabajador independiente,,2,07:00 → 10:00,10:05,Regresar a Casa,,Su casa,,,,1410100011516,,home,,AUTOMÓVIL PARTICULAR,,35,,hora:revision,hora_traslapada,changed,,"Novena revisión: sale a las 10:05, la hora a la que llega el viaje anterior (09:30 + 35 min), en vez de las 10:00: TASHA no admite un viaje que sale antes de que llegue el anterior, y 35 min en AUTOMÓVIL PARTICULAR no son excesivos para su distancia, así que se mueve la salida y no los minutos."
15074,4,1410100312317,Mujeres,28,Trabajador independiente,,3,13:00,,Visitar a alguien,,Otra vivienda,,,,home,,home,,A PIE,,14,,,,,,
15074,4,1410100312317,Mujeres,28,Trabajador independiente,,4,19:24,,Regresar a Casa,,Su casa,,,,home,,home,,A PIE,,14,,,,,,
15467,3,1410100011554,Mujeres,11,Estudiante,,1,08:04,,Deportes o recreación,,Otra vivienda,,Su casa,,home,,1410100011516,,AUTOMÓVIL PARTICULAR,,30,10,,,,,"Novena revisión: 30 min en AUTOMÓVIL PARTICULAR para 0.9 km en línea recta es más del doble de lo que la encuesta suele reportar para ese modo a esa distancia (10 min, la mediana de 1718 viajes): los minutos son el error, no la hora. Con 10 min llega a las 08:14 y el viaje siguiente sale a las 08:34, 20 min después."
15467,3,1410100011554,Mujeres,11,Estudiante,,2,08:07 → 08:34,,Regresar a Casa,,Su casa,,,,1410100011516,,home,,AUTOMÓVIL PARTICULAR,,30,10,hora:revision,,changed,,"Novena revisión: 30 min en AUTOMÓVIL PARTICULAR para 0.9 km en línea recta es más del doble de lo que la encuesta suele reportar para ese modo a esa distancia (10 min, la mediana de 1718 viajes): los minutos son el error, no la hora. Con 10 min llega a las 08:44 y el viaje siguiente sale a las 14:07, 323 min después. Es el mismo recorrido, en el mismo modo, que otro viaje del día cuyos minutos chocaban con la salida siguiente."
15467,3,1410100011554,Mujeres,11,Estudiante,,3,14:07,,Compras (comida),,Centro cultural o área recreativa,,,,home,,home,,A PIE,,8,,,,,,
15467,3,1410100011554,Mujeres,11,Estudiante,,4,19:20,,Regresar a Casa,,Su casa,,,,home,,home,,A PIE,,8,,,,,,
15522,3,1410100011554,Hombres,24,Trabajador independiente,,1,06:00,,Trabajar,,Otra vivienda,,Su casa,,home,,1403900011359,,AUTOMÓVIL PARTICULAR,,120,45,,,,,"Novena revisión: 120 min en AUTOMÓVIL PARTICULAR para 15.3 km en línea recta es más del doble de lo que la encuesta suele reportar para ese modo a esa distancia (45 min, la mediana de 4989 viajes): los minutos son el error, no la hora. Con 45 min llega a las 06:45 y el viaje siguiente sale a las 08:38, 113 min después. Es el mismo recorrido, en el mismo modo, que otro viaje del día cuyos minutos chocaban con la salida siguiente."
15522,3,1410100011554,Hombres,24,Trabajador independiente,,2,08:38,,Regresar a Casa,,Su casa,,,,1403900011359,,home,,AUTOMÓVIL PARTICULAR,,120,45,,,,,"Novena revisión: 120 min en AUTOMÓVIL PARTICULAR para 15.3 km en línea recta es más del doble de lo que la encuesta suele reportar para ese modo a esa distancia (45 min, la mediana de 4989 viajes): los minutos son el error, no la hora. Con 45 min llega a las 09:23 y el viaje siguiente sale a las 10:14, 51 min después."
15522,3,1410100011554,Hombres,24,Trabajador independiente,,3,10:14 → 10:38,10:14,Trabajar,,Otra vivienda,,,,home,,1403900011359,,AUTOMÓVIL PARTICULAR,,120,45,hora:revision,,changed,,"Novena revisión: 120 min en AUTOMÓVIL PARTICULAR para 15.3 km en línea recta es más del doble de lo que la encuesta suele reportar para ese modo a esa distancia (45 min, la mediana de 4989 viajes): los minutos son el error, no la hora. Con 45 min llega a las 10:59 y el viaje siguiente sale a las 11:01, 2 min después. Es el mismo recorrido, en el mismo modo, que otro viaje del día cuyos minutos chocaban con la salida siguiente. Novena revisión: la salida vuelve a las 10:14, la hora que reporta la encuesta: con los minutos de traslado que corrige esta revisión cabe después de la llegada del viaje anterior (09:23); una revisión anterior la había movido a las 10:38 para dejar sitio a los minutos de más."
15522,3,1410100011554,Hombres,24,Trabajador independiente,,4,11:01 → 13:01,11:01,Regresar a Casa,,Su casa,,,,1403900011359,,home,,AUTOMÓVIL PARTICULAR,,120,45,hora:revision,,changed,,"Novena revisión: 120 min en AUTOMÓVIL PARTICULAR para 15.3 km en línea recta es más del doble de lo que la encuesta suele reportar para ese modo a esa distancia (45 min, la mediana de 4989 viajes): los minutos son el error, no la hora. Con 45 min llega a las 11:46 y el viaje siguiente sale a las 15:01, 195 min después. Novena revisión: la salida vuelve a las 11:01, la hora que reporta la encuesta: con los minutos de traslado que corrige esta revisión cabe después de la llegada del viaje anterior (10:59); una revisión anterior la había movido a las 13:01 para dejar sitio a los minutos de más."
15522,3,1410100011554,Hombres,24,Trabajador independiente,,5,15:01,,Trabajar,,Otra vivienda,,,,home,,1410100011200,,A PIE,,2,,,,,,
15522,3,1410100011554,Hombres,24,Trabajador independiente,,6,18:09,,Regresar a Casa,,Su casa,,,,1410100011200,,home,,A PIE,,2,,,,,,
16150,3,1407000200191,Mujeres,27,Empleado,,1,07:00,,Trabajar,,Oficina,,Su casa,,home,,1409700340250,,AUTOMÓVIL PARTICULAR,,120,60,,,,,"Novena revisión: 120 min en AUTOMÓVIL PARTICULAR para 27.5 km en línea recta es más del doble de lo que la encuesta suele reportar para ese modo a esa distancia (60 min, la mediana de 2401 viajes): los minutos son el error, no la hora. Con 60 min llega a las 08:00 y el viaje siguiente sale a las 12:41, 281 min después. Es el mismo recorrido, en el mismo modo, que otro viaje del día cuyos minutos chocaban con la salida siguiente."
16150,3,1407000200191,Mujeres,27,Empleado,,2,12:41,,Regresar a Casa,,Su casa,,,,1409700340250,,home,,AUTOMÓVIL PARTICULAR,,120,60,,,,,"Novena revisión: 120 min en AUTOMÓVIL PARTICULAR para 27.5 km en línea recta es más del doble de lo que la encuesta suele reportar para ese modo a esa distancia (60 min, la mediana de 2401 viajes): los minutos son el error, no la hora. Con 60 min llega a las 13:41 y el viaje siguiente sale a las 14:07, 26 min después."
16150,3,1407000200191,Mujeres,27,Empleado,,3,14:07 → 14:41,14:07,Trabajar,,Oficina,,,,home,,1409700340250,,AUTOMÓVIL PARTICULAR,,120,60,hora:revision,,changed,,"Novena revisión: 120 min en AUTOMÓVIL PARTICULAR para 27.5 km en línea recta es más del doble de lo que la encuesta suele reportar para ese modo a esa distancia (60 min, la mediana de 2401 viajes): los minutos son el error, no la hora. Con 60 min llega a las 15:07 y el viaje siguiente sale a las 17:00, 113 min después. Es el mismo recorrido, en el mismo modo, que otro viaje del día cuyos minutos chocaban con la salida siguiente. Novena revisión: la salida vuelve a las 14:07, la hora que reporta la encuesta: con los minutos de traslado que corrige esta revisión cabe después de la llegada del viaje anterior (13:41); una revisión anterior la había movido a las 14:41 para dejar sitio a los minutos de más."
16150,3,1407000200191,Mujeres,27,Empleado,,4,17:00,,Regresar a Casa,,Su casa,,,,1409700340250,,home,,AUTOMÓVIL PARTICULAR,,120,60,,,,,"Novena revisión: 120 min en AUTOMÓVIL PARTICULAR para 27.5 km en línea recta es más del doble de lo que la encuesta suele reportar para ese modo a esa distancia (60 min, la mediana de 2401 viajes): los minutos son el error, no la hora. Con 60 min llega a las 18:00 y el viaje siguiente sale a las 20:00, 120 min después. Es el mismo recorrido, en el mismo modo, que otro viaje del día cuyos minutos chocaban con la salida siguiente."
16150,3,1407000200191,Mujeres,27,Empleado,,5,18:00 → 20:00,,"Compras (bienes, productos y servicios)",,Centro cultural o área recreativa,,,,home,,1407000200613,,A PIE,,3,,hora:revision,,changed,,
16150,3,1407000200191,Mujeres,27,Empleado,,6,19:11 → 21:11,,Regresar a Casa,,Su casa,,,,1407000200613,,home,,A PIE,,3,,hora:revision,,changed,,
16170,2,1404400100223,Hombres,31,Empleado,,1,06:00,,Trabajar,,Fábrica o taller,,Su casa,,home,,14097059A,,CAMIÓN O AUTOBÚS,,55,,,,,,
16170,2,1404400100223,Hombres,31,Empleado,,2,17:30,,Regresar a Casa,,Su casa,,,,14097059A,,home,,CAMIÓN O AUTOBÚS,,60,30,,,,,"Novena revisión: 60 min en CAMIÓN O AUTOBÚS para 3.7 km en línea recta es más del doble de lo que la encuesta suele reportar para ese modo a esa distancia (30 min, la mediana de 5401 viajes): los minutos son el error, no la hora. Con 30 min llega a las 18:00 y el viaje siguiente sale a las 18:30, 30 min después."
16170,2,1404400100223,Hombres,31,Empleado,,3,18:30,,"Compras (bienes, productos y servicios)",,"Comercio, mercado, tienda o centro comercial",,,,home,,140440010037A,,A PIE,,5,,,,,,
16170,2,1404400100223,Hombres,31,Empleado,,4,18:34 → 18:35,,Regresar a Casa,,Su casa,,,,140440010037A,,home,,A PIE,,5,,hora:revision,,changed,,
16276,1,140970009283A,Hombres,26,Empleado,,1,06:00,,Trabajar,,"Restaurante, bar, cafetería",,Su casa,,140970005034A → home,,140970005034A,,AUTOMÓVIL PARTICULAR,,80,30,origen:revision,,changed,,"Novena revisión: 80 min en AUTOMÓVIL PARTICULAR para 5.9 km en línea recta es más del doble de lo que la encuesta suele reportar para ese modo a esa distancia (30 min, la mediana de 5549 viajes): los minutos son el error, no la hora. Con 30 min llega a las 06:30 y el viaje siguiente sale a las 12:52, 382 min después. Es el mismo recorrido, en el mismo modo, que otro viaje del día cuyos minutos chocaban con la salida siguiente."
16276,1,140970009283A,Hombres,26,Empleado,,2,12:52,,Regresar a Casa,,Su casa,,,,140970005034A,,home,,AUTOMÓVIL PARTICULAR,,90,30,,,,,"Novena revisión: 90 min en AUTOMÓVIL PARTICULAR para 5.9 km en línea recta es más del doble de lo que la encuesta suele reportar para ese modo a esa distancia (30 min, la mediana de 5549 viajes): los minutos son el error, no la hora. Con 30 min llega a las 13:22 y el viaje siguiente sale a las 14:07, 45 min después."
16276,1,140970009283A,Hombres,26,Empleado,,3,14:07 → 14:22,14:07,Trabajar,,"Restaurante, bar, cafetería",,,,home,,140970005034A,,AUTOMÓVIL PARTICULAR,,80,30,hora:revision,,changed,,"Novena revisión: 80 min en AUTOMÓVIL PARTICULAR para 5.9 km en línea recta es más del doble de lo que la encuesta suele reportar para ese modo a esa distancia (30 min, la mediana de 5549 viajes): los minutos son el error, no la hora. Con 30 min llega a las 14:37 y el viaje siguiente sale a las 17:00, 143 min después. Es el mismo recorrido, en el mismo modo, que otro viaje del día cuyos minutos chocaban con la salida siguiente. Novena revisión: la salida vuelve a las 14:07, la hora que reporta la encuesta: con los minutos de traslado que corrige esta revisión cabe después de la llegada del viaje anterior (13:22); una revisión anterior la había movido a las 14:22 para dejar sitio a los minutos de más."
16276,1,140970009283A,Hombres,26,Empleado,,4,17:00,,Regresar a Casa,,Su casa,,,,140970005034A,,home,,AUTOMÓVIL PARTICULAR,,90,30,,,,,"Novena revisión: 90 min en AUTOMÓVIL PARTICULAR para 5.9 km en línea recta es más del doble de lo que la encuesta suele reportar para ese modo a esa distancia (30 min, la mediana de 5549 viajes): los minutos son el error, no la hora. Es el último viaje del día. Es el mismo recorrido, en el mismo modo, que otro viaje del día cuyos minutos chocaban con la salida siguiente."
16376,3,1409700092863,Hombres,47,Trabajador independiente,,1,21:00 → 09:00,,Trabajar,,Otra vivienda,,Su casa,,home,,141200001066A,,AUTOMÓVIL PARTICULAR,,120,60,hora:revision,,changed,,"Novena revisión: 120 min en AUTOMÓVIL PARTICULAR para 22.9 km en línea recta es más del doble de lo que la encuesta suele reportar para ese modo a esa distancia (60 min, la mediana de 2401 viajes): los minutos son el error, no la hora. Con 60 min llega a las 10:00 y el viaje siguiente sale a las 20:54, 654 min después. Es el mismo recorrido, en el mismo modo, que otro viaje del día cuyos minutos chocaban con la salida siguiente."
16376,3,1409700092863,Hombres,47,Trabajador independiente,,2,20:54,,Regresar a Casa,,Su casa,,,,141200001066A,,home,,AUTOMÓVIL PARTICULAR,,120,60,,,,,"Novena revisión: 120 min en AUTOMÓVIL PARTICULAR para 22.9 km en línea recta es más del doble de lo que la encuesta suele reportar para ese modo a esa distancia (60 min, la mediana de 2401 viajes): los minutos son el error, no la hora. Con 60 min llega a las 21:54 y el viaje siguiente sale a las 22:24, 30 min después."
16376,3,1409700092863,Hombres,47,Trabajador independiente,,3,22:24 → 22:54,22:24,Trabajar,,Otra vivienda,,,,home,,141200001066A,,AUTOMÓVIL PARTICULAR,,120,60,hora:revision,,changed,,"Novena revisión: 120 min en AUTOMÓVIL PARTICULAR para 22.9 km en línea recta es más del doble de lo que la encuesta suele reportar para ese modo a esa distancia (60 min, la mediana de 2401 viajes): los minutos son el error, no la hora. Con 60 min llega a las 23:24 y el viaje siguiente sale a las 00:54, 90 min después. Novena revisión: la salida vuelve a las 22:24, la hora que reporta la encuesta: con los minutos de traslado que corrige esta revisión cabe después de la llegada del viaje anterior (21:54); una revisión anterior la había movido a las 22:54 para dejar sitio a los minutos de más."
16376,3,1409700092863,Hombres,47,Trabajador independiente,,4,23:01 → 00:54,,Regresar a Casa,,Su casa,,,,141200001066A,,home,,AUTOMÓVIL PARTICULAR,,120,60,hora:revision,hora_nocturna,changed,,"Novena revisión: 120 min en AUTOMÓVIL PARTICULAR para 22.9 km en línea recta es más del doble de lo que la encuesta suele reportar para ese modo a esa distancia (60 min, la mediana de 2401 viajes): los minutos son el error, no la hora. Es el último viaje del día. Es el mismo recorrido, en el mismo modo, que otro viaje del día cuyos minutos chocaban con la salida siguiente."
16617,1,1409700250369,Hombres,31,Empleado,,1,05:00,,Trabajar,,Fábrica o taller,,Su casa,,home,,1409704241761,,AUTOMÓVIL PARTICULAR,,90,25,,,,,"Novena revisión: 90 min en AUTOMÓVIL PARTICULAR para 4.1 km en línea recta es más del doble de lo que la encuesta suele reportar para ese modo a esa distancia (25 min, la mediana de 5029 viajes): los minutos son el error, no la hora. Con 25 min llega a las 05:25 y el viaje siguiente sale a las 11:55, 390 min después. Es el mismo recorrido, en el mismo modo, que otro viaje del día cuyos minutos chocaban con la salida siguiente."
16617,1,1409700250369,Hombres,31,Empleado,,2,11:55,,Regresar a Casa,,Su casa,,,,1409704241761,,home,,AUTOMÓVIL PARTICULAR,,90,25,,,,,"Novena revisión: 90 min en AUTOMÓVIL PARTICULAR para 4.1 km en línea recta es más del doble de lo que la encuesta suele reportar para ese modo a esa distancia (25 min, la mediana de 5029 viajes): los minutos son el error, no la hora. Con 25 min llega a las 12:20 y el viaje siguiente sale a las 13:12, 52 min después."
16617,1,1409700250369,Hombres,31,Empleado,,3,13:12 → 13:25,13:12,Trabajar,,Fábrica o taller,,,,home,,1409704241761,,AUTOMÓVIL PARTICULAR,,90,25,hora:revision,,changed,,"Novena revisión: 90 min en AUTOMÓVIL PARTICULAR para 4.1 km en línea recta es más del doble de lo que la encuesta suele reportar para ese modo a esa distancia (25 min, la mediana de 5029 viajes): los minutos son el error, no la hora. Con 25 min llega a las 13:37 y el viaje siguiente sale a las 16:00, 143 min después. Es el mismo recorrido, en el mismo modo, que otro viaje del día cuyos minutos chocaban con la salida siguiente. Novena revisión: la salida vuelve a las 13:12, la hora que reporta la encuesta: con los minutos de traslado que corrige esta revisión cabe después de la llegada del viaje anterior (12:20); una revisión anterior la había movido a las 13:25 para dejar sitio a los minutos de más."
16617,1,1409700250369,Hombres,31,Empleado,,4,16:00,,Regresar a Casa,,Su casa,,,,1409704241761,,home,,AUTOMÓVIL PARTICULAR,,90,25,,,,,"Novena revisión: 90 min en AUTOMÓVIL PARTICULAR para 4.1 km en línea recta es más del doble de lo que la encuesta suele reportar para ese modo a esa distancia (25 min, la mediana de 5029 viajes): los minutos son el error, no la hora. Es el último viaje del día. Es el mismo recorrido, en el mismo modo, que otro viaje del día cuyos minutos chocaban con la salida siguiente."
17929,2,1403900010280,Mujeres,49,Hogar,yes,1,07:00,,Llevar o recoger a alguien,,Oficina,,Su casa,,home,,1403900010596,,AUTOMÓVIL PARTICULAR,,30,10,,,,,"Novena revisión: 30 min en AUTOMÓVIL PARTICULAR para 0.9 km en línea recta es más del doble de lo que la encuesta suele reportar para ese modo a esa distancia (10 min, la mediana de 1718 viajes): los minutos son el error, no la hora. Con 10 min llega a las 07:10 y el viaje siguiente sale a las 07:30, 20 min después."
17929,2,1403900010280,Mujeres,49,Hogar,yes,2,07:30,,Regresar a Casa,,Su casa,,,,1403900010596,,home,,AUTOMÓVIL PARTICULAR,,30,10,,,,,"Novena revisión: 30 min en AUTOMÓVIL PARTICULAR para 0.9 km en línea recta es más del doble de lo que la encuesta suele reportar para ese modo a esa distancia (10 min, la mediana de 1718 viajes): los minutos son el error, no la hora. Con 10 min llega a las 07:40 y el viaje siguiente sale a las 08:00, 20 min después."
17929,2,1403900010280,Mujeres,49,Hogar,yes,3,07:35 → 08:00,,Llevar o recoger a alguien,,Escuela,,,,home,,1409800011928,,AUTOMÓVIL PARTICULAR,,65,,hora:revision,,changed,,
17929,2,1403900010280,Mujeres,49,Hogar,yes,4,08:40 → 09:05,,Regresar a Casa,,Su casa,,,,1409800011928,,home,,AUTOMÓVIL PARTICULAR,,45,,hora:revision,,changed,,
17929,2,1403900010280,Mujeres,49,Hogar,yes,5,15:00,,Llevar o recoger a alguien,,Escuela,,,,home,,1409800011928,,AUTOMÓVIL PARTICULAR,,65,,,,,,
17929,2,1403900010280,Mujeres,49,Hogar,yes,6,16:30,,Regresar a Casa,,Su casa,,,,1409800011928,,home,,AUTOMÓVIL PARTICULAR,,45,,,,,,
