household,person,home,sex,age,occupation,repeated,trip,start,new start,motive,new motive,dest. type,new dest. type,orig. type,new orig. type,origin,new origin,destination,new destination,mode,new mode,leg min,ajustes,problemas,status,new status,note
107,2,1403900013209,Hombres,52,Trabajador independiente,,1,07:05,,Compras (comida),,"Comercio, mercado, tienda o centro comercial",,Su casa,,home,,1403900015296,,A PIE,,11,,,,,
107,2,1403900013209,Hombres,52,Trabajador independiente,,2,07:22,,Regresar a Casa,,Su casa,,"Su casa → Comercio, mercado, tienda o centro comercial",,1403900015296,,home,,A PIE,,11,tipo_origen:revision,,changed,,
107,2,1403900013209,Hombres,52,Trabajador independiente,,3,16:00,,Pagar algún servicio o al banco,,"Comercio, mercado, tienda o centro comercial",,Su casa,,home,,1403900011537,,CAMIÓN O AUTOBÚS,,35,,,,,
107,2,1403900013209,Hombres,52,Trabajador independiente,,4,17:30,,Estudiar,Regresar a Casa,Su casa,,"Su casa → Comercio, mercado, tienda o centro comercial",,1403900011537,,home,,CAMIÓN O AUTOBÚS,,70,tipo_origen:revision,actividad_en_casa,changed,,"Llega a la vivienda (el AGEB del hogar, tipo Su casa) desde 1403900011537, donde hizo una actividad: es el regreso a casa, registrado con el motivo de la actividad (Estudiar). Al llegar a casa el propósito es casa; si el renglón siguiente repite el regreso desde casa, queda como no-viaje."
107,2,1403900013209,Hombres,52,Trabajador independiente,,5,20:02,,Regresar a Casa,,Su casa,,Su casa,,home,,home,,CAMIÓN O AUTOBÚS,,70,,,,,
306,4,1403900015332,Mujeres,39,Hogar,,1,10:00,,Compras (comida),,"Comercio, mercado, tienda o centro comercial",,Su casa,,home,,1403900015366,,CAMIÓN O AUTOBÚS,,30,,,,,
306,4,1403900015332,Mujeres,39,Hogar,,2,11:45,,Otros (especifique),Regresar a Casa,Su casa,,"Su casa → Comercio, mercado, tienda o centro comercial",,1403900015366,,home,,CAMIÓN O AUTOBÚS,,30,tipo_origen:revision,actividad_en_casa,changed,,"Llega a la vivienda (el AGEB del hogar, tipo Su casa) desde 1403900015366, donde hizo una actividad: es el regreso a casa, registrado con el motivo de la actividad (Otros (especifique)). Al llegar a casa el propósito es casa; si el renglón siguiente repite el regreso desde casa, queda como no-viaje."
306,4,1403900015332,Mujeres,39,Hogar,,3,13:15,,Llevar o recoger a alguien,,Escuela,,Su casa,,home,,1403900012427,,A PIE,,15,,,,,
306,4,1403900015332,Mujeres,39,Hogar,,4,13:45,,Regresar a Casa,,Su casa,,Su casa → Escuela,,1403900012427,,home,,A PIE,,15,tipo_origen:revision,,changed,,
386,4,1403900015332,Mujeres,36,Hogar,,1,09:30,,Otros (especifique),,"Comercio, mercado, tienda o centro comercial",,Su casa,,home,,1403900012357,,A PIE,,10,,,,,
386,4,1403900015332,Mujeres,36,Hogar,,2,09:50,,Compras (comida),,"Comercio, mercado, tienda o centro comercial",,"Su casa → Comercio, mercado, tienda o centro comercial",,1403900012357,,1403900012516,,A PIE,,15,tipo_origen:revision,,changed,,
386,4,1403900015332,Mujeres,36,Hogar,,3,11:30,,Otros (especifique),Regresar a Casa,Su casa,,"Su casa → Comercio, mercado, tienda o centro comercial",,1403900012516,,home,,A PIE,,15,tipo_origen:revision,actividad_en_casa,changed,,"Llega a la vivienda (el AGEB del hogar, tipo Su casa) desde 1403900012516, donde hizo una actividad: es el regreso a casa, registrado con el motivo de la actividad (Otros (especifique)). Al llegar a casa el propósito es casa; si el renglón siguiente repite el regreso desde casa, queda como no-viaje."
386,4,1403900015332,Mujeres,36,Hogar,,4,15:30,,Compras (comida),,"Comercio, mercado, tienda o centro comercial",,Su casa,,home,,1403900012696,,A PIE,,5,,,,,
386,4,1403900015332,Mujeres,36,Hogar,,5,15:50,,Regresar a Casa,,Su casa,,"Su casa → Comercio, mercado, tienda o centro comercial",,1403900012696,,home,,A PIE,,5,tipo_origen:revision,,changed,,
465,1,1403900012713,Hombres,52,Trabajador independiente,,1,19:00,,Deportes o recreación,,"Deportivo, gimnasio",,Su casa,,home,,1403900013656,,AUTOMÓVIL PARTICULAR,,90,,,,,
465,1,1403900012713,Hombres,52,Trabajador independiente,,2,23:15,,Deportes o recreación,Regresar a Casa,"Deportivo, gimnasio → Su casa",,"Su casa → Deportivo, gimnasio",,1403900013656,,1403900013656 → home,,AUTOMÓVIL PARTICULAR,,40,tipo_destino:revision;tipo_origen:revision;destino:revision,fin_fuera_de_casa;actividad_en_casa,changed,,"Llega a la vivienda (el AGEB del hogar, tipo Su casa) desde 1403900013656, donde hizo la misma actividad: es el regreso a casa, registrado con el motivo de la actividad (Deportes o recreación). Al llegar a casa el propósito es casa; si el renglón siguiente repite el regreso desde casa, queda como no-viaje."
494,2,1403900011170,Mujeres,40,Empleado,,1,07:20,,Trabajar,Regresar a Casa,Su casa,,Fábrica o taller,,1403900011378,,home,,Línea 2 Sitren,,35,,inicio_fuera_de_casa;actividad_en_casa,,,"Llega a la vivienda (el AGEB del hogar, tipo Su casa) desde 1403900011378, donde hizo una actividad: es el regreso a casa, registrado con el motivo de la actividad (Trabajar). Al llegar a casa el propósito es casa; si el renglón siguiente repite el regreso desde casa, queda como no-viaje."
494,2,1403900011170,Mujeres,40,Empleado,,2,19:00,,Trabajar,,Su casa,,Fábrica o taller → Su casa,,home,,home,,A PIE,,35,tipo_origen:revision,fin_fuera_de_casa;actividad_en_casa,changed,,
553,4,1403900011645,Hombres,9,Estudiante,yes,1,07:00,,Estudiar,,Escuela,,Su casa,,home,,140390001101A,,AUTOMÓVIL PARTICULAR,,15,,,,,
553,4,1403900011645,Hombres,9,Estudiante,yes,2,13:00,,Regresar a Casa → Estudiar,Regresar a Casa,Escuela → Su casa,,Su casa → Escuela,,140390001101A,,140390001101A → home,,AUTOMÓVIL PARTICULAR,,15,motivo:tipo_destino;tipo_destino:revision;tipo_origen:revision;destino:revision,fin_fuera_de_casa;actividad_en_casa,changed,,"Llega a la vivienda (el AGEB del hogar, tipo Su casa) desde 140390001101A, donde hizo la misma actividad: es el regreso a casa, registrado con el motivo de la actividad (Estudiar). Al llegar a casa el propósito es casa; si el renglón siguiente repite el regreso desde casa, queda como no-viaje."
594,3,1403900011946,Hombres,34,Empleado,,1,10:00,,Trabajar,,"Comercio, mercado, tienda o centro comercial",,Su casa,,home,,1403900011359,,A PIE,,35,,,,,
594,3,1403900011946,Hombres,34,Empleado,,2,18:30,,Trabajar,Regresar a Casa,Su casa,,"Su casa → Comercio, mercado, tienda o centro comercial",,1403900011359,,home,,TREN LIGERO,,35,tipo_origen:revision,actividad_en_casa,changed,,"Llega a la vivienda (el AGEB del hogar, tipo Su casa) desde 1403900011359, donde hizo la misma actividad: es el regreso a casa, registrado con el motivo de la actividad (Trabajar). Al llegar a casa el propósito es casa; si el renglón siguiente repite el regreso desde casa, queda como no-viaje."
594,3,1403900011946,Hombres,34,Empleado,,3,22:00,,Compras (comida),,"Restaurante, bar, cafetería",,Su casa,,home,,140390001165A,,A PIE,,30,,,,,
594,3,1403900011946,Hombres,34,Empleado,,4,19:31 → 22:30,,Regresar a Casa,,Su casa,,"Su casa → Restaurante, bar, cafetería",,140390001165A,,home,,A PIE,,30,hora:revision;tipo_origen:revision,,changed,,
714,6,1403900010666,Mujeres,39,Empleado,,1,07:27,,Trabajar,,"Comercio, mercado, tienda o centro comercial",,Su casa,,home,,1403900014936,,CAMIÓN O AUTOBÚS,,50,,,,,
714,6,1403900010666,Mujeres,39,Empleado,,2,18:03,,Al médico o atención de salud,Regresar a Casa,"Comercio, mercado, tienda o centro comercial → Su casa",,"Su casa → Comercio, mercado, tienda o centro comercial",,1403900014936,,1403900014936 → home,,CAMIÓN O AUTOBÚS,,70,tipo_destino:revision;tipo_origen:revision;destino:revision,fin_fuera_de_casa;actividad_en_casa,changed,,"Llega a la vivienda (el AGEB del hogar, tipo Su casa) desde 1403900014936, donde hizo una actividad: es el regreso a casa, registrado con el motivo de la actividad (Al médico o atención de salud). Al llegar a casa el propósito es casa; si el renglón siguiente repite el regreso desde casa, queda como no-viaje."
730,4,1403900010967,Hombres,56,Empleado,,1,10:00,,Trabajar,,"Comercio, mercado, tienda o centro comercial",,Otra vivienda,,1403900011448,,1403900011109,,AUTOMÓVIL PARTICULAR,,30,,inicio_fuera_de_casa,,,
730,4,1403900010967,Hombres,56,Empleado,,2,12:32,,Regresar a Casa,,Su casa,,"Otra vivienda → Comercio, mercado, tienda o centro comercial",,1403900011109,,home,,AUTOMÓVIL PARTICULAR,,30,tipo_origen:revision,,changed,,
730,4,1403900010967,Hombres,56,Empleado,,3,14:19,,Trabajar,,"Comercio, mercado, tienda o centro comercial",,Otra vivienda → Su casa,,home,,1403900011109,,AUTOMÓVIL PARTICULAR,,30,tipo_origen:revision,,changed,,
730,4,1403900010967,Hombres,56,Empleado,,4,15:01,,Regresar a Casa → Trabajar,Regresar a Casa,Su casa,,"Otra vivienda → Comercio, mercado, tienda o centro comercial",,1403900011109,,1403900011448 → home,,AUTOMÓVIL PARTICULAR,,30,motivo:revision;tipo_origen:revision;destino:revision,actividad_en_casa,changed,,"Llega a la vivienda (el AGEB del hogar, tipo Su casa) desde 1403900011109, donde hizo la misma actividad: es el regreso a casa, registrado con el motivo de la actividad (Trabajar). Al llegar a casa el propósito es casa; si el renglón siguiente repite el regreso desde casa, queda como no-viaje."
730,4,1403900010967,Hombres,56,Empleado,,5,18:20,,Deportes o recreación,,"Deportivo, gimnasio",,Otra vivienda → Su casa,,1403900011448 → home,,1403900011217,,A PIE,,15,tipo_origen:revision;origen:revision,,changed,,
730,4,1403900010967,Hombres,56,Empleado,,6,18:38,,Regresar a Casa → Trabajar,Regresar a Casa,Su casa,,"Otra vivienda → Deportivo, gimnasio",,1403900011217,,1403900011448 → home,,A PIE,,15,motivo:revision;tipo_origen:revision;destino:revision,fin_fuera_de_casa;actividad_en_casa,changed,,"Llega a la vivienda (el AGEB del hogar, tipo Su casa) desde 1403900011217, donde hizo una actividad: es el regreso a casa, registrado con el motivo de la actividad (Trabajar). Al llegar a casa el propósito es casa; si el renglón siguiente repite el regreso desde casa, queda como no-viaje."
749,1,1403900013853,Hombres,59,Empleado,,1,09:04,,Compras (comida),,"Comercio, mercado, tienda o centro comercial",,Su casa,,home,,1403900013976,,A PIE,,5,,,,,
749,1,1403900013853,Hombres,59,Empleado,,2,14:08,,Compras (comida),Regresar a Casa,"Comercio, mercado, tienda o centro comercial → Su casa",,"Su casa → Comercio, mercado, tienda o centro comercial",,1403900013976,,1403900013976 → home,,A PIE,,5,tipo_destino:revision;tipo_origen:revision;destino:revision,fin_fuera_de_casa;actividad_en_casa,changed,,"Llega a la vivienda (el AGEB del hogar, tipo Su casa) desde 1403900013976, donde hizo la misma actividad: es el regreso a casa, registrado con el motivo de la actividad (Compras (comida)). Al llegar a casa el propósito es casa; si el renglón siguiente repite el regreso desde casa, queda como no-viaje."
837,1,1409800010794,Mujeres,55,Desempleado,,1,07:00,,Trabajar,,Fábrica o taller,,Su casa,,home,,1412000013664,,Taxi colectivo,,65,,,,,
837,1,1409800010794,Mujeres,55,Desempleado,,2,13:30,,Compras (comida),,"Comercio, mercado, tienda o centro comercial",,Su casa → Fábrica o taller,,1412000013664,,1412000010617,,A PIE,,10,tipo_origen:revision,,changed,,
837,1,1409800010794,Mujeres,55,Desempleado,,3,13:55,,Trabajar,,Fábrica o taller,,"Su casa → Comercio, mercado, tienda o centro comercial",,1412000010617,,1412000013664,,A PIE,,10,tipo_origen:revision,,changed,,
837,1,1409800010794,Mujeres,55,Desempleado,,4,18:00,,Regresar a Casa,,Su casa,,Su casa → Fábrica o taller,,1412000013664,,home,,Taxi colectivo,,65,tipo_origen:revision,,changed,,
837,1,1409800010794,Mujeres,55,Desempleado,,5,21:00,,"Compras (bienes, productos y servicios)",,"Comercio, mercado, tienda o centro comercial",,Su casa,,home,,1409800010775,,A PIE,,5,,,,,
837,1,1409800010794,Mujeres,55,Desempleado,,6,21:15,,"Compras (bienes, productos y servicios)",Regresar a Casa,Su casa,,"Su casa → Comercio, mercado, tienda o centro comercial",,1409800010775,,home,,A PIE,,5,tipo_origen:revision,actividad_en_casa,changed,,"Llega a la vivienda (el AGEB del hogar, tipo Su casa) desde 1409800010775, donde hizo la misma actividad: es el regreso a casa, registrado con el motivo de la actividad (Compras (bienes, productos y servicios)). Al llegar a casa el propósito es casa; si el renglón siguiente repite el regreso desde casa, queda como no-viaje."
837,1,1409800010794,Mujeres,55,Desempleado,,7,20:15 → 21:20,,Regresar a Casa,,Su casa,,Su casa,,home,,home,,A PIE,,5,hora:revision,,changed,,
928,1,1409800010794,Mujeres,40,Hogar,,1,10:00,,"Compras (bienes, productos y servicios)",,"Comercio, mercado, tienda o centro comercial",,Su casa,,home,,1409800010987,,A PIE,,15,,,,,
928,1,1409800010794,Mujeres,40,Hogar,,2,12:40,,"Compras (bienes, productos y servicios)",Regresar a Casa,Su casa,,"Su casa → Comercio, mercado, tienda o centro comercial",,1409800010987,,home,,A PIE,,15,tipo_origen:revision,actividad_en_casa,changed,,"Llega a la vivienda (el AGEB del hogar, tipo Su casa) desde 1409800010987, donde hizo la misma actividad: es el regreso a casa, registrado con el motivo de la actividad (Compras (bienes, productos y servicios)). Al llegar a casa el propósito es casa; si el renglón siguiente repite el regreso desde casa, queda como no-viaje."
928,1,1409800010794,Mujeres,40,Hogar,,3,15:00,,Visitar a alguien,,Otra vivienda,,Su casa,,home,,1407000131429,,Taxi plataforma (Uber/Didi),,45,,,,,
928,1,1409800010794,Mujeres,40,Hogar,,4,21:00,,Regresar a Casa,,Su casa,,Su casa → Otra vivienda,,1407000131429,,home,,Taxi plataforma (Uber/Didi),,45,tipo_origen:revision,,changed,,
928,1,1409800010794,Mujeres,40,Hogar,,5,23:10,,Al médico o atención de salud,,"Hospital, clínica, consultorio, laboratorio clínico",,Su casa,,home,,1403900011325,,Taxi plataforma (Uber/Didi),,15,,,,,
928,1,1409800010794,Mujeres,40,Hogar,,6,20:18 → 00:18,,Regresar a Casa,,Su casa,,"Su casa → Hospital, clínica, consultorio, laboratorio clínico",,1403900011325,,home,,Taxi plataforma (Uber/Didi),,15,tipo_origen:revision;hora:revision,hora_nocturna,changed,,
937,2,1403900013552,Mujeres,30,Hogar,,1,07:50,,Llevar o recoger a alguien,,Escuela,,Su casa,,home,,1403900014673,,A PIE,,10,,,,,
937,2,1403900013552,Mujeres,30,Hogar,,2,08:05,,Regresar a Casa,,Su casa,,Su casa → Escuela,,1403900014673,,home,,A PIE,,10,tipo_origen:revision,,changed,,
937,2,1403900013552,Mujeres,30,Hogar,,3,11:50,,Llevar o recoger a alguien,,Escuela,,Su casa,,home,,140980001249A,,A PIE,,10,,,,,
937,2,1403900013552,Mujeres,30,Hogar,,4,12:10,,Llevar o recoger a alguien,Regresar a Casa,Su casa,,Su casa → Escuela,,140980001249A,,home,,A PIE,,10,tipo_origen:revision,actividad_en_casa,changed,,"Llega a la vivienda (el AGEB del hogar, tipo Su casa) desde 140980001249A, donde hizo la misma actividad: es el regreso a casa, registrado con el motivo de la actividad (Llevar o recoger a alguien). Al llegar a casa el propósito es casa; si el renglón siguiente repite el regreso desde casa, queda como no-viaje."
937,2,1403900013552,Mujeres,30,Hogar,,5,19:13,,Regresar a Casa,,Su casa,,Su casa,,home,,home,,A PIE,,10,,,,,
954,4,1403900013374,Mujeres,16,Estudiante,,1,14:00,,Visitar a alguien,Regresar a Casa,Su casa,,Otra vivienda,,1412000012609,,home,,CAMIÓN O AUTOBÚS,,40,,inicio_fuera_de_casa;fin_fuera_de_casa;actividad_en_casa,,,"Llega a la vivienda (el AGEB del hogar, tipo Su casa) desde 1412000012609, donde hizo una actividad: es el regreso a casa, registrado con el motivo de la actividad (Visitar a alguien). Al llegar a casa el propósito es casa; si el renglón siguiente repite el regreso desde casa, queda como no-viaje."
964,3,1409800010718,Hombres,37,Empleado,,1,05:00,,Trabajar,,Fábrica o taller,,Su casa,,home,,1403900014724,,AUTOMÓVIL PARTICULAR,,45,,,,,
964,3,1409800010718,Hombres,37,Empleado,,2,17:00,,Trabajar,Regresar a Casa,Su casa,,Su casa → Fábrica o taller,,1403900014724,,home,,AUTOMÓVIL PARTICULAR,,45,tipo_origen:revision,actividad_en_casa,changed,,"Llega a la vivienda (el AGEB del hogar, tipo Su casa) desde 1403900014724, donde hizo la misma actividad: es el regreso a casa, registrado con el motivo de la actividad (Trabajar). Al llegar a casa el propósito es casa; si el renglón siguiente repite el regreso desde casa, queda como no-viaje."
964,3,1409800010718,Hombres,37,Empleado,,3,19:13,,Regresar a Casa,,Su casa,,Su casa,,home,,home,,AUTOMÓVIL PARTICULAR,,45,,,,,
978,5,1403900013374,Mujeres,15,Estudiante,,1,14:03,,Visitar a alguien,Regresar a Casa,Su casa,,"Comercio, mercado, tienda o centro comercial",,1412000012609,,home,,CAMIÓN O AUTOBÚS,,45,,inicio_fuera_de_casa;actividad_en_casa,,,"Llega a la vivienda (el AGEB del hogar, tipo Su casa) desde 1412000012609, donde hizo una actividad: es el regreso a casa, registrado con el motivo de la actividad (Visitar a alguien). Al llegar a casa el propósito es casa; si el renglón siguiente repite el regreso desde casa, queda como no-viaje."
978,5,1403900013374,Mujeres,15,Estudiante,,2,19:05,,Regresar a Casa → Estudiar,,Su casa,,"Comercio, mercado, tienda o centro comercial → Su casa",,home,,1412000012609,,TREN LIGERO,,45,motivo:revision;tipo_origen:revision,fin_fuera_de_casa;actividad_en_casa,changed,,
1006,2,1409800010794,Mujeres,53,Hogar,,1,10:00,,"Compras (bienes, productos y servicios)",,"Comercio, mercado, tienda o centro comercial",,Su casa,,home,,1409800010775,,A PIE,,10,,,,,
1006,2,1409800010794,Mujeres,53,Hogar,,2,10:20,,"Compras (bienes, productos y servicios)",Regresar a Casa,Su casa,,"Su casa → Comercio, mercado, tienda o centro comercial",,1409800010775,,home,,A PIE,,5,tipo_origen:revision,actividad_en_casa,changed,,"Llega a la vivienda (el AGEB del hogar, tipo Su casa) desde 1409800010775, donde hizo la misma actividad: es el regreso a casa, registrado con el motivo de la actividad (Compras (bienes, productos y servicios)). Al llegar a casa el propósito es casa; si el renglón siguiente repite el regreso desde casa, queda como no-viaje."
1006,2,1409800010794,Mujeres,53,Hogar,,3,13:30,,Compras (comida),,"Comercio, mercado, tienda o centro comercial",,Su casa,,home,,1409800011839,,A PIE,,5,,,,,
1006,2,1409800010794,Mujeres,53,Hogar,,4,14:00,,Regresar a Casa,,Su casa,,"Su casa → Comercio, mercado, tienda o centro comercial",,1409800011839,,home,,A PIE,,5,tipo_origen:revision,,changed,,
1033,5,1409800010671,Mujeres,18,Empleado,,1,06:00,,Trabajar,,Fábrica o taller,,Su casa,,home,,1403900012573,,CAMIÓN O AUTOBÚS,,60,,,,,
1033,5,1409800010671,Mujeres,18,Empleado,,2,17:00,,Trabajar,Regresar a Casa,Su casa,,Su casa → Fábrica o taller,,1403900012573,,home,,CAMIÓN O AUTOBÚS,,60,tipo_origen:revision,actividad_en_casa,changed,,"Llega a la vivienda (el AGEB del hogar, tipo Su casa) desde 1403900012573, donde hizo la misma actividad: es el regreso a casa, registrado con el motivo de la actividad (Trabajar). Al llegar a casa el propósito es casa; si el renglón siguiente repite el regreso desde casa, queda como no-viaje."
1033,5,1409800010671,Mujeres,18,Empleado,,3,20:52,,Regresar a Casa,,Su casa,,Su casa,,home,,home,,CAMIÓN O AUTOBÚS,,60,,,,,
1046,3,1403900015474,Mujeres,38,Desempleado,,1,10:00,,"Compras (bienes, productos y servicios)",,"Comercio, mercado, tienda o centro comercial",,Su casa,,home,,1403900014029,,A PIE,,25,,,,,
1046,3,1403900015474,Mujeres,38,Desempleado,,2,10:20 → 10:25,,Compras (comida),Regresar a Casa,Su casa,,"Su casa → Comercio, mercado, tienda o centro comercial",,1403900014029,,home,,A PIE,,30,hora:revision;tipo_origen:revision,actividad_en_casa,changed,,"Llega a la vivienda (el AGEB del hogar, tipo Su casa) desde 1403900014029, donde hizo una actividad: es el regreso a casa, registrado con el motivo de la actividad (Compras (comida)). Al llegar a casa el propósito es casa; si el renglón siguiente repite el regreso desde casa, queda como no-viaje."
1046,3,1403900015474,Mujeres,38,Desempleado,,3,19:57,,Regresar a Casa,,Su casa,,Su casa,,home,,home,,A PIE,,30,,,,,
1109,1,1409800010506,Mujeres,73,Hogar,,1,10:30,,Pagar algún servicio o al banco,,Centro cultural o área recreativa,,Su casa,,home,,1410100012054,,TREN LIGERO,,40,,,,,
1109,1,1409800010506,Mujeres,73,Hogar,,2,13:00,,Hacer un trámite,Regresar a Casa,Su casa,,Su casa → Centro cultural o área recreativa,,1410100012054,,home,,Taxi,,35,tipo_origen:revision,fin_fuera_de_casa;actividad_en_casa,changed,,"Llega a la vivienda (el AGEB del hogar, tipo Su casa) desde 1410100012054, donde hizo una actividad: es el regreso a casa, registrado con el motivo de la actividad (Hacer un trámite). Al llegar a casa el propósito es casa; si el renglón siguiente repite el regreso desde casa, queda como no-viaje."
1109,3,1409800010506,Mujeres,47,Hogar,,1,17:00,,Al médico o atención de salud,,"Hospital, clínica, consultorio, laboratorio clínico",,Su casa,,home,,140390001101A,,TREN LIGERO,,10,,,,,
1109,3,1409800010506,Mujeres,47,Hogar,,2,18:15,,Al médico o atención de salud,Regresar a Casa,Su casa,,"Su casa → Hospital, clínica, consultorio, laboratorio clínico",,140390001101A,,home,,TREN LIGERO,,10,tipo_origen:revision,actividad_en_casa,changed,,"Llega a la vivienda (el AGEB del hogar, tipo Su casa) desde 140390001101A, donde hizo la misma actividad: es el regreso a casa, registrado con el motivo de la actividad (Al médico o atención de salud). Al llegar a casa el propósito es casa; si el renglón siguiente repite el regreso desde casa, queda como no-viaje."
1109,3,1409800010506,Mujeres,47,Hogar,,3,19:33,,Regresar a Casa,,Su casa,,Su casa,,home,,home,,TREN LIGERO,,10,,,,,
1121,2,1410100011395,Mujeres,46,Empleado,,1,07:00,,Trabajar,Regresar a Casa,Su casa,,"Comercio, mercado, tienda o centro comercial",,1403900012554,,home,,CAMIÓN O AUTOBÚS,,20,,inicio_fuera_de_casa;actividad_en_casa,,,"Llega a la vivienda (el AGEB del hogar, tipo Su casa) desde 1403900012554, donde hizo una actividad: es el regreso a casa, registrado con el motivo de la actividad (Trabajar). Al llegar a casa el propósito es casa; si el renglón siguiente repite el regreso desde casa, queda como no-viaje."
1121,2,1410100011395,Mujeres,46,Empleado,,2,14:16,,Regresar a Casa → Trabajar,,Su casa,,"Comercio, mercado, tienda o centro comercial → Su casa",,home,,1403900012554,,CAMIÓN O AUTOBÚS,,25,motivo:revision;tipo_origen:revision,actividad_en_casa,changed,,
1121,2,1410100011395,Mujeres,46,Empleado,,3,16:39,,Trabajar,Regresar a Casa,Su casa,,"Comercio, mercado, tienda o centro comercial → Su casa",,1403900012554,,home,,CAMIÓN O AUTOBÚS,,20,tipo_origen:revision,actividad_en_casa,changed,,"Llega a la vivienda (el AGEB del hogar, tipo Su casa) desde 1403900012554, donde hizo la misma actividad: es el regreso a casa, registrado con el motivo de la actividad (Trabajar). Al llegar a casa el propósito es casa; si el renglón siguiente repite el regreso desde casa, queda como no-viaje."
1121,2,1410100011395,Mujeres,46,Empleado,,4,18:00,,Regresar a Casa,,Su casa,,"Comercio, mercado, tienda o centro comercial → Su casa",,home,,home,,CAMIÓN O AUTOBÚS,,25,tipo_origen:revision,,changed,,
1195,2,1409800012428,Mujeres,61,Hogar,,1,13:00,,"Compras (bienes, productos y servicios)",,"Comercio, mercado, tienda o centro comercial",,Su casa,,home,,1409800010120,,A PIE,,10,,,,,
1195,2,1409800012428,Mujeres,61,Hogar,,2,13:13,,"Compras (bienes, productos y servicios)",Regresar a Casa,Su casa,,"Su casa → Comercio, mercado, tienda o centro comercial",,1409800010120,,home,,A PIE,,10,tipo_origen:revision,actividad_en_casa,changed,,"Llega a la vivienda (el AGEB del hogar, tipo Su casa) desde 1409800010120, donde hizo la misma actividad: es el regreso a casa, registrado con el motivo de la actividad (Compras (bienes, productos y servicios)). Al llegar a casa el propósito es casa; si el renglón siguiente repite el regreso desde casa, queda como no-viaje."
1195,2,1409800012428,Mujeres,61,Hogar,,3,20:00,,Regresar a Casa,,Su casa,,Su casa,,home,,home,,A PIE,,10,,,,,
1281,2,1403900012624,Hombres,48,Patrón o empresario,,1,10:30,,Trabajar,,Oficina,,Su casa,,home,,1403900012605,,AUTOMÓVIL PARTICULAR,,7,,,,,
1281,2,1403900012624,Hombres,48,Patrón o empresario,,2,14:30,,Compras (comida),Regresar a Casa,Su casa,,Su casa → Oficina,,1403900012605,,home,,AUTOMÓVIL PARTICULAR,,6,tipo_origen:revision,actividad_en_casa,changed,,"Llega a la vivienda (el AGEB del hogar, tipo Su casa) desde 1403900012605, donde hizo una actividad: es el regreso a casa, registrado con el motivo de la actividad (Compras (comida)). Al llegar a casa el propósito es casa; si el renglón siguiente repite el regreso desde casa, queda como no-viaje."
1281,2,1403900012624,Hombres,48,Patrón o empresario,,3,15:20,,Trabajar,,Oficina,,Su casa,,home,,1403900012605,,AUTOMÓVIL PARTICULAR,,5,,,,,
1281,2,1403900012624,Hombres,48,Patrón o empresario,,4,19:20,,Regresar a Casa,,Su casa,,Su casa → Oficina,,1403900012605,,home,,AUTOMÓVIL PARTICULAR,,5,tipo_origen:revision,,changed,,
1456,3,1403900015188,Hombres,23,Empleado,,1,09:00,,Compras (comida),,"Comercio, mercado, tienda o centro comercial",,Su casa,,home,,1403900015667,,CAMIÓN O AUTOBÚS,,20,,,,,
1456,3,1403900015188,Hombres,23,Empleado,,2,10:15,,Compras (comida),Regresar a Casa,Su casa,,"Su casa → Comercio, mercado, tienda o centro comercial",,1403900015667,,home,,CAMIÓN O AUTOBÚS,,20,tipo_origen:revision,actividad_en_casa,changed,,"Llega a la vivienda (el AGEB del hogar, tipo Su casa) desde 1403900015667, donde hizo la misma actividad: es el regreso a casa, registrado con el motivo de la actividad (Compras (comida)). Al llegar a casa el propósito es casa; si el renglón siguiente repite el regreso desde casa, queda como no-viaje."
1456,3,1403900015188,Hombres,23,Empleado,,3,20:34,,Regresar a Casa,,Su casa,,Su casa,,home,,home,,CAMIÓN O AUTOBÚS,,20,,,,,
1476,2,1403900011537,Hombres,51,Empleado,,1,07:00,,Trabajar,,Fábrica o taller,,Su casa,,home,,141011963,,CAMIÓN O AUTOBÚS,,50,,,,,
1476,2,1403900011537,Hombres,51,Empleado,,2,16:00,,Guardería,Regresar a Casa,Su casa,,Su casa → Fábrica o taller,,141011963,,home,,CAMIÓN O AUTOBÚS,,50,tipo_origen:revision,actividad_en_casa;motivo_guarderia,changed,,"Llega a la vivienda (el AGEB del hogar, tipo Su casa) desde 141011963, donde hizo una actividad: es el regreso a casa, registrado con el motivo de la actividad (Guardería). Al llegar a casa el propósito es casa; si el renglón siguiente repite el regreso desde casa, queda como no-viaje."
1476,2,1403900011537,Hombres,51,Empleado,,3,20:20,,Regresar a Casa,,Su casa,,Su casa,,home,,home,,CAMIÓN O AUTOBÚS,,50,,,,,
1494,4,1403900015154,Mujeres,36,Hogar,,1,08:00,,"Compras (bienes, productos y servicios)",,"Comercio, mercado, tienda o centro comercial",,Su casa,,home,,1403900015366,,CAMIÓN O AUTOBÚS,,75,,,,,
1494,4,1403900015154,Mujeres,36,Hogar,,2,11:25,,"Compras (bienes, productos y servicios)",Regresar a Casa,Su casa,,"Su casa → Comercio, mercado, tienda o centro comercial",,1403900015366,,home,,CAMIÓN O AUTOBÚS,,75,tipo_origen:revision,actividad_en_casa,changed,,"Llega a la vivienda (el AGEB del hogar, tipo Su casa) desde 1403900015366, donde hizo la misma actividad: es el regreso a casa, registrado con el motivo de la actividad (Compras (bienes, productos y servicios)). Al llegar a casa el propósito es casa; si el renglón siguiente repite el regreso desde casa, queda como no-viaje."
1494,4,1403900015154,Mujeres,36,Hogar,,3,19:29,,Regresar a Casa,,Su casa,,Su casa,,home,,home,,CAMIÓN O AUTOBÚS,,75,,,,,
1514,3,1403900014527,Mujeres,38,Empleado,,1,06:45,,Trabajar,,"Comercio, mercado, tienda o centro comercial",,"Comercio, mercado, tienda o centro comercial → Su casa",,1403900015135 → home,,1403900015135,,CAMIÓN O AUTOBÚS,,15,tipo_origen:revision;origen:revision,,changed,,
1514,3,1403900014527,Mujeres,38,Empleado,,2,10:15,,Otros (especifique),Regresar a Casa,Su casa,,"Comercio, mercado, tienda o centro comercial",,1403900015135,,home,,CAMIÓN O AUTOBÚS,,15,,actividad_en_casa,,,"Llega a la vivienda (el AGEB del hogar, tipo Su casa) desde 1403900015135, donde hizo una actividad: es el regreso a casa, registrado con el motivo de la actividad (Otros (especifique)). Al llegar a casa el propósito es casa; si el renglón siguiente repite el regreso desde casa, queda como no-viaje."
1514,3,1403900014527,Mujeres,38,Empleado,,3,11:00,,Trabajar,,"Comercio, mercado, tienda o centro comercial",,"Comercio, mercado, tienda o centro comercial → Su casa",,home,,1403900015135,,CAMIÓN O AUTOBÚS,,10,tipo_origen:revision,,changed,,
1514,3,1403900014527,Mujeres,38,Empleado,,4,22:20,,Regresar a Casa,,Su casa,,"Comercio, mercado, tienda o centro comercial",,1403900015135,,home,,Taxi plataforma (Uber/Didi),,10,,,,,
1578,2,1410100011268,Hombres,67,Empleado,,1,07:00,,Trabajar,,Otra vivienda,,Su casa,,home,,1412000011009,,CAMIÓN O AUTOBÚS,,75,,,,,
1578,2,1410100011268,Hombres,67,Empleado,,2,18:00,,Hacer un trámite,Regresar a Casa,Su casa,,Su casa → Otra vivienda,,1412000011009,,home,,CAMIÓN O AUTOBÚS,,80,tipo_origen:revision,actividad_en_casa,changed,,"Llega a la vivienda (el AGEB del hogar, tipo Su casa) desde 1412000011009, donde hizo una actividad: es el regreso a casa, registrado con el motivo de la actividad (Hacer un trámite). Al llegar a casa el propósito es casa; si el renglón siguiente repite el regreso desde casa, queda como no-viaje."
1578,2,1410100011268,Hombres,67,Empleado,,3,20:00,,Regresar a Casa,,Su casa,,Su casa,,home,,home,,CAMIÓN O AUTOBÚS,,80,,,,,
1578,3,1410100011268,Hombres,36,Empleado,,1,07:21,,Compras (comida),,"Comercio, mercado, tienda o centro comercial",,Su casa,,home,,home,,A PIE,,14,,,,,
1578,3,1410100011268,Hombres,36,Empleado,,2,07:42,,Regresar a Casa,,Su casa,,"Su casa → Comercio, mercado, tienda o centro comercial",,home,,home,,A PIE,,14,tipo_origen:revision,,changed,,
1578,3,1410100011268,Hombres,36,Empleado,,3,09:34,,Trabajar,,Otra vivienda,,Su casa,,home,,1412000011009,,CAMIÓN O AUTOBÚS,,39,,,,,
1578,3,1410100011268,Hombres,36,Empleado,,4,18:54,,Hacer un trámite,Regresar a Casa,Su casa,,Su casa → Otra vivienda,,1412000011009,,home,,CAMIÓN O AUTOBÚS,,39,tipo_origen:revision,actividad_en_casa,changed,,"Llega a la vivienda (el AGEB del hogar, tipo Su casa) desde 1412000011009, donde hizo una actividad: es el regreso a casa, registrado con el motivo de la actividad (Hacer un trámite). Al llegar a casa el propósito es casa; si el renglón siguiente repite el regreso desde casa, queda como no-viaje."
1578,3,1410100011268,Hombres,36,Empleado,,5,19:41,,Regresar a Casa,,Su casa,,Su casa,,home,,home,,CAMIÓN O AUTOBÚS,,39,,,,,
1600,2,1410100010147,Hombres,49,Empleado,,1,07:00,,Trabajar,,Fábrica o taller,,Su casa,,home,,1409800011928,,CAMIÓN O AUTOBÚS,,40,,,,,
1600,2,1410100010147,Hombres,49,Empleado,,2,19:00,,Otros (especifique),Regresar a Casa,Su casa,,Su casa → Fábrica o taller,,1409800011928,,home,,CAMIÓN O AUTOBÚS,,40,tipo_origen:revision,actividad_en_casa,changed,,"Llega a la vivienda (el AGEB del hogar, tipo Su casa) desde 1409800011928, donde hizo una actividad: es el regreso a casa, registrado con el motivo de la actividad (Otros (especifique)). Al llegar a casa el propósito es casa; si el renglón siguiente repite el regreso desde casa, queda como no-viaje."
1600,2,1410100010147,Hombres,49,Empleado,,3,19:51,,Regresar a Casa,,Su casa,,Su casa,,home,,home,,CAMIÓN O AUTOBÚS,,40,,,,,
1655,6,1410100011268,Mujeres,14,Estudiante,,1,08:00,,Estudiar,,Escuela,,Su casa,,home,,1410100010382,,CAMIÓN O AUTOBÚS,,40,,,,,
1655,6,1410100011268,Mujeres,14,Estudiante,,2,14:00,,Guardería,Regresar a Casa,Su casa,,Su casa → Escuela,,1410100010382,,home,,CAMIÓN O AUTOBÚS,,30,tipo_origen:revision,actividad_en_casa;motivo_guarderia,changed,,"Llega a la vivienda (el AGEB del hogar, tipo Su casa) desde 1410100010382, donde hizo una actividad: es el regreso a casa, registrado con el motivo de la actividad (Guardería). Al llegar a casa el propósito es casa; si el renglón siguiente repite el regreso desde casa, queda como no-viaje."
1655,6,1410100011268,Mujeres,14,Estudiante,,3,19:50,,Regresar a Casa,,Su casa,,Su casa,,home,,home,,CAMIÓN O AUTOBÚS,,30,,,,,
1693,4,1410100011268,Mujeres,14,Estudiante,,1,08:05,,Estudiar,,Escuela,,Su casa,,home,,1410100010382,,CAMIÓN O AUTOBÚS,,40,,,,,
1693,4,1410100011268,Mujeres,14,Estudiante,,2,14:04,,Guardería,Regresar a Casa,Su casa,,Su casa → Escuela,,1410100010382,,home,,CAMIÓN O AUTOBÚS,,30,tipo_origen:revision,actividad_en_casa;motivo_guarderia,changed,,"Llega a la vivienda (el AGEB del hogar, tipo Su casa) desde 1410100010382, donde hizo una actividad: es el regreso a casa, registrado con el motivo de la actividad (Guardería). Al llegar a casa el propósito es casa; si el renglón siguiente repite el regreso desde casa, queda como no-viaje."
1693,4,1410100011268,Mujeres,14,Estudiante,,3,20:18,,Regresar a Casa,,Su casa,,Su casa,,home,,home,,CAMIÓN O AUTOBÚS,,30,,,,,
1726,1,1409800011576,Mujeres,39,Hogar,,1,07:00,,Compras (comida),,"Comercio, mercado, tienda o centro comercial",,Su casa,,home,,1409800011608,,A PIE,,3,,,,,
1726,1,1409800011576,Mujeres,39,Hogar,,2,07:07,,Compras (comida),Regresar a Casa,Su casa,,"Su casa → Comercio, mercado, tienda o centro comercial",,1409800011608,,home,,A PIE,,3,tipo_origen:revision,actividad_en_casa,changed,,"Llega a la vivienda (el AGEB del hogar, tipo Su casa) desde 1409800011608, donde hizo la misma actividad: es el regreso a casa, registrado con el motivo de la actividad (Compras (comida)). Al llegar a casa el propósito es casa; si el renglón siguiente repite el regreso desde casa, queda como no-viaje."
1726,1,1409800011576,Mujeres,39,Hogar,,3,20:56,,Regresar a Casa,,Su casa,,Su casa,,home,,home,,A PIE,,3,,,,,
1739,4,1409800011877,Hombres,31,Empleado,,1,08:00,,Trabajar,Regresar a Casa,Su casa,,Oficina,,1409800011928,,home,,CAMIÓN O AUTOBÚS,,50,,inicio_fuera_de_casa;actividad_en_casa,,,"Llega a la vivienda (el AGEB del hogar, tipo Su casa) desde 1409800011928, donde hizo una actividad: es el regreso a casa, registrado con el motivo de la actividad (Trabajar). Al llegar a casa el propósito es casa; si el renglón siguiente repite el regreso desde casa, queda como no-viaje."
1739,4,1409800011877,Hombres,31,Empleado,,2,13:01,,Regresar a Casa → Trabajar,,Su casa,,Oficina → Su casa,,home,,1409800011928,,CAMIÓN O AUTOBÚS,,50,motivo:revision;tipo_origen:revision,fin_fuera_de_casa;actividad_en_casa,changed,,
1769,4,1409800011576,Hombres,28,Empleado,,1,08:00,,Trabajar,,Fábrica o taller,,Su casa,,home,,1409800010031,,A PIE,,55,,,,,
1769,4,1409800011576,Hombres,28,Empleado,,2,10:00,,Compras (comida),Regresar a Casa,Su casa,,Su casa → Fábrica o taller,,1409800010031,,home,,A PIE,,5,tipo_origen:revision,actividad_en_casa,changed,,"Llega a la vivienda (el AGEB del hogar, tipo Su casa) desde 1409800010031, donde hizo una actividad: es el regreso a casa, registrado con el motivo de la actividad (Compras (comida)). Al llegar a casa el propósito es casa; si el renglón siguiente repite el regreso desde casa, queda como no-viaje."
1769,4,1409800011576,Hombres,28,Empleado,,3,11:00,,Trabajar,,Fábrica o taller,,Su casa,,home,,1409800010031,,A PIE,,5,,,,,
1769,4,1409800011576,Hombres,28,Empleado,,4,18:30,,Regresar a Casa,,Su casa,,Su casa → Fábrica o taller,,1409800010031,,home,,A PIE,,5,tipo_origen:revision,,changed,,
1826,5,1409800012752,Hombres,17,Estudiante,,1,08:18,,"Compras (bienes, productos y servicios)",,"Comercio, mercado, tienda o centro comercial",,Su casa,,home,,home,,A PIE,,9,,,,,
1826,5,1409800012752,Hombres,17,Estudiante,,2,08:30,,Regresar a Casa,,Su casa,,"Su casa → Comercio, mercado, tienda o centro comercial",,home,,home,,A PIE,,9,tipo_origen:revision,,changed,,
1826,5,1409800012752,Hombres,17,Estudiante,,3,19:00 → 09:00,,Estudiar,,Escuela,,Su casa,,home,,1407000130401,,CAMIÓN O AUTOBÚS,,40,hora:-10h,,changed,,
1826,5,1409800012752,Hombres,17,Estudiante,,4,15:00,,Regresar a Casa,,Su casa,,Su casa → Escuela,,1407000130401,,home,,CAMIÓN O AUTOBÚS,,40,tipo_origen:revision,,changed,,
1826,5,1409800012752,Hombres,17,Estudiante,,5,16:30,,Deportes o recreación,,Centro cultural o área recreativa,,Su casa,,home,,1407000130401,,A PIE,,20,,,,,
1826,5,1409800012752,Hombres,17,Estudiante,,6,17:00,,Deportes o recreación,Regresar a Casa,Su casa,,Su casa → Centro cultural o área recreativa,,1407000130401,,home,,A PIE,,40,tipo_origen:revision,actividad_en_casa,changed,,"Llega a la vivienda (el AGEB del hogar, tipo Su casa) desde 1407000130401, donde hizo la misma actividad: es el regreso a casa, registrado con el motivo de la actividad (Deportes o recreación). Al llegar a casa el propósito es casa; si el renglón siguiente repite el regreso desde casa, queda como no-viaje."
1826,5,1409800012752,Hombres,17,Estudiante,,7,19:46,,Regresar a Casa,,Su casa,,Su casa,,home,,home,,A PIE,,40,,,,,
1958,3,1409800011468,Hombres,28,Empleado,,1,05:00,,Trabajar,,"Comercio, mercado, tienda o centro comercial",,Su casa,,home,,1403900015366,,CAMIÓN O AUTOBÚS,,65,,,,,
1958,3,1409800011468,Hombres,28,Empleado,,2,16:00,,Trabajar,Regresar a Casa,Su casa,,"Su casa → Comercio, mercado, tienda o centro comercial",,1403900015366,,home,,CAMIÓN O AUTOBÚS,,65,tipo_origen:revision,actividad_en_casa,changed,,"Llega a la vivienda (el AGEB del hogar, tipo Su casa) desde 1403900015366, donde hizo la misma actividad: es el regreso a casa, registrado con el motivo de la actividad (Trabajar). Al llegar a casa el propósito es casa; si el renglón siguiente repite el regreso desde casa, queda como no-viaje."
1958,3,1409800011468,Hombres,28,Empleado,,3,20:48,,Regresar a Casa,,Su casa,,Su casa,,home,,home,,CAMIÓN O AUTOBÚS,,65,,,,,
1998,1,1409800012911,Hombres,62,,,1,08:12,,"Compras (bienes, productos y servicios)",,"Comercio, mercado, tienda o centro comercial",,Su casa,,home,,1409800012663,,A PIE,,12,,,,,
1998,1,1409800012911,Hombres,62,,,2,08:32,,Regresar a Casa,,Su casa,,"Su casa → Comercio, mercado, tienda o centro comercial",,1409800012663,,home,,A PIE,,12,tipo_origen:revision,,changed,,
1998,1,1409800012911,Hombres,62,,,3,17:00,,Compras (comida),,"Comercio, mercado, tienda o centro comercial",,Su casa,,home,,1409800012131,,A PIE,,5,,,,,
1998,1,1409800012911,Hombres,62,,,4,17:05,,Compras (comida),Regresar a Casa,Su casa,,"Su casa → Comercio, mercado, tienda o centro comercial",,1409800012131,,home,,A PIE,,5,tipo_origen:revision,actividad_en_casa,changed,,"Llega a la vivienda (el AGEB del hogar, tipo Su casa) desde 1409800012131, donde hizo la misma actividad: es el regreso a casa, registrado con el motivo de la actividad (Compras (comida)). Al llegar a casa el propósito es casa; si el renglón siguiente repite el regreso desde casa, queda como no-viaje."
1998,1,1409800012911,Hombres,62,,,5,20:40,,Regresar a Casa,,Su casa,,Su casa,,home,,home,,A PIE,,5,,,,,
2015,2,1409800012131,Mujeres,31,Hogar,,1,08:00,,Llevar o recoger a alguien,,Su casa,,Su casa,,home,,home,,A PIE,,10,,actividad_en_casa,,,
2015,2,1409800012131,Mujeres,31,Hogar,,2,08:30,,Compras (comida),,"Comercio, mercado, tienda o centro comercial",,Su casa,,home,,1409800012150,,A PIE,,20,,,,,
2015,2,1409800012131,Mujeres,31,Hogar,,3,09:30,,Compras (comida),Regresar a Casa,Su casa,,"Su casa → Comercio, mercado, tienda o centro comercial",,1409800012150,,home,,A PIE,,20,tipo_origen:revision,actividad_en_casa,changed,,"Llega a la vivienda (el AGEB del hogar, tipo Su casa) desde 1409800012150, donde hizo la misma actividad: es el regreso a casa, registrado con el motivo de la actividad (Compras (comida)). Al llegar a casa el propósito es casa; si el renglón siguiente repite el regreso desde casa, queda como no-viaje."
2015,2,1409800012131,Mujeres,31,Hogar,,4,12:30,,Llevar o recoger a alguien,,Escuela,,Su casa,,home,,home,,A PIE,,18,,fin_fuera_de_casa,,,
2042,1,1409800012714,Hombres,40,Desempleado,,1,08:00,,Compras (comida),,"Comercio, mercado, tienda o centro comercial",,Su casa,,home,,1409708312030,,AUTOMÓVIL PARTICULAR,,30,,,,,
2042,1,1409800012714,Hombres,40,Desempleado,,2,09:00,,Compras (comida),Regresar a Casa,Su casa,,"Su casa → Comercio, mercado, tienda o centro comercial",,1409708312030,,home,,A PIE,,5,tipo_origen:revision,actividad_en_casa,changed,,"Llega a la vivienda (el AGEB del hogar, tipo Su casa) desde 1409708312030, donde hizo la misma actividad: es el regreso a casa, registrado con el motivo de la actividad (Compras (comida)). Al llegar a casa el propósito es casa; si el renglón siguiente repite el regreso desde casa, queda como no-viaje."
2042,1,1409800012714,Hombres,40,Desempleado,,3,10:40,,Compras (comida),,"Comercio, mercado, tienda o centro comercial",,Su casa,,home,,1412000011225,,AUTOMÓVIL PARTICULAR,,30,,,,,
2042,1,1409800012714,Hombres,40,Desempleado,,4,19:00,,Regresar a Casa,,Su casa,,"Su casa → Comercio, mercado, tienda o centro comercial",,1412000011225,,home,,AUTOMÓVIL PARTICULAR,,70,tipo_origen:revision,,changed,,
2080,1,1409800011468,Mujeres,59,Hogar,,1,11:00,,Compras (comida),,"Comercio, mercado, tienda o centro comercial",,Su casa,,home,,1409800011453,,A PIE,,5,,,,,
2080,1,1409800011468,Mujeres,59,Hogar,,2,11:15,,Compras (comida),Regresar a Casa,Su casa,,"Su casa → Comercio, mercado, tienda o centro comercial",,1409800011453,,home,,A PIE,,5,tipo_origen:revision,actividad_en_casa,changed,,"Llega a la vivienda (el AGEB del hogar, tipo Su casa) desde 1409800011453, donde hizo la misma actividad: es el regreso a casa, registrado con el motivo de la actividad (Compras (comida)). Al llegar a casa el propósito es casa; si el renglón siguiente repite el regreso desde casa, queda como no-viaje."
2080,1,1409800011468,Mujeres,59,Hogar,,3,19:04,,Regresar a Casa,,Su casa,,Su casa,,home,,home,,A PIE,,5,,,,,
2209,1,1409800010987,Hombres,25,Trabajador independiente,,1,06:00,,"Compras (bienes, productos y servicios)",,Fábrica o taller,,Su casa,,home,,1403900015347,,AUTOMÓVIL PARTICULAR,,40,,,,,
2209,1,1409800010987,Hombres,25,Trabajador independiente,,2,08:00,,Trabajar,Regresar a Casa,Su casa,,Su casa → Fábrica o taller,,1403900015347,,home,,CAMIÓN O AUTOBÚS,,40,tipo_origen:revision,actividad_en_casa,changed,,"Llega a la vivienda (el AGEB del hogar, tipo Su casa) desde 1403900015347, donde hizo una actividad: es el regreso a casa, registrado con el motivo de la actividad (Trabajar). Al llegar a casa el propósito es casa; si el renglón siguiente repite el regreso desde casa, queda como no-viaje."
2209,1,1409800010987,Hombres,25,Trabajador independiente,,3,17:00,,Trabajar,,Fábrica o taller,,Su casa,,home,,1410100010927,,CAMIÓN O AUTOBÚS,,60,,,,,
2209,1,1409800010987,Hombres,25,Trabajador independiente,,4,18:00,,Regresar a Casa,,Su casa,,Su casa → Fábrica o taller,,1410100010927,,home,,CAMIÓN O AUTOBÚS,,65,tipo_origen:revision,,changed,,
2209,2,1409800010987,Hombres,50,Trabajador independiente,,1,06:00,,"Compras (bienes, productos y servicios)",,Fábrica o taller,,Su casa,,home,,1403900015347,,AUTOMÓVIL PARTICULAR,,45,,,,,
2209,2,1409800010987,Hombres,50,Trabajador independiente,,2,08:30,,Trabajar,Regresar a Casa,Su casa,,Su casa → Fábrica o taller,,1403900015347,,home,,AUTOMÓVIL PARTICULAR,,45,tipo_origen:revision,actividad_en_casa,changed,,"Llega a la vivienda (el AGEB del hogar, tipo Su casa) desde 1403900015347, donde hizo una actividad: es el regreso a casa, registrado con el motivo de la actividad (Trabajar). Al llegar a casa el propósito es casa; si el renglón siguiente repite el regreso desde casa, queda como no-viaje."
2209,2,1409800010987,Hombres,50,Trabajador independiente,,3,15:15,,Trabajar,,Fábrica o taller,,Su casa,,home,,1410100010927,,CAMIÓN O AUTOBÚS,,90,,,,,
2209,2,1409800010987,Hombres,50,Trabajador independiente,,4,18:45,,Regresar a Casa,,Su casa,,Su casa → Fábrica o taller,,1410100010927,,home,,AUTOMÓVIL PARTICULAR,,70,tipo_origen:revision,,changed,,
2213,2,1403900013783,Hombres,37,Estudiante,,1,09:00,,Compras (comida),Regresar a Casa,Su casa,,"Comercio, mercado, tienda o centro comercial",,1403900014654,,home,,A PIE,,20,,inicio_fuera_de_casa;actividad_en_casa,,,"Llega a la vivienda (el AGEB del hogar, tipo Su casa) desde 1403900014654, donde hizo una actividad: es el regreso a casa, registrado con el motivo de la actividad (Compras (comida)). Al llegar a casa el propósito es casa; si el renglón siguiente repite el regreso desde casa, queda como no-viaje."
2213,2,1403900013783,Hombres,37,Estudiante,,2,14:01,,"Regresar a Casa → Compras (bienes, productos y servicios)",,Su casa,,"Comercio, mercado, tienda o centro comercial → Su casa",,home,,1403900014654,,A PIE,,20,motivo:revision;tipo_origen:revision,fin_fuera_de_casa;actividad_en_casa,changed,,
2233,4,1403900015436,Mujeres,23,Hogar,,1,07:04,,Otros (especifique),,Otros (especifique),,Su casa,,home,,home,,A PIE,,14,,,,,
2233,4,1403900015436,Mujeres,23,Hogar,,2,07:21,,Regresar a Casa,,Su casa,,Su casa → Otros (especifique),,home,,home,,A PIE,,14,tipo_origen:revision,,changed,,
2233,4,1403900015436,Mujeres,23,Hogar,,3,13:00,,Visitar a alguien,,Otra vivienda,,Su casa,,home,,140970001212A,,CAMIÓN O AUTOBÚS,,45,,,,,
2233,4,1403900015436,Mujeres,23,Hogar,,4,19:00,,Pagar algún servicio o al banco,Regresar a Casa,Su casa,,Su casa → Otra vivienda,,140970001212A,,home,,CAMIÓN O AUTOBÚS,,45,tipo_origen:revision,actividad_en_casa,changed,,"Llega a la vivienda (el AGEB del hogar, tipo Su casa) desde 140970001212A, donde hizo una actividad: es el regreso a casa, registrado con el motivo de la actividad (Pagar algún servicio o al banco). Al llegar a casa el propósito es casa; si el renglón siguiente repite el regreso desde casa, queda como no-viaje."
2233,4,1403900015436,Mujeres,23,Hogar,,5,19:15 → 21:15,,Regresar a Casa,,Su casa,,Su casa,,home,,home,,CAMIÓN O AUTOBÚS,,45,hora:-10h+12h,,changed,,
2276,1,1409800010987,Hombres,61,Jubilado o pensionado,,1,07:00,,Hacer un trámite,,"Hospital, clínica, consultorio, laboratorio clínico",,Su casa,,home,,1403900011626,,CAMIÓN O AUTOBÚS,,90,,,,,
2276,1,1409800010987,Hombres,61,Jubilado o pensionado,,2,15:00,,Guardería,Regresar a Casa,Su casa,,"Su casa → Hospital, clínica, consultorio, laboratorio clínico",,1403900011626,,home,,CAMIÓN O AUTOBÚS,,95,tipo_origen:revision,actividad_en_casa;motivo_guarderia,changed,,"Llega a la vivienda (el AGEB del hogar, tipo Su casa) desde 1403900011626, donde hizo una actividad: es el regreso a casa, registrado con el motivo de la actividad (Guardería). Al llegar a casa el propósito es casa; si el renglón siguiente repite el regreso desde casa, queda como no-viaje."
2276,1,1409800010987,Hombres,61,Jubilado o pensionado,,3,20:12,,Regresar a Casa,,Su casa,,Su casa,,home,,home,,CAMIÓN O AUTOBÚS,,95,,,,,
2284,1,1409800010987,Hombres,31,Trabajador independiente,,1,19:00 → 07:00,,Trabajar,,Fábrica o taller,,Su casa,,home,,1403900013783,,MI MACRO,,40,hora:revision,,changed,,
2284,1,1409800010987,Hombres,31,Trabajador independiente,,2,09:00,,Trabajar,Regresar a Casa,Su casa,,Su casa → Fábrica o taller,,1403900013783,,home,,MI MACRO,,40,tipo_origen:revision,actividad_en_casa,changed,,"Llega a la vivienda (el AGEB del hogar, tipo Su casa) desde 1403900013783, donde hizo la misma actividad: es el regreso a casa, registrado con el motivo de la actividad (Trabajar). Al llegar a casa el propósito es casa; si el renglón siguiente repite el regreso desde casa, queda como no-viaje."
2284,1,1409800010987,Hombres,31,Trabajador independiente,,3,13:00,,Trabajar,,Otra vivienda,,Su casa,,home,,1403900013374,,AUTOMÓVIL PARTICULAR,,40,,,,,
2284,1,1409800010987,Hombres,31,Trabajador independiente,,4,15:30,,Regresar a Casa,,Su casa,,Su casa → Otra vivienda,,1403900013374,,home,,AUTOMÓVIL PARTICULAR,,35,tipo_origen:revision,,changed,,
2284,1,1409800010987,Hombres,31,Trabajador independiente,,5,18:40,,Trabajar,,Otra vivienda,,Su casa,,home,,1407000131471,,CAMIÓN O AUTOBÚS,,25,,,,,
2284,1,1409800010987,Hombres,31,Trabajador independiente,,6,21:00,,Regresar a Casa,,Su casa,,Su casa → Otra vivienda,,1407000131471,,home,,AUTOMÓVIL PARTICULAR,,35,tipo_origen:revision,,changed,,
2373,5,1409800012841,Mujeres,33,Empleado,,1,09:00,,Trabajar,Regresar a Casa,Su casa,,Otra vivienda,,1412000010373,,home,,TREN LIGERO,,80,,inicio_fuera_de_casa;actividad_en_casa,,,"Llega a la vivienda (el AGEB del hogar, tipo Su casa) desde 1412000010373, donde hizo una actividad: es el regreso a casa, registrado con el motivo de la actividad (Trabajar). Al llegar a casa el propósito es casa; si el renglón siguiente repite el regreso desde casa, queda como no-viaje."
2373,5,1409800012841,Mujeres,33,Empleado,,2,20:01,,Trabajar,,Otros (especifique),,Otra vivienda → Su casa,,home,,1409800010879,,MI MACRO,,79,tipo_origen:revision,fin_fuera_de_casa,changed,,
2373,5,1409800012841,Mujeres,33,Empleado,,3,20:50,,Regresar a Casa,,Su casa,,Otra vivienda,,1409800010879,,home,,MI MACRO,,79,,,dropped,,
2452,2,1409800010370,Mujeres,36,Hogar,,1,07:40,,Llevar o recoger a alguien,,Escuela,,Su casa,,home,,1409800011928,,A PIE,,10,,,,,
2452,2,1409800010370,Mujeres,36,Hogar,,2,07:50,,Regresar a Casa,,Su casa,,Su casa → Escuela,,1409800011928,,home,,A PIE,,10,tipo_origen:revision,,changed,,
2452,2,1409800010370,Mujeres,36,Hogar,,3,12:30,,Llevar o recoger a alguien,,Escuela,,Su casa,,home,,1409800011928,,A PIE,,10,,,,,
2452,2,1409800010370,Mujeres,36,Hogar,,4,12:40,,Llevar o recoger a alguien,Regresar a Casa,Su casa,,Su casa → Escuela,,1409800011928,,home,,A PIE,,10,tipo_origen:revision,actividad_en_casa,changed,,"Llega a la vivienda (el AGEB del hogar, tipo Su casa) desde 1409800011928, donde hizo la misma actividad: es el regreso a casa, registrado con el motivo de la actividad (Llevar o recoger a alguien). Al llegar a casa el propósito es casa; si el renglón siguiente repite el regreso desde casa, queda como no-viaje."
2452,2,1409800010370,Mujeres,36,Hogar,,5,19:45,,Regresar a Casa,,Su casa,,Su casa,,home,,home,,A PIE,,10,,,,,
2639,1,1412000015552,Hombres,26,Empleado,,1,06:30,,Trabajar,,Fábrica o taller,,Su casa,,home,,1412000012562,,AUTOMÓVIL PARTICULAR,,15,,,,,
2639,1,1412000015552,Hombres,26,Empleado,,2,18:00 → 08:00,,Regresar a Casa → Visitar a alguien,,Su casa,,Su casa → Fábrica o taller,,1412000012562,,1409708331507,,AUTOMÓVIL PARTICULAR,,20,hora:-10h;motivo:revision;tipo_origen:revision,actividad_en_casa,changed,,
2639,1,1412000015552,Hombres,26,Empleado,,3,14:00,,Deportes o recreación,Regresar a Casa,Su casa,,Su casa,,1409708331507,,home,,CAMIÓN O AUTOBÚS,,50,,actividad_en_casa,,,"Llega a la vivienda (el AGEB del hogar, tipo Su casa) desde 1409708331507, donde hizo una actividad: es el regreso a casa, registrado con el motivo de la actividad (Deportes o recreación). Al llegar a casa el propósito es casa; si el renglón siguiente repite el regreso desde casa, queda como no-viaje."
2639,1,1412000015552,Hombres,26,Empleado,,4,20:02,,Regresar a Casa,,Su casa,,Su casa,,home,,home,,CAMIÓN O AUTOBÚS,,50,,,,,
2665,2,1412000012469,Mujeres,23,Hogar,,1,07:40,,Llevar o recoger a alguien,,Escuela,,Su casa,,home,,1409800012555,,A PIE,,10,,,,,
2665,2,1412000012469,Mujeres,23,Hogar,,2,08:00,,Regresar a Casa,,Su casa,,Su casa → Escuela,,1409800012555,,home,,A PIE,,10,tipo_origen:revision,,changed,,
2665,2,1412000012469,Mujeres,23,Hogar,,3,12:00,,Llevar o recoger a alguien,,Escuela,,Su casa,,home,,1409800012555,,A PIE,,10,,,,,
2665,2,1412000012469,Mujeres,23,Hogar,,4,12:30,,Llevar o recoger a alguien,Regresar a Casa,Su casa,,Su casa → Escuela,,1409800012555,,home,,A PIE,,10,tipo_origen:revision,actividad_en_casa,changed,,"Llega a la vivienda (el AGEB del hogar, tipo Su casa) desde 1409800012555, donde hizo la misma actividad: es el regreso a casa, registrado con el motivo de la actividad (Llevar o recoger a alguien). Al llegar a casa el propósito es casa; si el renglón siguiente repite el regreso desde casa, queda como no-viaje."
2665,2,1412000012469,Mujeres,23,Hogar,,5,20:05,,Regresar a Casa,,Su casa,,Su casa,,home,,home,,A PIE,,10,,,,,
2723,1,1412000011526,Hombres,28,Empleado,,1,07:00,,Trabajar,,Fábrica o taller,,Su casa,,home,,1409700250369,,AUTOMÓVIL PARTICULAR,,45,,,,,
2723,1,1412000011526,Hombres,28,Empleado,,2,11:40,,Llevar o recoger a alguien,Regresar a Casa,Su casa,,Su casa → Fábrica o taller,,1409700250369,,home,,AUTOMÓVIL PARTICULAR,,45,tipo_origen:revision,actividad_en_casa,changed,,"Llega a la vivienda (el AGEB del hogar, tipo Su casa) desde 1409700250369, donde hizo una actividad: es el regreso a casa, registrado con el motivo de la actividad (Llevar o recoger a alguien). Al llegar a casa el propósito es casa; si el renglón siguiente repite el regreso desde casa, queda como no-viaje."
2723,1,1412000011526,Hombres,28,Empleado,,3,13:30,,Llevar o recoger a alguien,,Escuela,,Su casa,,home,,1409700250462,,AUTOMÓVIL PARTICULAR,,45,,,,,
2723,1,1412000011526,Hombres,28,Empleado,,4,15:00,,Trabajar,,Fábrica o taller,,Su casa → Escuela,,1409700250462,,1409700250354,,AUTOMÓVIL PARTICULAR,,45,tipo_origen:revision,,changed,,
2723,1,1412000011526,Hombres,28,Empleado,,5,18:30,,Llevar o recoger a alguien,,Escuela,,Su casa → Fábrica o taller,,1409700250354,,1409700250354,,AUTOMÓVIL PARTICULAR,,10,tipo_origen:revision,,changed,,
2723,1,1412000011526,Hombres,28,Empleado,,6,18:50,,Regresar a Casa,,Su casa,,Su casa → Escuela,,1409700250354,,home,,AUTOMÓVIL PARTICULAR,,45,tipo_origen:revision,,changed,,
2787,3,1409700321189,Mujeres,37,,,1,05:00,,Llevar o recoger a alguien,,"Hospital, clínica, consultorio, laboratorio clínico",,Su casa,,home,,1409700320284,,Mototaxi,,15,,,,,
2787,3,1409700321189,Mujeres,37,,,2,07:00,,Llevar o recoger a alguien,Regresar a Casa,Su casa,,"Su casa → Hospital, clínica, consultorio, laboratorio clínico",,1409700320284,,home,,Mototaxi,,15,tipo_origen:revision,actividad_en_casa,changed,,"Llega a la vivienda (el AGEB del hogar, tipo Su casa) desde 1409700320284, donde hizo la misma actividad: es el regreso a casa, registrado con el motivo de la actividad (Llevar o recoger a alguien). Al llegar a casa el propósito es casa; si el renglón siguiente repite el regreso desde casa, queda como no-viaje."
2787,3,1409700321189,Mujeres,37,,,3,07:45,,Llevar o recoger a alguien,,Oficina,,Su casa,,home,,140970032027A,,A PIE,,10,,,,,
2787,3,1409700321189,Mujeres,37,,,4,08:05,,Regresar a Casa,,Su casa,,Su casa → Oficina,,140970032027A,,home,,A PIE,,10,tipo_origen:revision,,changed,,
2787,3,1409700321189,Mujeres,37,,,5,08:45,,Llevar o recoger a alguien,,Escuela,,Su casa,,home,,1409700320829,,A PIE,,15,,,,,
2787,3,1409700321189,Mujeres,37,,,6,09:10,,Llevar o recoger a alguien,,"Hospital, clínica, consultorio, laboratorio clínico",,Su casa → Escuela,,1409700320829,,1409700320284,,Mototaxi,,20,tipo_origen:revision,,changed,,
2787,3,1409700321189,Mujeres,37,,,7,11:50,,Llevar o recoger a alguien,,Escuela,,"Su casa → Hospital, clínica, consultorio, laboratorio clínico",,1409700320284,,1409700320829,,Mototaxi,,15,tipo_origen:revision,fin_fuera_de_casa,changed,,
2803,4,1409800142019,Mujeres,21,Empleado,,1,09:00,,Trabajar,,"Comercio, mercado, tienda o centro comercial",,Su casa,,home,,1409800141129,,A PIE,,15,,,,,
2803,4,1409800142019,Mujeres,21,Empleado,,2,14:00,,Compras (comida),Regresar a Casa,Su casa,,"Su casa → Comercio, mercado, tienda o centro comercial",,1409800141129,,home,,A PIE,,15,tipo_origen:revision,actividad_en_casa,changed,,"Llega a la vivienda (el AGEB del hogar, tipo Su casa) desde 1409800141129, donde hizo una actividad: es el regreso a casa, registrado con el motivo de la actividad (Compras (comida)). Al llegar a casa el propósito es casa; si el renglón siguiente repite el regreso desde casa, queda como no-viaje."
2803,4,1409800142019,Mujeres,21,Empleado,,3,15:00,,Trabajar,,"Comercio, mercado, tienda o centro comercial",,Su casa,,home,,1409800141129,,A PIE,,15,,,,,
2803,4,1409800142019,Mujeres,21,Empleado,,4,22:00,,Regresar a Casa,,Su casa,,"Su casa → Comercio, mercado, tienda o centro comercial",,1409800141129,,home,,A PIE,,15,tipo_origen:revision,,changed,,
2971,3,140980012,Mujeres,24,Empleado,,1,07:00,,Trabajar,,Fábrica o taller,,Su casa,,home,,1403900011626,,TREN LIGERO,,80,,,,,
2971,3,140980012,Mujeres,24,Empleado,,2,17:10,,Otros (especifique),Regresar a Casa,Su casa,,Su casa → Fábrica o taller,,1403900011626,,home,,TREN LIGERO,,80,tipo_origen:revision,fin_fuera_de_casa;actividad_en_casa,changed,,"Llega a la vivienda (el AGEB del hogar, tipo Su casa) desde 1403900011626, donde hizo una actividad: es el regreso a casa, registrado con el motivo de la actividad (Otros (especifique)). Al llegar a casa el propósito es casa; si el renglón siguiente repite el regreso desde casa, queda como no-viaje."
3078,2,1409708223077,Mujeres,31,Hogar,,1,07:45,,Llevar o recoger a alguien,,Escuela,,Su casa,,home,,1409708221935,,MOTOCICLETA,,15,,,,,
3078,2,1409708223077,Mujeres,31,Hogar,,2,08:00,,Llevar o recoger a alguien,Regresar a Casa,Su casa,,Su casa → Escuela,,1409708221935,,home,,MOTOCICLETA,,10,tipo_origen:revision,actividad_en_casa,changed,,"Llega a la vivienda (el AGEB del hogar, tipo Su casa) desde 1409708221935, donde hizo la misma actividad: es el regreso a casa, registrado con el motivo de la actividad (Llevar o recoger a alguien). Al llegar a casa el propósito es casa; si el renglón siguiente repite el regreso desde casa, queda como no-viaje."
3078,2,1409708223077,Mujeres,31,Hogar,,3,19:51,,Regresar a Casa,,Su casa,,Su casa,,home,,home,,MOTOCICLETA,,10,,,,,
3102,5,1409708223749,Mujeres,14,Estudiante,,1,13:08,,Estudiar,,Escuela,,Su casa,,home,,140970015,,Transporte escolar,,20,,,,,
3102,5,1409708223749,Mujeres,14,Estudiante,,2,19:05,,Estudiar,Regresar a Casa,Su casa,,Su casa → Escuela,,140970015,,home,,Transporte escolar,,20,tipo_origen:revision,actividad_en_casa,changed,,"Llega a la vivienda (el AGEB del hogar, tipo Su casa) desde 140970015, donde hizo la misma actividad: es el regreso a casa, registrado con el motivo de la actividad (Estudiar). Al llegar a casa el propósito es casa; si el renglón siguiente repite el regreso desde casa, queda como no-viaje."
3102,5,1409708223749,Mujeres,14,Estudiante,,3,20:47,,Regresar a Casa,,Su casa,,Su casa,,home,,home,,Transporte escolar,,20,,,,,
3142,2,1409708223058,Mujeres,57,Empleado,,1,05:30,,Trabajar,,Oficina,,Su casa,,home,,141200001066A,,CAMIÓN O AUTOBÚS,,100,,,,,
3142,2,1409708223058,Mujeres,57,Empleado,,2,17:00,,Trabajar,Regresar a Casa,Su casa,,Su casa → Oficina,,141200001066A,,home,,CAMIÓN O AUTOBÚS,,130,tipo_origen:revision,actividad_en_casa,changed,,"Llega a la vivienda (el AGEB del hogar, tipo Su casa) desde 141200001066A, donde hizo la misma actividad: es el regreso a casa, registrado con el motivo de la actividad (Trabajar). Al llegar a casa el propósito es casa; si el renglón siguiente repite el regreso desde casa, queda como no-viaje."
3142,2,1409708223058,Mujeres,57,Empleado,,3,19:56,,Regresar a Casa,,Su casa,,Su casa,,home,,home,,CAMIÓN O AUTOBÚS,,130,,,,,
3177,2,140970822358A,Hombres,39,Empleado,,1,06:20,,Trabajar,,Fábrica o taller,,Su casa,,home,,1403900015440,,CAMIÓN O AUTOBÚS,,60,,,,,
3177,2,140970822358A,Hombres,39,Empleado,,2,17:45,,Regresar a Casa,,Su casa,,Su casa → Fábrica o taller,,1403900015440,,home,,CAMIÓN O AUTOBÚS,,60,hora:-10h;hora:revision;tipo_origen:revision,,changed,,
3177,2,140970822358A,Hombres,39,Empleado,,3,18:10 → 18:45,,Llevar o recoger a alguien,,Escuela,,Su casa,,home,,140970822194A,,CAMIÓN O AUTOBÚS,,20,hora:revision,,changed,,
3177,2,140970822358A,Hombres,39,Empleado,,4,19:10,,Llevar o recoger a alguien,Regresar a Casa,Su casa,,Su casa → Escuela,,140970822194A,,home,,Mototaxi,,15,tipo_origen:revision,actividad_en_casa,changed,,"Llega a la vivienda (el AGEB del hogar, tipo Su casa) desde 140970822194A, donde hizo la misma actividad: es el regreso a casa, registrado con el motivo de la actividad (Llevar o recoger a alguien). Al llegar a casa el propósito es casa; si el renglón siguiente repite el regreso desde casa, queda como no-viaje."
3177,2,140970822358A,Hombres,39,Empleado,,5,19:15 → 19:25,,Regresar a Casa,,Su casa,,Su casa,,home,,home,,Mototaxi,,15,hora:revision,,changed,,
3208,2,1409708223700,Mujeres,47,Hogar,,1,10:20,,Hacer un trámite,,"Comercio, mercado, tienda o centro comercial",,Su casa,,home,,1409708221899,,CAMIÓN O AUTOBÚS,,20,,,,,
3208,2,1409708223700,Mujeres,47,Hogar,,2,09:25 → 19:25,,Hacer un trámite,Regresar a Casa,Su casa,,"Su casa → Comercio, mercado, tienda o centro comercial",,1409708221899,,home,,CAMIÓN O AUTOBÚS,,20,hora:+10h;tipo_origen:revision,actividad_en_casa,changed,,"Llega a la vivienda (el AGEB del hogar, tipo Su casa) desde 1409708221899, donde hizo la misma actividad: es el regreso a casa, registrado con el motivo de la actividad (Hacer un trámite). Al llegar a casa el propósito es casa; si el renglón siguiente repite el regreso desde casa, queda como no-viaje."
3208,2,1409708223700,Mujeres,47,Hogar,,3,20:54,,Regresar a Casa,,Su casa,,Su casa,,home,,home,,CAMIÓN O AUTOBÚS,,20,,,,,
3247,1,1409700381827,Hombres,68,Empleado,,1,05:50,,Trabajar,,"Hospital, clínica, consultorio, laboratorio clínico",,Su casa,,home,,1403900011043,,AUTOMÓVIL PARTICULAR,,45,,,,,
3247,1,1409700381827,Hombres,68,Empleado,,2,18:30,,Compras (comida),Regresar a Casa,Su casa,,"Su casa → Hospital, clínica, consultorio, laboratorio clínico",,1403900011043,,home,,AUTOMÓVIL PARTICULAR,,3,tipo_origen:revision,actividad_en_casa,changed,,"Llega a la vivienda (el AGEB del hogar, tipo Su casa) desde 1403900011043, donde hizo una actividad: es el regreso a casa, registrado con el motivo de la actividad (Compras (comida)). Al llegar a casa el propósito es casa; si el renglón siguiente repite el regreso desde casa, queda como no-viaje."
3247,1,1409700381827,Hombres,68,Empleado,,3,19:50,,Regresar a Casa,,Su casa,,Su casa,,home,,home,,AUTOMÓVIL PARTICULAR,,45,,,,,
3280,1,1409708221600,Hombres,29,Patrón o empresario,,1,08:00,,Trabajar,,Fábrica o taller,,Su casa,,home,,1409700381808,,MOTOCICLETA,,15,,,,,
3280,1,1409708221600,Hombres,29,Patrón o empresario,,2,17:00,,Trabajar,Regresar a Casa,Su casa,,Su casa → Fábrica o taller,,1409700381808,,home,,MOTOCICLETA,,15,tipo_origen:revision,actividad_en_casa,changed,,"Llega a la vivienda (el AGEB del hogar, tipo Su casa) desde 1409700381808, donde hizo la misma actividad: es el regreso a casa, registrado con el motivo de la actividad (Trabajar). Al llegar a casa el propósito es casa; si el renglón siguiente repite el regreso desde casa, queda como no-viaje."
3280,1,1409708221600,Hombres,29,Patrón o empresario,,3,19:22,,Regresar a Casa,,Su casa,,Su casa,,home,,home,,MOTOCICLETA,,15,,,,,
3398,2,1403900011683,Mujeres,80,Hogar,,1,19:00 → 09:00,,Visitar a alguien,,Otra vivienda,,Su casa,,home,,1403900014442,,TREN LIGERO,,100,hora:-10h,,changed,,
3398,2,1403900011683,Mujeres,80,Hogar,,2,19:00,,Visitar a alguien,Regresar a Casa,Su casa,,Su casa → Otra vivienda,,1403900014442,,home,,MI MACRO,,100,tipo_origen:revision,actividad_en_casa,changed,,"Llega a la vivienda (el AGEB del hogar, tipo Su casa) desde 1403900014442, donde hizo la misma actividad: es el regreso a casa, registrado con el motivo de la actividad (Visitar a alguien). Al llegar a casa el propósito es casa; si el renglón siguiente repite el regreso desde casa, queda como no-viaje."
3398,2,1403900011683,Mujeres,80,Hogar,,3,20:36 → 20:40,,Regresar a Casa,,Su casa,,Su casa,,home,,home,,MI MACRO,,100,hora:revision,,changed,,
3476,1,140390001119A,Mujeres,43,Empleado,,1,07:45,,Trabajar,,Fábrica o taller,,Su casa,,home,,141200001422A,,TREN LIGERO,,50,,,,,
3476,1,140390001119A,Mujeres,43,Empleado,,2,18:00,,Guardería,Regresar a Casa,Su casa,,Su casa → Fábrica o taller,,141200001422A,,home,,TREN LIGERO,,45,tipo_origen:revision,actividad_en_casa;motivo_guarderia,changed,,"Llega a la vivienda (el AGEB del hogar, tipo Su casa) desde 141200001422A, donde hizo una actividad: es el regreso a casa, registrado con el motivo de la actividad (Guardería). Al llegar a casa el propósito es casa; si el renglón siguiente repite el regreso desde casa, queda como no-viaje."
3476,1,140390001119A,Mujeres,43,Empleado,,3,20:45,,Regresar a Casa,,Su casa,,Su casa,,home,,home,,TREN LIGERO,,45,,,,,
3616,1,1409800011237,Mujeres,46,Hogar,,1,06:00,,Llevar o recoger a alguien,,Escuela,,Su casa,,home,,1407000130083,,A PIE,,30,,,,,
3616,1,1409800011237,Mujeres,46,Hogar,,2,07:20,,Regresar a Casa,,Su casa,,Su casa → Escuela,,1407000130083,,home,,A PIE,,20,tipo_origen:revision,,changed,,
3616,1,1409800011237,Mujeres,46,Hogar,,3,12:30,,Llevar o recoger a alguien,,Escuela,,Su casa,,home,,1407000130350,,A PIE,,20,,,,,
3616,1,1409800011237,Mujeres,46,Hogar,,4,13:00,,Llevar o recoger a alguien,Regresar a Casa,Su casa,,Su casa → Escuela,,1407000130350,,home,,A PIE,,30,tipo_origen:revision,actividad_en_casa,changed,,"Llega a la vivienda (el AGEB del hogar, tipo Su casa) desde 1407000130350, donde hizo la misma actividad: es el regreso a casa, registrado con el motivo de la actividad (Llevar o recoger a alguien). Al llegar a casa el propósito es casa; si el renglón siguiente repite el regreso desde casa, queda como no-viaje."
3616,1,1409800011237,Mujeres,46,Hogar,,5,19:00,,Regresar a Casa,,Su casa,,Su casa,,home,,home,,A PIE,,30,,,,,
3621,6,1407000131429,Hombres,22,Empleado,,1,07:11,,Trabajar,Regresar a Casa,Su casa,,Fábrica o taller,,1409708312187,,home,,CAMIÓN O AUTOBÚS,,45,,inicio_fuera_de_casa;actividad_en_casa,,,"Llega a la vivienda (el AGEB del hogar, tipo Su casa) desde 1409708312187, donde hizo una actividad: es el regreso a casa, registrado con el motivo de la actividad (Trabajar). Al llegar a casa el propósito es casa; si el renglón siguiente repite el regreso desde casa, queda como no-viaje."
3621,6,1407000131429,Hombres,22,Empleado,,2,08:28,,Regresar a Casa → Trabajar,,Su casa,,Fábrica o taller → Su casa,,home,,1409708312187,,CAMIÓN O AUTOBÚS,,45,motivo:revision;tipo_origen:revision,actividad_en_casa,changed,,
3621,6,1407000131429,Hombres,22,Empleado,,3,20:00,,Trabajar,Regresar a Casa,Su casa,,Fábrica o taller → Su casa,,1409708312187,,home,,CAMIÓN O AUTOBÚS,,45,tipo_origen:revision,actividad_en_casa,changed,,"Llega a la vivienda (el AGEB del hogar, tipo Su casa) desde 1409708312187, donde hizo la misma actividad: es el regreso a casa, registrado con el motivo de la actividad (Trabajar). Al llegar a casa el propósito es casa; si el renglón siguiente repite el regreso desde casa, queda como no-viaje."
3621,6,1407000131429,Hombres,22,Empleado,,4,23:01,,Regresar a Casa → Trabajar,,Su casa,,Fábrica o taller → Su casa,,home,,1409708312187,,CAMIÓN O AUTOBÚS,,45,motivo:revision;tipo_origen:revision,fin_fuera_de_casa;actividad_en_casa,changed,,
3668,1,1409700350231,Hombres,57,Empleado,,1,06:00,,Trabajar,,Fábrica o taller,,Su casa,,home,,1409704241761,,AUTOMÓVIL PARTICULAR,,45,,,,,
3668,1,1409700350231,Hombres,57,Empleado,,2,07:00,,Trabajar,,Fábrica o taller,,Su casa → Fábrica o taller,,1409704241761,,1412000010405,,AUTOMÓVIL PARTICULAR,,35,tipo_origen:revision,,changed,,
3668,1,1409700350231,Hombres,57,Empleado,,3,13:00,,Trabajar,,Fábrica o taller,,Su casa → Fábrica o taller,,1412000010405,,1412000013397,,CAMIÓN O AUTOBÚS,,45,tipo_origen:revision,,changed,,
3668,1,1409700350231,Hombres,57,Empleado,,4,16:00,,Trabajar,Regresar a Casa,Su casa,,Su casa → Fábrica o taller,,1412000013397,,home,,AUTOMÓVIL PARTICULAR,,50,tipo_origen:revision,actividad_en_casa,changed,,"Llega a la vivienda (el AGEB del hogar, tipo Su casa) desde 1412000013397, donde hizo la misma actividad: es el regreso a casa, registrado con el motivo de la actividad (Trabajar). Al llegar a casa el propósito es casa; si el renglón siguiente repite el regreso desde casa, queda como no-viaje."
3668,1,1409700350231,Hombres,57,Empleado,,5,19:15,,Regresar a Casa,,Su casa,,Su casa,,home,,home,,AUTOMÓVIL PARTICULAR,,50,,,,,
3690,3,14097059A,Hombres,27,Estudiante,,1,05:30,,Trabajar,,"Comercio, mercado, tienda o centro comercial",,Su casa,,home,,99999000A,,Taxi,,15,,,,,
3690,3,14097059A,Hombres,27,Estudiante,,2,12:30,,Trabajar,Regresar a Casa,Su casa,,"Su casa → Comercio, mercado, tienda o centro comercial",,99999000A,,home,,Taxi,,15,tipo_origen:revision,actividad_en_casa,changed,,"Llega a la vivienda (el AGEB del hogar, tipo Su casa) desde 99999000A, donde hizo la misma actividad: es el regreso a casa, registrado con el motivo de la actividad (Trabajar). Al llegar a casa el propósito es casa; si el renglón siguiente repite el regreso desde casa, queda como no-viaje."
3690,3,14097059A,Hombres,27,Estudiante,,3,14:00,,Estudiar,,Escuela,,Su casa,,home,,1412400010175,,CAMIÓN O AUTOBÚS,,20,,,,,
3690,3,14097059A,Hombres,27,Estudiante,,4,20:00,,Estudiar,,Escuela,,Su casa → Escuela,,1412400010175,,1412400010175,,CAMIÓN O AUTOBÚS,,30,tipo_origen:revision,fin_fuera_de_casa,changed,,
3771,1,1409800011237,Mujeres,56,Hogar,,1,11:00,,Compras (comida),,"Comercio, mercado, tienda o centro comercial",,Su casa,,home,,14070140A,,A PIE,,5,,,,,
3771,1,1409800011237,Mujeres,56,Hogar,,2,11:10,,Compras (comida),Regresar a Casa,Su casa,,"Su casa → Comercio, mercado, tienda o centro comercial",,14070140A,,home,,A PIE,,5,tipo_origen:revision,actividad_en_casa,changed,,"Llega a la vivienda (el AGEB del hogar, tipo Su casa) desde 14070140A, donde hizo la misma actividad: es el regreso a casa, registrado con el motivo de la actividad (Compras (comida)). Al llegar a casa el propósito es casa; si el renglón siguiente repite el regreso desde casa, queda como no-viaje."
3771,1,1409800011237,Mujeres,56,Hogar,,3,13:00,,Compras (comida),,"Comercio, mercado, tienda o centro comercial",,Su casa,,home,,home,,A PIE,,1,,,,,
3771,1,1409800011237,Mujeres,56,Hogar,,4,13:01,,Regresar a Casa,,Su casa,,"Su casa → Comercio, mercado, tienda o centro comercial",,home,,home,,A PIE,,1,tipo_origen:revision,,changed,,
3771,1,1409800011237,Mujeres,56,Hogar,,5,18:16,,Compras (comida),,"Comercio, mercado, tienda o centro comercial",,Su casa,,home,,1409800012752,,A PIE,,3,,,,,
3771,1,1409800011237,Mujeres,56,Hogar,,6,18:23,,Regresar a Casa,,Su casa,,"Su casa → Comercio, mercado, tienda o centro comercial",,1409800012752,,home,,A PIE,,3,tipo_origen:revision,,changed,,
3786,1,1409700350551,Mujeres,51,Empleado,,1,06:00,,Trabajar,,"Comercio, mercado, tienda o centro comercial",,Su casa,,home,,1403900011359,,CAMIÓN O AUTOBÚS,,50,,,,,
3786,1,1409700350551,Mujeres,51,Empleado,,2,18:00,,Trabajar,Regresar a Casa,Su casa,,"Su casa → Comercio, mercado, tienda o centro comercial",,1403900011359,,home,,CAMIÓN O AUTOBÚS,,40,tipo_origen:revision,actividad_en_casa,changed,,"Llega a la vivienda (el AGEB del hogar, tipo Su casa) desde 1403900011359, donde hizo la misma actividad: es el regreso a casa, registrado con el motivo de la actividad (Trabajar). Al llegar a casa el propósito es casa; si el renglón siguiente repite el regreso desde casa, queda como no-viaje."
3786,1,1409700350551,Mujeres,51,Empleado,,3,20:37,,Regresar a Casa,,Su casa,,Su casa,,home,,home,,CAMIÓN O AUTOBÚS,,40,,,,,
3799,1,1407000130420,Hombres,76,,,1,08:00,,Compras (comida),,"Comercio, mercado, tienda o centro comercial",,Su casa,,home,,1407000130350,,A PIE,,10,,,,,
3799,1,1407000130420,Hombres,76,,,2,08:20,,Compras (comida),Regresar a Casa,Su casa,,"Su casa → Comercio, mercado, tienda o centro comercial",,1407000130350,,home,,A PIE,,10,tipo_origen:revision,actividad_en_casa,changed,,"Llega a la vivienda (el AGEB del hogar, tipo Su casa) desde 1407000130350, donde hizo la misma actividad: es el regreso a casa, registrado con el motivo de la actividad (Compras (comida)). Al llegar a casa el propósito es casa; si el renglón siguiente repite el regreso desde casa, queda como no-viaje."
3799,1,1407000130420,Hombres,76,,,3,20:00,,Otros (especifique),,Otros (especifique),,Su casa,,home,,1407000130350,,A PIE,,15,,,,,
3799,1,1407000130420,Hombres,76,,,4,20:40,,Regresar a Casa,,Su casa,,Su casa → Otros (especifique),,1407000130350,,home,,A PIE,,15,tipo_origen:revision,,changed,,
3799,2,1407000130420,Mujeres,71,Hogar,,1,12:00,,Compras (comida),,"Comercio, mercado, tienda o centro comercial",,Su casa,,home,,1407000130350,,A PIE,,2,,,,,
3799,2,1407000130420,Mujeres,71,Hogar,,2,12:05,,Compras (comida),Regresar a Casa,Su casa,,"Su casa → Comercio, mercado, tienda o centro comercial",,1407000130350,,home,,A PIE,,2,tipo_origen:revision,actividad_en_casa,changed,,"Llega a la vivienda (el AGEB del hogar, tipo Su casa) desde 1407000130350, donde hizo la misma actividad: es el regreso a casa, registrado con el motivo de la actividad (Compras (comida)). Al llegar a casa el propósito es casa; si el renglón siguiente repite el regreso desde casa, queda como no-viaje."
3799,2,1407000130420,Mujeres,71,Hogar,,3,20:09,,Regresar a Casa,,Su casa,,Su casa,,home,,home,,A PIE,,2,,,,,
3842,1,1407000130420,Hombres,36,,,1,09:00,,"Compras (bienes, productos y servicios)",,"Comercio, mercado, tienda o centro comercial",,Su casa,,home,,1407000130365,,A PIE,,5,,,,,
3842,1,1407000130420,Hombres,36,,,2,09:20,,"Compras (bienes, productos y servicios)",Regresar a Casa,Su casa,,"Su casa → Comercio, mercado, tienda o centro comercial",,1407000130365,,home,,A PIE,,5,tipo_origen:revision,actividad_en_casa,changed,,"Llega a la vivienda (el AGEB del hogar, tipo Su casa) desde 1407000130365, donde hizo la misma actividad: es el regreso a casa, registrado con el motivo de la actividad (Compras (bienes, productos y servicios)). Al llegar a casa el propósito es casa; si el renglón siguiente repite el regreso desde casa, queda como no-viaje."
3842,1,1407000130420,Hombres,36,,,3,20:34,,Regresar a Casa,,Su casa,,Su casa,,home,,home,,A PIE,,5,,,,,
3862,1,1407000140810,Hombres,50,Trabajador independiente,,1,07:00,,Trabajar,,Otra vivienda,,Su casa,,home,,1407001111378,,CAMIÓN O AUTOBÚS,,45,,,,,
3862,1,1407000140810,Hombres,50,Trabajador independiente,,2,17:00,,Trabajar,Regresar a Casa,Su casa,,Su casa → Otra vivienda,,1407001111378,,home,,CAMIÓN O AUTOBÚS,,45,tipo_origen:revision,actividad_en_casa,changed,,"Llega a la vivienda (el AGEB del hogar, tipo Su casa) desde 1407001111378, donde hizo la misma actividad: es el regreso a casa, registrado con el motivo de la actividad (Trabajar). Al llegar a casa el propósito es casa; si el renglón siguiente repite el regreso desde casa, queda como no-viaje."
3862,1,1407000140810,Hombres,50,Trabajador independiente,,3,19:40,,Regresar a Casa,,Su casa,,Su casa,,home,,home,,CAMIÓN O AUTOBÚS,,45,,,,,
4002,5,1407000211109,Mujeres,10,Estudiante,,1,07:30,,Estudiar,,Escuela,,Su casa,,1403900015510 → home,,1407000140825,,A PIE,,10,origen:revision,,changed,,
4002,5,1407000211109,Mujeres,10,Estudiante,,2,13:00,,Estudiar,Regresar a Casa,Su casa,,Su casa → Escuela,,1407000140825,,home,,A PIE,,10,tipo_origen:revision,actividad_en_casa,changed,,"Llega a la vivienda (el AGEB del hogar, tipo Su casa) desde 1407000140825, donde hizo la misma actividad: es el regreso a casa, registrado con el motivo de la actividad (Estudiar). Al llegar a casa el propósito es casa; si el renglón siguiente repite el regreso desde casa, queda como no-viaje."
4002,5,1407000211109,Mujeres,10,Estudiante,,3,20:49,,Regresar a Casa,,Su casa,,Su casa,,home,,home,,A PIE,,10,,,,,
4002,6,1407000211109,Hombres,10,Estudiante,,1,07:40,,Estudiar,,Escuela,,Su casa,,home,,1403900015510,,A PIE,,10,,,,,
4002,6,1407000211109,Hombres,10,Estudiante,,2,13:00,,Estudiar,Regresar a Casa,Su casa,,Su casa → Escuela,,1403900015510,,home,,A PIE,,10,tipo_origen:revision,actividad_en_casa,changed,,"Llega a la vivienda (el AGEB del hogar, tipo Su casa) desde 1403900015510, donde hizo la misma actividad: es el regreso a casa, registrado con el motivo de la actividad (Estudiar). Al llegar a casa el propósito es casa; si el renglón siguiente repite el regreso desde casa, queda como no-viaje."
4002,6,1407000211109,Hombres,10,Estudiante,,3,19:23,,Regresar a Casa,,Su casa,,Su casa,,home,,home,,A PIE,,10,,,,,
4019,4,1407000211109,Mujeres,11,Estudiante,,1,07:23,,Estudiar,,Escuela,,Su casa,,1403900015510 → home,,1407000140825,,A PIE,,10,origen:revision,,changed,,
4019,4,1407000211109,Mujeres,11,Estudiante,,2,13:10,,Estudiar,Regresar a Casa,Su casa,,Su casa → Escuela,,1407000140825,,home,,A PIE,,10,tipo_origen:revision,actividad_en_casa,changed,,"Llega a la vivienda (el AGEB del hogar, tipo Su casa) desde 1407000140825, donde hizo la misma actividad: es el regreso a casa, registrado con el motivo de la actividad (Estudiar). Al llegar a casa el propósito es casa; si el renglón siguiente repite el regreso desde casa, queda como no-viaje."
4019,4,1407000211109,Mujeres,11,Estudiante,,3,19:58,,Regresar a Casa,,Su casa,,Su casa,,home,,home,,A PIE,,10,,,,,
4025,5,1407000211109,Hombres,11,Estudiante,,1,07:37,,Estudiar,,Escuela,,Su casa,,home,,1403900015510,,A PIE,,10,,,,,
4025,5,1407000211109,Hombres,11,Estudiante,,2,13:02,,Estudiar,Regresar a Casa,Su casa,,Su casa → Escuela,,1403900015510,,home,,A PIE,,10,tipo_origen:revision,actividad_en_casa,changed,,"Llega a la vivienda (el AGEB del hogar, tipo Su casa) desde 1403900015510, donde hizo la misma actividad: es el regreso a casa, registrado con el motivo de la actividad (Estudiar). Al llegar a casa el propósito es casa; si el renglón siguiente repite el regreso desde casa, queda como no-viaje."
4025,5,1407000211109,Hombres,11,Estudiante,,3,19:24,,Regresar a Casa,,Su casa,,Su casa,,home,,home,,A PIE,,10,,,,,
4043,2,1407000430295,Mujeres,36,Hogar,,1,07:45,,Llevar o recoger a alguien,,Escuela,,Su casa,,home,,1410100011484,,A PIE,,15,,,,,
4043,2,1407000430295,Mujeres,36,Hogar,,2,08:20,,Compras (comida),Regresar a Casa,Su casa,,Su casa → Escuela,,1410100011484,,home,,A PIE,,15,tipo_origen:revision,actividad_en_casa,changed,,"Llega a la vivienda (el AGEB del hogar, tipo Su casa) desde 1410100011484, donde hizo una actividad: es el regreso a casa, registrado con el motivo de la actividad (Compras (comida)). Al llegar a casa el propósito es casa; si el renglón siguiente repite el regreso desde casa, queda como no-viaje."
4043,2,1407000430295,Mujeres,36,Hogar,,3,17:45,,Llevar o recoger a alguien,,Escuela,,Su casa,,home,,1410100011484,,A PIE,,15,,,,,
4043,2,1407000430295,Mujeres,36,Hogar,,4,20:27,,Regresar a Casa,,Su casa,,Su casa → Escuela,,1410100011484,,home,,A PIE,,15,tipo_origen:revision,,changed,,
4109,5,1407000210755,Mujeres,20,Estudiante,,1,06:00,,Estudiar,,Escuela,,Su casa,,home,,1412000010994,,CAMIÓN O AUTOBÚS,,70,,,,,
4109,5,1407000210755,Mujeres,20,Estudiante,,2,15:00,,Estudiar,Regresar a Casa,Su casa,,Su casa → Escuela,,1412000010994,,home,,CAMIÓN O AUTOBÚS,,70,tipo_origen:revision,actividad_en_casa,changed,,"Llega a la vivienda (el AGEB del hogar, tipo Su casa) desde 1412000010994, donde hizo la misma actividad: es el regreso a casa, registrado con el motivo de la actividad (Estudiar). Al llegar a casa el propósito es casa; si el renglón siguiente repite el regreso desde casa, queda como no-viaje."
4109,5,1407000210755,Mujeres,20,Estudiante,,3,19:00,,Regresar a Casa,,Su casa,,Su casa,,home,,home,,CAMIÓN O AUTOBÚS,,70,,,,,
4109,6,1407000210755,Mujeres,13,Estudiante,,1,12:30,,Estudiar,,Escuela,,Su casa,,home,,140700021101A,,A PIE,,35,,,,,
4109,6,1407000210755,Mujeres,13,Estudiante,,2,18:30,,Estudiar,Regresar a Casa,Su casa,,Su casa → Escuela,,140700021101A,,home,,A PIE,,35,tipo_origen:revision,actividad_en_casa,changed,,"Llega a la vivienda (el AGEB del hogar, tipo Su casa) desde 140700021101A, donde hizo la misma actividad: es el regreso a casa, registrado con el motivo de la actividad (Estudiar). Al llegar a casa el propósito es casa; si el renglón siguiente repite el regreso desde casa, queda como no-viaje."
4109,6,1407000210755,Mujeres,13,Estudiante,,3,20:05,,Regresar a Casa,,Su casa,,Su casa,,home,,home,,A PIE,,35,,,,,
4127,6,1407000210755,Mujeres,14,Estudiante,,1,12:26,,Estudiar,,Escuela,,Su casa,,home,,140700021101A,,A PIE,,35,,,,,
4127,6,1407000210755,Mujeres,14,Estudiante,,2,18:30,,Estudiar,Regresar a Casa,Su casa,,Su casa → Escuela,,140700021101A,,home,,A PIE,,35,tipo_origen:revision,actividad_en_casa,changed,,"Llega a la vivienda (el AGEB del hogar, tipo Su casa) desde 140700021101A, donde hizo la misma actividad: es el regreso a casa, registrado con el motivo de la actividad (Estudiar). Al llegar a casa el propósito es casa; si el renglón siguiente repite el regreso desde casa, queda como no-viaje."
4127,6,1407000210755,Mujeres,14,Estudiante,,3,19:12,,Regresar a Casa,,Su casa,,Su casa,,home,,home,,A PIE,,35,,,,,
4154,2,1407000210736,Hombres,69,,,1,08:00,,"Compras (bienes, productos y servicios)",,"Comercio, mercado, tienda o centro comercial",,Su casa,,home,,1403900013020,,AUTOMÓVIL PARTICULAR,,90,,,,,
4154,2,1407000210736,Hombres,69,,,2,12:30,,"Compras (bienes, productos y servicios)",Regresar a Casa,Su casa,,"Su casa → Comercio, mercado, tienda o centro comercial",,1403900013020,,home,,AUTOMÓVIL PARTICULAR,,90,tipo_origen:revision,actividad_en_casa,changed,,"Llega a la vivienda (el AGEB del hogar, tipo Su casa) desde 1403900013020, donde hizo la misma actividad: es el regreso a casa, registrado con el motivo de la actividad (Compras (bienes, productos y servicios)). Al llegar a casa el propósito es casa; si el renglón siguiente repite el regreso desde casa, queda como no-viaje."
4154,2,1407000210736,Hombres,69,,,3,19:37,,Regresar a Casa,,Su casa,,Su casa,,home,,home,,AUTOMÓVIL PARTICULAR,,90,,,,,
4193,1,1407000210755,Hombres,39,Trabajador independiente,,1,06:00,,Trabajar,,Centro cultural o área recreativa,,Su casa,,home,,1410100260683,,AUTOMÓVIL PARTICULAR,,45,,,,,
4193,1,1407000210755,Hombres,39,Trabajador independiente,,2,16:00,,Trabajar,Regresar a Casa,Su casa,,Su casa → Centro cultural o área recreativa,,1410100260683,,home,,AUTOMÓVIL PARTICULAR,,40,tipo_origen:revision,actividad_en_casa,changed,,"Llega a la vivienda (el AGEB del hogar, tipo Su casa) desde 1410100260683, donde hizo la misma actividad: es el regreso a casa, registrado con el motivo de la actividad (Trabajar). Al llegar a casa el propósito es casa; si el renglón siguiente repite el regreso desde casa, queda como no-viaje."
4193,1,1407000210755,Hombres,39,Trabajador independiente,,3,19:13,,Regresar a Casa,,Su casa,,Su casa,,home,,home,,AUTOMÓVIL PARTICULAR,,40,,,,,
4193,2,1407000210755,Mujeres,33,Trabajador independiente,,1,07:00,,Trabajar,,Centro cultural o área recreativa,,Su casa,,home,,1409701800301,,AUTOMÓVIL PARTICULAR,,80,,,,,
4193,2,1407000210755,Mujeres,33,Trabajador independiente,,2,18:00,,Trabajar,Regresar a Casa,Su casa,,Su casa → Centro cultural o área recreativa,,1409701800301,,home,,CAMIÓN O AUTOBÚS,,70,tipo_origen:revision,actividad_en_casa,changed,,"Llega a la vivienda (el AGEB del hogar, tipo Su casa) desde 1409701800301, donde hizo la misma actividad: es el regreso a casa, registrado con el motivo de la actividad (Trabajar). Al llegar a casa el propósito es casa; si el renglón siguiente repite el regreso desde casa, queda como no-viaje."
4193,2,1407000210755,Mujeres,33,Trabajador independiente,,3,19:14,,Regresar a Casa,,Su casa,,Su casa,,home,,home,,CAMIÓN O AUTOBÚS,,70,,,,,
4278,2,1409800011379,Mujeres,44,Hogar,,1,13:00,,Llevar o recoger a alguien,,Escuela,,Su casa,,home,,1403900012056,,CAMIÓN O AUTOBÚS,,30,,,,,
4278,2,1409800011379,Mujeres,44,Hogar,,2,14:00,,Regresar a Casa,,Su casa,,Su casa → Escuela,,1403900012056,,home,,CAMIÓN O AUTOBÚS,,30,tipo_origen:revision,,changed,,
4278,2,1409800011379,Mujeres,44,Hogar,,3,17:15,,Llevar o recoger a alguien,,Escuela,,Su casa,,home,,1403900012056,,CAMIÓN O AUTOBÚS,,30,,,,,
4278,2,1409800011379,Mujeres,44,Hogar,,4,18:00,,Llevar o recoger a alguien,Regresar a Casa,Su casa,,Su casa → Escuela,,1403900012056,,home,,AUTOMÓVIL PARTICULAR,,20,tipo_origen:revision,actividad_en_casa,changed,,"Llega a la vivienda (el AGEB del hogar, tipo Su casa) desde 1403900012056, donde hizo la misma actividad: es el regreso a casa, registrado con el motivo de la actividad (Llevar o recoger a alguien). Al llegar a casa el propósito es casa; si el renglón siguiente repite el regreso desde casa, queda como no-viaje."
4278,2,1409800011379,Mujeres,44,Hogar,,5,20:29,,Regresar a Casa,,Su casa,,Su casa,,home,,home,,AUTOMÓVIL PARTICULAR,,20,,,,,
4283,3,1409800012273,Mujeres,36,Empleado,,1,06:00,,Trabajar,,Fábrica o taller,,Su casa,,home,,140980001110A,,CAMIÓN O AUTOBÚS,,35,,,,,
4283,3,1409800012273,Mujeres,36,Empleado,,2,04:00 → 16:00,,Guardería,Regresar a Casa,Su casa,,Su casa → Fábrica o taller,,140980001110A,,home,,CAMIÓN O AUTOBÚS,,35,hora:+12h;tipo_origen:revision,actividad_en_casa;motivo_guarderia,changed,,"Llega a la vivienda (el AGEB del hogar, tipo Su casa) desde 140980001110A, donde hizo una actividad: es el regreso a casa, registrado con el motivo de la actividad (Guardería). Al llegar a casa el propósito es casa; si el renglón siguiente repite el regreso desde casa, queda como no-viaje."
4283,3,1409800012273,Mujeres,36,Empleado,,3,18:00,,Compras (comida),,"Comercio, mercado, tienda o centro comercial",,Su casa,,home,,1409800011519,,CAMIÓN O AUTOBÚS,,30,,,,,
4283,3,1409800012273,Mujeres,36,Empleado,,4,19:00,,Regresar a Casa,,Su casa,,"Su casa → Comercio, mercado, tienda o centro comercial",,1409800011519,,home,,Taxi plataforma (Uber/Didi),,15,tipo_origen:revision,,changed,,
4315,2,1410100011639,Mujeres,38,Hogar,,1,07:40,,Llevar o recoger a alguien,,Escuela,,Su casa,,home,,1410100011624,,A PIE,,10,,,,,
4315,2,1410100011639,Mujeres,38,Hogar,,2,08:06,,Compras (comida),,"Comercio, mercado, tienda o centro comercial",,Su casa → Escuela,,1410100011624,,141010001161A,,A PIE,,15,tipo_origen:revision,,changed,,
4315,2,1410100011639,Mujeres,38,Hogar,,3,10:00,,Otros (especifique),Regresar a Casa,Su casa,,"Su casa → Comercio, mercado, tienda o centro comercial",,141010001161A,,home,,A PIE,,10,tipo_origen:revision,actividad_en_casa,changed,,"Llega a la vivienda (el AGEB del hogar, tipo Su casa) desde 141010001161A, donde hizo una actividad: es el regreso a casa, registrado con el motivo de la actividad (Otros (especifique)). Al llegar a casa el propósito es casa; si el renglón siguiente repite el regreso desde casa, queda como no-viaje."
4315,2,1410100011639,Mujeres,38,Hogar,,4,12:10,,Llevar o recoger a alguien,,Escuela,,Su casa,,home,,1410100011624,,A PIE,,10,,,,,
4315,2,1410100011639,Mujeres,38,Hogar,,5,12:45,,Compras (comida),,"Comercio, mercado, tienda o centro comercial",,Su casa → Escuela,,1410100011624,,1410100011624,,A PIE,,10,tipo_origen:revision,,changed,,
4315,2,1410100011639,Mujeres,38,Hogar,,6,13:10,,Regresar a Casa,,Su casa,,"Su casa → Comercio, mercado, tienda o centro comercial",,1410100011624,,home,,A PIE,,5,tipo_origen:revision,,changed,,
4325,1,1409800012625,Hombres,51,Empleado,,1,07:00,,Trabajar,,Fábrica o taller,,Su casa,,home,,1409800010031,,CAMIÓN O AUTOBÚS,,40,,,,,
4325,1,1409800012625,Hombres,51,Empleado,,2,17:00,,Trabajar,Regresar a Casa,Su casa,,Su casa → Fábrica o taller,,1409800010031,,home,,CAMIÓN O AUTOBÚS,,45,tipo_origen:revision,actividad_en_casa,changed,,"Llega a la vivienda (el AGEB del hogar, tipo Su casa) desde 1409800010031, donde hizo la misma actividad: es el regreso a casa, registrado con el motivo de la actividad (Trabajar). Al llegar a casa el propósito es casa; si el renglón siguiente repite el regreso desde casa, queda como no-viaje."
4325,1,1409800012625,Hombres,51,Empleado,,3,19:03,,Regresar a Casa,,Su casa,,Su casa,,home,,home,,CAMIÓN O AUTOBÚS,,45,,,,,
4411,1,1409800013182,Hombres,44,Empleado,,1,06:30,,Trabajar,,Fábrica o taller,,Su casa,,home,,1409800011928,,AUTOMÓVIL PARTICULAR,,70,,,,,
4411,1,1409800013182,Hombres,44,Empleado,,2,15:00,,Regresar a Casa,,Su casa,,Su casa → Fábrica o taller,,1409800011928,,home,,AUTOMÓVIL PARTICULAR,,110,tipo_origen:revision,,changed,,
4411,1,1409800013182,Hombres,44,Empleado,,3,19:00,,Llevar o recoger a alguien,,Otros (especifique),,Su casa,,home,,1409800012273,,AUTOMÓVIL PARTICULAR,,10,,,,,
4411,1,1409800013182,Hombres,44,Empleado,,4,19:30,,Llevar o recoger a alguien,Regresar a Casa,Su casa,,Su casa → Otros (especifique),,1409800012273,,home,,AUTOMÓVIL PARTICULAR,,15,tipo_origen:revision,actividad_en_casa,changed,,"Llega a la vivienda (el AGEB del hogar, tipo Su casa) desde 1409800012273, donde hizo la misma actividad: es el regreso a casa, registrado con el motivo de la actividad (Llevar o recoger a alguien). Al llegar a casa el propósito es casa; si el renglón siguiente repite el regreso desde casa, queda como no-viaje."
4411,1,1409800013182,Hombres,44,Empleado,,5,20:02,,Regresar a Casa,,Su casa,,Su casa,,home,,home,,AUTOMÓVIL PARTICULAR,,15,,,,,
4519,1,140510001004A,Mujeres,76,,,1,11:00,,"Compras (bienes, productos y servicios)",,"Comercio, mercado, tienda o centro comercial",,Su casa,,home,,1405100010069,,A PIE,,20,,,,,
4519,1,140510001004A,Mujeres,76,,,2,01:10 → 13:10,,"Compras (bienes, productos y servicios)",Regresar a Casa,Su casa,,"Su casa → Comercio, mercado, tienda o centro comercial",,1405100010069,,home,,CAMIÓN O AUTOBÚS,,10,hora:+12h;tipo_origen:revision,actividad_en_casa,changed,,"Llega a la vivienda (el AGEB del hogar, tipo Su casa) desde 1405100010069, donde hizo la misma actividad: es el regreso a casa, registrado con el motivo de la actividad (Compras (bienes, productos y servicios)). Al llegar a casa el propósito es casa; si el renglón siguiente repite el regreso desde casa, queda como no-viaje."
4519,1,140510001004A,Mujeres,76,,,3,19:36,,Regresar a Casa,,Su casa,,Su casa,,home,,home,,CAMIÓN O AUTOBÚS,,10,,,,,
4584,1,140510001004A,Hombres,64,Patrón o empresario,,1,06:00,,"Compras (bienes, productos y servicios)",,"Comercio, mercado, tienda o centro comercial",,Su casa,,home,,1403900015366,,AUTOMÓVIL PARTICULAR,,90,,,,,
4584,1,140510001004A,Hombres,64,Patrón o empresario,,2,13:00,,"Compras (bienes, productos y servicios)",Regresar a Casa,Su casa,,"Su casa → Comercio, mercado, tienda o centro comercial",,1403900015366,,home,,AUTOMÓVIL PARTICULAR,,90,tipo_origen:revision,actividad_en_casa,changed,,"Llega a la vivienda (el AGEB del hogar, tipo Su casa) desde 1403900015366, donde hizo la misma actividad: es el regreso a casa, registrado con el motivo de la actividad (Compras (bienes, productos y servicios)). Al llegar a casa el propósito es casa; si el renglón siguiente repite el regreso desde casa, queda como no-viaje."
4584,1,140510001004A,Hombres,64,Patrón o empresario,,3,16:00,,Trabajar,,"Comercio, mercado, tienda o centro comercial",,Su casa,,home,,home,,AUTOMÓVIL PARTICULAR,,10,,,,,
4584,1,140510001004A,Hombres,64,Patrón o empresario,,4,18:00,,Regresar a Casa,,Su casa,,"Su casa → Comercio, mercado, tienda o centro comercial",,home,,home,,AUTOMÓVIL PARTICULAR,,10,tipo_origen:revision,,changed,,
5137,2,1410100010679,Mujeres,51,Trabajador independiente,,1,07:00,,Trabajar,,"Comercio, mercado, tienda o centro comercial",,Su casa,,home,,1410100011130,,A PIE,,10,,,,,
5137,2,1410100010679,Mujeres,51,Trabajador independiente,,2,17:30,,Trabajar,Regresar a Casa,Su casa,,"Su casa → Comercio, mercado, tienda o centro comercial",,1410100011130,,home,,A PIE,,10,tipo_origen:revision,actividad_en_casa,changed,,"Llega a la vivienda (el AGEB del hogar, tipo Su casa) desde 1410100011130, donde hizo la misma actividad: es el regreso a casa, registrado con el motivo de la actividad (Trabajar). Al llegar a casa el propósito es casa; si el renglón siguiente repite el regreso desde casa, queda como no-viaje."
5137,2,1410100010679,Mujeres,51,Trabajador independiente,,3,18:10,,"Compras (bienes, productos y servicios)",,"Comercio, mercado, tienda o centro comercial",,Su casa,,home,,home,,A PIE,,10,,,,,
5137,2,1410100010679,Mujeres,51,Trabajador independiente,,4,07:00 → 19:00,,Regresar a Casa,,Su casa,,"Su casa → Comercio, mercado, tienda o centro comercial",,home,,home,,A PIE,,10,hora:+12h;tipo_origen:revision,,changed,,
5193,4,1410100011592,Hombres,23,Empleado,,1,07:00,,Trabajar,,Fábrica o taller,,Su casa,,home,,1407000010045,,CAMIÓN O AUTOBÚS,,45,,,,,
5193,4,1410100011592,Hombres,23,Empleado,,2,17:00,,Trabajar,Regresar a Casa,Su casa,,Su casa → Fábrica o taller,,1407000010045,,home,,CAMIÓN O AUTOBÚS,,45,tipo_origen:revision,actividad_en_casa,changed,,"Llega a la vivienda (el AGEB del hogar, tipo Su casa) desde 1407000010045, donde hizo la misma actividad: es el regreso a casa, registrado con el motivo de la actividad (Trabajar). Al llegar a casa el propósito es casa; si el renglón siguiente repite el regreso desde casa, queda como no-viaje."
5193,4,1410100011592,Hombres,23,Empleado,,3,19:21,,Regresar a Casa,,Su casa,,Su casa,,home,,home,,CAMIÓN O AUTOBÚS,,45,,,,,
5211,1,1410100010946,Hombres,43,Empleado,,1,07:25,,Trabajar,,Fábrica o taller,,Su casa,,home,,1410100010927,,AUTOMÓVIL PARTICULAR,,10,,,,,
5211,1,1410100010946,Hombres,43,Empleado,,2,13:00,,Compras (comida),Regresar a Casa,Su casa,,Su casa → Fábrica o taller,,1410100010927,,home,,AUTOMÓVIL PARTICULAR,,10,tipo_origen:revision,actividad_en_casa,changed,,"Llega a la vivienda (el AGEB del hogar, tipo Su casa) desde 1410100010927, donde hizo una actividad: es el regreso a casa, registrado con el motivo de la actividad (Compras (comida)). Al llegar a casa el propósito es casa; si el renglón siguiente repite el regreso desde casa, queda como no-viaje."
5211,1,1410100010946,Hombres,43,Empleado,,3,14:30,,Trabajar,,Fábrica o taller,,Su casa,,home,,1410100010931,,AUTOMÓVIL PARTICULAR,,10,,,,,
5211,1,1410100010946,Hombres,43,Empleado,,4,19:00,,Regresar a Casa,,Su casa,,Su casa → Fábrica o taller,,1410100010931,,home,,AUTOMÓVIL PARTICULAR,,16,tipo_origen:revision,,changed,,
5211,3,1410100010946,Hombres,13,Empleado,,1,08:00,,Trabajar,,Fábrica o taller,,Su casa,,home,,1410100010927,,AUTOMÓVIL PARTICULAR,,15,,,,,
5211,3,1410100010946,Hombres,13,Empleado,,2,15:00,,Compras (comida),Regresar a Casa,Su casa,,Su casa → Fábrica o taller,,1410100010927,,home,,AUTOMÓVIL PARTICULAR,,15,tipo_origen:revision,actividad_en_casa,changed,,"Llega a la vivienda (el AGEB del hogar, tipo Su casa) desde 1410100010927, donde hizo una actividad: es el regreso a casa, registrado con el motivo de la actividad (Compras (comida)). Al llegar a casa el propósito es casa; si el renglón siguiente repite el regreso desde casa, queda como no-viaje."
5211,3,1410100010946,Hombres,13,Empleado,,3,16:00,,Trabajar,,Fábrica o taller,,Su casa,,home,,1410100010927,,AUTOMÓVIL PARTICULAR,,15,,,,,
5211,3,1410100010946,Hombres,13,Empleado,,4,19:00,,Regresar a Casa,,Su casa,,Su casa → Fábrica o taller,,1410100010927,,home,,AUTOMÓVIL PARTICULAR,,15,tipo_origen:revision,,changed,,
5275,3,1410100011164,Mujeres,17,Estudiante,,1,13:00,,Estudiar,,Escuela,,Su casa,,home,,1403900013641,,CAMIÓN O AUTOBÚS,,60,,,,,
5275,3,1410100011164,Mujeres,17,Estudiante,,2,19:30,,Estudiar,Regresar a Casa,Su casa,,Su casa → Escuela,,1403900013641,,home,,CAMIÓN O AUTOBÚS,,60,tipo_origen:revision,actividad_en_casa,changed,,"Llega a la vivienda (el AGEB del hogar, tipo Su casa) desde 1403900013641, donde hizo la misma actividad: es el regreso a casa, registrado con el motivo de la actividad (Estudiar). Al llegar a casa el propósito es casa; si el renglón siguiente repite el regreso desde casa, queda como no-viaje."
5275,3,1410100011164,Mujeres,17,Estudiante,,3,20:28 → 20:30,,Regresar a Casa,,Su casa,,Su casa,,home,,home,,CAMIÓN O AUTOBÚS,,60,hora:revision,,changed,,
5284,3,141010001065A,Hombres,49,Empleado,,1,06:00,,Trabajar,,Fábrica o taller,,Su casa,,home,,1403900012130,,CAMIÓN O AUTOBÚS,,65,,,,,
5284,3,141010001065A,Hombres,49,Empleado,,2,17:00,,Trabajar,Regresar a Casa,Su casa,,Su casa → Fábrica o taller,,1403900012130,,home,,CAMIÓN O AUTOBÚS,,68,tipo_origen:revision,actividad_en_casa,changed,,"Llega a la vivienda (el AGEB del hogar, tipo Su casa) desde 1403900012130, donde hizo la misma actividad: es el regreso a casa, registrado con el motivo de la actividad (Trabajar). Al llegar a casa el propósito es casa; si el renglón siguiente repite el regreso desde casa, queda como no-viaje."
5284,3,141010001065A,Hombres,49,Empleado,,3,20:23,,Regresar a Casa,,Su casa,,Su casa,,home,,home,,CAMIÓN O AUTOBÚS,,68,,,,,
5312,1,141010001065A,Hombres,48,Empleado,,1,08:00,,Trabajar,,Fábrica o taller,,Su casa,,home,,1403900011359,,AUTOMÓVIL PARTICULAR,,45,,,,,
5312,1,141010001065A,Hombres,48,Empleado,,2,19:00 → 09:00,,Trabajar,Regresar a Casa,Su casa,,Su casa → Fábrica o taller,,1403900011359,,home,,AUTOMÓVIL PARTICULAR,,45,hora:-10h;tipo_origen:revision,actividad_en_casa,changed,,"Llega a la vivienda (el AGEB del hogar, tipo Su casa) desde 1403900011359, donde hizo la misma actividad: es el regreso a casa, registrado con el motivo de la actividad (Trabajar). Al llegar a casa el propósito es casa; si el renglón siguiente repite el regreso desde casa, queda como no-viaje."
5312,1,141010001065A,Hombres,48,Empleado,,3,19:12,,Regresar a Casa,,Su casa,,Su casa,,home,,home,,AUTOMÓVIL PARTICULAR,,45,,,,,
5364,1,141010001065A,Mujeres,64,Trabajador independiente,,1,08:00,,Trabajar,,"Comercio, mercado, tienda o centro comercial",,Su casa,,home,,1410100011484,,A PIE,,15,,,,,
5364,1,141010001065A,Mujeres,64,Trabajador independiente,,2,10:10,,"Compras (bienes, productos y servicios)",Regresar a Casa,Su casa,,"Su casa → Comercio, mercado, tienda o centro comercial",,1410100011484,,home,,A PIE,,15,tipo_origen:revision,actividad_en_casa,changed,,"Llega a la vivienda (el AGEB del hogar, tipo Su casa) desde 1410100011484, donde hizo una actividad: es el regreso a casa, registrado con el motivo de la actividad (Compras (bienes, productos y servicios)). Al llegar a casa el propósito es casa; si el renglón siguiente repite el regreso desde casa, queda como no-viaje."
5364,1,141010001065A,Mujeres,64,Trabajador independiente,,3,19:33,,Regresar a Casa,,Su casa,,Su casa,,home,,home,,A PIE,,15,,,,,
5683,5,1410100011997,Mujeres,17,Estudiante,,1,08:00,,Estudiar,,Escuela,,Su casa,,home,,1403900010863,,CAMIÓN O AUTOBÚS,,40,,,,,
5683,5,1410100011997,Mujeres,17,Estudiante,,2,13:00,,Estudiar,Regresar a Casa,Su casa,,Su casa → Escuela,,1403900010863,,home,,CAMIÓN O AUTOBÚS,,40,tipo_origen:revision,actividad_en_casa,changed,,"Llega a la vivienda (el AGEB del hogar, tipo Su casa) desde 1403900010863, donde hizo la misma actividad: es el regreso a casa, registrado con el motivo de la actividad (Estudiar). Al llegar a casa el propósito es casa; si el renglón siguiente repite el regreso desde casa, queda como no-viaje."
5683,5,1410100011997,Mujeres,17,Estudiante,,3,20:10,,Regresar a Casa,,Su casa,,Su casa,,home,,home,,CAMIÓN O AUTOBÚS,,40,,,,,
5853,1,1403900010276,Hombres,50,Empleado,,1,03:30,,Trabajar,,"Comercio, mercado, tienda o centro comercial",,Su casa,,home,,1403900013815,,AUTOMÓVIL PARTICULAR,,10,,,,,
5853,1,1403900010276,Hombres,50,Empleado,,2,09:00,,Compras (comida),Regresar a Casa,Su casa,,"Su casa → Comercio, mercado, tienda o centro comercial",,1403900013815,,home,,AUTOMÓVIL PARTICULAR,,10,tipo_origen:revision,actividad_en_casa,changed,,"Llega a la vivienda (el AGEB del hogar, tipo Su casa) desde 1403900013815, donde hizo una actividad: es el regreso a casa, registrado con el motivo de la actividad (Compras (comida)). Al llegar a casa el propósito es casa; si el renglón siguiente repite el regreso desde casa, queda como no-viaje."
5853,1,1403900010276,Hombres,50,Empleado,,3,11:00,,Trabajar,,"Comercio, mercado, tienda o centro comercial",,Su casa,,home,,1403900013815,,AUTOMÓVIL PARTICULAR,,10,,,,,
5853,1,1403900010276,Hombres,50,Empleado,,4,14:30,,Regresar a Casa,,Su casa,,"Su casa → Comercio, mercado, tienda o centro comercial",,1403900013815,,home,,AUTOMÓVIL PARTICULAR,,10,tipo_origen:revision,,changed,,
6262,2,1410100011268,Mujeres,34,Hogar,,1,12:05,,Llevar o recoger a alguien,,Escuela,,Su casa,,home,,1403900010859,,CAMIÓN O AUTOBÚS,,15,,,,,
6262,2,1410100011268,Mujeres,34,Hogar,,2,12:30,,Trabajar,Regresar a Casa,Su casa,,Su casa → Escuela,,1403900010859,,home,,CAMIÓN O AUTOBÚS,,15,tipo_origen:revision,actividad_en_casa,changed,,"Llega a la vivienda (el AGEB del hogar, tipo Su casa) desde 1403900010859, donde hizo una actividad: es el regreso a casa, registrado con el motivo de la actividad (Trabajar). Al llegar a casa el propósito es casa; si el renglón siguiente repite el regreso desde casa, queda como no-viaje."
6262,2,1410100011268,Mujeres,34,Hogar,,3,20:49,,Regresar a Casa,,Su casa,,Su casa,,home,,home,,CAMIÓN O AUTOBÚS,,15,,,,,
6455,2,1412000012613,Hombres,45,Trabajador independiente,,1,13:30 → 01:30,,Llevar o recoger a alguien,,Escuela,,Su casa,,home,,1412000016067,,AUTOMÓVIL PARTICULAR,,15,hora:revision,,changed,,
6455,2,1412000012613,Hombres,45,Trabajador independiente,,2,13:40 → 01:45,,Llevar o recoger a alguien,,Escuela,,Su casa → Escuela,,1412000016067,,1412000010617,,AUTOMÓVIL PARTICULAR,,20,hora:revision;tipo_origen:revision,,changed,,
6455,2,1412000012613,Hombres,45,Trabajador independiente,,3,14:00 → 02:05,,Trabajar,,Escuela,,Su casa → Escuela,,1412000010617,,1412000010617,,AUTOMÓVIL PARTICULAR,,30,hora:revision;tipo_origen:revision,,changed,,
6455,2,1412000012613,Hombres,45,Trabajador independiente,,4,20:20 → 08:20,,Llevar o recoger a alguien,Regresar a Casa,Su casa,,Su casa → Escuela,,1412000010617,,home,,AUTOMÓVIL PARTICULAR,,15,hora:revision;tipo_origen:revision,actividad_en_casa,changed,,"Llega a la vivienda (el AGEB del hogar, tipo Su casa) desde 1412000010617, donde hizo una actividad: es el regreso a casa, registrado con el motivo de la actividad (Llevar o recoger a alguien). Al llegar a casa el propósito es casa; si el renglón siguiente repite el regreso desde casa, queda como no-viaje."
6455,2,1412000012613,Hombres,45,Trabajador independiente,,5,20:01,,Regresar a Casa,,Su casa,,Su casa,,home,,home,,AUTOMÓVIL PARTICULAR,,15,,,,,
6623,1,1403900010929,Hombres,30,Empleado,,1,07:00,,Trabajar,,Oficina,,Su casa,,home,,1403900014902,,AUTOMÓVIL PARTICULAR,,15,,,,,
6623,1,1403900010929,Hombres,30,Empleado,,2,14:00,,Compras (comida),Regresar a Casa,Su casa,,Su casa → Oficina,,1403900014902,,home,,AUTOMÓVIL PARTICULAR,,15,tipo_origen:revision,actividad_en_casa,changed,,"Llega a la vivienda (el AGEB del hogar, tipo Su casa) desde 1403900014902, donde hizo una actividad: es el regreso a casa, registrado con el motivo de la actividad (Compras (comida)). Al llegar a casa el propósito es casa; si el renglón siguiente repite el regreso desde casa, queda como no-viaje."
6623,1,1403900010929,Hombres,30,Empleado,,3,15:30,,Trabajar,,Oficina,,Su casa,,home,,1403900014902,,AUTOMÓVIL PARTICULAR,,15,,,,,
6623,1,1403900010929,Hombres,30,Empleado,,4,18:10,,Regresar a Casa,,Su casa,,Su casa → Oficina,,1403900014902,,home,,AUTOMÓVIL PARTICULAR,,25,tipo_origen:revision,,changed,,
6639,2,1403900010929,Mujeres,44,Hogar,,1,08:00,,Compras (comida),,"Comercio, mercado, tienda o centro comercial",,Su casa,,home,,1403900010308,,AUTOMÓVIL PARTICULAR,,10,,,,,
6639,2,1403900010929,Mujeres,44,Hogar,,2,08:20,,Regresar a Casa,,Su casa,,"Su casa → Comercio, mercado, tienda o centro comercial",,1403900010308,,home,,AUTOMÓVIL PARTICULAR,,10,tipo_origen:revision,,changed,,
6639,2,1403900010929,Mujeres,44,Hogar,,3,17:00,,Deportes o recreación,,"Deportivo, gimnasio",,Su casa,,home,,1403900011043,,AUTOMÓVIL PARTICULAR,,4,,,,,
6639,2,1403900010929,Mujeres,44,Hogar,,4,18:30,,Guardería → Llevar o recoger a alguien,Regresar a Casa,Su casa,,"Su casa → Deportivo, gimnasio",,1403900011043,,home,,AUTOMÓVIL PARTICULAR,,4,motivo:revision;tipo_origen:revision,actividad_en_casa,changed,,"Llega a la vivienda (el AGEB del hogar, tipo Su casa) desde 1403900011043, donde hizo una actividad: es el regreso a casa, registrado con el motivo de la actividad (Llevar o recoger a alguien). Al llegar a casa el propósito es casa; si el renglón siguiente repite el regreso desde casa, queda como no-viaje."
6639,2,1403900010929,Mujeres,44,Hogar,,5,19:46,,Regresar a Casa,,Su casa,,Su casa,,home,,home,,AUTOMÓVIL PARTICULAR,,4,,,,,
6668,1,140390001005A,Hombres,66,Jubilado o pensionado,,1,08:30,,Al médico o atención de salud,,"Hospital, clínica, consultorio, laboratorio clínico",,Su casa,,home,,1403900010952,,AUTOMÓVIL PARTICULAR,,20,,,,,
6668,1,140390001005A,Hombres,66,Jubilado o pensionado,,2,10:00,,Al médico o atención de salud,Regresar a Casa,Su casa,,"Su casa → Hospital, clínica, consultorio, laboratorio clínico",,1403900010952,,home,,AUTOMÓVIL PARTICULAR,,20,tipo_origen:revision,actividad_en_casa,changed,,"Llega a la vivienda (el AGEB del hogar, tipo Su casa) desde 1403900010952, donde hizo la misma actividad: es el regreso a casa, registrado con el motivo de la actividad (Al médico o atención de salud). Al llegar a casa el propósito es casa; si el renglón siguiente repite el regreso desde casa, queda como no-viaje."
6668,1,140390001005A,Hombres,66,Jubilado o pensionado,,3,15:00,,"Compras (bienes, productos y servicios)",,"Comercio, mercado, tienda o centro comercial",,Su casa,,home,,1412000014198,,AUTOMÓVIL PARTICULAR,,10,,,,,
6668,1,140390001005A,Hombres,66,Jubilado o pensionado,,4,17:00,,Regresar a Casa,,Su casa,,"Su casa → Comercio, mercado, tienda o centro comercial",,1412000014198,,home,,AUTOMÓVIL PARTICULAR,,15,tipo_origen:revision,,changed,,
6668,1,140390001005A,Hombres,66,Jubilado o pensionado,,5,18:15,,Otros (especifique),,Otros (especifique),,Su casa,,home,,home,,A PIE,,7,,,,,
6668,1,140390001005A,Hombres,66,Jubilado o pensionado,,6,18:27,,Regresar a Casa,,Su casa,,Su casa → Otros (especifique),,home,,home,,A PIE,,7,tipo_origen:revision,,changed,,
6669,1,1403900014777,Mujeres,20,Hogar,,1,10:00,,Compras (comida),,"Comercio, mercado, tienda o centro comercial",,Su casa,,home,,1412000012242,,AUTOMÓVIL PARTICULAR,,10,,,,,
6669,1,1403900014777,Mujeres,20,Hogar,,2,11:00,,Compras (comida),Regresar a Casa,Su casa,,"Su casa → Comercio, mercado, tienda o centro comercial",,1412000012242,,home,,AUTOMÓVIL PARTICULAR,,10,tipo_origen:revision,actividad_en_casa,changed,,"Llega a la vivienda (el AGEB del hogar, tipo Su casa) desde 1412000012242, donde hizo la misma actividad: es el regreso a casa, registrado con el motivo de la actividad (Compras (comida)). Al llegar a casa el propósito es casa; si el renglón siguiente repite el regreso desde casa, queda como no-viaje."
6669,1,1403900014777,Mujeres,20,Hogar,,3,20:26,,Regresar a Casa,,Su casa,,Su casa,,home,,home,,AUTOMÓVIL PARTICULAR,,10,,,,,
6965,2,1412000011155,Hombres,46,Empleado,,1,07:00,,Trabajar,,Fábrica o taller,,Su casa,,home,,1409800011928,,AUTOMÓVIL PARTICULAR,,45,,,,,
6965,2,1412000011155,Hombres,46,Empleado,,2,17:45,,Otros (especifique),Regresar a Casa,Su casa,,Su casa → Fábrica o taller,,1409800011928,,home,,AUTOMÓVIL PARTICULAR,,50,tipo_origen:revision,actividad_en_casa,changed,,"Llega a la vivienda (el AGEB del hogar, tipo Su casa) desde 1409800011928, donde hizo una actividad: es el regreso a casa, registrado con el motivo de la actividad (Otros (especifique)). Al llegar a casa el propósito es casa; si el renglón siguiente repite el regreso desde casa, queda como no-viaje."
6965,2,1412000011155,Hombres,46,Empleado,,3,07:00 → 19:00,,Estudiar,,Escuela,,Su casa,,home,,1412000014198,,Transporte escolar,,25,hora:+12h,,changed,,
6965,2,1412000011155,Hombres,46,Empleado,,4,19:18 → 19:25,,Regresar a Casa,,Su casa,,Su casa → Escuela,,1412000014198,,home,,Transporte escolar,,25,hora:revision;tipo_origen:revision,,changed,,
7015,1,1412000012914,Hombres,46,Empleado,,1,07:00,,Trabajar,,Oficina,,Su casa,,home,,1403900011556,,AUTOMÓVIL PARTICULAR,,30,,,,,
7015,1,1412000012914,Hombres,46,Empleado,,2,14:00,,Compras (comida),Regresar a Casa,Su casa,,Su casa → Oficina,,1403900011556,,home,,AUTOMÓVIL PARTICULAR,,30,tipo_origen:revision,actividad_en_casa,changed,,"Llega a la vivienda (el AGEB del hogar, tipo Su casa) desde 1403900011556, donde hizo una actividad: es el regreso a casa, registrado con el motivo de la actividad (Compras (comida)). Al llegar a casa el propósito es casa; si el renglón siguiente repite el regreso desde casa, queda como no-viaje."
7015,1,1412000012914,Hombres,46,Empleado,,3,16:30,,Trabajar,,Oficina,,Su casa,,home,,1403900011556,,AUTOMÓVIL PARTICULAR,,30,,,,,
7015,1,1412000012914,Hombres,46,Empleado,,4,20:00,,Regresar a Casa,,Su casa,,Su casa → Oficina,,1403900011556,,home,,AUTOMÓVIL PARTICULAR,,25,tipo_origen:revision,,changed,,
7053,1,1412000013575,Hombres,47,Empleado,,1,08:00,,Trabajar,,Oficina,,Su casa,,home,,1412000014836,,A PIE,,20,,,,,
7053,1,1412000013575,Hombres,47,Empleado,,2,14:00,,Compras (comida),Regresar a Casa,Su casa,,Su casa → Oficina,,1412000014836,,home,,A PIE,,20,tipo_origen:revision,actividad_en_casa,changed,,"Llega a la vivienda (el AGEB del hogar, tipo Su casa) desde 1412000014836, donde hizo una actividad: es el regreso a casa, registrado con el motivo de la actividad (Compras (comida)). Al llegar a casa el propósito es casa; si el renglón siguiente repite el regreso desde casa, queda como no-viaje."
7053,1,1412000013575,Hombres,47,Empleado,,3,15:35,,Trabajar,,Oficina,,Su casa,,home,,1412000014836,,A PIE,,20,,,,,
7053,1,1412000013575,Hombres,47,Empleado,,4,17:40,,Regresar a Casa,,Su casa,,Su casa → Oficina,,1412000014836,,home,,A PIE,,20,tipo_origen:revision,,changed,,
7053,1,1412000013575,Hombres,47,Empleado,,5,18:23,,Deportes o recreación,,Centro cultural o área recreativa,,Su casa,,home,,1412000015266,,A PIE,,12,,,,,
7053,1,1412000013575,Hombres,47,Empleado,,6,18:39,,Regresar a Casa,,Su casa,,Su casa → Centro cultural o área recreativa,,1412000015266,,home,,A PIE,,12,tipo_origen:revision,,changed,,
7091,2,1412000013575,Mujeres,45,Empleado,,1,09:30,,Trabajar,,"Comercio, mercado, tienda o centro comercial",,Su casa,,home,,1412000013293,,CAMIÓN O AUTOBÚS,,50,,,,,
7091,2,1412000013575,Mujeres,45,Empleado,,2,20:00,,Guardería,Regresar a Casa,Su casa,,"Su casa → Comercio, mercado, tienda o centro comercial",,1412000013293,,home,,CAMIÓN O AUTOBÚS,,50,tipo_origen:revision,actividad_en_casa;motivo_guarderia,changed,,"Llega a la vivienda (el AGEB del hogar, tipo Su casa) desde 1412000013293, donde hizo una actividad: es el regreso a casa, registrado con el motivo de la actividad (Guardería). Al llegar a casa el propósito es casa; si el renglón siguiente repite el regreso desde casa, queda como no-viaje."
7091,2,1412000013575,Mujeres,45,Empleado,,3,19:23 → 21:23,,Regresar a Casa,,Su casa,,Su casa,,home,,home,,CAMIÓN O AUTOBÚS,,50,hora:-10h+12h,,changed,,
7139,3,1412000013575,Mujeres,44,Empleado,,1,09:28,,Trabajar,,"Comercio, mercado, tienda o centro comercial",,Su casa,,home,,1412000013293,,MI MACRO,,50,,,,,
7139,3,1412000013575,Mujeres,44,Empleado,,2,20:02,,Guardería → Llevar o recoger a alguien,Regresar a Casa,Su casa,,"Su casa → Comercio, mercado, tienda o centro comercial",,1412000013293,,home,,MI MACRO,,50,motivo:revision;tipo_origen:revision,actividad_en_casa,changed,,"Llega a la vivienda (el AGEB del hogar, tipo Su casa) desde 1412000013293, donde hizo una actividad: es el regreso a casa, registrado con el motivo de la actividad (Llevar o recoger a alguien). Al llegar a casa el propósito es casa; si el renglón siguiente repite el regreso desde casa, queda como no-viaje."
7139,3,1412000013575,Mujeres,44,Empleado,,3,19:24 → 21:24,,Regresar a Casa,,Su casa,,Su casa,,home,,home,,MI MACRO,,50,hora:-10h+12h,,changed,,
7145,3,1412000013575,Mujeres,31,Empleado,,1,08:00,,Trabajar,,Fábrica o taller,,Su casa,,home,,1412000011206,,A PIE,,15,,,,,
7145,3,1412000013575,Mujeres,31,Empleado,,2,18:00,,Pagar algún servicio o al banco,Regresar a Casa,Su casa,,Su casa → Fábrica o taller,,1412000011206,,home,,A PIE,,15,tipo_origen:revision,actividad_en_casa,changed,,"Llega a la vivienda (el AGEB del hogar, tipo Su casa) desde 1412000011206, donde hizo una actividad: es el regreso a casa, registrado con el motivo de la actividad (Pagar algún servicio o al banco). Al llegar a casa el propósito es casa; si el renglón siguiente repite el regreso desde casa, queda como no-viaje."
7145,3,1412000013575,Mujeres,31,Empleado,,3,20:34,,Regresar a Casa,,Su casa,,Su casa,,home,,home,,A PIE,,15,,,,,
7183,4,1412000013575,Mujeres,26,Hogar,,1,08:20,,"Compras (bienes, productos y servicios)",,"Comercio, mercado, tienda o centro comercial",,Su casa,,home,,1412000014836,,A PIE,,5,,,,,
7183,4,1412000013575,Mujeres,26,Hogar,,2,09:30,,Otros (especifique),Regresar a Casa,Su casa,,"Su casa → Comercio, mercado, tienda o centro comercial",,1412000014836,,home,,A PIE,,5,tipo_origen:revision,actividad_en_casa,changed,,"Llega a la vivienda (el AGEB del hogar, tipo Su casa) desde 1412000014836, donde hizo una actividad: es el regreso a casa, registrado con el motivo de la actividad (Otros (especifique)). Al llegar a casa el propósito es casa; si el renglón siguiente repite el regreso desde casa, queda como no-viaje."
7183,4,1412000013575,Mujeres,26,Hogar,,3,20:33,,Regresar a Casa,,Su casa,,Su casa,,home,,home,,A PIE,,5,,,,,
7239,3,1412000013575,Mujeres,53,Empleado,,1,09:27,,Trabajar,,"Comercio, mercado, tienda o centro comercial",,Su casa,,home,,1412000013293,,CAMIÓN O AUTOBÚS,,50,,,,,
7239,3,1412000013575,Mujeres,53,Empleado,,2,20:00,,Guardería → Llevar o recoger a alguien,Regresar a Casa,Su casa,,"Su casa → Comercio, mercado, tienda o centro comercial",,1412000013293,,home,,CAMIÓN O AUTOBÚS,,50,motivo:revision;tipo_origen:revision,actividad_en_casa,changed,,"Llega a la vivienda (el AGEB del hogar, tipo Su casa) desde 1412000013293, donde hizo una actividad: es el regreso a casa, registrado con el motivo de la actividad (Llevar o recoger a alguien). Al llegar a casa el propósito es casa; si el renglón siguiente repite el regreso desde casa, queda como no-viaje."
7239,3,1412000013575,Mujeres,53,Empleado,,3,19:26 → 20:50,,Regresar a Casa,,Su casa,,Su casa,,home,,home,,CAMIÓN O AUTOBÚS,,50,hora:-10h+12h;hora:revision,,changed,,
7378,2,1412000010617,Hombres,41,Empleado,,1,07:40,,Trabajar,,Oficina,,Su casa,,home,,1412000014836,,AUTOMÓVIL PARTICULAR,,15,,,,,
7378,2,1412000010617,Hombres,41,Empleado,,2,16:00,,Trabajar,Regresar a Casa,Su casa,,Su casa → Oficina,,1412000014836,,home,,AUTOMÓVIL PARTICULAR,,15,tipo_origen:revision,actividad_en_casa,changed,,"Llega a la vivienda (el AGEB del hogar, tipo Su casa) desde 1412000014836, donde hizo la misma actividad: es el regreso a casa, registrado con el motivo de la actividad (Trabajar). Al llegar a casa el propósito es casa; si el renglón siguiente repite el regreso desde casa, queda como no-viaje."
7378,2,1412000010617,Hombres,41,Empleado,,3,19:05,,Regresar a Casa,,Su casa,,Su casa,,home,,home,,AUTOMÓVIL PARTICULAR,,15,,,,,
7434,3,1412000010617,Hombres,29,,,1,11:07,,Deportes o recreación,,Centro cultural o área recreativa,,Su casa,,home,,1412000014060,,A PIE,,10,,,,,
7434,3,1412000010617,Hombres,29,,,2,15:22,,Pagar algún servicio o al banco,Regresar a Casa,Su casa,,Su casa → Centro cultural o área recreativa,,1412000014060,,home,,A PIE,,10,tipo_origen:revision,actividad_en_casa,changed,,"Llega a la vivienda (el AGEB del hogar, tipo Su casa) desde 1412000014060, donde hizo una actividad: es el regreso a casa, registrado con el motivo de la actividad (Pagar algún servicio o al banco). Al llegar a casa el propósito es casa; si el renglón siguiente repite el regreso desde casa, queda como no-viaje."
7434,3,1412000010617,Hombres,29,,,3,19:44,,Regresar a Casa,,Su casa,,Su casa,,home,,home,,A PIE,,10,,,,,
7742,1,1412000014732,Hombres,40,Empleado,,1,07:00,,Trabajar,,Oficina,,Su casa,,home,,141200001066A,,AUTOMÓVIL PARTICULAR,,25,,,,,
7742,1,1412000014732,Hombres,40,Empleado,,2,14:00,,Compras (comida),Regresar a Casa,Su casa,,Su casa → Oficina,,141200001066A,,home,,AUTOMÓVIL PARTICULAR,,25,tipo_origen:revision,actividad_en_casa,changed,,"Llega a la vivienda (el AGEB del hogar, tipo Su casa) desde 141200001066A, donde hizo una actividad: es el regreso a casa, registrado con el motivo de la actividad (Compras (comida)). Al llegar a casa el propósito es casa; si el renglón siguiente repite el regreso desde casa, queda como no-viaje."
7742,1,1412000014732,Hombres,40,Empleado,,3,15:30,,Trabajar,,Oficina,,Su casa,,home,,141200001066A,,AUTOMÓVIL PARTICULAR,,25,,,,,
7742,1,1412000014732,Hombres,40,Empleado,,4,18:20,,Regresar a Casa,,Su casa,,Su casa → Oficina,,141200001066A,,home,,AUTOMÓVIL PARTICULAR,,25,tipo_origen:revision,,changed,,
7768,1,1412000014732,Hombres,46,Empleado,,1,07:30,,Trabajar,,Fábrica o taller,,Su casa,,home,,1403900012145,,AUTOMÓVIL PARTICULAR,,30,,,,,
7768,1,1412000014732,Hombres,46,Empleado,,2,14:00,,Compras (comida),Regresar a Casa,Su casa,,Su casa → Fábrica o taller,,1403900012145,,home,,AUTOMÓVIL PARTICULAR,,35,tipo_origen:revision,actividad_en_casa,changed,,"Llega a la vivienda (el AGEB del hogar, tipo Su casa) desde 1403900012145, donde hizo una actividad: es el regreso a casa, registrado con el motivo de la actividad (Compras (comida)). Al llegar a casa el propósito es casa; si el renglón siguiente repite el regreso desde casa, queda como no-viaje."
7768,1,1412000014732,Hombres,46,Empleado,,3,16:00,,Trabajar,,Fábrica o taller,,Su casa,,home,,1403900012145,,AUTOMÓVIL PARTICULAR,,35,,,,,
7768,1,1412000014732,Hombres,46,Empleado,,4,20:07,,Regresar a Casa,,Su casa,,Su casa → Fábrica o taller,,1403900012145,,home,,AUTOMÓVIL PARTICULAR,,35,tipo_origen:revision,,changed,,
7768,1,1412000014732,Hombres,46,Empleado,,5,20:10 → 20:42,,Compras (comida),,"Restaurante, bar, cafetería",,Su casa,,home,,1412000010636,,AUTOMÓVIL PARTICULAR,,15,hora:revision,,changed,,
7768,1,1412000014732,Hombres,46,Empleado,,6,22:30,,Regresar a Casa,,Su casa,,"Su casa → Restaurante, bar, cafetería",,1412000010636,,home,,AUTOMÓVIL PARTICULAR,,15,tipo_origen:revision,,changed,,
7797,2,1412000012420,Hombres,27,Empleado,,1,09:00,,Trabajar,,"Comercio, mercado, tienda o centro comercial",,Su casa,,home,,1412000013293,,AUTOMÓVIL PARTICULAR,,20,,,,,
7797,2,1412000012420,Hombres,27,Empleado,,2,19:00,,Estudiar,Regresar a Casa,Su casa,,"Su casa → Comercio, mercado, tienda o centro comercial",,1412000013293,,home,,AUTOMÓVIL PARTICULAR,,30,tipo_origen:revision,actividad_en_casa,changed,,"Llega a la vivienda (el AGEB del hogar, tipo Su casa) desde 1412000013293, donde hizo una actividad: es el regreso a casa, registrado con el motivo de la actividad (Estudiar). Al llegar a casa el propósito es casa; si el renglón siguiente repite el regreso desde casa, queda como no-viaje."
7797,2,1412000012420,Hombres,27,Empleado,,3,20:41,,Regresar a Casa,,Su casa,,Su casa,,home,,home,,AUTOMÓVIL PARTICULAR,,30,,,,,
7897,1,1412000012420,Hombres,54,Empleado,,1,07:30,,Trabajar,,Fábrica o taller,,Su casa,,home,,1412000013575,,AUTOMÓVIL PARTICULAR,,10,,,,,
7897,1,1412000012420,Hombres,54,Empleado,,2,18:00,,Trabajar,Regresar a Casa,Su casa,,Su casa → Fábrica o taller,,1412000013575,,home,,AUTOMÓVIL PARTICULAR,,10,tipo_origen:revision,actividad_en_casa,changed,,"Llega a la vivienda (el AGEB del hogar, tipo Su casa) desde 1412000013575, donde hizo la misma actividad: es el regreso a casa, registrado con el motivo de la actividad (Trabajar). Al llegar a casa el propósito es casa; si el renglón siguiente repite el regreso desde casa, queda como no-viaje."
7897,1,1412000012420,Hombres,54,Empleado,,3,19:39,,Regresar a Casa,,Su casa,,Su casa,,home,,home,,AUTOMÓVIL PARTICULAR,,10,,,,,
7960,1,1403900012501,Hombres,29,Empleado,,1,07:30,,Trabajar,,Oficina,,Su casa,,home,,1412000011297,,AUTOMÓVIL PARTICULAR,,30,,,,,
7960,1,1403900012501,Hombres,29,Empleado,,2,16:00,,Otros (especifique),Regresar a Casa,Su casa,,Su casa → Oficina,,1412000011297,,home,,AUTOMÓVIL PARTICULAR,,30,tipo_origen:revision,actividad_en_casa,changed,,"Llega a la vivienda (el AGEB del hogar, tipo Su casa) desde 1412000011297, donde hizo una actividad: es el regreso a casa, registrado con el motivo de la actividad (Otros (especifique)). Al llegar a casa el propósito es casa; si el renglón siguiente repite el regreso desde casa, queda como no-viaje."
7960,1,1403900012501,Hombres,29,Empleado,,3,19:11,,Regresar a Casa,,Su casa,,Su casa,,home,,home,,AUTOMÓVIL PARTICULAR,,30,,,,,
8188,1,1403900013340,Mujeres,39,Hogar,,1,08:02,,Compras (comida),,"Comercio, mercado, tienda o centro comercial",,Su casa,,home,,1403900013336,,A PIE,,15,,,,,
8188,1,1403900013340,Mujeres,39,Hogar,,2,08:26,,Regresar a Casa,,Su casa,,"Su casa → Comercio, mercado, tienda o centro comercial",,1403900013336,,home,,A PIE,,15,tipo_origen:revision,,changed,,
8188,1,1403900013340,Mujeres,39,Hogar,,3,22:00 → 10:00,,"Compras (bienes, productos y servicios)",,"Comercio, mercado, tienda o centro comercial",,Su casa,,home,,1403900013783,,A PIE,,10,hora:revision,,changed,,
8188,1,1403900013340,Mujeres,39,Hogar,,4,11:00,,"Compras (bienes, productos y servicios)",Regresar a Casa,Su casa,,"Su casa → Comercio, mercado, tienda o centro comercial",,1403900013783,,home,,A PIE,,10,tipo_origen:revision,actividad_en_casa,changed,,"Llega a la vivienda (el AGEB del hogar, tipo Su casa) desde 1403900013783, donde hizo la misma actividad: es el regreso a casa, registrado con el motivo de la actividad (Compras (bienes, productos y servicios)). Al llegar a casa el propósito es casa; si el renglón siguiente repite el regreso desde casa, queda como no-viaje."
8188,1,1403900013340,Mujeres,39,Hogar,,5,19:23,,Regresar a Casa,,Su casa,,Su casa,,home,,home,,A PIE,,10,,,,,
8456,1,1412000012505,Mujeres,63,Hogar,,1,08:17,,Compras (comida),,"Comercio, mercado, tienda o centro comercial",,Su casa,,home,,home,,A PIE,,13,,,,,
8456,1,1412000012505,Mujeres,63,Hogar,,2,08:32,,Regresar a Casa,,Su casa,,"Su casa → Comercio, mercado, tienda o centro comercial",,home,,home,,A PIE,,13,tipo_origen:revision,,changed,,
8456,1,1412000012505,Mujeres,63,Hogar,,3,11:30,,Compras (comida),,"Comercio, mercado, tienda o centro comercial",,Su casa,,home,,1409700201013,,AUTOMÓVIL PARTICULAR,,20,,,,,
8456,1,1412000012505,Mujeres,63,Hogar,,4,14:00,,Guardería → Llevar o recoger a alguien,Regresar a Casa,Su casa,,"Su casa → Comercio, mercado, tienda o centro comercial",,1409700201013,,home,,AUTOMÓVIL PARTICULAR,,25,motivo:revision;tipo_origen:revision,actividad_en_casa,changed,,"Llega a la vivienda (el AGEB del hogar, tipo Su casa) desde 1409700201013, donde hizo una actividad: es el regreso a casa, registrado con el motivo de la actividad (Llevar o recoger a alguien). Al llegar a casa el propósito es casa; si el renglón siguiente repite el regreso desde casa, queda como no-viaje."
8456,1,1412000012505,Mujeres,63,Hogar,,5,20:29,,Regresar a Casa,,Su casa,,Su casa,,home,,home,,AUTOMÓVIL PARTICULAR,,25,,,,,
9070,2,140980012,Mujeres,42,Empleado,,1,07:00,,Trabajar,,Escuela,,Su casa,,home,,1412000010706,,AUTOMÓVIL PARTICULAR,,40,,,,,
9070,2,140980012,Mujeres,42,Empleado,,2,16:00,,"Compras (bienes, productos y servicios)",,"Comercio, mercado, tienda o centro comercial",,Su casa → Escuela,,1412000010706,,1409704241776,,AUTOMÓVIL PARTICULAR,,30,tipo_origen:revision,,changed,,
9070,2,140980012,Mujeres,42,Empleado,,3,18:30,,Guardería → Llevar o recoger a alguien,Regresar a Casa,Su casa,,"Su casa → Comercio, mercado, tienda o centro comercial",,1409704241776,,home,,AUTOMÓVIL PARTICULAR,,15,motivo:revision;tipo_origen:revision,actividad_en_casa,changed,,"Llega a la vivienda (el AGEB del hogar, tipo Su casa) desde 1409704241776, donde hizo una actividad: es el regreso a casa, registrado con el motivo de la actividad (Llevar o recoger a alguien). Al llegar a casa el propósito es casa; si el renglón siguiente repite el regreso desde casa, queda como no-viaje."
9070,2,140980012,Mujeres,42,Empleado,,4,20:50,,Regresar a Casa,,Su casa,,Su casa,,home,,home,,AUTOMÓVIL PARTICULAR,,15,,,,,
9453,2,1409700250763,Mujeres,44,Hogar,,1,08:00,,Compras (comida),,"Comercio, mercado, tienda o centro comercial",,Su casa,,home,,1409704241761,,AUTOMÓVIL PARTICULAR,,10,,,,,
9453,2,1409700250763,Mujeres,44,Hogar,,2,14:00,,Guardería → Llevar o recoger a alguien,Regresar a Casa,Su casa,,"Su casa → Comercio, mercado, tienda o centro comercial",,1409704241761,,home,,AUTOMÓVIL PARTICULAR,,10,motivo:revision;tipo_origen:revision,actividad_en_casa,changed,,"Llega a la vivienda (el AGEB del hogar, tipo Su casa) desde 1409704241761, donde hizo una actividad: es el regreso a casa, registrado con el motivo de la actividad (Llevar o recoger a alguien). Al llegar a casa el propósito es casa; si el renglón siguiente repite el regreso desde casa, queda como no-viaje."
9453,2,1409700250763,Mujeres,44,Hogar,,3,19:45,,Regresar a Casa,,Su casa,,Su casa,,home,,home,,AUTOMÓVIL PARTICULAR,,10,,,,,
12090,3,141200206504A,Mujeres,40,,,1,06:20,,Llevar o recoger a alguien,,Escuela,,Su casa,,home,,1412002065054,,Mototaxi,,10,,,,,
12090,3,141200206504A,Mujeres,40,,,2,07:00,,Guardería → Llevar o recoger a alguien,Regresar a Casa,Su casa,,Su casa → Escuela,,1412002065054,,home,,Mototaxi,,10,motivo:revision;tipo_origen:revision,actividad_en_casa,changed,,"Llega a la vivienda (el AGEB del hogar, tipo Su casa) desde 1412002065054, donde hizo la misma actividad: es el regreso a casa, registrado con el motivo de la actividad (Llevar o recoger a alguien). Al llegar a casa el propósito es casa; si el renglón siguiente repite el regreso desde casa, queda como no-viaje."
12090,3,141200206504A,Mujeres,40,,,3,08:00,,Llevar o recoger a alguien,,"Hospital, clínica, consultorio, laboratorio clínico",,Su casa,,home,,1412000012346,,AUTOMÓVIL PARTICULAR,,35,,,,,
12090,3,141200206504A,Mujeres,40,,,4,12:00,,Regresar a Casa,,Su casa,,"Su casa → Hospital, clínica, consultorio, laboratorio clínico",,1412000012346,,home,,AUTOMÓVIL PARTICULAR,,40,tipo_origen:revision,,changed,,
12090,3,141200206504A,Mujeres,40,,,5,13:30,,Llevar o recoger a alguien,,Escuela,,Su casa,,home,,1412002065054,,AUTOMÓVIL PARTICULAR,,10,,,,,
12090,3,141200206504A,Mujeres,40,,,6,14:00,,Regresar a Casa,,Su casa,,Su casa → Escuela,,1412002065054,,home,,AUTOMÓVIL PARTICULAR,,10,tipo_origen:revision,,changed,,
12680,4,141200068,Mujeres,33,Empleado,,1,08:00,,Deportes o recreación,,Centro cultural o área recreativa,,Su casa,,home,,999990006,,AUTOMÓVIL PARTICULAR,,120,,,,,
12680,4,141200068,Mujeres,33,Empleado,,2,20:00,,Guardería → Llevar o recoger a alguien,Regresar a Casa,Su casa,,Su casa → Centro cultural o área recreativa,,999990006,,home,,AUTOMÓVIL PARTICULAR,,120,motivo:revision;tipo_origen:revision,actividad_en_casa,changed,,"Llega a la vivienda (el AGEB del hogar, tipo Su casa) desde 999990006, donde hizo una actividad: es el regreso a casa, registrado con el motivo de la actividad (Llevar o recoger a alguien). Al llegar a casa el propósito es casa; si el renglón siguiente repite el regreso desde casa, queda como no-viaje."
12680,4,141200068,Mujeres,33,Empleado,,3,20:18 → 22:00,,Regresar a Casa,,Su casa,,Su casa,,home,,home,,AUTOMÓVIL PARTICULAR,,120,hora:revision,,changed,,
12706,3,141200068,Mujeres,32,Empleado,,1,08:08,,Deportes o recreación,,Centro cultural o área recreativa,,Su casa,,home,,999990006,,AUTOMÓVIL PARTICULAR,,120,,,,,
12706,3,141200068,Mujeres,32,Empleado,,2,20:07,,Guardería → Llevar o recoger a alguien,Regresar a Casa,Su casa,,Su casa → Centro cultural o área recreativa,,999990006,,home,,AUTOMÓVIL PARTICULAR,,120,motivo:revision;tipo_origen:revision,actividad_en_casa,changed,,"Llega a la vivienda (el AGEB del hogar, tipo Su casa) desde 999990006, donde hizo una actividad: es el regreso a casa, registrado con el motivo de la actividad (Llevar o recoger a alguien). Al llegar a casa el propósito es casa; si el renglón siguiente repite el regreso desde casa, queda como no-viaje."
12706,3,141200068,Mujeres,32,Empleado,,3,19:17 → 22:07,,Regresar a Casa,,Su casa,,Su casa,,home,,home,,AUTOMÓVIL PARTICULAR,,120,hora:revision,,changed,,
12814,1,1412002316989,Hombres,46,Empleado,,1,06:00,,Trabajar,,"Comercio, mercado, tienda o centro comercial",,Su casa,,home,,141200001098A,,CAMIÓN O AUTOBÚS,,50,,,,,
12814,1,1412002316989,Hombres,46,Empleado,,2,17:45,,Guardería → Llevar o recoger a alguien,Regresar a Casa,Su casa,,"Su casa → Comercio, mercado, tienda o centro comercial",,141200001098A,,home,,CAMIÓN O AUTOBÚS,,60,motivo:revision;tipo_origen:revision,fin_fuera_de_casa;actividad_en_casa,changed,,"Llega a la vivienda (el AGEB del hogar, tipo Su casa) desde 141200001098A, donde hizo una actividad: es el regreso a casa, registrado con el motivo de la actividad (Llevar o recoger a alguien). Al llegar a casa el propósito es casa; si el renglón siguiente repite el regreso desde casa, queda como no-viaje."
15715,1,140700020126A,Mujeres,39,Empleado,,1,06:00,,Trabajar,,Otra vivienda,,Su casa,,home,,1407000130238,,CAMIÓN O AUTOBÚS,,35,,,,,
15715,1,140700020126A,Mujeres,39,Empleado,,2,14:00,,Guardería → Llevar o recoger a alguien,Regresar a Casa,Su casa,,Su casa → Otra vivienda,,1407000130238,,home,,CAMIÓN O AUTOBÚS,,35,motivo:revision;tipo_origen:revision,fin_fuera_de_casa;actividad_en_casa,changed,,"Llega a la vivienda (el AGEB del hogar, tipo Su casa) desde 1407000130238, donde hizo una actividad: es el regreso a casa, registrado con el motivo de la actividad (Llevar o recoger a alguien). Al llegar a casa el propósito es casa; si el renglón siguiente repite el regreso desde casa, queda como no-viaje."
15784,1,1407000011058,Hombres,40,Empleado,,1,06:15,,Trabajar,,Oficina,,Su casa,,home,,14070140A,,AUTOMÓVIL PARTICULAR,,25,,,,,
15784,1,1407000011058,Hombres,40,Empleado,,2,20:00,,Guardería → Llevar o recoger a alguien,Regresar a Casa,Su casa,,Su casa → Oficina,,14070140A,,home,,AUTOMÓVIL PARTICULAR,,25,motivo:revision;tipo_origen:revision,actividad_en_casa,changed,,"Llega a la vivienda (el AGEB del hogar, tipo Su casa) desde 14070140A, donde hizo una actividad: es el regreso a casa, registrado con el motivo de la actividad (Llevar o recoger a alguien). Al llegar a casa el propósito es casa; si el renglón siguiente repite el regreso desde casa, queda como no-viaje."
15784,1,1407000011058,Hombres,40,Empleado,,3,19:37 → 21:37,,Regresar a Casa,,Su casa,,Su casa,,home,,home,,AUTOMÓVIL PARTICULAR,,25,hora:-10h+12h,,changed,,
17002,2,1404400020115,Hombres,34,Empleado,,1,08:00,,Trabajar,,Fábrica o taller,,Su casa,,home,,140440011,,AUTOMÓVIL PARTICULAR,,25,,,,,
17002,2,1404400020115,Hombres,34,Empleado,,2,21:00,,Guardería,Regresar a Casa,Su casa,,Su casa → Fábrica o taller,,140440011,,home,,AUTOMÓVIL PARTICULAR,,25,tipo_origen:revision,actividad_en_casa;motivo_guarderia,changed,,"Llega a la vivienda (el AGEB del hogar, tipo Su casa) desde 140440011, donde hizo una actividad: es el regreso a casa, registrado con el motivo de la actividad (Guardería). Al llegar a casa el propósito es casa; si el renglón siguiente repite el regreso desde casa, queda como no-viaje."
17002,2,1404400020115,Hombres,34,Empleado,,3,19:45 → 21:45,,Regresar a Casa,,Su casa,,Su casa,,home,,home,,AUTOMÓVIL PARTICULAR,,25,hora:-10h+12h,,changed,,
17116,2,140440011,Mujeres,38,Hogar,,1,07:30,,Llevar o recoger a alguien,,Escuela,,Su casa,,home,,home,,A PIE,,10,,,,,
17116,2,140440011,Mujeres,38,Hogar,,2,08:10,,Regresar a Casa,,Su casa,,Su casa → Escuela,,home,,home,,A PIE,,10,tipo_origen:revision,,changed,,
17116,2,140440011,Mujeres,38,Hogar,,3,12:30,,Llevar o recoger a alguien,,Escuela,,Su casa,,home,,999990005,,A PIE,,10,,,,,
17116,2,140440011,Mujeres,38,Hogar,,4,13:00,,Guardería → Llevar o recoger a alguien,Regresar a Casa,Su casa,,Su casa → Escuela,,999990005,,home,,A PIE,,10,motivo:revision;tipo_origen:revision,actividad_en_casa,changed,,"Llega a la vivienda (el AGEB del hogar, tipo Su casa) desde 999990005, donde hizo la misma actividad: es el regreso a casa, registrado con el motivo de la actividad (Llevar o recoger a alguien). Al llegar a casa el propósito es casa; si el renglón siguiente repite el regreso desde casa, queda como no-viaje."
17116,2,140440011,Mujeres,38,Hogar,,5,20:06,,Regresar a Casa,,Su casa,,Su casa,,home,,home,,A PIE,,10,,,,,
17170,1,1404400010083,Mujeres,61,Hogar,,1,09:00,,Al médico o atención de salud,,"Hospital, clínica, consultorio, laboratorio clínico",,Su casa,,home,,1412400010300,,A PIE,,15,,,,,
17170,1,1404400010083,Mujeres,61,Hogar,,2,10:30,,Guardería → Llevar o recoger a alguien,Regresar a Casa,Su casa,,"Su casa → Hospital, clínica, consultorio, laboratorio clínico",,1412400010300,,home,,A PIE,,15,motivo:revision;tipo_origen:revision,actividad_en_casa,changed,,"Llega a la vivienda (el AGEB del hogar, tipo Su casa) desde 1412400010300, donde hizo una actividad: es el regreso a casa, registrado con el motivo de la actividad (Llevar o recoger a alguien). Al llegar a casa el propósito es casa; si el renglón siguiente repite el regreso desde casa, queda como no-viaje."
17170,1,1404400010083,Mujeres,61,Hogar,,3,20:26,,Regresar a Casa,,Su casa,,Su casa,,home,,home,,A PIE,,15,,,,,
17275,2,140440026,Hombres,47,,,1,13:15 → 01:15,,Otros (especifique),,Fábrica o taller,,Su casa,,home,,1409700411263,,Transporte de personal,,20,hora:revision,,changed,,
17275,2,140440026,Hombres,47,,,2,23:00 → 11:00,,Guardería → Llevar o recoger a alguien,Regresar a Casa,Su casa,,Su casa → Fábrica o taller,,1409700411263,,home,,Transporte de personal,,25,hora:revision;motivo:revision;tipo_origen:revision,actividad_en_casa,changed,,"Llega a la vivienda (el AGEB del hogar, tipo Su casa) desde 1409700411263, donde hizo una actividad: es el regreso a casa, registrado con el motivo de la actividad (Llevar o recoger a alguien). Al llegar a casa el propósito es casa; si el renglón siguiente repite el regreso desde casa, queda como no-viaje."
17275,2,140440026,Hombres,47,,,3,20:15,,Regresar a Casa,,Su casa,,Su casa,,home,,home,,Transporte de personal,,25,,,,,
