household,person,home,sex,age,occupation,repeated,trip,start,new start,motive,new motive,dest. type,new dest. type,orig. type,new orig. type,origin,new origin,destination,new destination,mode,new mode,leg min,ajustes,problemas,status,new status,note
9,2,1403900014283,Mujeres,31,Empleado,,1,09:00,,Trabajar,,Fábrica o taller,,Su casa,,home,,1403900010863,,Taxi plataforma (Uber/Didi),,30,,,,,
9,2,1403900014283,Mujeres,31,Empleado,,2,08:52,20:52,Regresar a Casa,,Su casa,,,,1403900010863,,home,,AUTOMÓVIL PARTICULAR,,30 → 15,minutos:revision,hora_invertida,changed,,"Decimoquinta revisión: se toma la lectura de las horas de las tablas anteriores (la primera revisión), una sugerencia entre otras: con las reglas de hoy el día queda con un viaje que sale antes de que llegue el anterior, y con esa lectura con menos de media hora en el trabajo o la escuela. Cambia: viaje 2 08:52 → 20:52, viaje 3 10:14 → 22:14, viaje 4 10:29 → 22:44."
9,2,1403900014283,Mujeres,31,Empleado,,3,10:14,22:14,Trabajar,,Fábrica o taller,,,,home,,1403900010863,,AUTOMÓVIL PARTICULAR,,30 → 15,minutos:revision,,changed,,"Decimoquinta revisión: se toma la lectura de las horas de las tablas anteriores (la primera revisión), una sugerencia entre otras: con las reglas de hoy el día queda con un viaje que sale antes de que llegue el anterior, y con esa lectura con menos de media hora en el trabajo o la escuela. Cambia: viaje 2 08:52 → 20:52, viaje 3 10:14 → 22:14, viaje 4 10:29 → 22:44."
9,2,1403900014283,Mujeres,31,Empleado,,4,10:20 → 10:29,22:44,Regresar a Casa,,Su casa,,,,1403900010863,,home,,AUTOMÓVIL PARTICULAR,,30 → 15,minutos:revision;hora:llegada,,changed,,"Decimoquinta revisión: se toma la lectura de las horas de las tablas anteriores (la primera revisión), una sugerencia entre otras: con las reglas de hoy el día queda con un viaje que sale antes de que llegue el anterior, y con esa lectura con menos de media hora en el trabajo o la escuela. Cambia: viaje 2 08:52 → 20:52, viaje 3 10:14 → 22:14, viaje 4 10:29 → 22:44."
34,3,1403900014245,Mujeres,17,Estudiante,,1,08:00,,Trabajar,,"Comercio, mercado, tienda o centro comercial",,Su casa,,home,,1403900013177,,A PIE,,2,,,,,
34,3,1403900014245,Mujeres,17,Estudiante,,2,13:00,,Regresar a Casa,,Su casa,,,,1403900013177,,home,,A PIE,,2,,,,,
34,3,1403900014245,Mujeres,17,Estudiante,,3,13:45,,Trabajar,,"Comercio, mercado, tienda o centro comercial",,,,home,,1403900013177,,A PIE,,2,,,,,
34,3,1403900014245,Mujeres,17,Estudiante,,4,13:45 → 13:47,15:45,Estudiar,,Escuela,,,,1403900013177,,1403900013660,,A PIE,,10,hora:llegada,,changed,,"Decimoquinta revisión: se toma la lectura de las horas de las tablas anteriores (la undécima revisión), una sugerencia entre otras: con las reglas de hoy el día queda con menos de media hora en el trabajo o la escuela, y con esa lectura con ningún problema. Cambia: viaje 4 13:47 → 15:45."
34,3,1403900014245,Mujeres,17,Estudiante,,5,19:47,,Regresar a Casa,,Su casa,,,,1403900013660,,home,,A PIE,,10,,,,,
66,1,140390001083A,Hombres,66,Trabajador independiente,,1,14:00,04:00,Trabajar,,"Comercio, mercado, tienda o centro comercial",,Su casa,,home,,1412000015482,,AUTOMÓVIL PARTICULAR,,90 → 40,minutos:revision,,changed,,"Decimoquinta revisión: se toma la lectura de las horas de las tablas anteriores (la segunda revisión), una sugerencia entre otras: con las reglas de hoy el día queda con un viaje que sale antes de que llegue el anterior, y con esa lectura con una salida movida a la madrugada. Cambia: viaje 1 14:00 → 04:00, viaje 4 16:00 → 18:00."
66,1,140390001083A,Hombres,66,Trabajador independiente,,2,13:50,,Regresar a Casa,,Su casa,,,,1412000015482,,home,,AUTOMÓVIL PARTICULAR,,90 → 40,minutos:revision,hora_invertida,changed,,
66,1,140390001083A,Hombres,66,Trabajador independiente,,3,15:20,,Trabajar,,"Comercio, mercado, tienda o centro comercial",,,,home,,1412000015482,,AUTOMÓVIL PARTICULAR,,90 → 40,minutos:revision,,changed,,
66,1,140390001083A,Hombres,66,Trabajador independiente,,4,16:00,18:00,Regresar a Casa,,Su casa,,,,1412000015482,,home,,AUTOMÓVIL PARTICULAR,,90 → 40,minutos:revision,,changed,,"Decimoquinta revisión: se toma la lectura de las horas de las tablas anteriores (la segunda revisión), una sugerencia entre otras: con las reglas de hoy el día queda con un viaje que sale antes de que llegue el anterior, y con esa lectura con una salida movida a la madrugada. Cambia: viaje 1 14:00 → 04:00, viaje 4 16:00 → 18:00."
89,3,1403900010539,Mujeres,30,Empleado,,1,08:30,,Trabajar,,Fábrica o taller,,Su casa,,home,,1407000200257,,CAMIÓN O AUTOBÚS,,90,,,,,
89,3,1403900010539,Mujeres,30,Empleado,,2,14:00,,Regresar a Casa,,Su casa,,,,1407000200257,,home,,CAMIÓN O AUTOBÚS,,100,,,,,
89,3,1403900010539,Mujeres,30,Empleado,,3,16:44,,Trabajar,,Fábrica o taller,,,,home,,1407000200257,,CAMIÓN O AUTOBÚS,,90,,,,,
89,3,1403900010539,Mujeres,30,Empleado,,4,18:03 → 18:14,20:14,Regresar a Casa,,Su casa,,,,1407000200257,,home,,CAMIÓN O AUTOBÚS,,100,hora:llegada,,changed,,"Decimoquinta revisión: se toma la lectura de las horas de las tablas anteriores (la undécima revisión), una sugerencia entre otras: con las reglas de hoy el día queda con menos de media hora en el trabajo o la escuela, y con esa lectura con ningún problema. Cambia: viaje 4 18:14 → 20:14."
107,3,1403900013209,Mujeres,24,Empleado,,1,10:00,,Compras (comida),,"Comercio, mercado, tienda o centro comercial",,Su casa,,home,,1403900011537,,A PIE,,15,,,,,
107,3,1403900013209,Mujeres,24,Empleado,,2,10:20,,Regresar a Casa,,Su casa,,,,1403900011537,,home,,A PIE,,20,,,,,
107,3,1403900013209,Mujeres,24,Empleado,,3,20:00,,Trabajar,,"Comercio, mercado, tienda o centro comercial",,,,home,,1403900012291,,AUTOMÓVIL PARTICULAR,,30,,,,,
107,3,1403900013209,Mujeres,24,Empleado,,4,12:00,00:00,Regresar a Casa,,Su casa,,,,1403900012291,,home,,AUTOMÓVIL PARTICULAR,,30,,hora_invertida,,,"Decimoquinta revisión: se toma la lectura de las horas de las tablas anteriores (la primera revisión), una sugerencia entre otras: con las reglas de hoy el día queda con un viaje que sale antes de que llegue el anterior, y con esa lectura con ningún problema. Cambia: viaje 4 12:00 → 00:00."
147,1,1403900013177,Hombres,30,Empleado,,1,09:00,,Trabajar,,Fábrica o taller,,Su casa,,home,,999990004,,CAMIÓN O AUTOBÚS,,20,,,,,
147,1,1403900013177,Hombres,30,Empleado,,2,10:30,,Trabajar,,Otros (especifique),,,,999990004,,1409800010879,,Taxi plataforma (Uber/Didi),,4,,,,,
147,1,1403900013177,Hombres,30,Empleado,,3,14:00,,Visitar a alguien,,"Comercio, mercado, tienda o centro comercial",,,,1409800010879,,999990004,,AUTOMÓVIL PARTICULAR,,20,,,,,
147,1,1403900013177,Hombres,30,Empleado,,4,12:00,14:20,Regresar a Casa,,Su casa,,,,999990004,,home,,AUTOMÓVIL PARTICULAR,,3,,hora_invertida,,,"Decimoquinta revisión: ninguna lectura de las horas cierra el día: con las reglas queda un viaje que sale antes de que llegue el anterior, con la de las tablas anteriores una estancia de 8 horas o más en un mandado o una visita. Las salidas se mueven lo menos posible (140 min en total) para que ningún viaje salga antes de que llegue el anterior; queda una estancia de cero minutos fuera de casa. Cambia: viaje 4 12:00 → 14:20."
265,2,1403900013730,Hombres,49,Empleado,,1,08:17,,"Compras (bienes, productos y servicios)",,"Comercio, mercado, tienda o centro comercial",,Su casa,,home,,home,,A PIE,,12,,,,,
265,2,1403900013730,Hombres,49,Empleado,,2,08:37,,Regresar a Casa,,Su casa,,,,home,,home,,A PIE,,12,,,,,
265,2,1403900013730,Hombres,49,Empleado,,3,20:00,,Trabajar,,Fábrica o taller,,,,home,,1403900012554,,Bicicleta,,15,,,,,
265,2,1403900013730,Hombres,49,Empleado,,4,18:00,20:15,Regresar a Casa,,Su casa,,,,1403900012554,,home,,Bicicleta,,15,,hora_invertida,,,"Decimoquinta revisión: se toma la lectura de las horas de las tablas anteriores (las reglas anteriores), una sugerencia entre otras: con las reglas de hoy el día queda con un viaje que sale antes de que llegue el anterior, y con esa lectura con menos de media hora en el trabajo o la escuela. Cambia: viaje 4 18:00 → 20:15."
295,3,1403900014033,Mujeres,22,Hogar,,1,10:00,,"Compras (bienes, productos y servicios)",,"Comercio, mercado, tienda o centro comercial",,Su casa,,home,,home,,A PIE,,5,,,,,
295,3,1403900014033,Mujeres,22,Hogar,,2,10:15,,Regresar a Casa,,Su casa,,,,home,,home,,A PIE,,5,,,,,
295,3,1403900014033,Mujeres,22,Hogar,,3,17:40,,Llevar o recoger a alguien,,Escuela,,,,home,,1403900012728,,A PIE,,20,,,,,
295,3,1403900014033,Mujeres,22,Hogar,,4,18:05,,Regresar a Casa,,Su casa,,,,1403900012728,,home,,A PIE,,20,,,,,
295,3,1403900014033,Mujeres,22,Hogar,,5,22:00,,Visitar a alguien,,Otra vivienda,,,,home,,1409800010879,,Taxi,,20,,,,,
295,3,1403900014033,Mujeres,22,Hogar,,6,19:57,22:20,Regresar a Casa,,Su casa,,,,1409800010879,,home,,Taxi,,20,,hora_invertida,,,"Decimoquinta revisión: se toma la lectura de las horas de las tablas anteriores (la primera revisión), una sugerencia entre otras: con las reglas de hoy el día queda con un viaje que sale antes de que llegue el anterior, y con esa lectura con una estancia de cero minutos fuera de casa. Cambia: viaje 6 19:57 → 22:20."
493,4,1403900011170,Hombres,51,Empleado,,1,08:21,,Otros (especifique),,Otros (especifique),,Su casa,,home,,home,,A PIE,,12,,,,,
493,4,1403900011170,Hombres,51,Empleado,,2,08:43,,Regresar a Casa,,Su casa,,,,home,,home,,A PIE,,12,,,,,
493,4,1403900011170,Hombres,51,Empleado,,3,20:28,,Trabajar,,Fábrica o taller,,,,home,,1412000010369,,TREN LIGERO,,7,,,,,
493,4,1403900011170,Hombres,51,Empleado,,4,17:02,05:02,Regresar a Casa,,Su casa,,,,1412000010369,,home,,MI MACRO,,27,,hora_invertida,,,"Decimoquinta revisión: se toma la lectura de las horas de las tablas anteriores (la primera revisión), una sugerencia entre otras: con las reglas de hoy el día queda con un viaje que sale antes de que llegue el anterior, y con esa lectura con ningún problema. Cambia: viaje 4 17:02 → 05:02."
494,2,1403900011170,Mujeres,40,Empleado,,1,07:20,,Trabajar,Regresar a Casa,Su casa,,Fábrica o taller,,1403900011378,,home,,Línea 2 Sitren,,35,,inicio_fuera_de_casa;actividad_en_casa,,,"Decimoquinta revisión: se conserva la decisión de la sexta revisión (chain_review_6). Llega a la vivienda (el AGEB del hogar, tipo Su casa) desde 1403900011378, donde hizo una actividad: es el regreso a casa, registrado con el motivo de la actividad (Trabajar). Al llegar a casa el propósito es casa; si el renglón siguiente repite el regreso desde casa, queda como no-viaje."
494,2,1403900011170,Mujeres,40,Empleado,,2,19:00,,Trabajar,,Su casa,,,,home,,home,,A PIE,,35,,fin_fuera_de_casa;actividad_en_casa,,,
507,1,1403900011382,Hombres,48,Empleado,,1,09:00,,Trabajar,,Fábrica o taller,,Su casa,,home,,home,,CAMIÓN O AUTOBÚS,,65,,,,,
507,1,1403900011382,Hombres,48,Empleado,,2,20:00,16:10,Regresar a Casa,,Su casa,,,,home,,home,,CAMIÓN O AUTOBÚS,,60,,,,,"Decimoquinta revisión: se toma la lectura de las horas de las tablas anteriores (la duodécima revisión), una sugerencia entre otras: con las reglas de hoy el día queda con un viaje que sale antes de que llegue el anterior, y con esa lectura con ningún problema. Cambia: viaje 2 20:00 → 16:10."
507,1,1403900011382,Hombres,48,Empleado,,3,17:10,,Compras (comida),,"Comercio, mercado, tienda o centro comercial",,,,home,,1403900011166,,A PIE,,5,,hora_invertida,,,
507,1,1403900011382,Hombres,48,Empleado,,4,19:20,,Regresar a Casa,,Su casa,,,,1403900011166,,home,,A PIE,,5,,,,,
516,1,1403900013853,Hombres,78,Trabajador independiente,,1,08:20,07:04,Trabajar,,Otra vivienda,,Su casa,,home,,1412000014198,,AUTOMÓVIL PARTICULAR,,45,,,,,"Decimoquinta revisión: se toma la lectura de las horas de las tablas anteriores (la duodécima revisión), una sugerencia entre otras: con las reglas de hoy el día queda con un viaje que sale antes de que llegue el anterior, y con esa lectura con menos de media hora en el trabajo o la escuela. Cambia: viaje 1 08:20 → 07:04."
516,1,1403900013853,Hombres,78,Trabajador independiente,,2,07:49,,Regresar a Casa,,Su casa,,,,1412000014198,,home,,AUTOMÓVIL PARTICULAR,,50,,hora_invertida,,,
516,1,1403900013853,Hombres,78,Trabajador independiente,,3,09:14,,Trabajar,,Otra vivienda,,,,home,,1412000014198,,AUTOMÓVIL PARTICULAR,,45,,,,,
516,1,1403900013853,Hombres,78,Trabajador independiente,,4,10:30,,Regresar a Casa,,Su casa,,,,1412000014198,,home,,AUTOMÓVIL PARTICULAR,,50,,,,,
516,1,1403900013853,Hombres,78,Trabajador independiente,,5,19:02,,Compras (comida),,"Comercio, mercado, tienda o centro comercial",,,,home,,1403900013641,,A PIE,,15,,,,,
516,1,1403900013853,Hombres,78,Trabajador independiente,,6,19:25,,Regresar a Casa,,Su casa,,,,1403900013641,,home,,A PIE,,15,,,,,
554,1,1403900011645,Hombres,35,Trabajador independiente,,1,06:00,,Trabajar,,Fábrica o taller,,Su casa,,home,,1403900011359,,CAMIÓN O AUTOBÚS,,60,,,,,
554,1,1403900011645,Hombres,35,Trabajador independiente,,2,19:25 → 09:25,19:25,Regresar a Casa,,Su casa,,,,1403900011359,,home,,CAMIÓN O AUTOBÚS,,30,hora:-10h,,changed,,"Decimoquinta revisión: se toma la lectura de las horas de las tablas anteriores (la primera revisión), una sugerencia entre otras: con las reglas de hoy el día queda con una estancia de 8 horas o más en un mandado o una visita, y con esa lectura con ningún problema. Cambia: viaje 2 09:25 → 19:25, viaje 3 10:10 → 20:10, viaje 4 19:19 → 21:19."
554,1,1403900011645,Hombres,35,Trabajador independiente,,3,22:10 → 10:10,20:10,Compras (comida),,"Comercio, mercado, tienda o centro comercial",,,,home,,1403900011397,,A PIE,,30,hora:-12h,,changed,,"Decimoquinta revisión: se toma la lectura de las horas de las tablas anteriores (la primera revisión), una sugerencia entre otras: con las reglas de hoy el día queda con una estancia de 8 horas o más en un mandado o una visita, y con esa lectura con ningún problema. Cambia: viaje 2 09:25 → 19:25, viaje 3 10:10 → 20:10, viaje 4 19:19 → 21:19."
554,1,1403900011645,Hombres,35,Trabajador independiente,,4,19:19,21:19,Regresar a Casa,,Su casa,,,,1403900011397,,home,,A PIE,,30,,,,,"Decimoquinta revisión: se toma la lectura de las horas de las tablas anteriores (la primera revisión), una sugerencia entre otras: con las reglas de hoy el día queda con una estancia de 8 horas o más en un mandado o una visita, y con esa lectura con ningún problema. Cambia: viaje 2 09:25 → 19:25, viaje 3 10:10 → 20:10, viaje 4 19:19 → 21:19."
560,2,1403900011645,Hombres,22,Empleado,,1,07:00,,Trabajar,,"Restaurante, bar, cafetería",,Su casa,,home,,1403900012130,,Bicicleta,,30,,,,,
560,2,1403900011645,Hombres,22,Empleado,,2,15:00,,Trabajar,,"Restaurante, bar, cafetería",,,,1403900012130,,1403900011804,,Bicicleta,,20,,,,,
560,2,1403900011645,Hombres,22,Empleado,,3,12:00,00:00,Regresar a Casa,,Su casa,,,,1403900011804,,home,,Bicicleta,,35,,hora_invertida,,,"Decimoquinta revisión: se toma la lectura de las horas de las tablas anteriores (la primera revisión), una sugerencia entre otras: con las reglas de hoy el día queda con un viaje que sale antes de que llegue el anterior, y con esa lectura con ningún problema. Cambia: viaje 3 12:00 → 00:00."
576,3,1403900011185,Mujeres,49,Empleado,,1,13:00,,Trabajar,,"Comercio, mercado, tienda o centro comercial",,Su casa,,home,,1403900014851,,CAMIÓN O AUTOBÚS,,15,,,,,
576,3,1403900011185,Mujeres,49,Empleado,,2,18:00,,Compras (comida),,"Comercio, mercado, tienda o centro comercial",,,,1403900014851,,home,,A PIE,,7,,,,,
576,3,1403900011185,Mujeres,49,Empleado,,3,18:40,,Trabajar,,"Comercio, mercado, tienda o centro comercial",,,,home,,1403900014851,,A PIE,,7,,,,,
576,3,1403900011185,Mujeres,49,Empleado,,4,12:00,00:00,Regresar a Casa,,Su casa,,,,1403900014851,,home,,Taxi plataforma (Uber/Didi),,10,,hora_invertida,,,"Decimoquinta revisión: se toma la lectura de las horas de las tablas anteriores (la primera revisión), una sugerencia entre otras: con las reglas de hoy el día queda con un viaje que sale antes de que llegue el anterior, y con esa lectura con ningún problema. Cambia: viaje 4 12:00 → 00:00."
594,3,1403900011946,Hombres,34,Empleado,,1,10:00,,Trabajar,,"Comercio, mercado, tienda o centro comercial",,Su casa,,home,,1403900011359,,A PIE,,35,,,,,
594,3,1403900011946,Hombres,34,Empleado,,2,18:30,,Trabajar → Regresar a Casa,,Su casa,,,,1403900011359,,home,,TREN LIGERO,,35,motivo:casa,,changed,,
594,3,1403900011946,Hombres,34,Empleado,,3,22:00,,Compras (comida),,"Restaurante, bar, cafetería",,,,home,,140390001165A,,A PIE,,30,,,,,
594,3,1403900011946,Hombres,34,Empleado,,4,19:31,22:30,Regresar a Casa,,Su casa,,,,140390001165A,,home,,A PIE,,30,,hora_invertida,,,"Decimoquinta revisión: se toma la lectura de las horas de las tablas anteriores (la primera revisión), una sugerencia entre otras: con las reglas de hoy el día queda con un viaje que sale antes de que llegue el anterior, y con esa lectura con una estancia de cero minutos fuera de casa. Cambia: viaje 4 19:31 → 22:30."
616,3,1403900014870,Mujeres,52,Empleado,,1,18:59,06:59,Trabajar,,Oficina,,Su casa,,home,,1409800013214,,AUTOMÓVIL PARTICULAR,,160,,,,,"Decimoquinta revisión: se toma la lectura de las horas de las tablas anteriores (la primera revisión), una sugerencia entre otras: con las reglas de hoy el día queda con un viaje que sale antes de que llegue el anterior, y con esa lectura con menos de media hora en el trabajo o la escuela. Cambia: viaje 1 18:59 → 06:59, viaje 4 08:59 → 20:59."
616,3,1403900014870,Mujeres,52,Empleado,,2,09:51,,Regresar a Casa,,Su casa,,,,1409800013214,,home,,AUTOMÓVIL PARTICULAR,,70,,hora_invertida,,,
616,3,1403900014870,Mujeres,52,Empleado,,3,11:04,,Trabajar,,Oficina,,,,home,,1409800013214,,AUTOMÓVIL PARTICULAR,,90,,,,,
616,3,1403900014870,Mujeres,52,Empleado,,4,08:59,20:59,Regresar a Casa,,Su casa,,,,1409800013214,,home,,AUTOMÓVIL PARTICULAR,,70,,hora_invertida,,,"Decimoquinta revisión: se toma la lectura de las horas de las tablas anteriores (la primera revisión), una sugerencia entre otras: con las reglas de hoy el día queda con un viaje que sale antes de que llegue el anterior, y con esa lectura con menos de media hora en el trabajo o la escuela. Cambia: viaje 1 18:59 → 06:59, viaje 4 08:59 → 20:59."
621,3,1403900014870,Mujeres,26,Empleado,,1,08:00,,Trabajar,,"Hospital, clínica, consultorio, laboratorio clínico",,Su casa,,home,,1412000012242,,AUTOMÓVIL PARTICULAR,,40 → 20,minutos:revision,,changed,,
621,3,1403900014870,Mujeres,26,Empleado,,2,06:38,16:38,Regresar a Casa,,Su casa,,,,1412000012242,,home,,AUTOMÓVIL PARTICULAR,,45 → 20,minutos:revision,hora_invertida,changed,,"Decimoquinta revisión: se toma la lectura de las horas de las tablas anteriores (la primera revisión), una sugerencia entre otras: con las reglas de hoy el día queda con un viaje que sale antes de que llegue el anterior, y con esa lectura con una estancia de cero minutos fuera de casa. Cambia: viaje 2 06:38 → 16:38, viaje 3 08:16 → 18:16, viaje 4 08:00 → 20:00, viaje 5 18:04 → 20:45, viaje 6 18:09 → 20:47."
621,3,1403900014870,Mujeres,26,Empleado,,3,08:16,18:16,Trabajar,,"Hospital, clínica, consultorio, laboratorio clínico",,,,home,,1412000012242,,AUTOMÓVIL PARTICULAR,,40 → 20,minutos:revision,,changed,,"Decimoquinta revisión: se toma la lectura de las horas de las tablas anteriores (la primera revisión), una sugerencia entre otras: con las reglas de hoy el día queda con un viaje que sale antes de que llegue el anterior, y con esa lectura con una estancia de cero minutos fuera de casa. Cambia: viaje 2 06:38 → 16:38, viaje 3 08:16 → 18:16, viaje 4 08:00 → 20:00, viaje 5 18:04 → 20:45, viaje 6 18:09 → 20:47."
621,3,1403900014870,Mujeres,26,Empleado,,4,08:00,20:00,Regresar a Casa,,Su casa,,,,1412000012242,,home,,AUTOMÓVIL PARTICULAR,,45 → 20,minutos:revision,hora_invertida,changed,,"Decimoquinta revisión: se toma la lectura de las horas de las tablas anteriores (la primera revisión), una sugerencia entre otras: con las reglas de hoy el día queda con un viaje que sale antes de que llegue el anterior, y con esa lectura con una estancia de cero minutos fuera de casa. Cambia: viaje 2 06:38 → 16:38, viaje 3 08:16 → 18:16, viaje 4 08:00 → 20:00, viaje 5 18:04 → 20:45, viaje 6 18:09 → 20:47."
621,3,1403900014870,Mujeres,26,Empleado,,5,18:04,20:45,Otros (especifique),,Otros (especifique),,,,home,,1403900010632,,A PIE,,2,,,,,"Decimoquinta revisión: se toma la lectura de las horas de las tablas anteriores (la primera revisión), una sugerencia entre otras: con las reglas de hoy el día queda con un viaje que sale antes de que llegue el anterior, y con esa lectura con una estancia de cero minutos fuera de casa. Cambia: viaje 2 06:38 → 16:38, viaje 3 08:16 → 18:16, viaje 4 08:00 → 20:00, viaje 5 18:04 → 20:45, viaje 6 18:09 → 20:47."
621,3,1403900014870,Mujeres,26,Empleado,,6,18:09,20:47,Regresar a Casa,,Su casa,,,,1403900010632,,home,,A PIE,,2,,,,,"Decimoquinta revisión: se toma la lectura de las horas de las tablas anteriores (la primera revisión), una sugerencia entre otras: con las reglas de hoy el día queda con un viaje que sale antes de que llegue el anterior, y con esa lectura con una estancia de cero minutos fuera de casa. Cambia: viaje 2 06:38 → 16:38, viaje 3 08:16 → 18:16, viaje 4 08:00 → 20:00, viaje 5 18:04 → 20:45, viaje 6 18:09 → 20:47."
642,1,1403900010702,Hombres,22,Empleado,,1,06:30,,Estudiar,,Escuela,,Su casa,,home,,1403900010365,,MOTOCICLETA,,10,,,,,
642,1,1403900010702,Hombres,22,Empleado,,2,12:30,,Deportes o recreación,,"Deportivo, gimnasio",,,,1403900010365,,1403900010365,,MOTOCICLETA,,10,,,,,
642,1,1403900010702,Hombres,22,Empleado,,3,14:00,,Regresar a Casa,,Su casa,,,,1403900010365,,home,,MOTOCICLETA,,15,,,,,
642,1,1403900010702,Hombres,22,Empleado,,4,15:00,,Trabajar,,"Restaurante, bar, cafetería",,,,home,,1403900011804,,MOTOCICLETA,,20,,,,,
642,1,1403900010702,Hombres,22,Empleado,,5,12:00,15:20,Regresar a Casa,,Su casa,,,,1403900011804,,home,,MOTOCICLETA,,20,,hora_invertida,,,"Decimoquinta revisión: se toma la lectura de las horas de las tablas anteriores (la primera revisión), una sugerencia entre otras: con las reglas de hoy el día queda con un viaje que sale antes de que llegue el anterior, y con esa lectura con menos de media hora en el trabajo o la escuela. Cambia: viaje 5 12:00 → 15:20."
642,1,1403900010702,Hombres,22,Empleado,,6,18:07,,Llevar o recoger a alguien,,Otra vivienda,,,,home,,home,,A PIE,,12,,,,,
642,1,1403900010702,Hombres,22,Empleado,,7,18:26,,Regresar a Casa,,Su casa,,,,home,,home,,A PIE,,12,,,,,
694,1,1403900011325,Hombres,39,Trabajador independiente,,1,10:00,,Deportes o recreación,,Otros (especifique),,Su casa,,home,,1403900011359,,Bicicleta,,120,,,,,
694,1,1403900011325,Hombres,39,Trabajador independiente,,2,11:00 → 23:00,13:00,Deportes o recreación → Regresar a Casa,,Su casa,,,,1403900011359,,home,,Bicicleta,,60,motivo:casa;hora:+12h,,changed,,"Decimoquinta revisión: se toma la lectura de las horas de las tablas anteriores (las reglas anteriores), una sugerencia entre otras: con las reglas de hoy el día queda con una estancia de 8 horas o más en un mandado o una visita, y con esa lectura con ningún problema. Cambia: viaje 2 23:00 → 13:00."
694,1,1403900011325,Hombres,39,Trabajador independiente,,3,19:05,,Regresar a Casa,,Su casa,,,,home,,home,,Bicicleta,,60,,regreso_en_casa,,,
694,2,1403900011325,Mujeres,25,Empleado,,1,10:00,,Deportes o recreación,,Otros (especifique),,Su casa,,home,,1403900011359,,Bicicleta,,120,,,,,
694,2,1403900011325,Mujeres,25,Empleado,,2,11:00 → 23:00,13:00,Deportes o recreación → Regresar a Casa,,Su casa,,,,1403900011359,,home,,Bicicleta,,60,motivo:casa;hora:+12h,,changed,,"Decimoquinta revisión: se toma la lectura de las horas de las tablas anteriores (las reglas anteriores), una sugerencia entre otras: con las reglas de hoy el día queda con una estancia de 8 horas o más en un mandado o una visita, y con esa lectura con ningún problema. Cambia: viaje 2 23:00 → 13:00."
694,2,1403900011325,Mujeres,25,Empleado,,3,20:49,,Regresar a Casa,,Su casa,,,,home,,home,,Bicicleta,,60,,regreso_en_casa,,,
697,5,1403900011325,Mujeres,22,Empleado,,1,10:07,,Deportes o recreación,,Otros (especifique),,Su casa,,home,,1403900011359,,Bicicleta,,120,,,,,
697,5,1403900011325,Mujeres,22,Empleado,,2,11:06 → 23:06,13:06,Deportes o recreación → Regresar a Casa,,Su casa,,,,1403900011359,,home,,Bicicleta,,60,motivo:casa;hora:+12h,,changed,,"Decimoquinta revisión: se toma la lectura de las horas de las tablas anteriores (las reglas anteriores), una sugerencia entre otras: con las reglas de hoy el día queda con una estancia de 8 horas o más en un mandado o una visita, y con esa lectura con ningún problema. Cambia: viaje 2 23:06 → 13:06."
697,5,1403900011325,Mujeres,22,Empleado,,3,19:56,,Regresar a Casa,,Su casa,,,,home,,home,,Bicicleta,,60,,regreso_en_casa,,,
718,6,1403900010666,Mujeres,24,Empleado,,1,08:30,,Trabajar,,"Comercio, mercado, tienda o centro comercial",,Su casa,,home,,1403900010651,,MOTOCICLETA,,20,,,,,
718,6,1403900010666,Mujeres,24,Empleado,,2,23:00 → 11:00,23:00,Llevar o recoger a alguien,,Otra vivienda,,,,1403900010651,,1403900010632,,MOTOCICLETA,,20,hora:-12h,,changed,,"Decimoquinta revisión: se toma la lectura de las horas de las tablas anteriores (la duodécima revisión), una sugerencia entre otras: con las reglas de hoy el día queda con una estancia de 8 horas o más en un mandado o una visita, y con esa lectura con ningún problema. Cambia: viaje 2 11:00 → 23:00, viaje 3 20:06 → 23:20."
718,6,1403900010666,Mujeres,24,Empleado,,3,20:06,23:20,Regresar a Casa,,Su casa,,,,1403900010632,,home,,MOTOCICLETA,,20,,,,,"Decimoquinta revisión: se toma la lectura de las horas de las tablas anteriores (la duodécima revisión), una sugerencia entre otras: con las reglas de hoy el día queda con una estancia de 8 horas o más en un mandado o una visita, y con esa lectura con ningún problema. Cambia: viaje 2 11:00 → 23:00, viaje 3 20:06 → 23:20."
891,6,1409800012199,Mujeres,61,Desempleado,,1,07:03,,Trabajar,,Fábrica o taller,,Su casa,,home,,1412000013664,,CAMIÓN O AUTOBÚS,,65,,,,,
891,6,1409800012199,Mujeres,61,Desempleado,,2,13:30,,Compras (comida),,"Comercio, mercado, tienda o centro comercial",,,,1412000013664,,1412000010617,,A PIE,,10,,,,,
891,6,1409800012199,Mujeres,61,Desempleado,,3,13:53,,Trabajar,,Fábrica o taller,,,,1412000010617,,1412000013664,,A PIE,,10,,,,,
891,6,1409800012199,Mujeres,61,Desempleado,,4,18:01,,Regresar a Casa,,Su casa,,,,1412000013664,,home,,CAMIÓN O AUTOBÚS,,65,,,,,
891,6,1409800012199,Mujeres,61,Desempleado,,5,21:03,,"Compras (bienes, productos y servicios)",,"Comercio, mercado, tienda o centro comercial",,,,home,,1409800010775,,A PIE,,5,,,,,
891,6,1409800012199,Mujeres,61,Desempleado,,6,21:17,,"Compras (bienes, productos y servicios)",,Su casa,,,,1409800010775,,1409800010794,,A PIE,,5,,actividad_en_casa,,,
891,6,1409800012199,Mujeres,61,Desempleado,,7,20:16,21:22,Regresar a Casa,,Su casa,,,,1409800010794,,home,,A PIE,,5,,hora_invertida,,,"Decimoquinta revisión: se toma la lectura de las horas de las tablas anteriores (la primera revisión), una sugerencia entre otras: con las reglas de hoy el día queda con un viaje que sale antes de que llegue el anterior, y con esa lectura con una estancia de cero minutos fuera de casa. Cambia: viaje 7 20:16 → 21:22."
928,1,1409800010794,Mujeres,40,Hogar,,1,10:00,,"Compras (bienes, productos y servicios)",,"Comercio, mercado, tienda o centro comercial",,Su casa,,home,,1409800010987,,A PIE,,15,,,,,
928,1,1409800010794,Mujeres,40,Hogar,,2,12:40,,"Compras (bienes, productos y servicios) → Regresar a Casa",,Su casa,,,,1409800010987,,home,,A PIE,,15,motivo:casa,,changed,,
928,1,1409800010794,Mujeres,40,Hogar,,3,15:00,,Visitar a alguien,,Otra vivienda,,,,home,,1407000131429,,Taxi plataforma (Uber/Didi),,45,,,,,
928,1,1409800010794,Mujeres,40,Hogar,,4,21:00,,Regresar a Casa,,Su casa,,,,1407000131429,,home,,Taxi plataforma (Uber/Didi),,45,,,,,
928,1,1409800010794,Mujeres,40,Hogar,,5,23:10,,Al médico o atención de salud,,"Hospital, clínica, consultorio, laboratorio clínico",,,,home,,1403900011325,,Taxi plataforma (Uber/Didi),,15,,,,,
928,1,1409800010794,Mujeres,40,Hogar,,6,20:18,00:18,Regresar a Casa,,Su casa,,,,1403900011325,,home,,Taxi plataforma (Uber/Didi),,15,,hora_invertida,,,"Decimoquinta revisión: se toma la lectura de las horas de las tablas anteriores (la segunda revisión), una sugerencia entre otras: con las reglas de hoy el día queda con un viaje que sale antes de que llegue el anterior, y con esa lectura con ningún problema. Cambia: viaje 6 20:18 → 00:18."
954,4,1403900013374,Mujeres,16,Estudiante,,1,14:00,,Visitar a alguien,Regresar a Casa,Su casa,,Otra vivienda,,1412000012609,,home,,CAMIÓN O AUTOBÚS,,40,,inicio_fuera_de_casa;fin_fuera_de_casa;actividad_en_casa,,,"Decimoquinta revisión: se conserva la decisión de la sexta revisión (chain_review_6). Llega a la vivienda (el AGEB del hogar, tipo Su casa) desde 1412000012609, donde hizo una actividad: es el regreso a casa, registrado con el motivo de la actividad (Visitar a alguien). Al llegar a casa el propósito es casa; si el renglón siguiente repite el regreso desde casa, queda como no-viaje."
975,2,1403900010651,Hombres,58,Trabajador independiente,,1,08:00,,Trabajar,,Oficina,,Su casa,,home,,1412000011865,,AUTOMÓVIL PARTICULAR,,35,,,,,
975,2,1403900010651,Hombres,58,Trabajador independiente,,2,05:38,15:38,Regresar a Casa,,Su casa,,,,1412000011865,,home,,AUTOMÓVIL PARTICULAR,,45,,hora_invertida,,,"Decimoquinta revisión: se toma la lectura de las horas de las tablas anteriores (las reglas anteriores), una sugerencia entre otras: con las reglas de hoy el día queda con un viaje que sale antes de que llegue el anterior, y con esa lectura con menos de media hora en el trabajo o la escuela. Cambia: viaje 2 05:38 → 15:38, viaje 3 07:15 → 17:15, viaje 4 06:00 → 18:00."
975,2,1403900010651,Hombres,58,Trabajador independiente,,3,07:15,17:15,Trabajar,,Oficina,,,,home,,1412000011865,,AUTOMÓVIL PARTICULAR,,35,,,,,"Decimoquinta revisión: se toma la lectura de las horas de las tablas anteriores (las reglas anteriores), una sugerencia entre otras: con las reglas de hoy el día queda con un viaje que sale antes de que llegue el anterior, y con esa lectura con menos de media hora en el trabajo o la escuela. Cambia: viaje 2 05:38 → 15:38, viaje 3 07:15 → 17:15, viaje 4 06:00 → 18:00."
975,2,1403900010651,Hombres,58,Trabajador independiente,,4,06:00,18:00,Regresar a Casa,,Su casa,,,,1412000011865,,home,,AUTOMÓVIL PARTICULAR,,45,,hora_invertida,,,"Decimoquinta revisión: se toma la lectura de las horas de las tablas anteriores (las reglas anteriores), una sugerencia entre otras: con las reglas de hoy el día queda con un viaje que sale antes de que llegue el anterior, y con esa lectura con menos de media hora en el trabajo o la escuela. Cambia: viaje 2 05:38 → 15:38, viaje 3 07:15 → 17:15, viaje 4 06:00 → 18:00."
978,5,1403900013374,Mujeres,15,Estudiante,,1,14:03,,Visitar a alguien,Regresar a Casa,Su casa,,"Comercio, mercado, tienda o centro comercial",,1412000012609,,home,,CAMIÓN O AUTOBÚS,,45,,inicio_fuera_de_casa;actividad_en_casa,,,"Decimoquinta revisión: se conserva la decisión de la sexta revisión (chain_review_6). Llega a la vivienda (el AGEB del hogar, tipo Su casa) desde 1412000012609, donde hizo una actividad: es el regreso a casa, registrado con el motivo de la actividad (Visitar a alguien). Al llegar a casa el propósito es casa; si el renglón siguiente repite el regreso desde casa, queda como no-viaje."
978,5,1403900013374,Mujeres,15,Estudiante,,2,19:05,,"Regresar a Casa → Compras (bienes, productos y servicios)",,"Su casa → Comercio, mercado, tienda o centro comercial",,,,home,,1412000012609,,TREN LIGERO,,45,motivo:lugar,fin_fuera_de_casa,changed,,
1069,2,1403900014014,Mujeres,54,Hogar,,1,10:00,,Visitar a alguien,,"Comercio, mercado, tienda o centro comercial",,Su casa,,home,,home,,A PIE,,25,,,,,
1069,2,1403900014014,Mujeres,54,Hogar,,2,12:30,,Compras (comida),,"Comercio, mercado, tienda o centro comercial",,,,home,,1403900013374,,A PIE,,5,,,,,
1069,2,1403900014014,Mujeres,54,Hogar,,3,12:20 → 12:35,14:20,Regresar a Casa,,Su casa,,,,1403900013374,,home,,A PIE,,30,hora:llegada,,changed,,"Decimoquinta revisión: se toma la lectura de las horas de las tablas anteriores (la undécima revisión), una sugerencia entre otras: con las reglas de hoy el día queda con una estancia de cero minutos fuera de casa, y con esa lectura con ningún problema. Cambia: viaje 3 12:35 → 14:20."
1069,2,1403900014014,Mujeres,54,Hogar,,4,18:14,,Compras (comida),,"Comercio, mercado, tienda o centro comercial",,,,home,,home,,A PIE,,15,,,,,
1069,2,1403900014014,Mujeres,54,Hogar,,5,18:34,,Regresar a Casa,,Su casa,,,,home,,home,,A PIE,,15,,,,,
1121,2,1410100011395,Mujeres,46,Empleado,,1,07:00,,Trabajar,Regresar a Casa,Su casa,,"Comercio, mercado, tienda o centro comercial",,1403900012554,,home,,CAMIÓN O AUTOBÚS,,20,,inicio_fuera_de_casa;actividad_en_casa,,,"Decimoquinta revisión: se conserva la decisión de la sexta revisión (chain_review_6). Llega a la vivienda (el AGEB del hogar, tipo Su casa) desde 1403900012554, donde hizo una actividad: es el regreso a casa, registrado con el motivo de la actividad (Trabajar). Al llegar a casa el propósito es casa; si el renglón siguiente repite el regreso desde casa, queda como no-viaje."
1121,2,1410100011395,Mujeres,46,Empleado,,2,14:16,,"Regresar a Casa → Compras (bienes, productos y servicios)",,"Su casa → Comercio, mercado, tienda o centro comercial",,,,home,,1403900012554,,CAMIÓN O AUTOBÚS,,25,motivo:lugar,,changed,,
1121,2,1410100011395,Mujeres,46,Empleado,,3,16:39,,Trabajar → Regresar a Casa,,Su casa,,,,1403900012554,,home,,CAMIÓN O AUTOBÚS,,20,motivo:casa,,changed,,
1121,2,1410100011395,Mujeres,46,Empleado,,4,18:00,,Regresar a Casa,,Su casa,,,,home,,home,,CAMIÓN O AUTOBÚS,,25,,regreso_en_casa,,,
1211,1,1409800012428,Hombres,58,,,1,10:50,,"Compras (bienes, productos y servicios)",,"Comercio, mercado, tienda o centro comercial",,Su casa,,home,,1403900012662,,AUTOMÓVIL PARTICULAR,,10,,,,,
1211,1,1409800012428,Hombres,58,,,2,21:12,15:50,Regresar a Casa,,Su casa,,,,1403900012662,,home,,AUTOMÓVIL PARTICULAR,,10,,,,,"Decimoquinta revisión: ninguna lectura de las horas cierra el día: con las reglas queda un viaje que sale antes de que llegue el anterior, con la de las tablas anteriores una estancia de cero minutos fuera de casa. Las salidas se mueven lo menos posible (322 min en total) para que ningún viaje salga antes de que llegue el anterior; queda ningún problema. Cambia: viaje 2 21:12 → 15:50."
1211,1,1409800012428,Hombres,58,,,3,16:00,,"Compras (bienes, productos y servicios)",,"Comercio, mercado, tienda o centro comercial",,,,home,,1409800010031,,MOTOCICLETA,,5,,hora_invertida,,,
1211,1,1409800012428,Hombres,58,,,4,16:12,,"Compras (bienes, productos y servicios)",,"Comercio, mercado, tienda o centro comercial",,,,1409800010031,,home,,MOTOCICLETA,,10,,,,,
1211,1,1409800012428,Hombres,58,,,5,19:53,,Regresar a Casa,,Su casa,,,,home,,home,,MOTOCICLETA,,10,,,,,
1232,2,1410100011357,Hombres,48,,,1,— → 08:17,,— → Trabajar,,— → Fábrica o taller,,Oficina,Su casa,1403900012605,home,home,1403900012605,AUTOMÓVIL PARTICULAR,,13,hora:vecinos;motivo:vecinos,inicio_fuera_de_casa,changed,,"Decimoquinta revisión: el viaje 1 se registró de 1403900012605 a casa y el siguiente de casa en adelante; la quinta revisión leyó que 1403900012605 es adonde fue, no de donde salió, sobre la lectura de la primera revisión, que empezaba el día en casa. Ninguna regla empieza hoy este día en casa, así que el origen del viaje 1 es la vivienda y la respuesta de dónde empezó el día, «Su casa». | Decimoquinta revisión: se conserva la decisión de la quinta revisión (chain_review_5). Origen y destino rotados en el registro: el viaje 1 se registró de 1403900012605 a casa y el siguiente de casa a otro lado, así que 1403900012605 (Fábrica o taller) es adonde fue y no de donde salió. La primera revisión puso el origen en casa pero dejó el destino en casa (un viaje de casa a casa); aquí el destino es 1403900012605. | Decimoquinta revisión: el viaje 1 se registró de 1403900012605 a casa y el siguiente de casa en adelante; la quinta revisión leyó que 1403900012605 es adonde fue, no de donde salió, sobre la lectura de la primera revisión, que empezaba el día en casa. Ninguna regla empieza hoy este día en casa, así que el origen del viaje 1 es la vivienda y la respuesta de dónde empezó el día, «Su casa»."
1232,2,1410100011357,Hombres,48,,,2,— → 18:20,,"— → Compras (bienes, productos y servicios)",,"— → Comercio, mercado, tienda o centro comercial",,,,home,1403900012605,1403900012605,,AUTOMÓVIL PARTICULAR,,13,hora:vecinos;motivo:vecinos,,changed,,"Decimoquinta revisión: se conserva la decisión de la quinta revisión (chain_review_5). Sale de 1403900012605, donde terminó el viaje anterior (el registro lo daba saliendo de casa)."
1232,2,1410100011357,Hombres,48,,,3,— → 19:50,,— → Regresar a Casa,,— → Su casa,,,,1403900012605,,home,,AUTOMÓVIL PARTICULAR,,13,hora:duplicado;motivo:duplicado,,changed,,
1232,2,1410100011357,Hombres,48,,,4,19:50,,Regresar a Casa,,Su casa,,Oficina,,home,,home,,AUTOMÓVIL PARTICULAR,,5,,,dropped,,
1289,2,1403900012287,Hombres,69,Jubilado o pensionado,,1,12:00,00:00,Trabajar,,"Comercio, mercado, tienda o centro comercial",,Su casa,,home,,1403900012018,,AUTOMÓVIL PARTICULAR,,5,,,,,"Decimoquinta revisión: se toma la lectura de las horas de las tablas anteriores (la primera revisión), una sugerencia entre otras: con las reglas de hoy el día queda con un viaje que sale antes de que llegue el anterior, y con esa lectura con una salida movida a la madrugada. Cambia: viaje 1 12:00 → 00:00, viaje 4 13:00 → 15:00."
1289,2,1403900012287,Hombres,69,Jubilado o pensionado,,2,11:33,,Regresar a Casa,,Su casa,,,,1403900012018,,home,,AUTOMÓVIL PARTICULAR,,5,,hora_invertida,,,
1289,2,1403900012287,Hombres,69,Jubilado o pensionado,,3,13:14,,Trabajar,,"Comercio, mercado, tienda o centro comercial",,,,home,,1403900012018,,AUTOMÓVIL PARTICULAR,,5,,,,,
1289,2,1403900012287,Hombres,69,Jubilado o pensionado,,4,13:00,15:00,Regresar a Casa,,Su casa,,,,1403900012018,,home,,AUTOMÓVIL PARTICULAR,,5,,hora_invertida,,,"Decimoquinta revisión: se toma la lectura de las horas de las tablas anteriores (la primera revisión), una sugerencia entre otras: con las reglas de hoy el día queda con un viaje que sale antes de que llegue el anterior, y con esa lectura con una salida movida a la madrugada. Cambia: viaje 1 12:00 → 00:00, viaje 4 13:00 → 15:00."
1303,2,1409800011345,Hombres,50,Estudiante,,1,11:15,,Compras (comida),,"Comercio, mercado, tienda o centro comercial",,"Restaurante, bar, cafetería",Su casa,1409800010120,home,home,1409800010120,A PIE,,10,,inicio_fuera_de_casa,,,"Decimoquinta revisión: el viaje 1 se registró de 1409800010120 a casa y el siguiente de casa en adelante; la quinta revisión leyó que 1409800010120 es adonde fue, no de donde salió, sobre la lectura de la primera revisión, que empezaba el día en casa. Ninguna regla empieza hoy este día en casa, así que el origen del viaje 1 es la vivienda y la respuesta de dónde empezó el día, «Su casa». | Decimoquinta revisión: se conserva la decisión de la quinta revisión (chain_review_5). Origen y destino rotados en el registro: el viaje 1 se registró de 1409800010120 a casa y el siguiente de casa a otro lado, así que 1409800010120 (Comercio, mercado, tienda o centro comercial) es adonde fue y no de donde salió. La primera revisión puso el origen en casa pero dejó el destino en casa (un viaje de casa a casa); aquí el destino es 1409800010120. | Decimoquinta revisión: el viaje 1 se registró de 1409800010120 a casa y el siguiente de casa en adelante; la quinta revisión leyó que 1409800010120 es adonde fue, no de donde salió, sobre la lectura de la primera revisión, que empezaba el día en casa. Ninguna regla empieza hoy este día en casa, así que el origen del viaje 1 es la vivienda y la respuesta de dónde empezó el día, «Su casa»."
1303,2,1409800011345,Hombres,50,Estudiante,,2,11:20 → 11:25,,"Regresar a Casa → Compras (bienes, productos y servicios)",,"Comercio, mercado, tienda o centro comercial",,,,home,1409800010120,1409800010120,,A PIE,,10,motivo:tipo_destino;hora:llegada,,changed,,"Decimoquinta revisión: se conserva la decisión de la quinta revisión (chain_review_5). Sale de 1409800010120, donde terminó el viaje anterior (el registro lo daba saliendo de casa)."
1303,2,1409800011345,Hombres,50,Estudiante,,3,19:08,,Compras (comida),,"Comercio, mercado, tienda o centro comercial",,,,1409800010120,,1409800010120,,A PIE,,13,,,,,
1303,2,1409800011345,Hombres,50,Estudiante,,4,19:28,,Regresar a Casa,,Su casa,,,,1409800010120,,1409800010120 → home,,A PIE,,13,destino:copia,,changed,,
1429,3,1403900015120,Mujeres,19,Desempleado,,1,14:30,,Estudiar,,Escuela,,Su casa,,home,,1403900013641,,CAMIÓN O AUTOBÚS,,40,,,,,
1429,3,1403900015120,Mujeres,19,Desempleado,,2,19:31,,Regresar a Casa,,Su casa,,,,1403900013641,,home,,CAMIÓN O AUTOBÚS,,40,,,,,
1429,3,1403900015120,Mujeres,19,Desempleado,,3,18:18,20:11,Estudiar,,Escuela,,,,home,,1403900013641,,CAMIÓN O AUTOBÚS,,20,,hora_invertida,,,"Decimoquinta revisión: ninguna lectura de las horas cierra el día: con las reglas queda un viaje que sale antes de que llegue el anterior, con la de las tablas anteriores menos de media hora en el trabajo o la escuela. Las salidas se mueven lo menos posible (113 min en total) para que ningún viaje salga antes de que llegue el anterior; queda menos de media hora en el trabajo o la escuela. Cambia: viaje 3 18:18 → 20:11."
1429,3,1403900015120,Mujeres,19,Desempleado,,4,20:38,,Regresar a Casa,,Su casa,,,,1403900013641,,home,,CAMIÓN O AUTOBÚS,,20,,,,,
1538,6,1410100010147,Mujeres,16,Estudiante,,1,13:00,,Estudiar,,Escuela,,Su casa,,home,,1403900010863,,CAMIÓN O AUTOBÚS,,10,,,,,
1538,6,1410100010147,Mujeres,16,Estudiante,,2,19:30,,Regresar a Casa,,Su casa,,,,1403900010863,,home,,CAMIÓN O AUTOBÚS,,20,,,,,
1538,6,1410100010147,Mujeres,16,Estudiante,,3,18:17,19:50,Estudiar,,Escuela,,,,home,,1403900010863,,CAMIÓN O AUTOBÚS,,10,,hora_invertida,,,"Decimoquinta revisión: ninguna lectura de las horas cierra el día: con las reglas queda un viaje que sale antes de que llegue el anterior, con la de las tablas anteriores menos de media hora en el trabajo o la escuela. Las salidas se mueven lo menos posible (93 min en total) para que ningún viaje salga antes de que llegue el anterior; queda ningún problema. Cambia: viaje 3 18:17 → 19:50."
1538,6,1410100010147,Mujeres,16,Estudiante,,4,20:36,,Regresar a Casa,,Su casa,,,,1403900010863,,home,,CAMIÓN O AUTOBÚS,,20,,,,,
1607,4,1410100011268,Mujeres,13,Estudiante,,1,08:05,,Compras (comida),,"Comercio, mercado, tienda o centro comercial",,Su casa,,home,,1410100011272,,A PIE,,14,,,,,
1607,4,1410100011268,Mujeres,13,Estudiante,,2,08:22,,Regresar a Casa,,Su casa,,,,1410100011272,,home,,A PIE,,14,,,,,
1607,4,1410100011268,Mujeres,13,Estudiante,,3,13:00,,Estudiar,,Escuela,,,,home,,1410100010382,,CAMIÓN O AUTOBÚS,,15,,,,,
1607,4,1410100011268,Mujeres,13,Estudiante,,4,19:45,,Regresar a Casa,,Su casa,,,,1410100010382,,home,,CAMIÓN O AUTOBÚS,,15,,,,,
1607,4,1410100011268,Mujeres,13,Estudiante,,5,18:20,20:00,Estudiar,,Escuela,,,,home,,1410100010382,,CAMIÓN O AUTOBÚS,,15,,hora_invertida,,,"Decimoquinta revisión: ninguna lectura de las horas cierra el día: con las reglas queda un viaje que sale antes de que llegue el anterior, con la de las tablas anteriores menos de media hora en el trabajo o la escuela. Las salidas se mueven lo menos posible (100 min en total) para que ningún viaje salga antes de que llegue el anterior; queda menos de media hora en el trabajo o la escuela. Cambia: viaje 5 18:20 → 20:00."
1607,4,1410100011268,Mujeres,13,Estudiante,,6,20:38,,Regresar a Casa,,Su casa,,,,1410100010382,,home,,CAMIÓN O AUTOBÚS,,15,,,,,
1616,1,1410100011272,Mujeres,43,Empleado,,1,11:00,,Llevar o recoger a alguien,,Escuela,,Su casa,,home,,1403900014226,,CAMIÓN O AUTOBÚS,,30,,,,,
1616,1,1410100011272,Mujeres,43,Empleado,,2,11:40,,Regresar a Casa,,Su casa,,,,1403900014226,,home,,CAMIÓN O AUTOBÚS,,40,,,,,
1616,1,1410100011272,Mujeres,43,Empleado,,3,12:50,,Llevar o recoger a alguien,,Escuela,,,,home,,1410100010927,,CAMIÓN O AUTOBÚS,,35,,,,,
1616,1,1410100011272,Mujeres,43,Empleado,,4,13:10 → 13:25,,Regresar a Casa,,Su casa,,,,1410100010927,,home,,A PIE,,20,hora:llegada,,changed,,
1616,1,1410100011272,Mujeres,43,Empleado,,5,20:30,,Trabajar,,Fábrica o taller,,,,home,,141200001098A,,CAMIÓN O AUTOBÚS,,33,,,,,
1616,1,1410100011272,Mujeres,43,Empleado,,6,17:40,05:40,Regresar a Casa,,Su casa,,,,141200001098A,,home,,CAMIÓN O AUTOBÚS,,30,,hora_invertida,,,"Decimoquinta revisión: se toma la lectura de las horas de las tablas anteriores (la primera revisión), una sugerencia entre otras: con las reglas de hoy el día queda con un viaje que sale antes de que llegue el anterior, y con esa lectura con ningún problema. Cambia: viaje 6 17:40 → 05:40."
1739,4,1409800011877,Hombres,31,Empleado,,1,08:00,,Trabajar,Regresar a Casa,Su casa,,Oficina,,1409800011928,,home,,CAMIÓN O AUTOBÚS,,50,,inicio_fuera_de_casa;actividad_en_casa,,,"Decimoquinta revisión: se conserva la decisión de la sexta revisión (chain_review_6). Llega a la vivienda (el AGEB del hogar, tipo Su casa) desde 1409800011928, donde hizo una actividad: es el regreso a casa, registrado con el motivo de la actividad (Trabajar). Al llegar a casa el propósito es casa; si el renglón siguiente repite el regreso desde casa, queda como no-viaje."
1739,4,1409800011877,Hombres,31,Empleado,,2,13:01,,Regresar a Casa → Trabajar,,Su casa → Oficina,,,,home,,1409800011928,,CAMIÓN O AUTOBÚS,,50,motivo:lugar,fin_fuera_de_casa,changed,,
1771,1,1409800011576,Hombres,36,Trabajador independiente,,1,07:07,,Compras (comida),,"Comercio, mercado, tienda o centro comercial",,Su casa,,home,,140980001181A,,A PIE,,6,,,,,
1771,1,1409800011576,Hombres,36,Trabajador independiente,,2,07:19,,Regresar a Casa,,Su casa,,,,140980001181A,,home,,A PIE,,6,,,,,
1771,1,1409800011576,Hombres,36,Trabajador independiente,,3,18:00,,Trabajar,,Otros (especifique),,,,home,,999990004,,AUTOMÓVIL PARTICULAR,,120,,,,,
1771,1,1409800011576,Hombres,36,Trabajador independiente,,4,20:53,,Regresar a Casa,,Su casa,,,,999990004,,home,,AUTOMÓVIL PARTICULAR,,120,,,,,
1771,1,1409800011576,Hombres,36,Trabajador independiente,,5,22:04 → 22:53,,Trabajar,,Otros (especifique),,,,home,,999990004,,AUTOMÓVIL PARTICULAR,,120,hora:llegada,,changed,,
1771,1,1409800011576,Hombres,36,Trabajador independiente,,6,23:01,00:53,Regresar a Casa,,Su casa,,,,999990004,,home,,AUTOMÓVIL PARTICULAR,,120,,hora_invertida;hora_2301,,,"Decimoquinta revisión: se toma la lectura de las horas de las tablas anteriores (la primera revisión), una sugerencia entre otras: con las reglas de hoy el día queda con un viaje que sale antes de que llegue el anterior, y con esa lectura con menos de media hora en el trabajo o la escuela. Cambia: viaje 6 23:01 → 00:53."
1819,4,1409800011398,Mujeres,9,Estudiante,,1,13:04,,Estudiar,,Escuela,,Su casa,,home,,1403900011128,,CAMIÓN O AUTOBÚS,,60,,,,,
1819,4,1409800011398,Mujeres,9,Estudiante,,2,19:09,17:05,Regresar a Casa,,Su casa,,,,1403900011128,,home,,CAMIÓN O AUTOBÚS,,60,,,,,"Decimoquinta revisión: ninguna lectura de las horas cierra el día: con las reglas queda un viaje que sale antes de que llegue el anterior, con la de las tablas anteriores menos de media hora en el trabajo o la escuela. Las salidas se mueven lo menos posible (124 min en total) para que ningún viaje salga antes de que llegue el anterior; queda ningún problema. Cambia: viaje 2 19:09 → 17:05."
1819,4,1409800011398,Mujeres,9,Estudiante,,3,18:05,,Estudiar,,Escuela,,,,home,,1403900011128,,CAMIÓN O AUTOBÚS,,60,,hora_invertida,,,
1819,4,1409800011398,Mujeres,9,Estudiante,,4,20:54,,Regresar a Casa,,Su casa,,,,1403900011128,,home,,CAMIÓN O AUTOBÚS,,60,,,,,
1820,1,1409800011576,Hombres,61,,,1,14:30,,Al médico o atención de salud,,"Hospital, clínica, consultorio, laboratorio clínico",,Su casa,,home,,140390001101A,,CAMIÓN O AUTOBÚS,,105,,,,,
1820,1,1409800011576,Hombres,61,,,2,20:00,16:25,Regresar a Casa,,Su casa,,,,140390001101A,,home,,CAMIÓN O AUTOBÚS,,105,,,,,"Decimoquinta revisión: se toma la lectura de las horas de las tablas anteriores (la duodécima revisión), una sugerencia entre otras: con las reglas de hoy el día queda con un viaje que sale antes de que llegue el anterior, y con esa lectura con ningún problema. Cambia: viaje 2 20:00 → 16:25."
1820,1,1409800011576,Hombres,61,,,3,18:10,,Al médico o atención de salud,,"Hospital, clínica, consultorio, laboratorio clínico",,,,home,,140390001101A,,CAMIÓN O AUTOBÚS,,90,,hora_invertida,,,
1820,1,1409800011576,Hombres,61,,,4,20:47,,Regresar a Casa,,Su casa,,,,140390001101A,,home,,CAMIÓN O AUTOBÚS,,15,,,,,
1939,2,1409800011631,Hombres,50,Empleado,,1,09:00,,Trabajar,,Otra vivienda,,Su casa,,home,,1403900011363,,AUTOMÓVIL PARTICULAR,,60,,,,,
1939,2,1409800011631,Hombres,50,Empleado,,2,05:51,15:51,Regresar a Casa,,Su casa,,,,1403900011363,,home,,AUTOMÓVIL PARTICULAR,,60,,hora_invertida,,,"Decimoquinta revisión: se toma la lectura de las horas de las tablas anteriores (las reglas anteriores), una sugerencia entre otras: con las reglas de hoy el día queda con un viaje que sale antes de que llegue el anterior, y con esa lectura con menos de media hora en el trabajo o la escuela. Cambia: viaje 2 05:51 → 15:51, viaje 3 07:09 → 17:09, viaje 4 06:00 → 18:09."
1939,2,1409800011631,Hombres,50,Empleado,,3,07:09,17:09,Trabajar,,Otra vivienda,,,,home,,1403900011363,,AUTOMÓVIL PARTICULAR,,60,,,,,"Decimoquinta revisión: se toma la lectura de las horas de las tablas anteriores (las reglas anteriores), una sugerencia entre otras: con las reglas de hoy el día queda con un viaje que sale antes de que llegue el anterior, y con esa lectura con menos de media hora en el trabajo o la escuela. Cambia: viaje 2 05:51 → 15:51, viaje 3 07:09 → 17:09, viaje 4 06:00 → 18:09."
1939,2,1409800011631,Hombres,50,Empleado,,4,06:00,18:09,Regresar a Casa,,Su casa,,,,1403900011363,,home,,AUTOMÓVIL PARTICULAR,,60,,hora_invertida,,,"Decimoquinta revisión: se toma la lectura de las horas de las tablas anteriores (las reglas anteriores), una sugerencia entre otras: con las reglas de hoy el día queda con un viaje que sale antes de que llegue el anterior, y con esa lectura con menos de media hora en el trabajo o la escuela. Cambia: viaje 2 05:51 → 15:51, viaje 3 07:09 → 17:09, viaje 4 06:00 → 18:09."
1977,2,1409800012714,Mujeres,21,Estudiante,,1,14:00,,Estudiar,,Escuela,,Su casa,,home,,1403900010365,,CAMIÓN O AUTOBÚS,,90,,,,,
1977,2,1409800012714,Mujeres,21,Estudiante,,2,20:30,16:36,Regresar a Casa,,Su casa,,,,1403900010365,,home,,CAMIÓN O AUTOBÚS,,90,,,,,"Decimoquinta revisión: se toma la lectura de las horas de las tablas anteriores (la duodécima revisión), una sugerencia entre otras: con las reglas de hoy el día queda con un viaje que sale antes de que llegue el anterior, y con esa lectura con ningún problema. Cambia: viaje 2 20:30 → 16:36."
1977,2,1409800012714,Mujeres,21,Estudiante,,3,18:06,,Estudiar,,Escuela,,,,home,,1403900010365,,CAMIÓN O AUTOBÚS,,90,,hora_invertida,,,
1977,2,1409800012714,Mujeres,21,Estudiante,,4,20:36,,Regresar a Casa,,Su casa,,,,1403900010365,,home,,CAMIÓN O AUTOBÚS,,90,,,,,
1985,5,1409801282875,Mujeres,24,Trabajador independiente,,1,12:01,,Deportes o recreación,,Centro cultural o área recreativa,,Su casa,,home,,1403900012554,,CAMIÓN O AUTOBÚS,,70,,,,,
1985,5,1409801282875,Mujeres,24,Trabajador independiente,,2,18:00,,Regresar a Casa,,Su casa,,,,1403900012554,,home,,CAMIÓN O AUTOBÚS,,70,,,,,
1985,5,1409801282875,Mujeres,24,Trabajador independiente,,3,18:00,19:10,Deportes o recreación,,Centro cultural o área recreativa,,,,home,,1403900012554,,CAMIÓN O AUTOBÚS,,70,,hora_invertida,,,"Decimoquinta revisión: se toma la lectura de las horas de las tablas anteriores (la duodécima revisión), una sugerencia entre otras: con las reglas de hoy el día queda con un viaje que sale antes de que llegue el anterior, y con esa lectura con ningún problema. Cambia: viaje 3 18:00 → 19:10."
1985,5,1409801282875,Mujeres,24,Trabajador independiente,,4,20:47,,Regresar a Casa,,Su casa,,,,1403900012554,,home,,CAMIÓN O AUTOBÚS,,70,,,,,
2017,3,140980128288A,Hombres,28,Empleado,,1,00:52,,Trabajar,,Fábrica o taller,,Su casa,,home,,14097059A,,AUTOMÓVIL PARTICULAR,,90,,,,,
2017,3,140980128288A,Hombres,28,Empleado,,2,00:52,10:52,Regresar a Casa,,Su casa,,,,14097059A,,home,,AUTOMÓVIL PARTICULAR,,90,,hora_invertida,,,"Decimoquinta revisión: se toma la lectura de las horas de las tablas anteriores (la primera revisión), una sugerencia entre otras: con las reglas de hoy el día queda con un viaje que sale antes de que llegue el anterior, y con esa lectura con ningún problema. Cambia: viaje 2 00:52 → 10:52, viaje 3 00:29 → 12:29, viaje 4 08:14 → 18:14, viaje 5 18:04 → 20:04, viaje 6 18:14 → 20:14."
2017,3,140980128288A,Hombres,28,Empleado,,3,00:29,12:29,Trabajar,,Fábrica o taller,,,,home,,14097059A,,AUTOMÓVIL PARTICULAR,,90,,hora_invertida,,,"Decimoquinta revisión: se toma la lectura de las horas de las tablas anteriores (la primera revisión), una sugerencia entre otras: con las reglas de hoy el día queda con un viaje que sale antes de que llegue el anterior, y con esa lectura con ningún problema. Cambia: viaje 2 00:52 → 10:52, viaje 3 00:29 → 12:29, viaje 4 08:14 → 18:14, viaje 5 18:04 → 20:04, viaje 6 18:14 → 20:14."
2017,3,140980128288A,Hombres,28,Empleado,,4,08:14,18:14,Regresar a Casa,,Su casa,,,,14097059A,,home,,AUTOMÓVIL PARTICULAR,,90,,,,,"Decimoquinta revisión: se toma la lectura de las horas de las tablas anteriores (la primera revisión), una sugerencia entre otras: con las reglas de hoy el día queda con un viaje que sale antes de que llegue el anterior, y con esa lectura con ningún problema. Cambia: viaje 2 00:52 → 10:52, viaje 3 00:29 → 12:29, viaje 4 08:14 → 18:14, viaje 5 18:04 → 20:04, viaje 6 18:14 → 20:14."
2017,3,140980128288A,Hombres,28,Empleado,,5,18:04,20:04,Compras (comida),,"Comercio, mercado, tienda o centro comercial",,,,home,,1409709033912,,A PIE,,6,,,,,"Decimoquinta revisión: se toma la lectura de las horas de las tablas anteriores (la primera revisión), una sugerencia entre otras: con las reglas de hoy el día queda con un viaje que sale antes de que llegue el anterior, y con esa lectura con ningún problema. Cambia: viaje 2 00:52 → 10:52, viaje 3 00:29 → 12:29, viaje 4 08:14 → 18:14, viaje 5 18:04 → 20:04, viaje 6 18:14 → 20:14."
2017,3,140980128288A,Hombres,28,Empleado,,6,18:14,20:14,Regresar a Casa,,Su casa,,,,1409709033912,,home,,A PIE,,6,,,,,"Decimoquinta revisión: se toma la lectura de las horas de las tablas anteriores (la primera revisión), una sugerencia entre otras: con las reglas de hoy el día queda con un viaje que sale antes de que llegue el anterior, y con esa lectura con ningún problema. Cambia: viaje 2 00:52 → 10:52, viaje 3 00:29 → 12:29, viaje 4 08:14 → 18:14, viaje 5 18:04 → 20:04, viaje 6 18:14 → 20:14."
2210,3,1409800012377,Hombres,17,Estudiante,,1,14:00,,Estudiar,,Escuela,,Su casa,,home,,1409800011152,,CAMIÓN O AUTOBÚS,,20,,,,,
2210,3,1409800012377,Hombres,17,Estudiante,,2,20:00,17:58,Regresar a Casa,,Su casa,,,,1409800011152,,home,,CAMIÓN O AUTOBÚS,,20,,,,,"Decimoquinta revisión: ninguna lectura de las horas cierra el día: con las reglas queda un viaje que sale antes de que llegue el anterior, con la de las tablas anteriores menos de media hora en el trabajo o la escuela. Las salidas se mueven lo menos posible (122 min en total) para que ningún viaje salga antes de que llegue el anterior; queda ningún problema. Cambia: viaje 2 20:00 → 17:58."
2210,3,1409800012377,Hombres,17,Estudiante,,3,18:18,,Estudiar,,Escuela,,,,home,,1409800011152,,CAMIÓN O AUTOBÚS,,20,,hora_invertida,,,
2210,3,1409800012377,Hombres,17,Estudiante,,4,20:34,,Regresar a Casa,,Su casa,,,,1409800011152,,home,,CAMIÓN O AUTOBÚS,,20,,,,,
2213,2,1403900013783,Hombres,37,Estudiante,,1,09:00,,Compras (comida),Regresar a Casa,Su casa,,"Comercio, mercado, tienda o centro comercial",,1403900014654,,home,,A PIE,,20,,inicio_fuera_de_casa;actividad_en_casa,,,"Decimoquinta revisión: se conserva la decisión de la sexta revisión (chain_review_6). Llega a la vivienda (el AGEB del hogar, tipo Su casa) desde 1403900014654, donde hizo una actividad: es el regreso a casa, registrado con el motivo de la actividad (Compras (comida)). Al llegar a casa el propósito es casa; si el renglón siguiente repite el regreso desde casa, queda como no-viaje."
2213,2,1403900013783,Hombres,37,Estudiante,,2,14:01,,"Regresar a Casa → Compras (bienes, productos y servicios)",,"Su casa → Comercio, mercado, tienda o centro comercial",,,,home,,1403900014654,,A PIE,,20,motivo:lugar,fin_fuera_de_casa,changed,,
2233,1,1403900015436,Hombres,54,Empleado,,1,13:00,,Visitar a alguien,,Otra vivienda,,Su casa,,home,,1409708432666,,CAMIÓN O AUTOBÚS,,60,,,,,
2233,1,1403900015436,Hombres,54,Empleado,,2,19:00,17:17,Regresar a Casa,,Su casa,,,,1409708432666,,home,,CAMIÓN O AUTOBÚS,,60,,,,,"Decimoquinta revisión: se toma la lectura de las horas de las tablas anteriores (la duodécima revisión), una sugerencia entre otras: con las reglas de hoy el día queda con un viaje que sale antes de que llegue el anterior, y con esa lectura con ningún problema. Cambia: viaje 2 19:00 → 17:17."
2233,1,1403900015436,Hombres,54,Empleado,,3,18:17,,Visitar a alguien,,Otra vivienda,,,,home,,1409708432666,,CAMIÓN O AUTOBÚS,,60,,hora_invertida,,,
2233,1,1403900015436,Hombres,54,Empleado,,4,20:43,,Regresar a Casa,,Su casa,,,,1409708432666,,home,,CAMIÓN O AUTOBÚS,,60,,,,,
2233,2,1403900015436,Mujeres,52,Hogar,,1,13:00,,Visitar a alguien,,Otra vivienda,,Su casa,,home,,1409708432666,,CAMIÓN O AUTOBÚS,,40,,,,,
2233,2,1403900015436,Mujeres,52,Hogar,,2,19:00,,Regresar a Casa,,Su casa,,,,1409708432666,,home,,CAMIÓN O AUTOBÚS,,45,,,,,
2233,2,1403900015436,Mujeres,52,Hogar,,3,18:24,19:45,Visitar a alguien,,Otra vivienda,,,,home,,1409708432666,,CAMIÓN O AUTOBÚS,,40,,hora_invertida,,,"Decimoquinta revisión: se toma la lectura de las horas de las tablas anteriores (la duodécima revisión), una sugerencia entre otras: con las reglas de hoy el día queda con un viaje que sale antes de que llegue el anterior, y con esa lectura con ningún problema. Cambia: viaje 3 18:24 → 19:45."
2233,2,1403900015436,Mujeres,52,Hogar,,4,20:35,,Regresar a Casa,,Su casa,,,,1409708432666,,home,,CAMIÓN O AUTOBÚS,,45,,,,,
2259,2,1409800011970,Hombres,42,Empleado,,1,08:00,,Trabajar,,Fábrica o taller,,Su casa,,home,,14070140A,,AUTOMÓVIL PARTICULAR,,45,,,,,
2259,2,1409800011970,Hombres,42,Empleado,,2,04:45,14:45,Regresar a Casa,,Su casa,,,,14070140A,,home,,AUTOMÓVIL PARTICULAR,,50,,hora_invertida,,,"Decimoquinta revisión: se toma la lectura de las horas de las tablas anteriores (las reglas anteriores), una sugerencia entre otras: con las reglas de hoy el día queda con un viaje que sale antes de que llegue el anterior, y con esa lectura con menos de media hora en el trabajo o la escuela. Cambia: viaje 2 04:45 → 14:45, viaje 3 06:16 → 16:16, viaje 4 05:00 → 17:01."
2259,2,1409800011970,Hombres,42,Empleado,,3,06:16,16:16,Trabajar,,Fábrica o taller,,,,home,,14070140A,,AUTOMÓVIL PARTICULAR,,45,,,,,"Decimoquinta revisión: se toma la lectura de las horas de las tablas anteriores (las reglas anteriores), una sugerencia entre otras: con las reglas de hoy el día queda con un viaje que sale antes de que llegue el anterior, y con esa lectura con menos de media hora en el trabajo o la escuela. Cambia: viaje 2 04:45 → 14:45, viaje 3 06:16 → 16:16, viaje 4 05:00 → 17:01."
2259,2,1409800011970,Hombres,42,Empleado,,4,05:00,17:01,Regresar a Casa,,Su casa,,,,14070140A,,home,,AUTOMÓVIL PARTICULAR,,50,,hora_invertida,,,"Decimoquinta revisión: se toma la lectura de las horas de las tablas anteriores (las reglas anteriores), una sugerencia entre otras: con las reglas de hoy el día queda con un viaje que sale antes de que llegue el anterior, y con esa lectura con menos de media hora en el trabajo o la escuela. Cambia: viaje 2 04:45 → 14:45, viaje 3 06:16 → 16:16, viaje 4 05:00 → 17:01."
2333,1,1409800012841,Hombres,6,Estudiante,,1,07:21,,Compras (comida),,"Comercio, mercado, tienda o centro comercial",,Su casa,,home,,1409800012150,,A PIE,,15,,,,,
2333,1,1409800012841,Hombres,6,Estudiante,,2,07:48,,Estudiar,,Escuela,,,,1409800012150,,1409800012150,,A PIE,,8,,,,,
2333,1,1409800012841,Hombres,6,Estudiante,,3,06:17 → 18:17,,Compras (comida),,"Comercio, mercado, tienda o centro comercial",,,,1409800012150,,1409800012150,,A PIE,,10,hora:+12h,,changed,,
2333,1,1409800012841,Hombres,6,Estudiante,,4,18:25 → 18:27,18:30,Regresar a Casa,,Su casa,,,,1409800012150,,home,,A PIE,,10,hora:llegada,,changed,,"Decimoquinta revisión: se toma la lectura de las horas de las tablas anteriores (la undécima revisión), una sugerencia entre otras: con las reglas de hoy el día queda con una estancia de cero minutos fuera de casa, y con esa lectura con ningún problema. Cambia: viaje 4 18:27 → 18:30."
2344,2,1409800012150,Mujeres,16,Estudiante,,1,12:00,,Estudiar,,Escuela,,Su casa,,home,,1412000010617,,MI MACRO,,85,,,,,
2344,2,1409800012150,Mujeres,16,Estudiante,,2,19:30,14:10,Regresar a Casa,,Su casa,,,,1412000010617,,home,,MI MACRO,,80,,,,,"Decimoquinta revisión: ninguna lectura de las horas cierra el día: con las reglas queda un viaje que sale antes de que llegue el anterior, con la de las tablas anteriores una estancia de 8 horas o más en un mandado o una visita. Las salidas se mueven lo menos posible (710 min en total) para que ningún viaje salga antes de que llegue el anterior; queda una estancia de cero minutos fuera de casa. Cambia: viaje 2 19:30 → 14:10, viaje 3 09:00 → 15:30."
2344,2,1409800012150,Mujeres,16,Estudiante,,3,09:00,15:30,"Compras (bienes, productos y servicios)",,"Comercio, mercado, tienda o centro comercial",,,,home,,140390001539A,,CAMIÓN O AUTOBÚS,,30,,hora_invertida,,,"Decimoquinta revisión: ninguna lectura de las horas cierra el día: con las reglas queda un viaje que sale antes de que llegue el anterior, con la de las tablas anteriores una estancia de 8 horas o más en un mandado o una visita. Las salidas se mueven lo menos posible (710 min en total) para que ningún viaje salga antes de que llegue el anterior; queda una estancia de cero minutos fuera de casa. Cambia: viaje 2 19:30 → 14:10, viaje 3 09:00 → 15:30."
2344,2,1409800012150,Mujeres,16,Estudiante,,4,16:00,,Regresar a Casa,,Su casa,,,,140390001539A,,home,,CAMIÓN O AUTOBÚS,,30,,,,,
2344,4,1409800012150,Mujeres,13,Estudiante,,1,12:01,,Estudiar,,Escuela,,Su casa,,home,,1412000010617,,MI MACRO,,85,,,,,
2344,4,1409800012150,Mujeres,13,Estudiante,,2,19:28,14:17,Regresar a Casa,,Su casa,,,,1412000010617,,home,,MI MACRO,,80,,,,,"Decimoquinta revisión: ninguna lectura de las horas cierra el día: con las reglas queda un viaje que sale antes de que llegue el anterior, con la de las tablas anteriores una salida movida a la madrugada; un primer viaje antes de las 05:00. Las salidas se mueven lo menos posible (701 min en total) para que ningún viaje salga antes de que llegue el anterior; queda una estancia de cero minutos fuera de casa. Cambia: viaje 2 19:28 → 14:17, viaje 3 09:07 → 15:37."
2344,4,1409800012150,Mujeres,13,Estudiante,,3,09:07,15:37,"Compras (bienes, productos y servicios)",,"Comercio, mercado, tienda o centro comercial",,,,home,,140390001539A,,CAMIÓN O AUTOBÚS,,30,,hora_invertida,,,"Decimoquinta revisión: ninguna lectura de las horas cierra el día: con las reglas queda un viaje que sale antes de que llegue el anterior, con la de las tablas anteriores una salida movida a la madrugada; un primer viaje antes de las 05:00. Las salidas se mueven lo menos posible (701 min en total) para que ningún viaje salga antes de que llegue el anterior; queda una estancia de cero minutos fuera de casa. Cambia: viaje 2 19:28 → 14:17, viaje 3 09:07 → 15:37."
2344,4,1409800012150,Mujeres,13,Estudiante,,4,16:07,,Regresar a Casa,,Su casa,,,,140390001539A,,home,,CAMIÓN O AUTOBÚS,,30,,,,,
2347,1,1409800012837,Mujeres,56,Hogar,,1,18:00 → 06:00,18:00,Visitar a alguien,,Otra vivienda,,Su casa,,home,,1407000130083,,MI MACRO,,10,hora:-12h,,changed,,"Decimoquinta revisión: la salida queda a las 18:00, la que dan las reglas al leer de nuevo las horas del día tal como lo dejan las decisiones que se conservan (un renglón quitado, un motivo recodificado, un origen movido); sobre el día registrado daban las 06:00."
2347,1,1409800012837,Mujeres,56,Hogar,,2,21:00 → 09:00,21:00,Regresar a Casa,,Su casa,,,,1407000130083,,home,,MI MACRO,,22,hora:-12h,,changed,,"Decimoquinta revisión: la salida queda a las 21:00, la que dan las reglas al leer de nuevo las horas del día tal como lo dejan las decisiones que se conservan (un renglón quitado, un motivo recodificado, un origen movido); sobre el día registrado daban las 09:00."
2347,1,1409800012837,Mujeres,56,Hogar,,3,23:00 → 11:00,23:00,Trabajar,,Fábrica o taller,,,,home,,1407000130083,,Taxi plataforma (Uber/Didi),,15,hora:-12h,,changed,,"Decimoquinta revisión: la salida queda a las 23:00, la que dan las reglas al leer de nuevo las horas del día tal como lo dejan las decisiones que se conservan (un renglón quitado, un motivo recodificado, un origen movido); sobre el día registrado daban las 11:00."
2347,1,1409800012837,Mujeres,56,Hogar,,4,20:26,,Regresar a Casa,,Su casa,,,,1407000130083,,home,,Taxi plataforma (Uber/Didi),,15,,,,dropped,"Decimoquinta revisión: se conserva la decisión de la segunda revisión (chain_review_2). Turno nocturno: sale a trabajar a las 23:00; este renglón es el regreso de la mañana siguiente, fuera del día de la encuesta: se descarta y el día termina en el trabajo."
2373,5,1409800012841,Mujeres,33,Empleado,,1,09:00,,Trabajar,Regresar a Casa,Su casa,,Otra vivienda,,1412000010373,,home,,TREN LIGERO,,80,,inicio_fuera_de_casa;actividad_en_casa,,,"Decimoquinta revisión: se conserva la decisión de la sexta revisión (chain_review_6). Llega a la vivienda (el AGEB del hogar, tipo Su casa) desde 1412000010373, donde hizo una actividad: es el regreso a casa, registrado con el motivo de la actividad (Trabajar). Al llegar a casa el propósito es casa; si el renglón siguiente repite el regreso desde casa, queda como no-viaje."
2373,5,1409800012841,Mujeres,33,Empleado,,2,20:01,,Trabajar,,Otros (especifique),,,,home,,1409800010879,,MI MACRO,,79,,,,,
2373,5,1409800012841,Mujeres,33,Empleado,,3,20:50,,Regresar a Casa,,Su casa,,,,1409800010879,,home,,MI MACRO,,79,,hora_invertida,,dropped,"Decimoquinta revisión: se conserva la decisión de la segunda revisión (chain_review_2). Turno nocturno: sale a trabajar a las 20:01; este renglón es el regreso de la mañana siguiente, fuera del día de la encuesta: se descarta y el día termina en el trabajo."
2563,3,140970424098A,Hombres,36,Empleado,,1,07:49,,Trabajar,,"Comercio, mercado, tienda o centro comercial",,Fábrica o taller,Su casa,1403900011359,home,home,1403900011359,AUTOMÓVIL PARTICULAR,,64,,inicio_fuera_de_casa,,,"Decimoquinta revisión: el viaje 1 se registró de 1403900011359 a casa y el siguiente de casa en adelante; la quinta revisión leyó que 1403900011359 es adonde fue, no de donde salió, sobre la lectura de la primera revisión, que empezaba el día en casa. Ninguna regla empieza hoy este día en casa, así que el origen del viaje 1 es la vivienda y la respuesta de dónde empezó el día, «Su casa». | Decimoquinta revisión: se conserva la decisión de la quinta revisión (chain_review_5). Origen y destino rotados en el registro: el viaje 1 se registró de 1403900011359 a casa y el siguiente de casa a otro lado, así que 1403900011359 (Comercio, mercado, tienda o centro comercial) es adonde fue y no de donde salió. La primera revisión puso el origen en casa pero dejó el destino en casa (un viaje de casa a casa); aquí el destino es 1403900011359. | Decimoquinta revisión: el viaje 1 se registró de 1403900011359 a casa y el siguiente de casa en adelante; la quinta revisión leyó que 1403900011359 es adonde fue, no de donde salió, sobre la lectura de la primera revisión, que empezaba el día en casa. Ninguna regla empieza hoy este día en casa, así que el origen del viaje 1 es la vivienda y la respuesta de dónde empezó el día, «Su casa»."
2563,3,140970424098A,Hombres,36,Empleado,,2,14:00,,Regresar a Casa → Otros (especifique),,Su casa → Otros (especifique),,,,home,1403900011359,1412000012454,,AUTOMÓVIL PARTICULAR,,5,motivo:otros,,changed,,"Decimoquinta revisión: se conserva la decisión de la quinta revisión (chain_review_5). El motivo pasa de Regresar a Casa a “Estudiar”: la persona ya estaba en casa y el viaje va hacia la AGEB 1412000012454, de modo que es un viaje de ida y no el regreso. Sale de 1403900011359, donde terminó el viaje anterior (el registro lo daba saliendo de casa)."
2563,3,140970424098A,Hombres,36,Empleado,,3,16:00,,Trabajar,,"Comercio, mercado, tienda o centro comercial",,,,1412000012454,,home,,AUTOMÓVIL PARTICULAR,,5,,,,,
2563,3,140970424098A,Hombres,36,Empleado,,4,20:00,,Regresar a Casa,,Su casa,,,,home,,home,,AUTOMÓVIL PARTICULAR,,5,,,,,
2715,4,141200001340A,Hombres,31,Empleado,,1,15:30,05:30,Trabajar,,Fábrica o taller,,Su casa,,home,,1403900012179,,AUTOMÓVIL PARTICULAR,,30,,,,,"Decimoquinta revisión: se toma la lectura de las horas de las tablas anteriores (las reglas anteriores), una sugerencia entre otras: con las reglas de hoy el día queda con un viaje que sale antes de que llegue el anterior, y con esa lectura con menos de media hora en el trabajo o la escuela. Cambia: viaje 1 15:30 → 05:30, viaje 4 12:10 → 14:10."
2715,4,141200001340A,Hombres,31,Empleado,,2,11:48,,Regresar a Casa,,Su casa,,,,1403900012179,,home,,AUTOMÓVIL PARTICULAR,,20,,hora_invertida,,,
2715,4,141200001340A,Hombres,31,Empleado,,3,13:12,,Trabajar,,Fábrica o taller,,,,home,,1403900012179,,AUTOMÓVIL PARTICULAR,,30,,,,,
2715,4,141200001340A,Hombres,31,Empleado,,4,12:10,14:10,Regresar a Casa,,Su casa,,,,1403900012179,,home,,AUTOMÓVIL PARTICULAR,,20,,hora_invertida,,,"Decimoquinta revisión: se toma la lectura de las horas de las tablas anteriores (las reglas anteriores), una sugerencia entre otras: con las reglas de hoy el día queda con un viaje que sale antes de que llegue el anterior, y con esa lectura con menos de media hora en el trabajo o la escuela. Cambia: viaje 1 15:30 → 05:30, viaje 4 12:10 → 14:10."
2811,1,1409708441704,Hombres,56,Empleado,,1,08:30,,Trabajar,,"Comercio, mercado, tienda o centro comercial",,Su casa,,home,,1412000013166,,AUTOMÓVIL PARTICULAR,,45,,,,,
2811,1,1409708441704,Hombres,56,Empleado,,2,05:47,15:47,Regresar a Casa,,Su casa,,,,1412000013166,,home,,AUTOMÓVIL PARTICULAR,,45,,hora_invertida,,,"Decimoquinta revisión: se toma la lectura de las horas de las tablas anteriores (la undécima revisión), una sugerencia entre otras: con las reglas de hoy el día queda con un viaje que sale antes de que llegue el anterior, y con esa lectura con ningún problema. Cambia: viaje 2 05:47 → 15:47, viaje 3 07:28 → 17:28, viaje 4 06:00 → 20:00."
2811,1,1409708441704,Hombres,56,Empleado,,3,07:28,17:28,Trabajar,,"Comercio, mercado, tienda o centro comercial",,,,home,,1412000013166,,AUTOMÓVIL PARTICULAR,,45,,,,,"Decimoquinta revisión: se toma la lectura de las horas de las tablas anteriores (la undécima revisión), una sugerencia entre otras: con las reglas de hoy el día queda con un viaje que sale antes de que llegue el anterior, y con esa lectura con ningún problema. Cambia: viaje 2 05:47 → 15:47, viaje 3 07:28 → 17:28, viaje 4 06:00 → 20:00."
2811,1,1409708441704,Hombres,56,Empleado,,4,06:00,20:00,Regresar a Casa,,Su casa,,,,1412000013166,,home,,AUTOMÓVIL PARTICULAR,,45,,hora_invertida,,,"Decimoquinta revisión: se toma la lectura de las horas de las tablas anteriores (la undécima revisión), una sugerencia entre otras: con las reglas de hoy el día queda con un viaje que sale antes de que llegue el anterior, y con esa lectura con ningún problema. Cambia: viaje 2 05:47 → 15:47, viaje 3 07:28 → 17:28, viaje 4 06:00 → 20:00."
2823,1,1409800143229,Hombres,54,Empleado,,1,08:22,,Compras (comida),,"Comercio, mercado, tienda o centro comercial",,Su casa,,home,,1409800142127,,A PIE,,15,,,,,
2823,1,1409800143229,Hombres,54,Empleado,,2,08:42,,Regresar a Casa,,Su casa,,,,1409800142127,,home,,A PIE,,15,,,,,
2823,1,1409800143229,Hombres,54,Empleado,,3,18:00,,Visitar a alguien,,Otra vivienda,,,,home,,140980012,,AUTOMÓVIL PARTICULAR,,20,,,,,
2823,1,1409800143229,Hombres,54,Empleado,,4,21:00,,Regresar a Casa,,Su casa,,,,140980012,,home,,AUTOMÓVIL PARTICULAR,,10,,,,,
2823,1,1409800143229,Hombres,54,Empleado,,5,22:00,,Trabajar,,Fábrica o taller,,,,home,,1409704241761,,Transporte de personal,,30,,,,,
2823,1,1409800143229,Hombres,54,Empleado,,6,20:18,,Regresar a Casa,,Su casa,,,,1409704241761,,home,,Transporte de personal,,30,,hora_invertida,,dropped,"Decimoquinta revisión: se conserva la decisión de la segunda revisión (chain_review_2). Turno nocturno: sale a trabajar a las 22:00; este renglón es el regreso de la mañana siguiente, fuera del día de la encuesta: se descarta y el día termina en el trabajo."
2879,1,1409700320053,Hombres,53,Empleado,,1,05:00,,Trabajar,,Su casa,,Oficina,Su casa,141200001326A,home,home,141200001326A,CAMIÓN O AUTOBÚS,,130,,inicio_fuera_de_casa;actividad_en_casa,,,"Decimoquinta revisión: el viaje 1 se registró de 141200001326A a casa y el siguiente de casa en adelante; la quinta revisión leyó que 141200001326A es adonde fue, no de donde salió, sobre la lectura de la primera revisión, que empezaba el día en casa. Ninguna regla empieza hoy este día en casa, así que el origen del viaje 1 es la vivienda y la respuesta de dónde empezó el día, «Su casa». | Decimoquinta revisión: se conserva la decisión de la quinta revisión (chain_review_5). Origen y destino rotados en el registro: el viaje 1 se registró de 141200001326A a casa y el siguiente de casa a otro lado, así que 141200001326A (Oficina) es adonde fue y no de donde salió. La primera revisión puso el origen en casa pero dejó el destino en casa (un viaje de casa a casa); aquí el destino es 141200001326A. | Decimoquinta revisión: el viaje 1 se registró de 141200001326A a casa y el siguiente de casa en adelante; la quinta revisión leyó que 141200001326A es adonde fue, no de donde salió, sobre la lectura de la primera revisión, que empezaba el día en casa. Ninguna regla empieza hoy este día en casa, así que el origen del viaje 1 es la vivienda y la respuesta de dónde empezó el día, «Su casa»."
2879,1,1409700320053,Hombres,53,Empleado,,2,16:00,,Compras (comida),,"Comercio, mercado, tienda o centro comercial",,,,home,141200001326A,141200001326A,,A PIE,,15,,,,,"Decimoquinta revisión: se conserva la decisión de la quinta revisión (chain_review_5). Sale de 141200001326A, donde terminó el viaje anterior (el registro lo daba saliendo de casa)."
2879,1,1409700320053,Hombres,53,Empleado,,3,16:45,,Pagar algún servicio o al banco,,"Comercio, mercado, tienda o centro comercial",,,,141200001326A,,1412000011206,,CAMIÓN O AUTOBÚS,,75,,,,,
2879,1,1409700320053,Hombres,53,Empleado,,4,19:00,,Regresar a Casa,,Su casa,,,,1412000011206,,home,,Mototaxi,,45,,,,,
2936,5,1409705603467,Mujeres,41,Empleado,,1,13:28,,Trabajar,,Fábrica o taller,,Su casa,,home,,140390001279A,,TREN LIGERO,,108,,,,,
2936,5,1409705603467,Mujeres,41,Empleado,,2,12:00,15:16,Regresar a Casa,,Su casa,,,,140390001279A,,home,,Transporte de personal,,80,,hora_invertida,,,"Decimoquinta revisión: ninguna lectura de las horas cierra el día: con las reglas queda un viaje que sale antes de que llegue el anterior, con la de las tablas anteriores una salida movida a la madrugada. Las salidas se mueven lo menos posible (196 min en total) para que ningún viaje salga antes de que llegue el anterior; queda menos de media hora en el trabajo o la escuela. Cambia: viaje 2 12:00 → 15:16."
2943,1,1409706663950,Hombres,31,Empleado,,1,19:00,09:00,Trabajar,,Fábrica o taller,,Su casa,,home,,1409800010281,,AUTOMÓVIL PARTICULAR,,30,,,,,"Decimoquinta revisión: se toma la lectura de las horas de las tablas anteriores (las reglas anteriores), una sugerencia entre otras: con las reglas de hoy el día queda con un viaje que sale antes de que llegue el anterior, y con esa lectura con menos de media hora en el trabajo o la escuela. Cambia: viaje 1 19:00 → 09:00, viaje 4 17:00 → 19:00."
2943,1,1409706663950,Hombres,31,Empleado,,2,16:37,,Regresar a Casa,,Su casa,,,,1409800010281,,home,,AUTOMÓVIL PARTICULAR,,25,,hora_invertida,,,
2943,1,1409706663950,Hombres,31,Empleado,,3,18:19,,Trabajar,,Fábrica o taller,,,,home,,1409800010281,,AUTOMÓVIL PARTICULAR,,30,,,,,
2943,1,1409706663950,Hombres,31,Empleado,,4,17:00,19:00,Regresar a Casa,,Su casa,,,,1409800010281,,home,,AUTOMÓVIL PARTICULAR,,25,,hora_invertida,,,"Decimoquinta revisión: se toma la lectura de las horas de las tablas anteriores (las reglas anteriores), una sugerencia entre otras: con las reglas de hoy el día queda con un viaje que sale antes de que llegue el anterior, y con esa lectura con menos de media hora en el trabajo o la escuela. Cambia: viaje 1 19:00 → 09:00, viaje 4 17:00 → 19:00."
2987,3,1409700320284,Hombres,26,Empleado,,1,20:00,08:00,Trabajar,,Fábrica o taller,,Su casa,,home,,1409800141114,,CAMIÓN O AUTOBÚS,,15,,,,,"Decimoquinta revisión: se toma la lectura de las horas de las tablas anteriores (la primera revisión y la décima revisión), una sugerencia entre otras: con las reglas de hoy el día queda con un viaje que sale antes de que llegue el anterior, y con esa lectura con menos de media hora en el trabajo o la escuela. Cambia: viaje 1 20:00 → 08:00, viaje 2 05:42 → 17:42, viaje 3 07:17 → 19:17, viaje 4 02:00 → 20:00."
2987,3,1409700320284,Hombres,26,Empleado,,2,05:42,17:42,Regresar a Casa,,Su casa,,,,1409800141114,,home,,AUTOMÓVIL PARTICULAR,,10,,hora_invertida,,,"Decimoquinta revisión: se toma la lectura de las horas de las tablas anteriores (la primera revisión y la décima revisión), una sugerencia entre otras: con las reglas de hoy el día queda con un viaje que sale antes de que llegue el anterior, y con esa lectura con menos de media hora en el trabajo o la escuela. Cambia: viaje 1 20:00 → 08:00, viaje 2 05:42 → 17:42, viaje 3 07:17 → 19:17, viaje 4 02:00 → 20:00."
2987,3,1409700320284,Hombres,26,Empleado,,3,07:17,19:17,Trabajar,,Fábrica o taller,,,,home,,1409800141114,,AUTOMÓVIL PARTICULAR,,15,,,,,"Decimoquinta revisión: se toma la lectura de las horas de las tablas anteriores (la primera revisión y la décima revisión), una sugerencia entre otras: con las reglas de hoy el día queda con un viaje que sale antes de que llegue el anterior, y con esa lectura con menos de media hora en el trabajo o la escuela. Cambia: viaje 1 20:00 → 08:00, viaje 2 05:42 → 17:42, viaje 3 07:17 → 19:17, viaje 4 02:00 → 20:00."
2987,3,1409700320284,Hombres,26,Empleado,,4,02:00,20:00,Regresar a Casa,,Su casa,,,,1409800141114,,home,,AUTOMÓVIL PARTICULAR,,10,,hora_invertida,,,"Decimoquinta revisión: se toma la lectura de las horas de las tablas anteriores (la primera revisión y la décima revisión), una sugerencia entre otras: con las reglas de hoy el día queda con un viaje que sale antes de que llegue el anterior, y con esa lectura con menos de media hora en el trabajo o la escuela. Cambia: viaje 1 20:00 → 08:00, viaje 2 05:42 → 17:42, viaje 3 07:17 → 19:17, viaje 4 02:00 → 20:00."
3025,3,140970884397A,Mujeres,37,Empleado,,1,13:45,,Llevar o recoger a alguien,,Escuela,,Su casa,,home,,1409708441704,,A PIE,,10,,,,,
3025,3,140970884397A,Mujeres,37,Empleado,,2,14:15,,Regresar a Casa,,Su casa,,,,1409708441704,,home,,A PIE,,10,,,,,
3025,3,140970884397A,Mujeres,37,Empleado,,3,18:00,,Llevar o recoger a alguien,,Escuela,,,,home,,1409708441704,,A PIE,,10,,,,,
3025,3,140970884397A,Mujeres,37,Empleado,,4,18:30,,Regresar a Casa,,Su casa,,,,1409708441704,,home,,A PIE,,10,,,,,
3025,3,140970884397A,Mujeres,37,Empleado,,5,22:00,,Trabajar,,Fábrica o taller,,,,home,,1409700340250,,CAMIÓN O AUTOBÚS,,35,,,,,
3025,3,140970884397A,Mujeres,37,Empleado,,6,19:06,22:35,Regresar a Casa,,Su casa,,,,1409700340250,,home,,CAMIÓN O AUTOBÚS,,35,,hora_invertida,,,"Decimoquinta revisión: ninguna lectura de las horas cierra el día: con las reglas queda un viaje que sale antes de que llegue el anterior, con la de las tablas anteriores una salida movida a la madrugada; un primer viaje antes de las 05:00. Las salidas se mueven lo menos posible (209 min en total) para que ningún viaje salga antes de que llegue el anterior; queda menos de media hora en el trabajo o la escuela. Cambia: viaje 6 19:06 → 22:35."
3186,1,1409708223749,Hombres,49,Empleado,,1,05:00,,Trabajar,,Fábrica o taller,,Su casa,,home,,1412000013664,,AUTOMÓVIL PARTICULAR,,120,,,,,
3186,1,1409708223749,Hombres,49,Empleado,,2,11:39,,Regresar a Casa,,Su casa,,,,1412000013664,,home,,AUTOMÓVIL PARTICULAR,,120,,,,,
3186,1,1409708223749,Hombres,49,Empleado,,3,13:23 → 13:39,15:23,Trabajar,,Fábrica o taller,,,,home,,1412000013664,,AUTOMÓVIL PARTICULAR,,120,hora:llegada,,changed,,"Decimoquinta revisión: se toma la lectura de las horas de las tablas anteriores (la primera revisión), una sugerencia entre otras: con las reglas de hoy el día queda con menos de media hora en el trabajo o la escuela, y con esa lectura con ningún problema. Cambia: viaje 3 13:39 → 15:23, viaje 4 16:00 → 18:00, viaje 5 19:02 → 21:02, viaje 6 19:12 → 21:12."
3186,1,1409708223749,Hombres,49,Empleado,,4,16:00,18:00,Regresar a Casa,,Su casa,,,,1412000013664,,home,,AUTOMÓVIL PARTICULAR,,120,,,,,"Decimoquinta revisión: se toma la lectura de las horas de las tablas anteriores (la primera revisión), una sugerencia entre otras: con las reglas de hoy el día queda con menos de media hora en el trabajo o la escuela, y con esa lectura con ningún problema. Cambia: viaje 3 13:39 → 15:23, viaje 4 16:00 → 18:00, viaje 5 19:02 → 21:02, viaje 6 19:12 → 21:12."
3186,1,1409708223749,Hombres,49,Empleado,,5,19:02,21:02,Compras (comida),,"Comercio, mercado, tienda o centro comercial",,,,home,,home,,A PIE,,3,,,,,"Decimoquinta revisión: se toma la lectura de las horas de las tablas anteriores (la primera revisión), una sugerencia entre otras: con las reglas de hoy el día queda con menos de media hora en el trabajo o la escuela, y con esa lectura con ningún problema. Cambia: viaje 3 13:39 → 15:23, viaje 4 16:00 → 18:00, viaje 5 19:02 → 21:02, viaje 6 19:12 → 21:12."
3186,1,1409708223749,Hombres,49,Empleado,,6,19:12,21:12,Regresar a Casa,,Su casa,,,,home,,home,,A PIE,,3,,,,,"Decimoquinta revisión: se toma la lectura de las horas de las tablas anteriores (la primera revisión), una sugerencia entre otras: con las reglas de hoy el día queda con menos de media hora en el trabajo o la escuela, y con esa lectura con ningún problema. Cambia: viaje 3 13:39 → 15:23, viaje 4 16:00 → 18:00, viaje 5 19:02 → 21:02, viaje 6 19:12 → 21:12."
3190,3,1409708331865,Mujeres,24,Empleado,,1,07:00,,Trabajar,,Fábrica o taller,,Su casa,,home,,140970104,,CAMIÓN O AUTOBÚS,,20,,,,,
3190,3,1409708331865,Mujeres,24,Empleado,,2,17:00,09:05,Regresar a Casa,,Su casa,,,,140970104,,home,,CAMIÓN O AUTOBÚS,,25,,,,,"Decimoquinta revisión: ninguna lectura de las horas cierra el día: con las reglas queda un viaje que sale antes de que llegue el anterior, con la de las tablas anteriores ningún problema. Las salidas se mueven lo menos posible (475 min en total) para que ningún viaje salga antes de que llegue el anterior; queda ningún problema. Cambia: viaje 2 17:00 → 09:05."
3190,3,1409708331865,Mujeres,24,Empleado,,3,09:30,,Estudiar,,Escuela,,,,home,,1409708312030,,MOTOCICLETA,,15,,hora_invertida,,,
3190,3,1409708331865,Mujeres,24,Empleado,,4,13:30,,Regresar a Casa,,Su casa,,,,1409708312030,,home,,MOTOCICLETA,,15,,,,,
3257,3,1409708823984,Hombres,34,Estudiante,,1,07:13,,Estudiar,,Escuela,,Su casa,,home,,1403900013919,,CAMIÓN O AUTOBÚS,,120,,,,,
3257,3,1409708823984,Hombres,34,Estudiante,,2,08:41,09:13,Regresar a Casa,,Su casa,,,,1403900013919,,home,,CAMIÓN O AUTOBÚS,,120,,hora_invertida,,,"Decimoquinta revisión: se toma la lectura de las horas de las tablas anteriores (la primera revisión), una sugerencia entre otras: con las reglas de hoy el día queda con un viaje que sale antes de que llegue el anterior, y con esa lectura con menos de media hora en el trabajo o la escuela. Cambia: viaje 2 08:41 → 09:13."
3257,3,1409708823984,Hombres,34,Estudiante,,3,12:03,,Estudiar,,Escuela,,,,home,,1403900013919,,CAMIÓN O AUTOBÚS,,120,,,,,
3257,3,1409708823984,Hombres,34,Estudiante,,4,20:03,,Regresar a Casa,,Su casa,,,,1403900013919,,home,,CAMIÓN O AUTOBÚS,,120,,,,,
3271,1,1409708223700,Hombres,19,Estudiante,,1,07:04,,Guardería → Llevar o recoger a alguien,,Otros (especifique),,Su casa,,home,,1409708223486,,A PIE,,10,motivo:guarderia,,changed,,
3271,1,1409708223700,Hombres,19,Estudiante,,2,07:22,,Regresar a Casa,,Su casa,,,,1409708223486,,home,,A PIE,,10,,,,,
3271,1,1409708223700,Hombres,19,Estudiante,,3,14:00,,Visitar a alguien,,Otra vivienda,,,,home,,1409800011383,,CAMIÓN O AUTOBÚS,,90,,,,,
3271,1,1409708223700,Hombres,19,Estudiante,,4,19:30,17:14,Regresar a Casa,,Su casa,,,,1409800011383,,home,,CAMIÓN O AUTOBÚS,,60,,,,,"Decimoquinta revisión: se toma la lectura de las horas de las tablas anteriores (la duodécima revisión), una sugerencia entre otras: con las reglas de hoy el día queda con un viaje que sale antes de que llegue el anterior, y con esa lectura con ningún problema. Cambia: viaje 4 19:30 → 17:14."
3271,1,1409708223700,Hombres,19,Estudiante,,5,18:14,,Visitar a alguien,,Otra vivienda,,,,home,,1409800011383,,CAMIÓN O AUTOBÚS,,90,,hora_invertida,,,
3271,1,1409708223700,Hombres,19,Estudiante,,6,19:49,,Regresar a Casa,,Su casa,,,,1409800011383,,home,,CAMIÓN O AUTOBÚS,,60,,,,,
3308,1,1409708312045,Hombres,39,Empleado,,1,06:00,,Trabajar,,Su casa,Fábrica o taller,Fábrica o taller,Su casa,1403900012287,home,home,1403900012287,CAMIÓN O AUTOBÚS,,90,,inicio_fuera_de_casa;actividad_en_casa,,,"Decimoquinta revisión: el viaje 1 se registró de 1403900012287 a casa y el siguiente de casa en adelante; la quinta revisión leyó que 1403900012287 es adonde fue, no de donde salió, sobre la lectura de la primera revisión, que empezaba el día en casa. Ninguna regla empieza hoy este día en casa, así que el origen del viaje 1 es la vivienda y la respuesta de dónde empezó el día, «Su casa». | Decimoquinta revisión: se conserva la decisión de la quinta revisión (chain_review_5). Origen y destino rotados en el registro: el viaje 1 se registró de 1403900012287 a casa y el siguiente de casa a otro lado, así que 1403900012287 (Fábrica o taller) es adonde fue y no de donde salió. La primera revisión puso el origen en casa pero dejó el destino en casa (un viaje de casa a casa); aquí el destino es 1403900012287. | Decimoquinta revisión: el viaje 1 se registró de 1403900012287 a casa y el siguiente de casa en adelante; la quinta revisión leyó que 1403900012287 es adonde fue, no de donde salió, sobre la lectura de la primera revisión, que empezaba el día en casa. Ninguna regla empieza hoy este día en casa, así que el origen del viaje 1 es la vivienda y la respuesta de dónde empezó el día, «Su casa»."
3308,1,1409708312045,Hombres,39,Empleado,,2,19:21,,Compras (comida),,"Restaurante, bar, cafetería",,,,home,1403900012287,140970831205A,,Bicicleta,,4,,,,,"Decimoquinta revisión: se conserva la decisión de la quinta revisión (chain_review_5). Sale de 1403900012287, donde terminó el viaje anterior (el registro lo daba saliendo de casa)."
3308,1,1409708312045,Hombres,39,Empleado,,3,19:34,,Regresar a Casa,,Su casa,,,,140970831205A,,home,,A PIE,,4,,,,,
3315,3,140970822358A,Mujeres,25,Empleado,,1,14:00,,"Compras (bienes, productos y servicios)",,"Comercio, mercado, tienda o centro comercial",,Su casa,,home,,1403900011626,,CAMIÓN O AUTOBÚS,,70,,,,,
3315,3,140970822358A,Mujeres,25,Empleado,,2,20:00,16:55,Regresar a Casa,,Su casa,,,,1403900011626,,home,,CAMIÓN O AUTOBÚS,,70,,,,,"Decimoquinta revisión: se toma la lectura de las horas de las tablas anteriores (la duodécima revisión), una sugerencia entre otras: con las reglas de hoy el día queda con un viaje que sale antes de que llegue el anterior, y con esa lectura con ningún problema. Cambia: viaje 2 20:00 → 16:55."
3315,3,140970822358A,Mujeres,25,Empleado,,3,18:05,,"Compras (bienes, productos y servicios)",,"Comercio, mercado, tienda o centro comercial",,,,home,,1403900011626,,CAMIÓN O AUTOBÚS,,70,,hora_invertida,,,
3315,3,140970822358A,Mujeres,25,Empleado,,4,20:39,,Regresar a Casa,,Su casa,,,,1403900011626,,home,,CAMIÓN O AUTOBÚS,,70,,,,,
3323,2,1403900011429,Hombres,57,Empleado,,1,10:00,,Trabajar,,Fábrica o taller,,Su casa,,home,,140980001007A,,Taxi plataforma (Uber/Didi),,60,,,,,
3323,2,1403900011429,Hombres,57,Empleado,,2,07:53,17:53,Regresar a Casa,,Su casa,,,,140980001007A,,home,,AUTOMÓVIL PARTICULAR,,15,,hora_invertida,,,"Decimoquinta revisión: se toma la lectura de las horas de las tablas anteriores (la primera revisión), una sugerencia entre otras: con las reglas de hoy el día queda con un viaje que sale antes de que llegue el anterior, y con esa lectura con ningún problema. Cambia: viaje 2 07:53 → 17:53, viaje 3 09:07 → 19:07, viaje 4 08:00 → 20:07, viaje 5 19:13 → 21:13, viaje 6 19:34 → 21:34."
3323,2,1403900011429,Hombres,57,Empleado,,3,09:07,19:07,Trabajar,,Fábrica o taller,,,,home,,140980001007A,,AUTOMÓVIL PARTICULAR,,60 → 25,minutos:revision,,changed,,"Decimoquinta revisión: se toma la lectura de las horas de las tablas anteriores (la primera revisión), una sugerencia entre otras: con las reglas de hoy el día queda con un viaje que sale antes de que llegue el anterior, y con esa lectura con ningún problema. Cambia: viaje 2 07:53 → 17:53, viaje 3 09:07 → 19:07, viaje 4 08:00 → 20:07, viaje 5 19:13 → 21:13, viaje 6 19:34 → 21:34."
3323,2,1403900011429,Hombres,57,Empleado,,4,08:00,20:07,Regresar a Casa,,Su casa,,,,140980001007A,,home,,AUTOMÓVIL PARTICULAR,,15,,hora_invertida,,,"Decimoquinta revisión: se toma la lectura de las horas de las tablas anteriores (la primera revisión), una sugerencia entre otras: con las reglas de hoy el día queda con un viaje que sale antes de que llegue el anterior, y con esa lectura con ningún problema. Cambia: viaje 2 07:53 → 17:53, viaje 3 09:07 → 19:07, viaje 4 08:00 → 20:07, viaje 5 19:13 → 21:13, viaje 6 19:34 → 21:34."
3323,2,1403900011429,Hombres,57,Empleado,,5,19:13,21:13,Compras (comida),,"Comercio, mercado, tienda o centro comercial",,,,home,,1403900011217,,A PIE,,11,,,,,"Decimoquinta revisión: se toma la lectura de las horas de las tablas anteriores (la primera revisión), una sugerencia entre otras: con las reglas de hoy el día queda con un viaje que sale antes de que llegue el anterior, y con esa lectura con ningún problema. Cambia: viaje 2 07:53 → 17:53, viaje 3 09:07 → 19:07, viaje 4 08:00 → 20:07, viaje 5 19:13 → 21:13, viaje 6 19:34 → 21:34."
3323,2,1403900011429,Hombres,57,Empleado,,6,19:34,21:34,Regresar a Casa,,Su casa,,,,1403900011217,,home,,A PIE,,11,,,,,"Decimoquinta revisión: se toma la lectura de las horas de las tablas anteriores (la primera revisión), una sugerencia entre otras: con las reglas de hoy el día queda con un viaje que sale antes de que llegue el anterior, y con esa lectura con ningún problema. Cambia: viaje 2 07:53 → 17:53, viaje 3 09:07 → 19:07, viaje 4 08:00 → 20:07, viaje 5 19:13 → 21:13, viaje 6 19:34 → 21:34."
3378,2,1403900011185,Hombres,43,,,1,10:00,,"Compras (bienes, productos y servicios)",,"Comercio, mercado, tienda o centro comercial",,Su casa,,home,,home,,CAMIÓN O AUTOBÚS,,10,,,,,
3378,2,1403900011185,Hombres,43,,,2,15:00,,Visitar a alguien,,Otra vivienda,,,,home,,1409800012466,,CAMIÓN O AUTOBÚS,,60,,,,,
3378,2,1403900011185,Hombres,43,,,3,18:00,,Regresar a Casa,,Su casa,,,,1409800012466,,home,,CAMIÓN O AUTOBÚS,,60,,,,,
3378,2,1403900011185,Hombres,43,,,4,21:00,,Visitar a alguien,,Otra vivienda,,,,home,,1409800012466,,CAMIÓN O AUTOBÚS,,60,,,,,
3378,2,1403900011185,Hombres,43,,,5,20:02,22:00,Regresar a Casa,,Su casa,,,,1409800012466,,home,,CAMIÓN O AUTOBÚS,,60,,hora_invertida,,,"Decimoquinta revisión: se toma la lectura de las horas de las tablas anteriores (la primera revisión), una sugerencia entre otras: con las reglas de hoy el día queda con un viaje que sale antes de que llegue el anterior, y con esa lectura con una estancia de cero minutos fuera de casa. Cambia: viaje 5 20:02 → 22:00."
3415,1,1403900010967,Hombres,53,Empleado,,1,09:00,,Trabajar,,Fábrica o taller,,Su casa,,home,,1403900011109,,Bicicleta,,15,,,,,
3415,1,1403900010967,Hombres,53,Empleado,,2,19:00,,Regresar a Casa,,Su casa,,,,1403900011109,,home,,Bicicleta,,15,,,,,
3415,1,1403900010967,Hombres,53,Empleado,,3,21:00,,"Compras (bienes, productos y servicios)",,"Comercio, mercado, tienda o centro comercial",,,,home,,1403900011325,,A PIE,,50,,,,,
3415,1,1403900010967,Hombres,53,Empleado,,4,20:15,21:50,Regresar a Casa,,Su casa,,,,1403900011325,,home,,A PIE,,5,,hora_invertida,,,"Decimoquinta revisión: se toma la lectura de las horas de las tablas anteriores (la duodécima revisión), una sugerencia entre otras: con las reglas de hoy el día queda con un viaje que sale antes de que llegue el anterior, y con esa lectura con una estancia de cero minutos fuera de casa. Cambia: viaje 4 20:15 → 21:50."
3460,1,1403900011081,Hombres,46,Empleado,,1,07:23,,Llevar o recoger a alguien,,Otra vivienda,,Su casa,,home,,1403900010967,,A PIE,,9,,,,,
3460,1,1403900011081,Hombres,46,Empleado,,2,07:36,,Regresar a Casa,,Su casa,,,,1403900010967,,home,,A PIE,,9,,,,,
3460,1,1403900011081,Hombres,46,Empleado,,3,20:00,08:00,Trabajar,,Fábrica o taller,,,,1403900013923 → home,,1403900010238,,AUTOMÓVIL PARTICULAR,,45,origen:casa,,changed,,"Decimoquinta revisión: se toma la lectura de las horas de las tablas anteriores (la primera revisión), una sugerencia entre otras: con las reglas de hoy el día queda con un viaje que sale antes de que llegue el anterior, y con esa lectura con menos de media hora en el trabajo o la escuela. Cambia: viaje 3 20:00 → 08:00, viaje 6 18:00 → 20:00."
3460,1,1403900011081,Hombres,46,Empleado,,4,17:44,,Regresar a Casa,,Su casa,,,,1403900010238,,home,,AUTOMÓVIL PARTICULAR,,45,,hora_invertida,,,
3460,1,1403900011081,Hombres,46,Empleado,,5,19:01,,Trabajar,,Fábrica o taller,,,,home,,1403900010238,,AUTOMÓVIL PARTICULAR,,45,,,,,
3460,1,1403900011081,Hombres,46,Empleado,,6,18:00,20:00,Regresar a Casa,,Su casa,,,,1403900010238,,home,,AUTOMÓVIL PARTICULAR,,45,,hora_invertida,,,"Decimoquinta revisión: se toma la lectura de las horas de las tablas anteriores (la primera revisión), una sugerencia entre otras: con las reglas de hoy el día queda con un viaje que sale antes de que llegue el anterior, y con esa lectura con menos de media hora en el trabajo o la escuela. Cambia: viaje 3 20:00 → 08:00, viaje 6 18:00 → 20:00."
3618,4,1407000131486,Hombres,24,Empleado,,1,08:30,,Trabajar,,Fábrica o taller,,Su casa,,home,,1409800011684,,Bicicleta,,70,,,,,
3618,4,1407000131486,Hombres,24,Empleado,,2,20:00,,Regresar a Casa,,Su casa,,,,1409800011684,,home,,Bicicleta,,70,,,,,
3618,4,1407000131486,Hombres,24,Empleado,,3,22:30,,Visitar a alguien,,Otra vivienda,,,,home,,1412000012401,,Bicicleta,,12,,,,,
3618,4,1407000131486,Hombres,24,Empleado,,4,12:00,00:00,Regresar a Casa,,Su casa,,,,1412000012401,,home,,Bicicleta,,15,,hora_invertida,,,"Decimoquinta revisión: se toma la lectura de las horas de las tablas anteriores (la primera revisión), una sugerencia entre otras: con las reglas de hoy el día queda con un viaje que sale antes de que llegue el anterior, y con esa lectura con ningún problema. Cambia: viaje 4 12:00 → 00:00."
3621,6,1407000131429,Hombres,22,Empleado,,1,07:11,,Trabajar,Regresar a Casa,Su casa,,Fábrica o taller,,1409708312187,,home,,CAMIÓN O AUTOBÚS,,45,,inicio_fuera_de_casa;actividad_en_casa,,,"Decimoquinta revisión: se conserva la decisión de la sexta revisión (chain_review_6). Llega a la vivienda (el AGEB del hogar, tipo Su casa) desde 1409708312187, donde hizo una actividad: es el regreso a casa, registrado con el motivo de la actividad (Trabajar). Al llegar a casa el propósito es casa; si el renglón siguiente repite el regreso desde casa, queda como no-viaje."
3621,6,1407000131429,Hombres,22,Empleado,,2,08:28,,Regresar a Casa → Trabajar,,Su casa → Fábrica o taller,,,,home,,1409708312187,,CAMIÓN O AUTOBÚS,,45,motivo:lugar,,changed,,
3621,6,1407000131429,Hombres,22,Empleado,,3,20:00,,Trabajar → Regresar a Casa,,Su casa,,,,1409708312187,,home,,CAMIÓN O AUTOBÚS,,45,motivo:casa,,changed,,
3621,6,1407000131429,Hombres,22,Empleado,,4,23:01,,Regresar a Casa,,Su casa,,,,home,,1409708312187,,CAMIÓN O AUTOBÚS,,45,,regreso_en_casa,,,
3623,1,1409708714060,Mujeres,43,Empleado,,1,13:00,,Trabajar,,"Comercio, mercado, tienda o centro comercial",,Su casa,,home,,141200001550A,,CAMIÓN O AUTOBÚS,,105,,,,,
3623,1,1409708714060,Mujeres,43,Empleado,,2,19:00,16:31,Regresar a Casa,,Su casa,,,,141200001550A,,home,,CAMIÓN O AUTOBÚS,,110,,,,,"Decimoquinta revisión: ninguna lectura de las horas cierra el día: con las reglas queda un viaje que sale antes de que llegue el anterior, con la de las tablas anteriores una salida movida a la madrugada. Las salidas se mueven lo menos posible (149 min en total) para que ningún viaje salga antes de que llegue el anterior; queda ningún problema. Cambia: viaje 2 19:00 → 16:31."
3623,1,1409708714060,Mujeres,43,Empleado,,3,18:21,,Trabajar,,"Comercio, mercado, tienda o centro comercial",,,,home,,141200001550A,,CAMIÓN O AUTOBÚS,,20,,hora_invertida,,,
3623,1,1409708714060,Mujeres,43,Empleado,,4,19:41,,Regresar a Casa,,Su casa,,,,141200001550A,,home,,CAMIÓN O AUTOBÚS,,15,,,,,
3653,1,1409708311653,Mujeres,32,Empleado,,1,07:00,,Trabajar,,Oficina,,Su casa,,home,,1409700010922,,AUTOMÓVIL PARTICULAR,,50,,,,,
3653,1,1409708311653,Mujeres,32,Empleado,,2,03:40,13:40,Regresar a Casa,,Su casa,,,,1409700010922,,home,,AUTOMÓVIL PARTICULAR,,50,,hora_invertida,,,"Decimoquinta revisión: se toma la lectura de las horas de las tablas anteriores (las reglas anteriores), una sugerencia entre otras: con las reglas de hoy el día queda con un viaje que sale antes de que llegue el anterior, y con esa lectura con menos de media hora en el trabajo o la escuela. Cambia: viaje 2 03:40 → 13:40, viaje 3 05:03 → 15:03, viaje 4 04:00 → 16:00."
3653,1,1409708311653,Mujeres,32,Empleado,,3,05:03,15:03,Trabajar,,Oficina,,,,home,,1409700010922,,AUTOMÓVIL PARTICULAR,,50,,,,,"Decimoquinta revisión: se toma la lectura de las horas de las tablas anteriores (las reglas anteriores), una sugerencia entre otras: con las reglas de hoy el día queda con un viaje que sale antes de que llegue el anterior, y con esa lectura con menos de media hora en el trabajo o la escuela. Cambia: viaje 2 03:40 → 13:40, viaje 3 05:03 → 15:03, viaje 4 04:00 → 16:00."
3653,1,1409708311653,Mujeres,32,Empleado,,4,04:00,16:00,Regresar a Casa,,Su casa,,,,1409700010922,,home,,AUTOMÓVIL PARTICULAR,,50,,hora_invertida,,,"Decimoquinta revisión: se toma la lectura de las horas de las tablas anteriores (las reglas anteriores), una sugerencia entre otras: con las reglas de hoy el día queda con un viaje que sale antes de que llegue el anterior, y con esa lectura con menos de media hora en el trabajo o la escuela. Cambia: viaje 2 03:40 → 13:40, viaje 3 05:03 → 15:03, viaje 4 04:00 → 16:00."
3667,5,1407000131429,Mujeres,17,Estudiante,,1,14:00,,Estudiar,,Escuela,,Su casa,,home,,1409800012432,,CAMIÓN O AUTOBÚS,,45,,,,,
3667,5,1407000131429,Mujeres,17,Estudiante,,2,19:00,,Regresar a Casa,,Su casa,,,,1409800012432,,home,,CAMIÓN O AUTOBÚS,,45,,,,,
3667,5,1407000131429,Mujeres,17,Estudiante,,3,18:04,19:45,Estudiar,,Escuela,,,,home,,1409800012432,,CAMIÓN O AUTOBÚS,,45,,hora_invertida,,,"Decimoquinta revisión: ninguna lectura de las horas cierra el día: con las reglas queda un viaje que sale antes de que llegue el anterior, con la de las tablas anteriores menos de media hora en el trabajo o la escuela. Las salidas se mueven lo menos posible (101 min en total) para que ningún viaje salga antes de que llegue el anterior; queda menos de media hora en el trabajo o la escuela. Cambia: viaje 3 18:04 → 19:45."
3667,5,1407000131429,Mujeres,17,Estudiante,,4,20:40,,Regresar a Casa,,Su casa,,,,1409800012432,,home,,CAMIÓN O AUTOBÚS,,45,,,,,
3682,4,1409700353772,Mujeres,30,Estudiante,,1,14:00,,Estudiar,,Escuela,,Su casa,,home,,140972308,,CAMIÓN O AUTOBÚS,,40,,,,,
3682,4,1409700353772,Mujeres,30,Estudiante,,2,19:00,,Regresar a Casa,,Su casa,,,,140972308,,home,,CAMIÓN O AUTOBÚS,,40,,,,,
3682,4,1409700353772,Mujeres,30,Estudiante,,3,18:19,19:40,Estudiar,,Escuela,,,,home,,140972308,,CAMIÓN O AUTOBÚS,,15,,hora_invertida,,,"Decimoquinta revisión: ninguna lectura de las horas cierra el día: con las reglas queda un viaje que sale antes de que llegue el anterior, con la de las tablas anteriores menos de media hora en el trabajo o la escuela. Las salidas se mueven lo menos posible (81 min en total) para que ningún viaje salga antes de que llegue el anterior; queda ningún problema. Cambia: viaje 3 18:19 → 19:40."
3682,4,1409700353772,Mujeres,30,Estudiante,,4,20:37,,Regresar a Casa,,Su casa,,,,140972308,,home,,CAMIÓN O AUTOBÚS,,25,,,,,
3806,3,1407000430295,Mujeres,14,Estudiante,,1,08:08,,Compras (comida),,"Comercio, mercado, tienda o centro comercial",,Su casa,,home,,home,,A PIE,,9,,,,,
3806,3,1407000430295,Mujeres,14,Estudiante,,2,08:21,,Regresar a Casa,,Su casa,,,,home,,home,,A PIE,,9,,,,,
3806,3,1407000430295,Mujeres,14,Estudiante,,3,13:30,,Estudiar,,Escuela,,,,home,,1407000130401,,CAMIÓN O AUTOBÚS,,20,,,,,
3806,3,1407000430295,Mujeres,14,Estudiante,,4,19:00,,Regresar a Casa,,Su casa,,,,1407000130401,,home,,CAMIÓN O AUTOBÚS,,20,,,,,
3806,3,1407000430295,Mujeres,14,Estudiante,,5,18:00,19:20,Estudiar,,Escuela,,,,home,,1407000130401,,CAMIÓN O AUTOBÚS,,20,,hora_invertida,,,"Decimoquinta revisión: ninguna lectura de las horas cierra el día: con las reglas queda un viaje que sale antes de que llegue el anterior, con la de las tablas anteriores menos de media hora en el trabajo o la escuela. Las salidas se mueven lo menos posible (80 min en total) para que ningún viaje salga antes de que llegue el anterior; queda ningún problema. Cambia: viaje 5 18:00 → 19:20."
3806,3,1407000430295,Mujeres,14,Estudiante,,6,20:39,,Regresar a Casa,,Su casa,,,,1407000130401,,home,,CAMIÓN O AUTOBÚS,,20,,,,,
3859,1,1407000430308,Hombres,37,Empleado,,1,13:00,,Trabajar,,"Comercio, mercado, tienda o centro comercial",,Su casa,,home,,1407000430295,,CAMIÓN O AUTOBÚS,,10,,,,,
3859,1,1407000430308,Hombres,37,Empleado,,2,10:30,13:10,Regresar a Casa,,Su casa,,,,1407000430295,,home,,A PIE,,35,,hora_invertida,,,"Decimoquinta revisión: ninguna lectura de las horas cierra el día: con las reglas queda un viaje que sale antes de que llegue el anterior, con la de las tablas anteriores una salida movida a la madrugada. Las salidas se mueven lo menos posible (160 min en total) para que ningún viaje salga antes de que llegue el anterior; queda menos de media hora en el trabajo o la escuela. Cambia: viaje 2 10:30 → 13:10."
3859,1,1407000430308,Hombres,37,Empleado,,3,18:11,,Otros (especifique),,Otros (especifique),,,,home,,1407000430492,,A PIE,,4,,,,,
3859,1,1407000430308,Hombres,37,Empleado,,4,18:24,,Regresar a Casa,,Su casa,,,,1407000430492,,home,,A PIE,,4,,,,,
3869,3,1407000130416,Hombres,24,Empleado,,1,08:00,,Trabajar,,Otra vivienda,,Su casa,,home,,140980001320A,,A PIE,,30,,,,,
3869,3,1407000130416,Hombres,24,Empleado,,2,14:00,,Regresar a Casa,,Su casa,,,,140980001320A,,home,,A PIE,,30,,,,,
3869,3,1407000130416,Hombres,24,Empleado,,3,16:00,,Trabajar,,Otra vivienda,,,,home,,140980001320A,,A PIE,,30,,,,,
3869,3,1407000130416,Hombres,24,Empleado,,4,18:00,,Regresar a Casa,,Su casa,,,,140980001320A,,home,,A PIE,,30,,,,,
3869,3,1407000130416,Hombres,24,Empleado,,5,12:00,18:30,Trabajar,,Otra vivienda,,,,home,,1409800013214,,A PIE,,25,,hora_invertida,,,"Decimoquinta revisión: ninguna lectura de las horas cierra el día: con las reglas queda un viaje que sale antes de que llegue el anterior, con la de las tablas anteriores una salida movida a la madrugada. Las salidas se mueven lo menos posible (390 min en total) para que ningún viaje salga antes de que llegue el anterior; queda ningún problema. Cambia: viaje 5 12:00 → 18:30."
3869,3,1407000130416,Hombres,24,Empleado,,6,05:00,,Regresar a Casa,,Su casa,,,,1409800013214,,home,,A PIE,,25,,hora_nocturna,,,
3955,3,1407000130420,Mujeres,33,Empleado,,1,13:00,,Trabajar,,Fábrica o taller,,Su casa,,home,,1403900012003,,CAMIÓN O AUTOBÚS,,90,,,,,
3955,3,1407000130420,Mujeres,33,Empleado,,2,19:00,16:49,Regresar a Casa,,Su casa,,,,1403900012003,,home,,CAMIÓN O AUTOBÚS,,90,,,,,"Decimoquinta revisión: ninguna lectura de las horas cierra el día: con las reglas queda un viaje que sale antes de que llegue el anterior, con la de las tablas anteriores menos de media hora en el trabajo o la escuela. Las salidas se mueven lo menos posible (131 min en total) para que ningún viaje salga antes de que llegue el anterior; queda menos de media hora en el trabajo o la escuela. Cambia: viaje 2 19:00 → 16:49."
3955,3,1407000130420,Mujeres,33,Empleado,,3,18:19,,Trabajar,,Fábrica o taller,,,,home,,1403900012003,,CAMIÓN O AUTOBÚS,,90,,hora_invertida,,,
3955,3,1407000130420,Mujeres,33,Empleado,,4,19:48 → 19:49,,Regresar a Casa,,Su casa,,,,1403900012003,,home,,CAMIÓN O AUTOBÚS,,90,hora:llegada,,changed,,
4030,5,1407000140825,Mujeres,28,Hogar,,1,09:06,,Compras (comida),,"Comercio, mercado, tienda o centro comercial",,Su casa,,home,,home,,A PIE,,5,,,,,
4030,5,1407000140825,Mujeres,28,Hogar,,2,09:15,,Regresar a Casa,,Su casa,,,,home,,home,,A PIE,,5,,,,,
4030,5,1407000140825,Mujeres,28,Hogar,,3,05:27 → 17:27,15:27,"Compras (bienes, productos y servicios)",,"Comercio, mercado, tienda o centro comercial",,,,home,,1407000140276,,A PIE,,2,hora:+12h,,changed,,"Decimoquinta revisión: se toma la lectura de las horas de las tablas anteriores (la primera revisión y la undécima revisión), una sugerencia entre otras: con las reglas de hoy el día queda con una estancia de cero minutos fuera de casa, y con esa lectura con ningún problema. Cambia: viaje 3 17:27 → 15:27, viaje 4 17:29 → 17:26."
4030,5,1407000140825,Mujeres,28,Hogar,,4,17:26 → 17:29,17:26,Regresar a Casa,,Su casa,,,,1407000140276,,home,,A PIE,,2,hora:llegada,,changed,,"Decimoquinta revisión: se toma la lectura de las horas de las tablas anteriores (la primera revisión y la undécima revisión), una sugerencia entre otras: con las reglas de hoy el día queda con una estancia de cero minutos fuera de casa, y con esa lectura con ningún problema. Cambia: viaje 3 17:27 → 15:27, viaje 4 17:29 → 17:26."
4039,5,1407000140825,Hombres,13,Empleado,,1,07:15,,Deportes o recreación,,Centro cultural o área recreativa,,Su casa,,home,,140700014083A,,A PIE,,11,,,,,
4039,5,1407000140825,Hombres,13,Empleado,,2,07:31,,Regresar a Casa,,Su casa,,,,140700014083A,,home,,A PIE,,11,,,,,
4039,5,1407000140825,Hombres,13,Empleado,,3,20:24 → 08:24,,Trabajar,,"Comercio, mercado, tienda o centro comercial",,,,home,,1412000010547,,CAMIÓN O AUTOBÚS,,50,hora:-12h,,changed,,
4039,5,1407000140825,Hombres,13,Empleado,,4,15:09,,Compras (comida),,"Comercio, mercado, tienda o centro comercial",,,,1412000010547,,1412000010547,,A PIE,,5,,,,,
4039,5,1407000140825,Hombres,13,Empleado,,5,15:08 → 15:14,17:08,Trabajar,,"Comercio, mercado, tienda o centro comercial",,,,1412000010547,,1412000010547,,A PIE,,5,hora:llegada,,changed,,"Decimoquinta revisión: se toma la lectura de las horas de las tablas anteriores (la primera revisión y la undécima revisión), una sugerencia entre otras: con las reglas de hoy el día queda con una estancia de cero minutos fuera de casa, y con esa lectura con ningún problema. Cambia: viaje 5 15:14 → 17:08."
4039,5,1407000140825,Hombres,13,Empleado,,6,18:26,,Regresar a Casa,,Su casa,,,,1412000010547,,home,,CAMIÓN O AUTOBÚS,,70,,,,,
4079,4,140700021076A,Mujeres,13,Estudiante,,1,12:07,,Compras (comida),,"Comercio, mercado, tienda o centro comercial",,Su casa,,home,,1407000210736,,A PIE,,2,,,,,
4079,4,140700021076A,Mujeres,13,Estudiante,,2,12:04 → 12:09,14:04,Regresar a Casa,,Su casa,,,,1407000210736,,home,,A PIE,,2,hora:llegada,,changed,,"Decimoquinta revisión: se toma la lectura de las horas de las tablas anteriores (la undécima revisión), una sugerencia entre otras: con las reglas de hoy el día queda con una estancia de cero minutos fuera de casa, y con esa lectura con ningún problema. Cambia: viaje 2 12:09 → 14:04."
4230,3,140980243,Hombres,43,Empleado,,1,22:00,10:00,Trabajar,,Otros (especifique),,Su casa,,home,,14070140A,,AUTOMÓVIL PARTICULAR,,20,,,,,"Decimoquinta revisión: se toma la lectura de las horas de las tablas anteriores (la primera revisión), una sugerencia entre otras: con las reglas de hoy el día queda con un viaje que sale antes de que llegue el anterior, y con esa lectura con menos de media hora en el trabajo o la escuela. Cambia: viaje 1 22:00 → 10:00, viaje 4 21:00 → 21:24."
4230,3,140980243,Hombres,43,Empleado,,2,19:40,,Regresar a Casa,,Su casa,,,,14070140A,,home,,AUTOMÓVIL PARTICULAR,,20,,hora_invertida,,,
4230,3,140980243,Hombres,43,Empleado,,3,21:04,,Trabajar,,Otros (especifique),,,,home,,14070140A,,AUTOMÓVIL PARTICULAR,,20,,,,,
4230,3,140980243,Hombres,43,Empleado,,4,21:00,21:24,Regresar a Casa,,Su casa,,,,14070140A,,home,,AUTOMÓVIL PARTICULAR,,20,,hora_invertida,,,"Decimoquinta revisión: se toma la lectura de las horas de las tablas anteriores (la primera revisión), una sugerencia entre otras: con las reglas de hoy el día queda con un viaje que sale antes de que llegue el anterior, y con esa lectura con menos de media hora en el trabajo o la escuela. Cambia: viaje 1 22:00 → 10:00, viaje 4 21:00 → 21:24."
4294,1,1409800011097,Hombres,64,Empleado,,1,20:00,08:00,Trabajar,,"Comercio, mercado, tienda o centro comercial",,Su casa,,home,,1403900012662,,AUTOMÓVIL PARTICULAR,,20,,,,,"Decimoquinta revisión: se toma la lectura de las horas de las tablas anteriores (la primera revisión), una sugerencia entre otras: con las reglas de hoy el día queda con un viaje que sale antes de que llegue el anterior, y con esa lectura con menos de media hora en el trabajo o la escuela. Cambia: viaje 1 20:00 → 08:00, viaje 4 16:00 → 18:00."
4294,1,1409800011097,Hombres,64,Empleado,,2,15:47,,Regresar a Casa,,Su casa,,,,1403900012662,,home,,AUTOMÓVIL PARTICULAR,,25,,hora_invertida,,,
4294,1,1409800011097,Hombres,64,Empleado,,3,17:23,,Trabajar,,"Comercio, mercado, tienda o centro comercial",,,,home,,1403900012662,,AUTOMÓVIL PARTICULAR,,20,,,,,
4294,1,1409800011097,Hombres,64,Empleado,,4,16:00,18:00,Regresar a Casa,,Su casa,,,,1403900012662,,home,,AUTOMÓVIL PARTICULAR,,25,,hora_invertida,,,"Decimoquinta revisión: se toma la lectura de las horas de las tablas anteriores (la primera revisión), una sugerencia entre otras: con las reglas de hoy el día queda con un viaje que sale antes de que llegue el anterior, y con esa lectura con menos de media hora en el trabajo o la escuela. Cambia: viaje 1 20:00 → 08:00, viaje 4 16:00 → 18:00."
4372,2,1409800011078,Mujeres,19,Trabajador independiente,,1,14:00,,Trabajar,,"Comercio, mercado, tienda o centro comercial",,Su casa,,home,,141200001066A,,CAMIÓN O AUTOBÚS,,135,,,,,
4372,2,1409800011078,Mujeres,19,Trabajador independiente,,2,19:00,17:13,Regresar a Casa,,Su casa,,,,141200001066A,,home,,CAMIÓN O AUTOBÚS,,135,,,,,"Decimoquinta revisión: ninguna lectura de las horas cierra el día: con las reglas queda un viaje que sale antes de que llegue el anterior, con la de las tablas anteriores una salida movida a la madrugada. Las salidas se mueven lo menos posible (187 min en total) para que ningún viaje salga antes de que llegue el anterior; queda menos de media hora en el trabajo o la escuela. Cambia: viaje 2 19:00 → 17:13, viaje 3 18:08 → 19:28."
4372,2,1409800011078,Mujeres,19,Trabajador independiente,,3,18:08,19:28,Trabajar,,"Comercio, mercado, tienda o centro comercial",,,,home,,141200001066A,,CAMIÓN O AUTOBÚS,,20,,hora_invertida,,,"Decimoquinta revisión: ninguna lectura de las horas cierra el día: con las reglas queda un viaje que sale antes de que llegue el anterior, con la de las tablas anteriores una salida movida a la madrugada. Las salidas se mueven lo menos posible (187 min en total) para que ningún viaje salga antes de que llegue el anterior; queda menos de media hora en el trabajo o la escuela. Cambia: viaje 2 19:00 → 17:13, viaje 3 18:08 → 19:28."
4372,2,1409800011078,Mujeres,19,Trabajador independiente,,4,19:48,,Regresar a Casa,,Su casa,,,,141200001066A,,home,,CAMIÓN O AUTOBÚS,,40,,,,,
4377,1,1409800012625,Hombres,46,Empleado,,1,14:00,,Trabajar,,"Comercio, mercado, tienda o centro comercial",,Su casa,,home,,1403900011556,,CAMIÓN O AUTOBÚS,,60,,,,,
4377,1,1409800012625,Hombres,46,Empleado,,2,12:00,15:00,Regresar a Casa,,Su casa,,,,1403900011556,,home,,AUTOMÓVIL PARTICULAR,,30,,hora_invertida,,,"Decimoquinta revisión: ninguna lectura de las horas cierra el día: con las reglas queda un viaje que sale antes de que llegue el anterior, con la de las tablas anteriores una salida movida a la madrugada. Las salidas se mueven lo menos posible (180 min en total) para que ningún viaje salga antes de que llegue el anterior; queda menos de media hora en el trabajo o la escuela. Cambia: viaje 2 12:00 → 15:00."
4377,1,1409800012625,Hombres,46,Empleado,,3,19:17,,"Compras (bienes, productos y servicios)",,"Comercio, mercado, tienda o centro comercial",,,,home,,home,,A PIE,,1,,,,,
4377,1,1409800012625,Hombres,46,Empleado,,4,19:20,,Regresar a Casa,,Su casa,,,,home,,home,,A PIE,,1,,,,,
4379,3,1409800010968,Hombres,17,Estudiante,,1,13:06,,Estudiar,,Escuela,,Su casa,,home,,1403900012662,,CAMIÓN O AUTOBÚS,,10,,,,,
4379,3,1409800010968,Hombres,17,Estudiante,,2,19:22,,Regresar a Casa,,Su casa,,,,1403900012662,,home,,CAMIÓN O AUTOBÚS,,10,,,,,
4379,3,1409800010968,Hombres,17,Estudiante,,3,18:04,19:32,Estudiar,,Escuela,,,,home,,1403900012662,,CAMIÓN O AUTOBÚS,,10,,hora_invertida,,,"Decimoquinta revisión: ninguna lectura de las horas cierra el día: con las reglas queda un viaje que sale antes de que llegue el anterior, con la de las tablas anteriores menos de media hora en el trabajo o la escuela. Las salidas se mueven lo menos posible (88 min en total) para que ningún viaje salga antes de que llegue el anterior; queda ningún problema. Cambia: viaje 3 18:04 → 19:32."
4379,3,1409800010968,Hombres,17,Estudiante,,4,20:41,,Regresar a Casa,,Su casa,,,,1403900012662,,home,,CAMIÓN O AUTOBÚS,,10,,,,,
4393,4,1409800011044,Hombres,26,Empleado,,1,19:00,09:00,Trabajar,,Escuela,,Su casa,,home,,1403900011170,,AUTOMÓVIL PARTICULAR,,60,,,,,"Decimoquinta revisión: se toma la lectura de las horas de las tablas anteriores (las reglas anteriores), una sugerencia entre otras: con las reglas de hoy el día queda con un viaje que sale antes de que llegue el anterior, y con esa lectura con menos de media hora en el trabajo o la escuela. Cambia: viaje 1 19:00 → 09:00, viaje 4 15:00 → 17:15."
4393,4,1409800011044,Hombres,26,Empleado,,2,14:30,,Regresar a Casa,,Su casa,,,,1403900011170,,home,,AUTOMÓVIL PARTICULAR,,60,,hora_invertida,,,
4393,4,1409800011044,Hombres,26,Empleado,,3,16:15,,Trabajar,,Escuela,,,,home,,1403900011170,,AUTOMÓVIL PARTICULAR,,60,,,,,
4393,4,1409800011044,Hombres,26,Empleado,,4,15:00,17:15,Regresar a Casa,,Su casa,,,,1403900011170,,home,,AUTOMÓVIL PARTICULAR,,60,,hora_invertida,,,"Decimoquinta revisión: se toma la lectura de las horas de las tablas anteriores (las reglas anteriores), una sugerencia entre otras: con las reglas de hoy el día queda con un viaje que sale antes de que llegue el anterior, y con esa lectura con menos de media hora en el trabajo o la escuela. Cambia: viaje 1 19:00 → 09:00, viaje 4 15:00 → 17:15."
4406,4,1409800012625,Mujeres,19,Estudiante,,1,08:02,,Compras (comida),,"Comercio, mercado, tienda o centro comercial",,Su casa,,home,,1409800012254,,A PIE,,15,,,,,
4406,4,1409800012625,Mujeres,19,Estudiante,,2,08:20,,Regresar a Casa,,Su casa,,,,1409800012254,,home,,A PIE,,15,,,,,
4406,4,1409800012625,Mujeres,19,Estudiante,,3,13:00,,Estudiar,,Escuela,,,,home,,1403900013995,,CAMIÓN O AUTOBÚS,,50,,,,,
4406,4,1409800012625,Mujeres,19,Estudiante,,4,18:40,,Regresar a Casa,,Su casa,,,,1403900013995,,home,,CAMIÓN O AUTOBÚS,,50,,,,,
4406,4,1409800012625,Mujeres,19,Estudiante,,5,18:08,19:30,Estudiar,,Escuela,,,,home,,1403900013995,,CAMIÓN O AUTOBÚS,,50,,hora_invertida,,,"Decimoquinta revisión: ninguna lectura de las horas cierra el día: con las reglas queda un viaje que sale antes de que llegue el anterior, con la de las tablas anteriores menos de media hora en el trabajo o la escuela. Las salidas se mueven lo menos posible (82 min en total) para que ningún viaje salga antes de que llegue el anterior; queda menos de media hora en el trabajo o la escuela. Cambia: viaje 5 18:08 → 19:30."
4406,4,1409800012625,Mujeres,19,Estudiante,,6,20:44,,Regresar a Casa,,Su casa,,,,1403900013995,,home,,CAMIÓN O AUTOBÚS,,50,,,,,
4431,3,1409800012786,Hombres,42,Empleado,,1,16:30,04:30,Trabajar,,Otros (especifique),,Su casa,,home,,99999000A,,AUTOMÓVIL PARTICULAR,,30,,,,,"Decimoquinta revisión: se toma la lectura de las horas de las tablas anteriores (la primera revisión), una sugerencia entre otras: con las reglas de hoy el día queda con un viaje que sale antes de que llegue el anterior, y con esa lectura con una salida movida a la madrugada; menos de media hora en el trabajo o la escuela. Cambia: viaje 1 16:30 → 04:30, viaje 2 04:52 → 05:00, viaje 4 01:00 → 13:00."
4431,3,1409800012786,Hombres,42,Empleado,,2,04:52,05:00,Regresar a Casa,,Su casa,,,,99999000A,,home,,AUTOMÓVIL PARTICULAR,,30,,hora_invertida,,,"Decimoquinta revisión: se toma la lectura de las horas de las tablas anteriores (la primera revisión), una sugerencia entre otras: con las reglas de hoy el día queda con un viaje que sale antes de que llegue el anterior, y con esa lectura con una salida movida a la madrugada; menos de media hora en el trabajo o la escuela. Cambia: viaje 1 16:30 → 04:30, viaje 2 04:52 → 05:00, viaje 4 01:00 → 13:00."
4431,3,1409800012786,Hombres,42,Empleado,,3,06:21,,Trabajar,,Otros (especifique),,,,home,,99999000A,,AUTOMÓVIL PARTICULAR,,30,,,,,
4431,3,1409800012786,Hombres,42,Empleado,,4,01:00,13:00,Regresar a Casa,,Su casa,,,,99999000A,,home,,AUTOMÓVIL PARTICULAR,,30,,hora_invertida,,,"Decimoquinta revisión: se toma la lectura de las horas de las tablas anteriores (la primera revisión), una sugerencia entre otras: con las reglas de hoy el día queda con un viaje que sale antes de que llegue el anterior, y con esa lectura con una salida movida a la madrugada; menos de media hora en el trabajo o la escuela. Cambia: viaje 1 16:30 → 04:30, viaje 2 04:52 → 05:00, viaje 4 01:00 → 13:00."
4431,3,1409800012786,Hombres,42,Empleado,,5,19:14,,Llevar o recoger a alguien,,Otra vivienda,,,,home,,1409800011044,,A PIE,,8,,,,,
4431,3,1409800012786,Hombres,42,Empleado,,6,19:24,,Regresar a Casa,,Su casa,,,,1409800011044,,home,,A PIE,,8,,,,,
4559,2,140510001004A,Hombres,30,Empleado,,1,06:00,,Trabajar,,"Deportivo, gimnasio",,Su casa,,home,,140510016,,AUTOMÓVIL PARTICULAR,,10,,,,,
4559,2,140510001004A,Hombres,30,Empleado,,2,10:00,,Trabajar,,Oficina,,,,140510016,,1403900011378,,AUTOMÓVIL PARTICULAR,,60,,,,,
4559,2,140510001004A,Hombres,30,Empleado,,3,17:00,,Regresar a Casa,,Su casa,,,,1403900011378,,home,,AUTOMÓVIL PARTICULAR,,90,,,,,
4559,2,140510001004A,Hombres,30,Empleado,,4,21:00,,Otros (especifique),,Otra vivienda,,,,home,,1407000200257,,AUTOMÓVIL PARTICULAR,,10,,,,,
4559,2,140510001004A,Hombres,30,Empleado,,5,12:00,00:00,Regresar a Casa,,Su casa,,,,1407000200257,,home,,AUTOMÓVIL PARTICULAR,,15,,hora_invertida,,,"Decimoquinta revisión: se toma la lectura de las horas de las tablas anteriores (la primera revisión), una sugerencia entre otras: con las reglas de hoy el día queda con un viaje que sale antes de que llegue el anterior, y con esa lectura con ningún problema. Cambia: viaje 5 12:00 → 00:00."
4569,3,140510001004A,Mujeres,38,,,1,06:20,,Llevar o recoger a alguien,,Escuela,,Su casa,,home,,1405100010054,,A PIE,,10,,,,,
4569,3,140510001004A,Mujeres,38,,,2,13:00,07:20,Regresar a Casa,,Su casa,,,,1405100010054,,home,,A PIE,,10,,,,,"Decimoquinta revisión: ninguna lectura de las horas cierra el día: con las reglas queda un viaje que sale antes de que llegue el anterior, con la de las tablas anteriores una salida movida a la madrugada. Las salidas se mueven lo menos posible (340 min en total) para que ningún viaje salga antes de que llegue el anterior; queda ningún problema. Cambia: viaje 2 13:00 → 07:20."
4569,3,140510001004A,Mujeres,38,,,3,07:30,,Llevar o recoger a alguien,,Escuela,,,,home,,1405100010069,,A PIE,,15,,hora_invertida,,,
4569,3,140510001004A,Mujeres,38,,,4,08:00,,Regresar a Casa,,Su casa,,,,1405100010069,,home,,A PIE,,10,,,,,
4569,3,140510001004A,Mujeres,38,,,5,12:15,,Llevar o recoger a alguien,,Escuela,,,,home,,1405100010069,,A PIE,,15,,,,,
4569,3,140510001004A,Mujeres,38,,,6,13:00,,Llevar o recoger a alguien,,Escuela,,,,1405100010069,,1405100010054,,A PIE,,10,,,,,
4569,3,140510001004A,Mujeres,38,,,7,13:10,,Regresar a Casa,,Su casa,,,,1405100010054,,home,,A PIE,,10,,,,,
4663,1,140510001004A,Hombres,59,Empleado,,1,06:00,,Trabajar,,"Hospital, clínica, consultorio, laboratorio clínico",,Su casa,,home,,140390001101A,,AUTOMÓVIL PARTICULAR,,90,,,,,
4663,1,140510001004A,Hombres,59,Empleado,,2,05:44,15:44,Regresar a Casa,,Su casa,,,,140390001101A,,home,,AUTOMÓVIL PARTICULAR,,90,,hora_invertida,,,"Decimoquinta revisión: se toma la lectura de las horas de las tablas anteriores (la primera revisión), una sugerencia entre otras: con las reglas de hoy el día queda con un viaje que sale antes de que llegue el anterior, y con esa lectura con una estancia de cero minutos fuera de casa. Cambia: viaje 2 05:44 → 15:44, viaje 3 07:25 → 17:25, viaje 4 08:00 → 20:00, viaje 5 19:04 → 21:30, viaje 6 19:16 → 21:34."
4663,1,140510001004A,Hombres,59,Empleado,,3,07:25,17:25,Trabajar,,"Hospital, clínica, consultorio, laboratorio clínico",,,,home,,140390001101A,,AUTOMÓVIL PARTICULAR,,90,,,,,"Decimoquinta revisión: se toma la lectura de las horas de las tablas anteriores (la primera revisión), una sugerencia entre otras: con las reglas de hoy el día queda con un viaje que sale antes de que llegue el anterior, y con esa lectura con una estancia de cero minutos fuera de casa. Cambia: viaje 2 05:44 → 15:44, viaje 3 07:25 → 17:25, viaje 4 08:00 → 20:00, viaje 5 19:04 → 21:30, viaje 6 19:16 → 21:34."
4663,1,140510001004A,Hombres,59,Empleado,,4,08:00,20:00,Regresar a Casa,,Su casa,,,,140390001101A,,home,,AUTOMÓVIL PARTICULAR,,90,,hora_invertida,,,"Decimoquinta revisión: se toma la lectura de las horas de las tablas anteriores (la primera revisión), una sugerencia entre otras: con las reglas de hoy el día queda con un viaje que sale antes de que llegue el anterior, y con esa lectura con una estancia de cero minutos fuera de casa. Cambia: viaje 2 05:44 → 15:44, viaje 3 07:25 → 17:25, viaje 4 08:00 → 20:00, viaje 5 19:04 → 21:30, viaje 6 19:16 → 21:34."
4663,1,140510001004A,Hombres,59,Empleado,,5,19:04,21:30,Deportes o recreación,,Centro cultural o área recreativa,,,,home,,home,,A PIE,,4,,,,,"Decimoquinta revisión: se toma la lectura de las horas de las tablas anteriores (la primera revisión), una sugerencia entre otras: con las reglas de hoy el día queda con un viaje que sale antes de que llegue el anterior, y con esa lectura con una estancia de cero minutos fuera de casa. Cambia: viaje 2 05:44 → 15:44, viaje 3 07:25 → 17:25, viaje 4 08:00 → 20:00, viaje 5 19:04 → 21:30, viaje 6 19:16 → 21:34."
4663,1,140510001004A,Hombres,59,Empleado,,6,19:16,21:34,Regresar a Casa,,Su casa,,,,home,,home,,A PIE,,4,,,,,"Decimoquinta revisión: se toma la lectura de las horas de las tablas anteriores (la primera revisión), una sugerencia entre otras: con las reglas de hoy el día queda con un viaje que sale antes de que llegue el anterior, y con esa lectura con una estancia de cero minutos fuera de casa. Cambia: viaje 2 05:44 → 15:44, viaje 3 07:25 → 17:25, viaje 4 08:00 → 20:00, viaje 5 19:04 → 21:30, viaje 6 19:16 → 21:34."
4901,4,1403900012268,Hombres,49,Empleado,,1,05:00,,Trabajar,,"Comercio, mercado, tienda o centro comercial",,Su casa,,home,,1409800011078,,AUTOMÓVIL PARTICULAR,,120 → 30,minutos:revision,,changed,,
4901,4,1403900012268,Hombres,49,Empleado,,2,06:52,,Regresar a Casa,,Su casa,,,,1409800011078,,home,,AUTOMÓVIL PARTICULAR,,120 → 30,minutos:revision,,changed,,
4901,4,1403900012268,Hombres,49,Empleado,,3,08:10,18:10,Trabajar,,"Comercio, mercado, tienda o centro comercial",,,,home,,1409800011078,,AUTOMÓVIL PARTICULAR,,120 → 30,minutos:revision,,changed,,"Decimoquinta revisión: se toma la lectura de las horas de las tablas anteriores (la undécima revisión), una sugerencia entre otras: con las reglas de hoy el día queda con menos de media hora en el trabajo o la escuela, y con esa lectura con ningún problema. Cambia: viaje 3 08:10 → 18:10, viaje 4 09:00 → 21:00."
4901,4,1403900012268,Hombres,49,Empleado,,4,09:00,21:00,Regresar a Casa,,Su casa,,,,1409800011078,,home,,AUTOMÓVIL PARTICULAR,,120 → 30,minutos:revision,,changed,,"Decimoquinta revisión: se toma la lectura de las horas de las tablas anteriores (la undécima revisión), una sugerencia entre otras: con las reglas de hoy el día queda con menos de media hora en el trabajo o la escuela, y con esa lectura con ningún problema. Cambia: viaje 3 08:10 → 18:10, viaje 4 09:00 → 21:00."
4943,3,1410100010768,Hombres,21,Empleado,,1,08:20,,Trabajar,,Oficina,,Su casa,,home,,1403900011537,,CAMIÓN O AUTOBÚS,,20,,,,,
4943,3,1410100010768,Hombres,21,Empleado,,2,20:00,,Regresar a Casa,,Su casa,,,,1403900011537,,home,,AUTOMÓVIL PARTICULAR,,15,,,,,
4943,3,1410100010768,Hombres,21,Empleado,,3,21:30,,Deportes o recreación,,"Restaurante, bar, cafetería",,,,home,,1403900013800,,CAMIÓN O AUTOBÚS,,25,,,,,
4943,3,1410100010768,Hombres,21,Empleado,,4,12:00,00:00,Regresar a Casa,,Su casa,,,,1403900013800,,home,,Taxi plataforma (Uber/Didi),,15,,hora_invertida,,,"Decimoquinta revisión: se toma la lectura de las horas de las tablas anteriores (la duodécima revisión), una sugerencia entre otras: con las reglas de hoy el día queda con un viaje que sale antes de que llegue el anterior, y con esa lectura con ningún problema. Cambia: viaje 4 12:00 → 00:00."
5029,1,1409800013394,Hombres,53,Empleado,,1,07:00,,Trabajar,,Oficina,,Su casa,,1409800010879 → home,,1409800010879,,CAMIÓN O AUTOBÚS,,50,origen:copia,,changed,,
5029,1,1409800013394,Hombres,53,Empleado,,2,06:43,16:43,Regresar a Casa,,Su casa,,,,1409800010879,,home,,AUTOMÓVIL PARTICULAR,,50,,hora_invertida,,,"Decimoquinta revisión: se toma la lectura de las horas de las tablas anteriores (la primera revisión), una sugerencia entre otras: con las reglas de hoy el día queda con un viaje que sale antes de que llegue el anterior, y con esa lectura con una estancia de cero minutos fuera de casa. Cambia: viaje 2 06:43 → 16:43, viaje 3 08:18 → 18:18, viaje 4 08:00 → 20:00, viaje 5 18:04 → 20:50, viaje 6 18:06 → 20:51."
5029,1,1409800013394,Hombres,53,Empleado,,3,08:18,18:18,Trabajar,,Oficina,,,,home,,1409800010879,,AUTOMÓVIL PARTICULAR,,50,,,,,"Decimoquinta revisión: se toma la lectura de las horas de las tablas anteriores (la primera revisión), una sugerencia entre otras: con las reglas de hoy el día queda con un viaje que sale antes de que llegue el anterior, y con esa lectura con una estancia de cero minutos fuera de casa. Cambia: viaje 2 06:43 → 16:43, viaje 3 08:18 → 18:18, viaje 4 08:00 → 20:00, viaje 5 18:04 → 20:50, viaje 6 18:06 → 20:51."
5029,1,1409800013394,Hombres,53,Empleado,,4,08:00,20:00,Regresar a Casa,,Su casa,,,,1409800010879,,home,,AUTOMÓVIL PARTICULAR,,50,,hora_invertida,,,"Decimoquinta revisión: se toma la lectura de las horas de las tablas anteriores (la primera revisión), una sugerencia entre otras: con las reglas de hoy el día queda con un viaje que sale antes de que llegue el anterior, y con esa lectura con una estancia de cero minutos fuera de casa. Cambia: viaje 2 06:43 → 16:43, viaje 3 08:18 → 18:18, viaje 4 08:00 → 20:00, viaje 5 18:04 → 20:50, viaje 6 18:06 → 20:51."
5029,1,1409800013394,Hombres,53,Empleado,,5,18:04,20:50,Compras (comida),,"Comercio, mercado, tienda o centro comercial",,,,home,,1409800013055,,A PIE,,1,,,,,"Decimoquinta revisión: se toma la lectura de las horas de las tablas anteriores (la primera revisión), una sugerencia entre otras: con las reglas de hoy el día queda con un viaje que sale antes de que llegue el anterior, y con esa lectura con una estancia de cero minutos fuera de casa. Cambia: viaje 2 06:43 → 16:43, viaje 3 08:18 → 18:18, viaje 4 08:00 → 20:00, viaje 5 18:04 → 20:50, viaje 6 18:06 → 20:51."
5029,1,1409800013394,Hombres,53,Empleado,,6,18:06,20:51,Regresar a Casa,,Su casa,,,,1409800013055,,home,,A PIE,,1,,,,,"Decimoquinta revisión: se toma la lectura de las horas de las tablas anteriores (la primera revisión), una sugerencia entre otras: con las reglas de hoy el día queda con un viaje que sale antes de que llegue el anterior, y con esa lectura con una estancia de cero minutos fuera de casa. Cambia: viaje 2 06:43 → 16:43, viaje 3 08:18 → 18:18, viaje 4 08:00 → 20:00, viaje 5 18:04 → 20:50, viaje 6 18:06 → 20:51."
5179,2,1410100011592,Mujeres,31,Hogar,,1,07:55,07:05,Llevar o recoger a alguien,,Escuela,,Su casa,,home,,1410100011573,,MOTOCICLETA,,55,,,,,"Decimoquinta revisión: se toma la lectura de las horas de las tablas anteriores (la duodécima revisión), una sugerencia entre otras: con las reglas de hoy el día queda con una estancia de 8 horas o más en un mandado o una visita, y con esa lectura con ningún problema. Cambia: viaje 1 07:55 → 07:05, viaje 2 20:00 → 08:00, viaje 3 20:10 → 08:10, viaje 4 20:20 → 08:20, viaje 5 20:55 → 08:55, viaje 6 21:01 → 09:01, viaje 7 21:30 → 09:30."
5179,2,1410100011592,Mujeres,31,Hogar,,2,08:00 → 20:00,08:00,Regresar a Casa,,Su casa,,,,1410100011573,,home,,MOTOCICLETA,,5,hora:+12h,,changed,,"Decimoquinta revisión: se toma la lectura de las horas de las tablas anteriores (la duodécima revisión), una sugerencia entre otras: con las reglas de hoy el día queda con una estancia de 8 horas o más en un mandado o una visita, y con esa lectura con ningún problema. Cambia: viaje 1 07:55 → 07:05, viaje 2 20:00 → 08:00, viaje 3 20:10 → 08:10, viaje 4 20:20 → 08:20, viaje 5 20:55 → 08:55, viaje 6 21:01 → 09:01, viaje 7 21:30 → 09:30."
5179,2,1410100011592,Mujeres,31,Hogar,,3,08:10 → 20:10,08:10,Llevar o recoger a alguien,,Otros (especifique),,,,home,,1410100272336,,MOTOCICLETA,,10,hora:+12h,,changed,,"Decimoquinta revisión: se toma la lectura de las horas de las tablas anteriores (la duodécima revisión), una sugerencia entre otras: con las reglas de hoy el día queda con una estancia de 8 horas o más en un mandado o una visita, y con esa lectura con ningún problema. Cambia: viaje 1 07:55 → 07:05, viaje 2 20:00 → 08:00, viaje 3 20:10 → 08:10, viaje 4 20:20 → 08:20, viaje 5 20:55 → 08:55, viaje 6 21:01 → 09:01, viaje 7 21:30 → 09:30."
5179,2,1410100011592,Mujeres,31,Hogar,,4,08:15 → 20:20,08:20,Regresar a Casa,,Su casa,,,,1410100272336,,home,,MOTOCICLETA,,15,hora:+12h;hora:llegada,,changed,,"Decimoquinta revisión: se toma la lectura de las horas de las tablas anteriores (la duodécima revisión), una sugerencia entre otras: con las reglas de hoy el día queda con una estancia de 8 horas o más en un mandado o una visita, y con esa lectura con ningún problema. Cambia: viaje 1 07:55 → 07:05, viaje 2 20:00 → 08:00, viaje 3 20:10 → 08:10, viaje 4 20:20 → 08:20, viaje 5 20:55 → 08:55, viaje 6 21:01 → 09:01, viaje 7 21:30 → 09:30."
5179,2,1410100011592,Mujeres,31,Hogar,,5,08:55 → 20:55,08:55,Llevar o recoger a alguien,,Escuela,,,,home,,1410100011573,,MOTOCICLETA,,6,hora:+12h,,changed,,"Decimoquinta revisión: se toma la lectura de las horas de las tablas anteriores (la duodécima revisión), una sugerencia entre otras: con las reglas de hoy el día queda con una estancia de 8 horas o más en un mandado o una visita, y con esa lectura con ningún problema. Cambia: viaje 1 07:55 → 07:05, viaje 2 20:00 → 08:00, viaje 3 20:10 → 08:10, viaje 4 20:20 → 08:20, viaje 5 20:55 → 08:55, viaje 6 21:01 → 09:01, viaje 7 21:30 → 09:30."
5179,2,1410100011592,Mujeres,31,Hogar,,6,09:00 → 21:01,09:01,Regresar a Casa,,Su casa,,,,1410100011573,,home,,MOTOCICLETA,,3,hora:+12h;hora:llegada,,changed,,"Decimoquinta revisión: se toma la lectura de las horas de las tablas anteriores (la duodécima revisión), una sugerencia entre otras: con las reglas de hoy el día queda con una estancia de 8 horas o más en un mandado o una visita, y con esa lectura con ningún problema. Cambia: viaje 1 07:55 → 07:05, viaje 2 20:00 → 08:00, viaje 3 20:10 → 08:10, viaje 4 20:20 → 08:20, viaje 5 20:55 → 08:55, viaje 6 21:01 → 09:01, viaje 7 21:30 → 09:30."
5179,2,1410100011592,Mujeres,31,Hogar,,7,09:30 → 21:30,09:30,Compras (comida),,"Comercio, mercado, tienda o centro comercial",,,,home,,1410100011573,,MOTOCICLETA,,5,hora:+12h,fin_fuera_de_casa,changed,,"Decimoquinta revisión: se toma la lectura de las horas de las tablas anteriores (la duodécima revisión), una sugerencia entre otras: con las reglas de hoy el día queda con una estancia de 8 horas o más en un mandado o una visita, y con esa lectura con ningún problema. Cambia: viaje 1 07:55 → 07:05, viaje 2 20:00 → 08:00, viaje 3 20:10 → 08:10, viaje 4 20:20 → 08:20, viaje 5 20:55 → 08:55, viaje 6 21:01 → 09:01, viaje 7 21:30 → 09:30."
5246,1,1410100341978,Hombres,28,Empleado,,1,07:30,,Trabajar,,Fábrica o taller,,Su casa,,home,,1403900013976,,CAMIÓN O AUTOBÚS,,40,,,,,
5246,1,1410100341978,Hombres,28,Empleado,,2,18:10,13:45,Regresar a Casa,,Su casa,,,,1403900013976,,home,,CAMIÓN O AUTOBÚS,,75,,,,,"Decimoquinta revisión: ninguna lectura de las horas cierra el día: con las reglas queda un viaje que sale antes de que llegue el anterior, con la de las tablas anteriores menos de media hora en el trabajo o la escuela. Las salidas se mueven lo menos posible (265 min en total) para que ningún viaje salga antes de que llegue el anterior; queda ningún problema. Cambia: viaje 2 18:10 → 13:45."
5246,1,1410100341978,Hombres,28,Empleado,,3,15:00,,Trabajar,,Fábrica o taller,,,,home,,1403900013976,,AUTOMÓVIL PARTICULAR,,40,,hora_invertida,,,
5246,1,1410100341978,Hombres,28,Empleado,,4,16:30,,Regresar a Casa,,Su casa,,,,1403900013976,,home,,AUTOMÓVIL PARTICULAR,,60,,,,,
5246,1,1410100341978,Hombres,28,Empleado,,5,17:20 → 17:30,,Llevar o recoger a alguien,,Escuela,,,,home,,1410100342463,,A PIE,,10,hora:llegada,,changed,,
5246,1,1410100341978,Hombres,28,Empleado,,6,17:35 → 17:40,,Regresar a Casa,,Su casa,,,,1410100342463,,home,,A PIE,,10,hora:llegada,,changed,,
5265,3,141011963,Hombres,22,Empleado,,1,07:29,,Trabajar,,Fábrica o taller,,Su casa,,home,,1403900013976,,TREN LIGERO,,69,,,,,
5265,3,141011963,Hombres,22,Empleado,,2,18:13,13:48,Regresar a Casa,,Su casa,,,,1403900013976,,home,,TREN LIGERO,,75,,,,,"Decimoquinta revisión: ninguna lectura de las horas cierra el día: con las reglas queda un viaje que sale antes de que llegue el anterior, con la de las tablas anteriores menos de media hora en el trabajo o la escuela. Las salidas se mueven lo menos posible (265 min en total) para que ningún viaje salga antes de que llegue el anterior; queda ningún problema. Cambia: viaje 2 18:13 → 13:48."
5265,3,141011963,Hombres,22,Empleado,,3,15:03,,Trabajar,,Fábrica o taller,,,,home,,1403900013976,,AUTOMÓVIL PARTICULAR,,40,,hora_invertida,,,
5265,3,141011963,Hombres,22,Empleado,,4,16:27,,Regresar a Casa,,Su casa,,,,1403900013976,,home,,AUTOMÓVIL PARTICULAR,,60,,,,,
5265,3,141011963,Hombres,22,Empleado,,5,17:21 → 17:27,,Llevar o recoger a alguien,,Escuela,,,,home,,1410100342463,,A PIE,,10,hora:llegada,,changed,,
5265,3,141011963,Hombres,22,Empleado,,6,17:33 → 17:37,,Regresar a Casa,,Su casa,,,,1410100342463,,home,,A PIE,,10,hora:llegada,,changed,,
5310,5,1410100011323,Hombres,44,Empleado,,1,07:23,,Al médico o atención de salud,,"Hospital, clínica, consultorio, laboratorio clínico",,Su casa,,home,,1410100010861,,A PIE,,3,,,,,
5310,5,1410100011323,Hombres,44,Empleado,,2,07:32,,Regresar a Casa,,Su casa,,,,1410100010861,,home,,A PIE,,3,,,,,
5310,5,1410100011323,Hombres,44,Empleado,,3,14:00,,Trabajar,,"Comercio, mercado, tienda o centro comercial",,,,home,,140980001007A,,CAMIÓN O AUTOBÚS,,45,,,,,
5310,5,1410100011323,Hombres,44,Empleado,,4,19:03,,Regresar a Casa,,Su casa,,,,140980001007A,,home,,CAMIÓN O AUTOBÚS,,55,,,,,
5310,5,1410100011323,Hombres,44,Empleado,,5,18:09,19:58,Trabajar,,"Comercio, mercado, tienda o centro comercial",,,,home,,140980001007A,,CAMIÓN O AUTOBÚS,,45,,hora_invertida,,,"Decimoquinta revisión: ninguna lectura de las horas cierra el día: con las reglas queda un viaje que sale antes de que llegue el anterior, con la de las tablas anteriores menos de media hora en el trabajo o la escuela. Las salidas se mueven lo menos posible (109 min en total) para que ningún viaje salga antes de que llegue el anterior; queda menos de media hora en el trabajo o la escuela. Cambia: viaje 5 18:09 → 19:58."
5310,5,1410100011323,Hombres,44,Empleado,,6,20:51,,Regresar a Casa,,Su casa,,,,140980001007A,,home,,CAMIÓN O AUTOBÚS,,55,,,,,
5314,2,1410100010912,Mujeres,41,Hogar,,1,14:00,,"Compras (bienes, productos y servicios)",,"Comercio, mercado, tienda o centro comercial",,Su casa,,home,,1410100010927,,CAMIÓN O AUTOBÚS,,15,,,,,
5314,2,1410100010912,Mujeres,41,Hogar,,2,11:00,14:15,Regresar a Casa,,Su casa,,,,1410100010927,,home,,A PIE,,10,,hora_invertida,,,"Decimoquinta revisión: se toma la lectura de las horas de las tablas anteriores (la duodécima revisión), una sugerencia entre otras: con las reglas de hoy el día queda con un viaje que sale antes de que llegue el anterior, y con esa lectura con una estancia de cero minutos fuera de casa. Cambia: viaje 2 11:00 → 14:15."
5314,2,1410100010912,Mujeres,41,Hogar,,3,19:12,,Llevar o recoger a alguien,,Otra vivienda,,,,home,,home,,A PIE,,14,,,,,
5314,2,1410100010912,Mujeres,41,Hogar,,4,19:33,,Regresar a Casa,,Su casa,,,,home,,home,,A PIE,,14,,,,,
5365,2,1410100220113,Hombres,42,Empleado,,1,07:07,,Deportes o recreación,,"Deportivo, gimnasio",,Su casa,,home,,home,,A PIE,,10,,,,,
5365,2,1410100220113,Hombres,42,Empleado,,2,07:24,,Regresar a Casa,,Su casa,,,,home,,home,,A PIE,,10,,,,,
5365,2,1410100220113,Hombres,42,Empleado,,3,20:00,08:00,Trabajar,,Otros (especifique),,,,home,,141240090,,AUTOMÓVIL PARTICULAR,,10,,,,,"Decimoquinta revisión: se toma la lectura de las horas de las tablas anteriores (la primera revisión), una sugerencia entre otras: con las reglas de hoy el día queda con un viaje que sale antes de que llegue el anterior, y con esa lectura con menos de media hora en el trabajo o la escuela. Cambia: viaje 3 20:00 → 08:00, viaje 6 16:00 → 18:00."
5365,2,1410100220113,Hombres,42,Empleado,,4,15:35,,Regresar a Casa,,Su casa,,,,141240090,,home,,AUTOMÓVIL PARTICULAR,,10,,hora_invertida,,,
5365,2,1410100220113,Hombres,42,Empleado,,5,17:25,,Trabajar,,Otros (especifique),,,,home,,141240090,,AUTOMÓVIL PARTICULAR,,10,,,,,
5365,2,1410100220113,Hombres,42,Empleado,,6,16:00,18:00,Regresar a Casa,,Su casa,,,,141240090,,home,,AUTOMÓVIL PARTICULAR,,10,,hora_invertida,,,"Decimoquinta revisión: se toma la lectura de las horas de las tablas anteriores (la primera revisión), una sugerencia entre otras: con las reglas de hoy el día queda con un viaje que sale antes de que llegue el anterior, y con esa lectura con menos de media hora en el trabajo o la escuela. Cambia: viaje 3 20:00 → 08:00, viaje 6 16:00 → 18:00."
5482,5,1410100010397,Mujeres,17,Estudiante,,1,07:18,,Deportes o recreación,,"Deportivo, gimnasio",,Su casa,,home,,1410100010522,,A PIE,,2,,,,,
5482,5,1410100010397,Mujeres,17,Estudiante,,2,07:23,,Regresar a Casa,,Su casa,,,,1410100010522,,home,,A PIE,,2,,,,,
5482,5,1410100010397,Mujeres,17,Estudiante,,3,13:00,,Estudiar,,Escuela,,,,home,,1403900011429,,CAMIÓN O AUTOBÚS,,30,,,,,
5482,5,1410100010397,Mujeres,17,Estudiante,,4,19:20,16:30,Regresar a Casa,,Su casa,,,,1403900011429,,home,,CAMIÓN O AUTOBÚS,,30,,,,,"Decimoquinta revisión: se toma la lectura de las horas de las tablas anteriores (la duodécima revisión), una sugerencia entre otras: con las reglas de hoy el día queda con un viaje que sale antes de que llegue el anterior, y con esa lectura con ningún problema. Cambia: viaje 4 19:20 → 16:30."
5482,5,1410100010397,Mujeres,17,Estudiante,,5,17:00,,Compras (comida),,"Comercio, mercado, tienda o centro comercial",,,,home,,home,,A PIE,,5,,hora_invertida,,,
5482,5,1410100010397,Mujeres,17,Estudiante,,6,17:15,,Regresar a Casa,,Su casa,,,,home,,home,,A PIE,,5,,,,,
5723,5,1403900010454,Hombres,33,Estudiante,,1,07:11,,Compras (comida),,"Comercio, mercado, tienda o centro comercial",,Su casa,,home,,1403900010473,,A PIE,,4,,,,,
5723,5,1403900010454,Hombres,33,Estudiante,,2,07:22,,Regresar a Casa,,Su casa,,,,1403900010473,,home,,A PIE,,4,,,,,
5723,5,1403900010454,Hombres,33,Estudiante,,3,13:21,,Estudiar,,Escuela,,,,home,,140390001119A,,CAMIÓN O AUTOBÚS,,25,,,,,
5723,5,1403900010454,Hombres,33,Estudiante,,4,19:05,,Regresar a Casa,,Su casa,,,,140390001119A,,home,,CAMIÓN O AUTOBÚS,,25,,,,,
5723,5,1403900010454,Hombres,33,Estudiante,,5,18:13,19:30,Estudiar,,Escuela,,,,home,,140390001119A,,CAMIÓN O AUTOBÚS,,25,,hora_invertida,,,"Decimoquinta revisión: ninguna lectura de las horas cierra el día: con las reglas queda un viaje que sale antes de que llegue el anterior, con la de las tablas anteriores menos de media hora en el trabajo o la escuela. Las salidas se mueven lo menos posible (77 min en total) para que ningún viaje salga antes de que llegue el anterior; queda ningún problema. Cambia: viaje 5 18:13 → 19:30."
5723,5,1403900010454,Hombres,33,Estudiante,,6,20:47,,Regresar a Casa,,Su casa,,,,140390001119A,,home,,CAMIÓN O AUTOBÚS,,25,,,,,
5734,2,1403900010204,Hombres,44,Empleado,,1,10:00,,Trabajar,,"Comercio, mercado, tienda o centro comercial",,Su casa,,home,,1403900010223,,AUTOMÓVIL PARTICULAR,,15,,,,,
5734,2,1403900010204,Hombres,44,Empleado,,2,02:46,12:46,Regresar a Casa,,Su casa,,,,1403900010223,,home,,AUTOMÓVIL PARTICULAR,,15,,hora_invertida,,,"Decimoquinta revisión: se toma la lectura de las horas de las tablas anteriores (la primera revisión), una sugerencia entre otras: con las reglas de hoy el día queda con un viaje que sale antes de que llegue el anterior, y con esa lectura con ningún problema. Cambia: viaje 2 02:46 → 12:46, viaje 3 04:21 → 14:21, viaje 4 01:00 → 16:36."
5734,2,1403900010204,Hombres,44,Empleado,,3,04:21,14:21,Trabajar,,"Comercio, mercado, tienda o centro comercial",,,,home,,1403900010223,,AUTOMÓVIL PARTICULAR,,15,,,,,"Decimoquinta revisión: se toma la lectura de las horas de las tablas anteriores (la primera revisión), una sugerencia entre otras: con las reglas de hoy el día queda con un viaje que sale antes de que llegue el anterior, y con esa lectura con ningún problema. Cambia: viaje 2 02:46 → 12:46, viaje 3 04:21 → 14:21, viaje 4 01:00 → 16:36."
5734,2,1403900010204,Hombres,44,Empleado,,4,01:00,16:36,Regresar a Casa,,Su casa,,,,1403900010223,,home,,AUTOMÓVIL PARTICULAR,,15,,hora_invertida,,,"Decimoquinta revisión: se toma la lectura de las horas de las tablas anteriores (la primera revisión), una sugerencia entre otras: con las reglas de hoy el día queda con un viaje que sale antes de que llegue el anterior, y con esa lectura con ningún problema. Cambia: viaje 2 02:46 → 12:46, viaje 3 04:21 → 14:21, viaje 4 01:00 → 16:36."
5734,2,1403900010204,Hombres,44,Empleado,,5,18:10,,Deportes o recreación,,Centro cultural o área recreativa,,,,home,,home,,A PIE,,10,,,,,
5734,2,1403900010204,Hombres,44,Empleado,,6,18:29,,Regresar a Casa,,Su casa,,,,home,,home,,A PIE,,10,,,,,
5834,2,1403900010238,Hombres,33,Empleado,,1,13:00,01:00,Trabajar,,"Restaurante, bar, cafetería",,Su casa,,140390001158A → home,,140390001158A,,AUTOMÓVIL PARTICULAR,,50,origen:copia,,changed,,"Decimoquinta revisión: se toma la lectura de las horas de las tablas anteriores (la primera revisión), una sugerencia entre otras: con las reglas de hoy el día queda con un viaje que sale antes de que llegue el anterior, y con esa lectura con una salida movida a la madrugada. Cambia: viaje 1 13:00 → 01:00, viaje 4 12:00 → 14:00."
5834,2,1403900010238,Hombres,33,Empleado,,2,10:45,,Regresar a Casa,,Su casa,,,,140390001158A,,home,,AUTOMÓVIL PARTICULAR,,40,,hora_invertida,,,
5834,2,1403900010238,Hombres,33,Empleado,,3,12:15,,Trabajar,,"Restaurante, bar, cafetería",,,,home,,140390001158A,,AUTOMÓVIL PARTICULAR,,50,,,,,
5834,2,1403900010238,Hombres,33,Empleado,,4,12:00,14:00,Regresar a Casa,,Su casa,,,,140390001158A,,home,,AUTOMÓVIL PARTICULAR,,40,,hora_invertida,,,"Decimoquinta revisión: se toma la lectura de las horas de las tablas anteriores (la primera revisión), una sugerencia entre otras: con las reglas de hoy el día queda con un viaje que sale antes de que llegue el anterior, y con esa lectura con una salida movida a la madrugada. Cambia: viaje 1 13:00 → 01:00, viaje 4 12:00 → 14:00."
5834,3,1403900010238,Hombres,27,Empleado,,1,13:07,01:07,Trabajar,,"Restaurante, bar, cafetería",,Su casa,,140390001158A → home,,140390001158A,,AUTOMÓVIL PARTICULAR,,50,origen:copia,,changed,,"Decimoquinta revisión: se toma la lectura de las horas de las tablas anteriores (la primera revisión), una sugerencia entre otras: con las reglas de hoy el día queda con un viaje que sale antes de que llegue el anterior, y con esa lectura con una salida movida a la madrugada. Cambia: viaje 1 13:07 → 01:07, viaje 4 12:05 → 14:05."
5834,3,1403900010238,Hombres,27,Empleado,,2,10:47,,Regresar a Casa,,Su casa,,,,140390001158A,,home,,AUTOMÓVIL PARTICULAR,,40,,hora_invertida,,,
5834,3,1403900010238,Hombres,27,Empleado,,3,12:03,,Trabajar,,"Restaurante, bar, cafetería",,,,home,,140390001158A,,AUTOMÓVIL PARTICULAR,,50,,,,,
5834,3,1403900010238,Hombres,27,Empleado,,4,12:05,14:05,Regresar a Casa,,Su casa,,,,140390001158A,,home,,AUTOMÓVIL PARTICULAR,,40,,hora_invertida,,,"Decimoquinta revisión: se toma la lectura de las horas de las tablas anteriores (la primera revisión), una sugerencia entre otras: con las reglas de hoy el día queda con un viaje que sale antes de que llegue el anterior, y con esa lectura con una salida movida a la madrugada. Cambia: viaje 1 13:07 → 01:07, viaje 4 12:05 → 14:05."
6139,1,1412000011032,Hombres,26,Empleado,,1,08:00,,Trabajar,,Otros (especifique),,Su casa,,home,,1412000013772,,A PIE,,20,,,,,
6139,1,1412000011032,Hombres,26,Empleado,,2,09:30,,Trabajar,,"Comercio, mercado, tienda o centro comercial",,,,1412000013772,,1412000013772,,AUTOMÓVIL PARTICULAR,,45,,,,,
6139,1,1412000011032,Hombres,26,Empleado,,3,21:40,,Regresar a Casa → Trabajar,,Fábrica o taller,,,,1412000013772,,1412000013772,,AUTOMÓVIL PARTICULAR,,45,motivo:tipo_destino,,changed,,
6139,1,1412000011032,Hombres,26,Empleado,,4,21:50,22:25,Regresar a Casa,,Su casa,,,,1412000013772,,home,,A PIE,,20,,hora_invertida,,,"Decimoquinta revisión: se toma la lectura de las horas de las tablas anteriores (la primera revisión), una sugerencia entre otras: con las reglas de hoy el día queda con un viaje que sale antes de que llegue el anterior, y con esa lectura con menos de media hora en el trabajo o la escuela. Cambia: viaje 4 21:50 → 22:25."
6172,4,1412000012280,Hombres,16,Estudiante,,1,13:00,,Estudiar,,Escuela,,Su casa,,home,,1412000011032,,CAMIÓN O AUTOBÚS,,15,,,,,
6172,4,1412000012280,Hombres,16,Estudiante,,2,19:30,,Regresar a Casa,,Su casa,,,,1412000011032,,home,,CAMIÓN O AUTOBÚS,,15,,,,,
6172,4,1412000012280,Hombres,16,Estudiante,,3,18:23,19:45,Estudiar,,Escuela,,,,home,,1412000011032,,CAMIÓN O AUTOBÚS,,15,,hora_invertida,,,"Decimoquinta revisión: ninguna lectura de las horas cierra el día: con las reglas queda un viaje que sale antes de que llegue el anterior, con la de las tablas anteriores menos de media hora en el trabajo o la escuela. Las salidas se mueven lo menos posible (82 min en total) para que ningún viaje salga antes de que llegue el anterior; queda ningún problema. Cambia: viaje 3 18:23 → 19:45."
6172,4,1412000012280,Hombres,16,Estudiante,,4,20:42,,Regresar a Casa,,Su casa,,,,1412000011032,,home,,CAMIÓN O AUTOBÚS,,15,,,,,
6213,3,1410100010490,Mujeres,19,Estudiante,,1,08:00,,Estudiar,,Escuela,,Su casa,,home,,1410100010645,,CAMIÓN O AUTOBÚS,,20,,,,,
6213,3,1410100010490,Mujeres,19,Estudiante,,2,15:00,,Regresar a Casa,,Su casa,,,,1410100010645,,home,,CAMIÓN O AUTOBÚS,,20,,,,,
6213,3,1410100010490,Mujeres,19,Estudiante,,3,18:00,,Trabajar,,"Comercio, mercado, tienda o centro comercial",,,,home,,home,,A PIE,,15,,,,,
6213,3,1410100010490,Mujeres,19,Estudiante,,4,12:00,00:00,Regresar a Casa,,Su casa,,,,home,,home,,A PIE,,15,,hora_invertida,,,"Decimoquinta revisión: se toma la lectura de las horas de las tablas anteriores (la primera revisión), una sugerencia entre otras: con las reglas de hoy el día queda con un viaje que sale antes de que llegue el anterior, y con esa lectura con ningún problema. Cambia: viaje 4 12:00 → 00:00."
6487,2,1412000012613,Mujeres,27,Empleado,,1,06:00,,Trabajar,,Su casa,,Su casa,,home,,home,,Bicicleta,,5,,actividad_en_casa,,,
6487,2,1412000012613,Mujeres,27,Empleado,,2,21:00,09:00,Trabajar,,Fábrica o taller,,,,home,,1412000011579,,Bicicleta,,5,,,,,"Decimoquinta revisión: se toma la lectura de las horas de las tablas anteriores (la primera revisión y la undécima revisión), una sugerencia entre otras: con las reglas de hoy el día queda con menos de media hora en el trabajo o la escuela, y con esa lectura con ningún problema. Cambia: viaje 2 21:00 → 09:00, viaje 3 21:05 → 20:58."
6487,2,1412000012613,Mujeres,27,Empleado,,3,20:58 → 21:05,20:58,Regresar a Casa,,Su casa,,,,1412000011579,,home,,Bicicleta,,5,hora:llegada,,changed,,"Decimoquinta revisión: se toma la lectura de las horas de las tablas anteriores (la primera revisión y la undécima revisión), una sugerencia entre otras: con las reglas de hoy el día queda con menos de media hora en el trabajo o la escuela, y con esa lectura con ningún problema. Cambia: viaje 2 21:00 → 09:00, viaje 3 21:05 → 20:58."
6650,2,1403900010929,Mujeres,58,Hogar,,1,09:00,,Visitar a alguien,,Otra vivienda,,Su casa,,home,,1403900010030,,AUTOMÓVIL PARTICULAR,,15,,,,,
6650,2,1403900010929,Mujeres,58,Hogar,,2,10:15,,Compras (comida),,"Restaurante, bar, cafetería",,,,1403900010030,,1412000014198,,AUTOMÓVIL PARTICULAR,,15,,,,,
6650,2,1403900010929,Mujeres,58,Hogar,,3,11:40,,Visitar a alguien,,Otra vivienda,,,,1412000014198,,1403900010030,,AUTOMÓVIL PARTICULAR,,15,,,,,
6650,2,1403900010929,Mujeres,58,Hogar,,4,13:30,,Regresar a Casa,,Su casa,,,,1403900010030,,home,,AUTOMÓVIL PARTICULAR,,25,,,,,
6650,2,1403900010929,Mujeres,58,Hogar,,5,20:30,,Deportes o recreación,,"Comercio, mercado, tienda o centro comercial",,,,home,,1403900011043,,AUTOMÓVIL PARTICULAR,,10,,,,,
6650,2,1403900010929,Mujeres,58,Hogar,,6,12:00,00:00,Regresar a Casa,,Su casa,,,,1403900011043,,home,,AUTOMÓVIL PARTICULAR,,10,,hora_invertida,,,"Decimoquinta revisión: se toma la lectura de las horas de las tablas anteriores (la primera revisión), una sugerencia entre otras: con las reglas de hoy el día queda con un viaje que sale antes de que llegue el anterior, y con esa lectura con ningún problema. Cambia: viaje 6 12:00 → 00:00."
6699,1,1403900011293,Hombres,66,Empleado,,1,08:20,,Otros (especifique),,Otros (especifique),,Su casa,,home,,1403900011560,,A PIE,,11,,,,,
6699,1,1403900011293,Hombres,66,Empleado,,2,08:38,,Regresar a Casa,,Su casa,,,,1403900011560,,home,,A PIE,,11,,,,,
6699,1,1403900011293,Hombres,66,Empleado,,3,12:30,10:40,Trabajar,,Escuela,,,,home,,140980001053A,,AUTOMÓVIL PARTICULAR,,20,,,,,"Decimoquinta revisión: ninguna lectura de las horas cierra el día: con las reglas queda un viaje que sale antes de que llegue el anterior, con la de las tablas anteriores menos de media hora en el trabajo o la escuela. Las salidas se mueven lo menos posible (110 min en total) para que ningún viaje salga antes de que llegue el anterior; queda menos de media hora en el trabajo o la escuela. Cambia: viaje 3 12:30 → 10:40."
6699,1,1403900011293,Hombres,66,Empleado,,4,11:00,,Regresar a Casa,,Su casa,,,,140980001053A,,home,,AUTOMÓVIL PARTICULAR,,20,,hora_invertida,,,
6699,1,1403900011293,Hombres,66,Empleado,,5,12:30,,Trabajar,,"Hospital, clínica, consultorio, laboratorio clínico",,,,home,,1412000010392,,AUTOMÓVIL PARTICULAR,,30,,,,,
6699,1,1403900011293,Hombres,66,Empleado,,6,20:14,,Regresar a Casa,,Su casa,,,,1412000010392,,home,,AUTOMÓVIL PARTICULAR,,35,,,,,
6766,1,1403900010933,Hombres,25,Estudiante,,1,08:24,,Compras (comida),,"Comercio, mercado, tienda o centro comercial",,Su casa,,home,,home,,A PIE,,2,,,,,
6766,1,1403900010933,Hombres,25,Estudiante,,2,08:35,,Regresar a Casa,,Su casa,,,,home,,home,,A PIE,,2,,,,,
6766,1,1403900010933,Hombres,25,Estudiante,,3,19:30,09:30,Estudiar,,Escuela,,,,home,,141200001098A,,MOTOCICLETA,,20,,,,,"Decimoquinta revisión: se toma la lectura de las horas de las tablas anteriores (la primera revisión), una sugerencia entre otras: con las reglas de hoy el día queda con un viaje que sale antes de que llegue el anterior, y con esa lectura con ningún problema. Cambia: viaje 3 19:30 → 09:30, viaje 6 12:00 → 00:00."
6766,1,1403900010933,Hombres,25,Estudiante,,4,14:40,,Regresar a Casa,,Su casa,,,,141200001098A,,home,,MOTOCICLETA,,25,,hora_invertida,,,
6766,1,1403900010933,Hombres,25,Estudiante,,5,18:30,,"Compras (bienes, productos y servicios)",,"Comercio, mercado, tienda o centro comercial",,,,home,,1403900011310,,MOTOCICLETA,,15,,,,,
6766,1,1403900010933,Hombres,25,Estudiante,,6,12:00,00:00,Regresar a Casa,,Su casa,,,,1403900011310,,home,,MOTOCICLETA,,25,,hora_invertida,,,"Decimoquinta revisión: se toma la lectura de las horas de las tablas anteriores (la primera revisión), una sugerencia entre otras: con las reglas de hoy el día queda con un viaje que sale antes de que llegue el anterior, y con esa lectura con ningún problema. Cambia: viaje 3 19:30 → 09:30, viaje 6 12:00 → 00:00."
6821,1,1412000011155,Hombres,53,Empleado,,1,20:00,08:00,Trabajar,,Oficina,,Su casa,,home,,1403900011147,,AUTOMÓVIL PARTICULAR,,35,,,,,"Decimoquinta revisión: se toma la lectura de las horas de las tablas anteriores (la primera revisión), una sugerencia entre otras: con las reglas de hoy el día queda con un viaje que sale antes de que llegue el anterior, y con esa lectura con ningún problema. Cambia: viaje 1 20:00 → 08:00, viaje 3 18:26 → 17:27, viaje 4 17:00 → 19:01."
6821,1,1412000011155,Hombres,53,Empleado,,2,16:47,,Regresar a Casa,,Su casa,,,,1403900011147,,home,,AUTOMÓVIL PARTICULAR,,40,,hora_invertida,,,
6821,1,1412000011155,Hombres,53,Empleado,,3,18:26,17:27,Trabajar,,Oficina,,,,home,,1403900011147,,AUTOMÓVIL PARTICULAR,,35,,,,,"Decimoquinta revisión: se toma la lectura de las horas de las tablas anteriores (la primera revisión), una sugerencia entre otras: con las reglas de hoy el día queda con un viaje que sale antes de que llegue el anterior, y con esa lectura con ningún problema. Cambia: viaje 1 20:00 → 08:00, viaje 3 18:26 → 17:27, viaje 4 17:00 → 19:01."
6821,1,1412000011155,Hombres,53,Empleado,,4,17:00,19:01,Regresar a Casa,,Su casa,,,,1403900011147,,home,,AUTOMÓVIL PARTICULAR,,40,,hora_invertida,,,"Decimoquinta revisión: se toma la lectura de las horas de las tablas anteriores (la primera revisión), una sugerencia entre otras: con las reglas de hoy el día queda con un viaje que sale antes de que llegue el anterior, y con esa lectura con ningún problema. Cambia: viaje 1 20:00 → 08:00, viaje 3 18:26 → 17:27, viaje 4 17:00 → 19:01."
6859,3,1412000011193,Mujeres,31,Empleado,,1,05:00,,Trabajar,,Otra vivienda,,Su casa,,home,,999990005,,AUTOMÓVIL PARTICULAR,,120,,,,,
6859,3,1412000011193,Mujeres,31,Empleado,,2,07:47,,Regresar a Casa,,Su casa,,,,999990005,,home,,AUTOMÓVIL PARTICULAR,,120,,,,,
6859,3,1412000011193,Mujeres,31,Empleado,,3,09:27 → 09:47,,Trabajar,,Otra vivienda,,,,home,,999990005,,AUTOMÓVIL PARTICULAR,,120,hora:llegada,,changed,,
6859,3,1412000011193,Mujeres,31,Empleado,,4,10:01,11:47,Regresar a Casa,,Su casa,,,,999990005,,home,,AUTOMÓVIL PARTICULAR,,120,,hora_invertida,,,"Decimoquinta revisión: ninguna lectura de las horas cierra el día: con las reglas queda un viaje que sale antes de que llegue el anterior, con la de las tablas anteriores menos de media hora en el trabajo o la escuela. Las salidas se mueven lo menos posible (106 min en total) para que ningún viaje salga antes de que llegue el anterior; queda menos de media hora en el trabajo o la escuela. Cambia: viaje 4 10:01 → 11:47."
6859,3,1412000011193,Mujeres,31,Empleado,,5,19:18,,Deportes o recreación,,"Deportivo, gimnasio",,,,home,,home,,A PIE,,7,,,,,
6859,3,1412000011193,Mujeres,31,Empleado,,6,19:35,,Regresar a Casa,,Su casa,,,,home,,home,,A PIE,,7,,,,,
6926,3,1412000011155,Hombres,28,Empleado,,1,19:00,09:00,Trabajar,,"Comercio, mercado, tienda o centro comercial",,Su casa,,home,,1412000011206,,AUTOMÓVIL PARTICULAR,,35,,,,,"Decimoquinta revisión: se toma la lectura de las horas de las tablas anteriores (las reglas anteriores), una sugerencia entre otras: con las reglas de hoy el día queda con un viaje que sale antes de que llegue el anterior, y con esa lectura con menos de media hora en el trabajo o la escuela. Cambia: viaje 1 19:00 → 09:00, viaje 4 16:00 → 18:00."
6926,3,1412000011155,Hombres,28,Empleado,,2,15:38,,Regresar a Casa,,Su casa,,,,1412000011206,,home,,AUTOMÓVIL PARTICULAR,,30,,hora_invertida,,,
6926,3,1412000011155,Hombres,28,Empleado,,3,17:05,,Trabajar,,"Comercio, mercado, tienda o centro comercial",,,,home,,1412000011206,,AUTOMÓVIL PARTICULAR,,35,,,,,
6926,3,1412000011155,Hombres,28,Empleado,,4,16:00,18:00,Regresar a Casa,,Su casa,,,,1412000011206,,home,,AUTOMÓVIL PARTICULAR,,30,,hora_invertida,,,"Decimoquinta revisión: se toma la lectura de las horas de las tablas anteriores (las reglas anteriores), una sugerencia entre otras: con las reglas de hoy el día queda con un viaje que sale antes de que llegue el anterior, y con esa lectura con menos de media hora en el trabajo o la escuela. Cambia: viaje 1 19:00 → 09:00, viaje 4 16:00 → 18:00."
6929,3,1412000012914,Hombres,21,Empleado,,1,22:00,10:00,Trabajar,,Otra vivienda,,Su casa,,home,,1407000130238,,AUTOMÓVIL PARTICULAR,,30,,,,,"Decimoquinta revisión: se toma la lectura de las horas de las tablas anteriores (la primera revisión), una sugerencia entre otras: con las reglas de hoy el día queda con un viaje que sale antes de que llegue el anterior, y con esa lectura con ningún problema. Cambia: viaje 1 22:00 → 10:00, viaje 2 08:00 → 20:00, viaje 3 15:00 → 05:00."
6929,3,1412000012914,Hombres,21,Empleado,,2,08:00,20:00,Estudiar,,Escuela,,,,1407000130238,,1403900014546,,AUTOMÓVIL PARTICULAR,,30,,hora_invertida,,,"Decimoquinta revisión: se toma la lectura de las horas de las tablas anteriores (la primera revisión), una sugerencia entre otras: con las reglas de hoy el día queda con un viaje que sale antes de que llegue el anterior, y con esa lectura con ningún problema. Cambia: viaje 1 22:00 → 10:00, viaje 2 08:00 → 20:00, viaje 3 15:00 → 05:00."
6929,3,1412000012914,Hombres,21,Empleado,,3,15:00,05:00,Regresar a Casa,,Su casa,,,,1403900014546,,home,,AUTOMÓVIL PARTICULAR,,30,,,,,"Decimoquinta revisión: se toma la lectura de las horas de las tablas anteriores (la primera revisión), una sugerencia entre otras: con las reglas de hoy el día queda con un viaje que sale antes de que llegue el anterior, y con esa lectura con ningún problema. Cambia: viaje 1 22:00 → 10:00, viaje 2 08:00 → 20:00, viaje 3 15:00 → 05:00."
6949,2,1412000011210,Hombres,36,Empleado,,1,18:00,08:00,Trabajar,,Otros (especifique),,Su casa,,home,,1410100010931,,AUTOMÓVIL PARTICULAR,,90,,,,,"Decimoquinta revisión: se toma la lectura de las horas de las tablas anteriores (las reglas anteriores), una sugerencia entre otras: con las reglas de hoy el día queda con un viaje que sale antes de que llegue el anterior, y con esa lectura con menos de media hora en el trabajo o la escuela. Cambia: viaje 1 18:00 → 08:00, viaje 4 17:00 → 19:00."
6949,2,1412000011210,Hombres,36,Empleado,,2,15:31,,Regresar a Casa,,Su casa,,,,1410100010931,,home,,AUTOMÓVIL PARTICULAR,,90,,hora_invertida,,,
6949,2,1412000011210,Hombres,36,Empleado,,3,17:01,,Trabajar,,Otros (especifique),,,,home,,1410100010931,,AUTOMÓVIL PARTICULAR,,90,,,,,
6949,2,1412000011210,Hombres,36,Empleado,,4,17:00,19:00,Regresar a Casa,,Su casa,,,,1410100010931,,home,,AUTOMÓVIL PARTICULAR,,90,,hora_invertida,,,"Decimoquinta revisión: se toma la lectura de las horas de las tablas anteriores (las reglas anteriores), una sugerencia entre otras: con las reglas de hoy el día queda con un viaje que sale antes de que llegue el anterior, y con esa lectura con menos de media hora en el trabajo o la escuela. Cambia: viaje 1 18:00 → 08:00, viaje 4 17:00 → 19:00."
7002,2,1412000012914,Mujeres,61,Hogar,,1,07:00,,Al médico o atención de salud,,"Hospital, clínica, consultorio, laboratorio clínico",,Su casa,,home,,1412000014605,,AUTOMÓVIL PARTICULAR,,35,,,,,
7002,2,1412000012914,Mujeres,61,Hogar,,2,09:00,,Compras (comida),,"Comercio, mercado, tienda o centro comercial",,,,1412000014605,,1412000014376,,AUTOMÓVIL PARTICULAR,,35,,,,,
7002,2,1412000012914,Mujeres,61,Hogar,,3,12:00,,Regresar a Casa,,Su casa,,,,1412000014376,,home,,AUTOMÓVIL PARTICULAR,,30,,,,,
7002,2,1412000012914,Mujeres,61,Hogar,,4,19:00,,Deportes o recreación,,"Comercio, mercado, tienda o centro comercial",,,,home,,1412000013293,,Taxi plataforma (Uber/Didi),,20,,,,,
7002,2,1412000012914,Mujeres,61,Hogar,,5,12:00,00:00,Regresar a Casa,,Su casa,,,,1412000013293,,home,,Taxi plataforma (Uber/Didi),,25,,hora_invertida,,,"Decimoquinta revisión: se toma la lectura de las horas de las tablas anteriores (la primera revisión), una sugerencia entre otras: con las reglas de hoy el día queda con un viaje que sale antes de que llegue el anterior, y con esa lectura con ningún problema. Cambia: viaje 5 12:00 → 00:00."
7002,4,1412000012914,Mujeres,41,Hogar,,1,10:40,,Visitar a alguien,,"Comercio, mercado, tienda o centro comercial",,Su casa,,home,,1403900011293,,Taxi plataforma (Uber/Didi),,25,,,,,
7002,4,1412000012914,Mujeres,41,Hogar,,2,11:30,,Regresar a Casa,,Su casa,,,,1403900011293,,home,,Taxi plataforma (Uber/Didi),,30,,,,,
7002,4,1412000012914,Mujeres,41,Hogar,,3,19:00,,Deportes o recreación,,"Comercio, mercado, tienda o centro comercial",,,,home,,1412000013293,,Taxi plataforma (Uber/Didi),,20,,,,,
7002,4,1412000012914,Mujeres,41,Hogar,,4,12:00,00:00,Regresar a Casa,,Su casa,,,,1412000013293,,home,,Taxi plataforma (Uber/Didi),,25,,hora_invertida,,,"Decimoquinta revisión: se toma la lectura de las horas de las tablas anteriores (la primera revisión), una sugerencia entre otras: con las reglas de hoy el día queda con un viaje que sale antes de que llegue el anterior, y con esa lectura con ningún problema. Cambia: viaje 4 12:00 → 00:00."
7085,2,1412000011206,Mujeres,16,Estudiante,,1,13:24,,Estudiar,,Escuela,,Su casa,,home,,1412000015266,,CAMIÓN O AUTOBÚS,,15,,,,,
7085,2,1412000011206,Mujeres,16,Estudiante,,2,19:09,,Regresar a Casa,,Su casa,,,,1412000015266,,home,,CAMIÓN O AUTOBÚS,,15,,,,,
7085,2,1412000011206,Mujeres,16,Estudiante,,3,18:19,19:24,Estudiar,,Escuela,,,,home,,1412000015266,,CAMIÓN O AUTOBÚS,,15,,hora_invertida,,,"Decimoquinta revisión: ninguna lectura de las horas cierra el día: con las reglas queda un viaje que sale antes de que llegue el anterior, con la de las tablas anteriores menos de media hora en el trabajo o la escuela. Las salidas se mueven lo menos posible (65 min en total) para que ningún viaje salga antes de que llegue el anterior; queda ningún problema. Cambia: viaje 3 18:19 → 19:24."
7085,2,1412000011206,Mujeres,16,Estudiante,,4,20:54,,Regresar a Casa,,Su casa,,,,1412000015266,,home,,CAMIÓN O AUTOBÚS,,15,,,,,
7096,1,141200157,Mujeres,49,Hogar,,1,07:00,,Llevar o recoger a alguien,,Escuela,,Su casa,,home,,141200001397A,,AUTOMÓVIL PARTICULAR,,20,,,,,
7096,1,141200157,Mujeres,49,Hogar,,2,14:00,,Regresar a Casa,,Su casa,,,,141200001397A,,home,,AUTOMÓVIL PARTICULAR,,20,,,,,
7096,1,141200157,Mujeres,49,Hogar,,3,12:00,14:20,Llevar o recoger a alguien,,Escuela,,,,home,,141200001397A,,AUTOMÓVIL PARTICULAR,,25,,hora_invertida,,,"Decimoquinta revisión: se toma la lectura de las horas de las tablas anteriores (la primera revisión), una sugerencia entre otras: con las reglas de hoy el día queda con un viaje que sale antes de que llegue el anterior, y con esa lectura con ningún problema. Cambia: viaje 3 12:00 → 14:20."
7096,1,141200157,Mujeres,49,Hogar,,4,20:32,,Regresar a Casa,,Su casa,,,,141200001397A,,home,,AUTOMÓVIL PARTICULAR,,25,,,,,
7101,1,141200157,Hombres,66,Jubilado o pensionado,,1,07:30,,Trabajar,,"Comercio, mercado, tienda o centro comercial",,Su casa,,home,,1403900014565,,AUTOMÓVIL PARTICULAR,,30,,,,,
7101,1,141200157,Hombres,66,Jubilado o pensionado,,2,07:44,08:00,Regresar a Casa,,Su casa,,,,1403900014565,,home,,AUTOMÓVIL PARTICULAR,,15,,hora_invertida,,,"Decimoquinta revisión: se toma la lectura de las horas de las tablas anteriores (la primera revisión), una sugerencia entre otras: con las reglas de hoy el día queda con un viaje que sale antes de que llegue el anterior, y con esa lectura con menos de media hora en el trabajo o la escuela. Cambia: viaje 2 07:44 → 08:00."
7101,1,141200157,Hombres,66,Jubilado o pensionado,,3,09:16,,Trabajar,,"Comercio, mercado, tienda o centro comercial",,,,home,,1403900014565,,AUTOMÓVIL PARTICULAR,,30,,,,,
7101,1,141200157,Hombres,66,Jubilado o pensionado,,4,10:00,,Regresar a Casa,,Su casa,,,,1403900014565,,home,,AUTOMÓVIL PARTICULAR,,15,,,,,
7101,1,141200157,Hombres,66,Jubilado o pensionado,,5,18:14,,Otros (especifique),,Otros (especifique),,,,home,,home,,A PIE,,5,,,,,
7101,1,141200157,Hombres,66,Jubilado o pensionado,,6,18:20,,Regresar a Casa,,Su casa,,,,home,,home,,A PIE,,5,,,,,
7181,4,1412000012863,Mujeres,7,Estudiante,,1,07:39,,Estudiar,,Escuela,,Su casa,,home,,1412000013518,,A PIE,,8,,,,,
7181,4,1412000012863,Mujeres,7,Estudiante,,2,13:06,,Regresar a Casa,,Su casa,,,,1412000013518,,home,,A PIE,,8,,,,,
7181,4,1412000012863,Mujeres,7,Estudiante,,3,15:09,,Compras (comida),,"Comercio, mercado, tienda o centro comercial",,,,home,,home,,A PIE,,2,,,,,
7181,4,1412000012863,Mujeres,7,Estudiante,,4,15:06 → 15:11,17:06,Regresar a Casa,,Su casa,,,,home,,home,,A PIE,,2,hora:llegada,,changed,,"Decimoquinta revisión: se toma la lectura de las horas de las tablas anteriores (la undécima revisión), una sugerencia entre otras: con las reglas de hoy el día queda con una estancia de cero minutos fuera de casa, y con esa lectura con ningún problema. Cambia: viaje 4 15:11 → 17:06."
7229,1,1412000013575,Mujeres,60,Empleado,,1,15:00,05:00,Trabajar,,Otros (especifique),,Su casa,,home,,1412000011206,,AUTOMÓVIL PARTICULAR,,5,,,,,"Decimoquinta revisión: se toma la lectura de las horas de las tablas anteriores (la primera revisión y la undécima revisión), una sugerencia entre otras: con las reglas de hoy el día queda con menos de media hora en el trabajo o la escuela, y con esa lectura con ningún problema. Cambia: viaje 1 15:00 → 05:00, viaje 2 15:05 → 14:51."
7229,1,1412000013575,Mujeres,60,Empleado,,2,14:51 → 15:05,14:51,Regresar a Casa,,Su casa,,,,1412000011206,,home,,AUTOMÓVIL PARTICULAR,,5,hora:llegada,,changed,,"Decimoquinta revisión: se toma la lectura de las horas de las tablas anteriores (la primera revisión y la undécima revisión), una sugerencia entre otras: con las reglas de hoy el día queda con menos de media hora en el trabajo o la escuela, y con esa lectura con ningún problema. Cambia: viaje 1 15:00 → 05:00, viaje 2 15:05 → 14:51."
7229,1,1412000013575,Mujeres,60,Empleado,,3,16:05,,Trabajar,,Otros (especifique),,,,home,,1412000011206,,AUTOMÓVIL PARTICULAR,,5,,,,,
7229,1,1412000013575,Mujeres,60,Empleado,,4,17:00,,Regresar a Casa,,Su casa,,,,1412000011206,,home,,AUTOMÓVIL PARTICULAR,,5,,,,,
7239,1,1412000013575,Hombres,57,,,1,10:00,,Compras (comida),,"Comercio, mercado, tienda o centro comercial",,Su casa,,home,,1412000014376,,AUTOMÓVIL PARTICULAR,,35,,,,,
7239,1,1412000013575,Hombres,57,,,2,11:40,,"Compras (bienes, productos y servicios)",,"Comercio, mercado, tienda o centro comercial",,,,1412000014376,,1403900013321,,AUTOMÓVIL PARTICULAR,,15,,,,,
7239,1,1412000013575,Hombres,57,,,3,14:00,,Regresar a Casa,,Su casa,,,,1403900013321,,home,,AUTOMÓVIL PARTICULAR,,30,,,,,
7239,1,1412000013575,Hombres,57,,,4,19:00,,Deportes o recreación,,"Comercio, mercado, tienda o centro comercial",,,,home,,1403900011043,,AUTOMÓVIL PARTICULAR,,30,,,,,
7239,1,1412000013575,Hombres,57,,,5,12:00,00:00,Regresar a Casa,,Su casa,,,,1403900011043,,home,,AUTOMÓVIL PARTICULAR,,25,,hora_invertida,,,"Decimoquinta revisión: se toma la lectura de las horas de las tablas anteriores (la primera revisión), una sugerencia entre otras: con las reglas de hoy el día queda con un viaje que sale antes de que llegue el anterior, y con esa lectura con ningún problema. Cambia: viaje 5 12:00 → 00:00."
7239,2,1412000013575,Mujeres,53,Hogar,,1,10:00,,Compras (comida),,"Comercio, mercado, tienda o centro comercial",,Su casa,,home,,1412000014376,,AUTOMÓVIL PARTICULAR,,30,,,,,
7239,2,1412000013575,Mujeres,53,Hogar,,2,11:40,,"Compras (bienes, productos y servicios)",,"Comercio, mercado, tienda o centro comercial",,,,1412000014376,,1403900013321,,AUTOMÓVIL PARTICULAR,,15,,,,,
7239,2,1412000013575,Mujeres,53,Hogar,,3,14:00,,Regresar a Casa,,Su casa,,,,1403900013321,,home,,AUTOMÓVIL PARTICULAR,,30,,,,,
7239,2,1412000013575,Mujeres,53,Hogar,,4,19:00,,Deportes o recreación,,"Comercio, mercado, tienda o centro comercial",,,,home,,1403900011043,,AUTOMÓVIL PARTICULAR,,25,,,,,
7239,2,1412000013575,Mujeres,53,Hogar,,5,12:00,00:00,Regresar a Casa,,Su casa,,,,1403900011043,,home,,AUTOMÓVIL PARTICULAR,,30,,hora_invertida,,,"Decimoquinta revisión: se toma la lectura de las horas de las tablas anteriores (la primera revisión), una sugerencia entre otras: con las reglas de hoy el día queda con un viaje que sale antes de que llegue el anterior, y con esa lectura con ningún problema. Cambia: viaje 5 12:00 → 00:00."
7322,1,1412000010814,Hombres,74,Empleado,,1,12:00,,Trabajar,,Oficina,,Su casa,,home,,1412000014836,,AUTOMÓVIL PARTICULAR,,20,,,,,
7322,1,1412000010814,Hombres,74,Empleado,,2,11:45,12:20,Regresar a Casa,,Su casa,,,,1412000014836,,home,,AUTOMÓVIL PARTICULAR,,30,,hora_invertida,,,"Decimoquinta revisión: ninguna lectura de las horas cierra el día: con las reglas queda un viaje que sale antes de que llegue el anterior, con la de las tablas anteriores una salida movida a la madrugada; menos de media hora en el trabajo o la escuela. Las salidas se mueven lo menos posible (35 min en total) para que ningún viaje salga antes de que llegue el anterior; queda menos de media hora en el trabajo o la escuela. Cambia: viaje 2 11:45 → 12:20."
7322,1,1412000010814,Hombres,74,Empleado,,3,13:07,,Trabajar,,Oficina,,,,home,,1412000014836,,AUTOMÓVIL PARTICULAR,,20,,,,,
7322,1,1412000010814,Hombres,74,Empleado,,4,13:30,,Regresar a Casa,,Su casa,,,,1412000014836,,home,,AUTOMÓVIL PARTICULAR,,30,,,,,
7382,3,1412000010814,Mujeres,33,Empleado,,1,20:00,08:00,Trabajar,,Oficina,,Su casa,,home,,1403900010596,,AUTOMÓVIL PARTICULAR,,45,,,,,"Decimoquinta revisión: se toma la lectura de las horas de las tablas anteriores (la primera revisión), una sugerencia entre otras: con las reglas de hoy el día queda con un viaje que sale antes de que llegue el anterior, y con esa lectura con ningún problema. Cambia: viaje 1 20:00 → 08:00, viaje 3 19:29 → 18:30, viaje 4 18:30 → 20:30."
7382,3,1412000010814,Mujeres,33,Empleado,,2,17:34,,Regresar a Casa,,Su casa,,,,1403900010596,,home,,AUTOMÓVIL PARTICULAR,,45,,hora_invertida,,,
7382,3,1412000010814,Mujeres,33,Empleado,,3,19:29,18:30,Trabajar,,Oficina,,,,home,,1403900010596,,AUTOMÓVIL PARTICULAR,,45,,,,,"Decimoquinta revisión: se toma la lectura de las horas de las tablas anteriores (la primera revisión), una sugerencia entre otras: con las reglas de hoy el día queda con un viaje que sale antes de que llegue el anterior, y con esa lectura con ningún problema. Cambia: viaje 1 20:00 → 08:00, viaje 3 19:29 → 18:30, viaje 4 18:30 → 20:30."
7382,3,1412000010814,Mujeres,33,Empleado,,4,18:30,20:30,Regresar a Casa,,Su casa,,,,1403900010596,,home,,AUTOMÓVIL PARTICULAR,,45,,hora_invertida,,,"Decimoquinta revisión: se toma la lectura de las horas de las tablas anteriores (la primera revisión), una sugerencia entre otras: con las reglas de hoy el día queda con un viaje que sale antes de que llegue el anterior, y con esa lectura con ningún problema. Cambia: viaje 1 20:00 → 08:00, viaje 3 19:29 → 18:30, viaje 4 18:30 → 20:30."
7389,2,1412000013274,Mujeres,58,,,1,10:10,,Compras (comida),,"Comercio, mercado, tienda o centro comercial",,Su casa,,home,,141200001326A,,A PIE,,2,,,,,
7389,2,1412000013274,Mujeres,58,,,2,10:08 → 10:12,12:08,Regresar a Casa,,Su casa,,,,141200001326A,,home,,A PIE,,2,hora:llegada,,changed,,"Decimoquinta revisión: se toma la lectura de las horas de las tablas anteriores (la undécima revisión), una sugerencia entre otras: con las reglas de hoy el día queda con una estancia de cero minutos fuera de casa, y con esa lectura con ningún problema. Cambia: viaje 2 10:12 → 12:08."
7389,2,1412000013274,Mujeres,58,,,3,19:13,,Llevar o recoger a alguien,,Otra vivienda,,,,home,,141200001326A,,A PIE,,8,,,,,
7389,2,1412000013274,Mujeres,58,,,4,19:22,,Regresar a Casa,,Su casa,,,,141200001326A,,home,,A PIE,,8,,,,,
7420,1,1412000015285,Mujeres,28,Trabajador independiente,,1,16:00,04:00,Trabajar,,"Comercio, mercado, tienda o centro comercial",,Su casa,,home,,1412000013382,,A PIE,,15,,,,,"Decimoquinta revisión: se toma la lectura de las horas de las tablas anteriores (la primera revisión), una sugerencia entre otras: con las reglas de hoy el día queda con un viaje que sale antes de que llegue el anterior, y con esa lectura con una salida movida a la madrugada; menos de media hora en el trabajo o la escuela. Cambia: viaje 1 16:00 → 04:00, viaje 4 02:30 → 14:30."
7420,1,1412000015285,Mujeres,28,Trabajador independiente,,2,04:43,,Regresar a Casa,,Su casa,,,,1412000013382,,home,,AUTOMÓVIL PARTICULAR,,5,,hora_invertida,,,
7420,1,1412000015285,Mujeres,28,Trabajador independiente,,3,06:23,,Trabajar,,"Comercio, mercado, tienda o centro comercial",,,,home,,1412000013382,,AUTOMÓVIL PARTICULAR,,15,,,,,
7420,1,1412000015285,Mujeres,28,Trabajador independiente,,4,02:30,14:30,Regresar a Casa,,Su casa,,,,1412000013382,,home,,AUTOMÓVIL PARTICULAR,,5,,hora_invertida,,,"Decimoquinta revisión: se toma la lectura de las horas de las tablas anteriores (la primera revisión), una sugerencia entre otras: con las reglas de hoy el día queda con un viaje que sale antes de que llegue el anterior, y con esa lectura con una salida movida a la madrugada; menos de media hora en el trabajo o la escuela. Cambia: viaje 1 16:00 → 04:00, viaje 4 02:30 → 14:30."
7420,1,1412000015285,Mujeres,28,Trabajador independiente,,5,19:15,,"Compras (bienes, productos y servicios)",,"Comercio, mercado, tienda o centro comercial",,,,home,,1412000016512,,A PIE,,7,,,,,
7420,1,1412000015285,Mujeres,28,Trabajador independiente,,6,19:29,,Regresar a Casa,,Su casa,,,,1412000016512,,home,,A PIE,,7,,,,,
7427,2,1412000010617,Hombres,28,Empleado,,1,18:00,05:39,Trabajar,,Fábrica o taller,,Su casa,,home,,1412000016743,,AUTOMÓVIL PARTICULAR,,5,,,,,"Decimoquinta revisión: se toma la lectura de las horas de las tablas anteriores (la primera revisión), una sugerencia entre otras: con las reglas de hoy el día queda con un viaje que sale antes de que llegue el anterior, y con esa lectura con ningún problema. Cambia: viaje 1 18:00 → 05:39, viaje 2 05:39 → 07:10, viaje 3 07:10 → 14:30, viaje 4 02:30 → 18:00."
7427,2,1412000010617,Hombres,28,Empleado,,2,05:39,07:10,Regresar a Casa,,Su casa,,,,1412000016743,,home,,AUTOMÓVIL PARTICULAR,,5,,hora_invertida,,,"Decimoquinta revisión: se toma la lectura de las horas de las tablas anteriores (la primera revisión), una sugerencia entre otras: con las reglas de hoy el día queda con un viaje que sale antes de que llegue el anterior, y con esa lectura con ningún problema. Cambia: viaje 1 18:00 → 05:39, viaje 2 05:39 → 07:10, viaje 3 07:10 → 14:30, viaje 4 02:30 → 18:00."
7427,2,1412000010617,Hombres,28,Empleado,,3,07:10,14:30,Trabajar,,Fábrica o taller,,,,home,,1412000016743,,AUTOMÓVIL PARTICULAR,,5,,,,,"Decimoquinta revisión: se toma la lectura de las horas de las tablas anteriores (la primera revisión), una sugerencia entre otras: con las reglas de hoy el día queda con un viaje que sale antes de que llegue el anterior, y con esa lectura con ningún problema. Cambia: viaje 1 18:00 → 05:39, viaje 2 05:39 → 07:10, viaje 3 07:10 → 14:30, viaje 4 02:30 → 18:00."
7427,2,1412000010617,Hombres,28,Empleado,,4,02:30,18:00,Regresar a Casa,,Su casa,,,,1412000016743,,home,,AUTOMÓVIL PARTICULAR,,5,,hora_invertida,,,"Decimoquinta revisión: se toma la lectura de las horas de las tablas anteriores (la primera revisión), una sugerencia entre otras: con las reglas de hoy el día queda con un viaje que sale antes de que llegue el anterior, y con esa lectura con ningún problema. Cambia: viaje 1 18:00 → 05:39, viaje 2 05:39 → 07:10, viaje 3 07:10 → 14:30, viaje 4 02:30 → 18:00."
7460,1,1412000013378,Mujeres,36,Empleado,,1,07:00,,Llevar o recoger a alguien,,Escuela,,Su casa,,home,,1412000016635,,AUTOMÓVIL PARTICULAR,,10,,,,,
7460,1,1412000013378,Mujeres,36,Empleado,,2,07:30,,Trabajar,,Oficina,,,,1412000016635,,1403900013656,,AUTOMÓVIL PARTICULAR,,40,,,,,
7460,1,1412000013378,Mujeres,36,Empleado,,3,13:30,,Llevar o recoger a alguien,,Escuela,,,,1403900013656,,1412000016635,,AUTOMÓVIL PARTICULAR,,55,,,,,
7460,1,1412000013378,Mujeres,36,Empleado,,4,02:00,14:25,Regresar a Casa,,Su casa,,,,1412000016635,,home,,AUTOMÓVIL PARTICULAR,,40,,hora_invertida,,,"Decimoquinta revisión: se toma la lectura de las horas de las tablas anteriores (la primera revisión), una sugerencia entre otras: con las reglas de hoy el día queda con un viaje que sale antes de que llegue el anterior, y con esa lectura con ningún problema. Cambia: viaje 4 02:00 → 14:25."
7460,1,1412000013378,Mujeres,36,Empleado,,5,16:20,,Deportes o recreación,,Escuela,,,,home,,1412000014215,,AUTOMÓVIL PARTICULAR,,35,,,,,
7460,1,1412000013378,Mujeres,36,Empleado,,6,20:00,,Regresar a Casa,,Su casa,,,,1412000014215,,home,,AUTOMÓVIL PARTICULAR,,60,,,,,
7511,1,1412000013274,Hombres,29,Empleado,,1,07:00,,Trabajar,,Oficina,,Su casa,,home,,1412000016550,,MOTOCICLETA,,20,,,,,
7511,1,1412000013274,Hombres,29,Empleado,,2,14:00,,Regresar a Casa,,Su casa,,,,1412000016550,,home,,MOTOCICLETA,,20,,,,,
7511,1,1412000013274,Hombres,29,Empleado,,3,15:00,,Trabajar,,"Restaurante, bar, cafetería",,,,home,,1412000017046,,MOTOCICLETA,,15,,,,,
7511,1,1412000013274,Hombres,29,Empleado,,4,12:00,00:00,Regresar a Casa,,Su casa,,,,1412000017046,,home,,MOTOCICLETA,,15,,hora_invertida,,,"Decimoquinta revisión: se toma la lectura de las horas de las tablas anteriores (la primera revisión), una sugerencia entre otras: con las reglas de hoy el día queda con un viaje que sale antes de que llegue el anterior, y con esa lectura con ningún problema. Cambia: viaje 4 12:00 → 00:00."
7539,6,1409800012150,Mujeres,22,Empleado,,1,09:00,,Trabajar,,Su casa,,Otra vivienda,,1412000010373,,1409800012841,,TREN LIGERO,,80,,inicio_fuera_de_casa;actividad_en_casa,,,
7539,6,1409800012150,Mujeres,22,Empleado,,2,20:04,,Trabajar,,Otros (especifique),,,,1409800012841,,1409800010879,,A PIE,,79,,,,,
7539,6,1409800012150,Mujeres,22,Empleado,,3,20:49,21:23,Regresar a Casa,,Su casa,,,,1409800010879,,home,,A PIE,,79,,hora_invertida,,,"Decimoquinta revisión: se toma la lectura de las horas de las tablas anteriores (la primera revisión), una sugerencia entre otras: con las reglas de hoy el día queda con un viaje que sale antes de que llegue el anterior, y con esa lectura con menos de media hora en el trabajo o la escuela. Cambia: viaje 3 20:49 → 21:23."
7546,5,1409800010370,Mujeres,32,Empleado,,1,09:00,,Trabajar,,Su casa,,"Comercio, mercado, tienda o centro comercial",,1412000010373,,1409800012841,,CAMIÓN O AUTOBÚS,,80,,inicio_fuera_de_casa;actividad_en_casa,,,
7546,5,1409800010370,Mujeres,32,Empleado,,2,20:01,,Trabajar,,Otros (especifique),,,,1409800012841,,1409800010879,,CAMIÓN O AUTOBÚS,,79,,,,,
7546,5,1409800010370,Mujeres,32,Empleado,,3,20:49,21:20,Regresar a Casa,,Su casa,,,,1409800010879,,home,,CAMIÓN O AUTOBÚS,,79,,hora_invertida,,,"Decimoquinta revisión: se toma la lectura de las horas de las tablas anteriores (la primera revisión), una sugerencia entre otras: con las reglas de hoy el día queda con un viaje que sale antes de que llegue el anterior, y con esa lectura con menos de media hora en el trabajo o la escuela. Cambia: viaje 3 20:49 → 21:20."
7549,2,1409800012150,Hombres,60,Empleado,,1,06:30,,Trabajar,,Fábrica o taller,,Su casa,,home,,1412000010617,,AUTOMÓVIL PARTICULAR,,60,,,,,
7549,2,1409800012150,Hombres,60,Empleado,,2,06:44,07:30,Regresar a Casa,,Su casa,,,,1412000010617,,home,,AUTOMÓVIL PARTICULAR,,60,,hora_invertida,,,"Decimoquinta revisión: se toma la lectura de las horas de las tablas anteriores (la primera revisión), una sugerencia entre otras: con las reglas de hoy el día queda con un viaje que sale antes de que llegue el anterior, y con esa lectura con menos de media hora en el trabajo o la escuela. Cambia: viaje 2 06:44 → 07:30, viaje 3 08:27 → 08:30, viaje 4 09:00 → 19:00, viaje 5 19:17 → 21:17, viaje 6 19:31 → 21:31."
7549,2,1409800012150,Hombres,60,Empleado,,3,08:27,08:30,Trabajar,,Fábrica o taller,,,,home,,1412000010617,,AUTOMÓVIL PARTICULAR,,60,,,,,"Decimoquinta revisión: se toma la lectura de las horas de las tablas anteriores (la primera revisión), una sugerencia entre otras: con las reglas de hoy el día queda con un viaje que sale antes de que llegue el anterior, y con esa lectura con menos de media hora en el trabajo o la escuela. Cambia: viaje 2 06:44 → 07:30, viaje 3 08:27 → 08:30, viaje 4 09:00 → 19:00, viaje 5 19:17 → 21:17, viaje 6 19:31 → 21:31."
7549,2,1409800012150,Hombres,60,Empleado,,4,09:00,19:00,Regresar a Casa,,Su casa,,,,1412000010617,,home,,AUTOMÓVIL PARTICULAR,,60,,hora_invertida,,,"Decimoquinta revisión: se toma la lectura de las horas de las tablas anteriores (la primera revisión), una sugerencia entre otras: con las reglas de hoy el día queda con un viaje que sale antes de que llegue el anterior, y con esa lectura con menos de media hora en el trabajo o la escuela. Cambia: viaje 2 06:44 → 07:30, viaje 3 08:27 → 08:30, viaje 4 09:00 → 19:00, viaje 5 19:17 → 21:17, viaje 6 19:31 → 21:31."
7549,2,1409800012150,Hombres,60,Empleado,,5,19:17,21:17,Otros (especifique),,Otros (especifique),,,,home,,home,,A PIE,,13,,,,,"Decimoquinta revisión: se toma la lectura de las horas de las tablas anteriores (la primera revisión), una sugerencia entre otras: con las reglas de hoy el día queda con un viaje que sale antes de que llegue el anterior, y con esa lectura con menos de media hora en el trabajo o la escuela. Cambia: viaje 2 06:44 → 07:30, viaje 3 08:27 → 08:30, viaje 4 09:00 → 19:00, viaje 5 19:17 → 21:17, viaje 6 19:31 → 21:31."
7549,2,1409800012150,Hombres,60,Empleado,,6,19:31,21:31,Regresar a Casa,,Su casa,,,,home,,home,,A PIE,,13,,,,,"Decimoquinta revisión: se toma la lectura de las horas de las tablas anteriores (la primera revisión), una sugerencia entre otras: con las reglas de hoy el día queda con un viaje que sale antes de que llegue el anterior, y con esa lectura con menos de media hora en el trabajo o la escuela. Cambia: viaje 2 06:44 → 07:30, viaje 3 08:27 → 08:30, viaje 4 09:00 → 19:00, viaje 5 19:17 → 21:17, viaje 6 19:31 → 21:31."
7614,1,1409709033908,Hombres,57,Empleado,,1,07:00,,Trabajar,,"Comercio, mercado, tienda o centro comercial",,Su casa,,home,,1409700010918,,A PIE,,10,,,,,
7614,1,1409709033908,Hombres,57,Empleado,,2,07:00 → 07:10,19:00,Regresar a Casa,,Su casa,,,,1409700010918,,home,,A PIE,,10,hora:llegada,,changed,,"Decimoquinta revisión: se toma la lectura de las horas de las tablas anteriores (la undécima revisión), una sugerencia entre otras: con las reglas de hoy el día queda con menos de media hora en el trabajo o la escuela, y con esa lectura con ningún problema. Cambia: viaje 2 07:10 → 19:00."
7614,1,1409709033908,Hombres,57,Empleado,,3,19:12,,Llevar o recoger a alguien,,Otra vivienda,,,,home,,1409801282875,,A PIE,,5,,,,,
7614,1,1409709033908,Hombres,57,Empleado,,4,19:27,,Regresar a Casa,,Su casa,,,,1409801282875,,home,,A PIE,,5,,,,,
7641,2,1409800012150,Mujeres,29,Empleado,,1,09:02,,Trabajar,,Su casa,,Otra vivienda,,1412000010373,,1409800012841,,A PIE,,80,,inicio_fuera_de_casa;actividad_en_casa,,,
7641,2,1409800012150,Mujeres,29,Empleado,,2,20:02,,Trabajar,,Otros (especifique),,,,1409800012841,,1409800010879,,MI MACRO,,79,,,,,
7641,2,1409800012150,Mujeres,29,Empleado,,3,20:48,21:21,Regresar a Casa,,Su casa,,,,1409800010879,,home,,MI MACRO,,79,,hora_invertida,,,"Decimoquinta revisión: se toma la lectura de las horas de las tablas anteriores (la primera revisión), una sugerencia entre otras: con las reglas de hoy el día queda con un viaje que sale antes de que llegue el anterior, y con esa lectura con menos de media hora en el trabajo o la escuela. Cambia: viaje 3 20:48 → 21:21."
7664,4,140970602,Mujeres,33,Trabajador independiente,,1,09:00,,Trabajar,,Oficina,,Su casa,,home,,1412000014836,,AUTOMÓVIL PARTICULAR,,40,,,,,
7664,4,140970602,Mujeres,33,Trabajador independiente,,2,05:50,15:50,Regresar a Casa,,Su casa,,,,1412000014836,,home,,AUTOMÓVIL PARTICULAR,,45,,hora_invertida,,,"Decimoquinta revisión: se toma la lectura de las horas de las tablas anteriores (las reglas anteriores), una sugerencia entre otras: con las reglas de hoy el día queda con un viaje que sale antes de que llegue el anterior, y con esa lectura con menos de media hora en el trabajo o la escuela. Cambia: viaje 2 05:50 → 15:50, viaje 3 07:22 → 17:22, viaje 4 06:00 → 18:02."
7664,4,140970602,Mujeres,33,Trabajador independiente,,3,07:22,17:22,Trabajar,,Oficina,,,,home,,1412000014836,,AUTOMÓVIL PARTICULAR,,40,,,,,"Decimoquinta revisión: se toma la lectura de las horas de las tablas anteriores (las reglas anteriores), una sugerencia entre otras: con las reglas de hoy el día queda con un viaje que sale antes de que llegue el anterior, y con esa lectura con menos de media hora en el trabajo o la escuela. Cambia: viaje 2 05:50 → 15:50, viaje 3 07:22 → 17:22, viaje 4 06:00 → 18:02."
7664,4,140970602,Mujeres,33,Trabajador independiente,,4,06:00,18:02,Regresar a Casa,,Su casa,,,,1412000014836,,home,,AUTOMÓVIL PARTICULAR,,45,,hora_invertida,,,"Decimoquinta revisión: se toma la lectura de las horas de las tablas anteriores (las reglas anteriores), una sugerencia entre otras: con las reglas de hoy el día queda con un viaje que sale antes de que llegue el anterior, y con esa lectura con menos de media hora en el trabajo o la escuela. Cambia: viaje 2 05:50 → 15:50, viaje 3 07:22 → 17:22, viaje 4 06:00 → 18:02."
7697,3,1407000140558,Hombres,14,Estudiante,,1,07:02,,Compras (comida),,"Comercio, mercado, tienda o centro comercial",,Su casa,,home,,1409800011824,,A PIE,,7,,,,,
7697,3,1407000140558,Hombres,14,Estudiante,,2,07:15,,Regresar a Casa,,Su casa,,,,1409800011824,,home,,A PIE,,7,,,,,
7697,3,1407000140558,Hombres,14,Estudiante,,3,13:00,,Estudiar,,Escuela,,,,home,,1407000130083,,CAMIÓN O AUTOBÚS,,10,,,,,
7697,3,1407000140558,Hombres,14,Estudiante,,4,19:40,,Regresar a Casa,,Su casa,,,,1407000130083,,home,,CAMIÓN O AUTOBÚS,,10,,,,,
7697,3,1407000140558,Hombres,14,Estudiante,,5,18:10,19:50,Estudiar,,Escuela,,,,home,,1407000130083,,CAMIÓN O AUTOBÚS,,10,,hora_invertida,,,"Decimoquinta revisión: ninguna lectura de las horas cierra el día: con las reglas queda un viaje que sale antes de que llegue el anterior, con la de las tablas anteriores menos de media hora en el trabajo o la escuela. Las salidas se mueven lo menos posible (100 min en total) para que ningún viaje salga antes de que llegue el anterior; queda ningún problema. Cambia: viaje 5 18:10 → 19:50."
7697,3,1407000140558,Hombres,14,Estudiante,,6,20:47,,Regresar a Casa,,Su casa,,,,1407000130083,,home,,CAMIÓN O AUTOBÚS,,10,,,,,
7712,1,1409800012714,Hombres,31,Empleado,,1,07:10,,Trabajar,,"Comercio, mercado, tienda o centro comercial",,Su casa,,home,,1409700010922,,AUTOMÓVIL PARTICULAR,,45,,,,,
7712,1,1409800012714,Hombres,31,Empleado,,2,04:35,14:35,Regresar a Casa,,Su casa,,,,1409700010922,,home,,AUTOMÓVIL PARTICULAR,,50,,hora_invertida,,,"Decimoquinta revisión: se toma la lectura de las horas de las tablas anteriores (las reglas anteriores), una sugerencia entre otras: con las reglas de hoy el día queda con un viaje que sale antes de que llegue el anterior, y con esa lectura con menos de media hora en el trabajo o la escuela. Cambia: viaje 2 04:35 → 14:35, viaje 3 06:13 → 16:13, viaje 4 05:00 → 17:00."
7712,1,1409800012714,Hombres,31,Empleado,,3,06:13,16:13,Trabajar,,"Comercio, mercado, tienda o centro comercial",,,,home,,1409700010922,,AUTOMÓVIL PARTICULAR,,45,,,,,"Decimoquinta revisión: se toma la lectura de las horas de las tablas anteriores (las reglas anteriores), una sugerencia entre otras: con las reglas de hoy el día queda con un viaje que sale antes de que llegue el anterior, y con esa lectura con menos de media hora en el trabajo o la escuela. Cambia: viaje 2 04:35 → 14:35, viaje 3 06:13 → 16:13, viaje 4 05:00 → 17:00."
7712,1,1409800012714,Hombres,31,Empleado,,4,05:00,17:00,Regresar a Casa,,Su casa,,,,1409700010922,,home,,AUTOMÓVIL PARTICULAR,,50,,hora_invertida,,,"Decimoquinta revisión: se toma la lectura de las horas de las tablas anteriores (las reglas anteriores), una sugerencia entre otras: con las reglas de hoy el día queda con un viaje que sale antes de que llegue el anterior, y con esa lectura con menos de media hora en el trabajo o la escuela. Cambia: viaje 2 04:35 → 14:35, viaje 3 06:13 → 16:13, viaje 4 05:00 → 17:00."
7712,1,1409800012714,Hombres,31,Empleado,,5,19:15,,Compras (comida),,"Comercio, mercado, tienda o centro comercial",,,,home,,home,,A PIE,,6,,,,,
7712,1,1409800012714,Hombres,31,Empleado,,6,19:29,,Regresar a Casa,,Su casa,,,,home,,home,,A PIE,,6,,,,,
7715,2,1409800012555,Hombres,38,Empleado,,1,08:19,,Compras (comida),,"Comercio, mercado, tienda o centro comercial",,Su casa,,home,,1412000012469,,A PIE,,1,,,,,
7715,2,1409800012555,Hombres,38,Empleado,,2,08:23,,Regresar a Casa,,Su casa,,,,1412000012469,,home,,A PIE,,1,,,,,
7715,2,1409800012555,Hombres,38,Empleado,,3,18:00,,Trabajar,,Fábrica o taller,,,,home,,1403900012427,,AUTOMÓVIL PARTICULAR,,35,,,,,
7715,2,1409800012555,Hombres,38,Empleado,,4,16:00,20:00,Llevar o recoger a alguien,,Otra vivienda,,,,1403900012427,,1409800012362,,AUTOMÓVIL PARTICULAR,,20,,hora_invertida,,,"Decimoquinta revisión: se toma la lectura de las horas de las tablas anteriores (la primera revisión), una sugerencia entre otras: con las reglas de hoy el día queda con un viaje que sale antes de que llegue el anterior, y con esa lectura con ningún problema. Cambia: viaje 4 16:00 → 20:00, viaje 5 20:00 → 20:20."
7715,2,1409800012555,Hombres,38,Empleado,,5,20:00,20:20,Regresar a Casa,,Su casa,,,,1409800012362,,home,,AUTOMÓVIL PARTICULAR,,20,,,,,"Decimoquinta revisión: se toma la lectura de las horas de las tablas anteriores (la primera revisión), una sugerencia entre otras: con las reglas de hoy el día queda con un viaje que sale antes de que llegue el anterior, y con esa lectura con ningún problema. Cambia: viaje 4 16:00 → 20:00, viaje 5 20:00 → 20:20."
7741,3,1412000010636,Hombres,33,Empleado,,1,12:03,,Trabajar,,Fábrica o taller,,Su casa,,home,,1409700340250,,AUTOMÓVIL PARTICULAR,,90,,,,,
7741,3,1412000010636,Hombres,33,Empleado,,2,21:28,15:32,Regresar a Casa,,Su casa,,,,1409700340250,,home,,AUTOMÓVIL PARTICULAR,,70,,,,,"Decimoquinta revisión: ninguna lectura de las horas cierra el día: con las reglas queda un viaje que sale antes de que llegue el anterior, con la de las tablas anteriores una salida movida a la madrugada; un día de más de 20 horas. Las salidas se mueven lo menos posible (356 min en total) para que ningún viaje salga antes de que llegue el anterior; queda ningún problema. Cambia: viaje 2 21:28 → 15:32."
7741,3,1412000010636,Hombres,33,Empleado,,3,16:42,,"Compras (bienes, productos y servicios)",,"Comercio, mercado, tienda o centro comercial",,,,home,,1412000014732,,Mi Bici,,5,,hora_invertida,,,
7741,3,1412000010636,Hombres,33,Empleado,,4,20:26,,Regresar a Casa,,Su casa,,,,1412000014732,,home,,Mi Bici,,5,,,,,
7776,3,1412000010636,Mujeres,25,Empleado,,1,07:30,,Trabajar,,Oficina,,Su casa,,home,,1409700201013,,AUTOMÓVIL PARTICULAR,,45,,,,,
7776,3,1412000010636,Mujeres,25,Empleado,,2,18:00,,Regresar a Casa,,Su casa,,,,1409700201013,,home,,AUTOMÓVIL PARTICULAR,,45,,,,,
7776,3,1412000010636,Mujeres,25,Empleado,,3,07:37,19:37,Trabajar,,Fábrica o taller,,,,home,,1403900011359,,Mi Bici,,7,,hora_invertida,,,"Decimoquinta revisión: se toma la lectura de las horas de las tablas anteriores (la primera revisión), una sugerencia entre otras: con las reglas de hoy el día queda con un viaje que sale antes de que llegue el anterior, y con esa lectura con ningún problema. Cambia: viaje 3 07:37 → 19:37, viaje 4 13:18 → 01:18."
7776,3,1412000010636,Mujeres,25,Empleado,,4,13:18,01:18,Regresar a Casa,,Su casa,,,,1403900011359,,home,,Mi Bici,,7,,,,,"Decimoquinta revisión: se toma la lectura de las horas de las tablas anteriores (la primera revisión), una sugerencia entre otras: con las reglas de hoy el día queda con un viaje que sale antes de que llegue el anterior, y con esa lectura con ningún problema. Cambia: viaje 3 07:37 → 19:37, viaje 4 13:18 → 01:18."
7791,4,1412000015266,Hombres,12,Empleado,yes,1,20:03,08:03,Trabajar,,Otra vivienda,,Su casa,,home,,999990001,,AUTOMÓVIL PARTICULAR,,60,,,,,"Decimoquinta revisión: se toma la lectura de las horas de las tablas anteriores (la primera revisión), una sugerencia entre otras: con las reglas de hoy el día queda con un viaje que sale antes de que llegue el anterior, y con esa lectura con ningún problema. Cambia: viaje 1 20:03 → 08:03, viaje 2 17:43 → 19:13, viaje 3 19:26 → 20:43, viaje 4 18:30 → 22:13."
7791,4,1412000015266,Hombres,12,Empleado,yes,2,17:43,19:13,Regresar a Casa,,Su casa,,,,999990001,,home,,AUTOMÓVIL PARTICULAR,,90,,hora_invertida,,,"Decimoquinta revisión: se toma la lectura de las horas de las tablas anteriores (la primera revisión), una sugerencia entre otras: con las reglas de hoy el día queda con un viaje que sale antes de que llegue el anterior, y con esa lectura con ningún problema. Cambia: viaje 1 20:03 → 08:03, viaje 2 17:43 → 19:13, viaje 3 19:26 → 20:43, viaje 4 18:30 → 22:13."
7791,4,1412000015266,Hombres,12,Empleado,yes,3,19:26,20:43,Trabajar,,Otra vivienda,,,,home,,999990001,,AUTOMÓVIL PARTICULAR,,60,,,,,"Decimoquinta revisión: se toma la lectura de las horas de las tablas anteriores (la primera revisión), una sugerencia entre otras: con las reglas de hoy el día queda con un viaje que sale antes de que llegue el anterior, y con esa lectura con ningún problema. Cambia: viaje 1 20:03 → 08:03, viaje 2 17:43 → 19:13, viaje 3 19:26 → 20:43, viaje 4 18:30 → 22:13."
7791,4,1412000015266,Hombres,12,Empleado,yes,4,18:30,22:13,Regresar a Casa,,Su casa,,,,999990001,,home,,AUTOMÓVIL PARTICULAR,,90,,hora_invertida,,,"Decimoquinta revisión: se toma la lectura de las horas de las tablas anteriores (la primera revisión), una sugerencia entre otras: con las reglas de hoy el día queda con un viaje que sale antes de que llegue el anterior, y con esa lectura con ningún problema. Cambia: viaje 1 20:03 → 08:03, viaje 2 17:43 → 19:13, viaje 3 19:26 → 20:43, viaje 4 18:30 → 22:13."
7901,1,1412000014732,Hombres,74,Empleado,,1,09:00,,Trabajar,,Otra vivienda,,Su casa,,home,,1412000011225,,AUTOMÓVIL PARTICULAR,,25,,,,,
7901,1,1412000014732,Hombres,74,Empleado,,2,04:40,14:40,Regresar a Casa,,Su casa,,,,1412000011225,,home,,AUTOMÓVIL PARTICULAR,,25,,hora_invertida,,,"Decimoquinta revisión: se toma la lectura de las horas de las tablas anteriores (las reglas anteriores), una sugerencia entre otras: con las reglas de hoy el día queda con un viaje que sale antes de que llegue el anterior, y con esa lectura con menos de media hora en el trabajo o la escuela. Cambia: viaje 2 04:40 → 14:40, viaje 3 06:29 → 16:29, viaje 4 05:00 → 17:00."
7901,1,1412000014732,Hombres,74,Empleado,,3,06:29,16:29,Trabajar,,Otra vivienda,,,,home,,1412000011225,,AUTOMÓVIL PARTICULAR,,25,,,,,"Decimoquinta revisión: se toma la lectura de las horas de las tablas anteriores (las reglas anteriores), una sugerencia entre otras: con las reglas de hoy el día queda con un viaje que sale antes de que llegue el anterior, y con esa lectura con menos de media hora en el trabajo o la escuela. Cambia: viaje 2 04:40 → 14:40, viaje 3 06:29 → 16:29, viaje 4 05:00 → 17:00."
7901,1,1412000014732,Hombres,74,Empleado,,4,05:00,17:00,Regresar a Casa,,Su casa,,,,1412000011225,,home,,AUTOMÓVIL PARTICULAR,,25,,hora_invertida,,,"Decimoquinta revisión: se toma la lectura de las horas de las tablas anteriores (las reglas anteriores), una sugerencia entre otras: con las reglas de hoy el día queda con un viaje que sale antes de que llegue el anterior, y con esa lectura con menos de media hora en el trabajo o la escuela. Cambia: viaje 2 04:40 → 14:40, viaje 3 06:29 → 16:29, viaje 4 05:00 → 17:00."
7935,1,1412000011282,Hombres,33,Empleado,,1,08:00,,Trabajar,,Oficina,,Su casa,,home,,1403900011804,,AUTOMÓVIL PARTICULAR,,40,,,,,
7935,1,1412000011282,Hombres,33,Empleado,,2,20:00,10:07,Regresar a Casa,,Su casa,,,,1403900011804,,home,,AUTOMÓVIL PARTICULAR,,50,,,,,"Decimoquinta revisión: ninguna lectura de las horas cierra el día: con las reglas queda un viaje que sale antes de que llegue el anterior, con la de las tablas anteriores menos de media hora en el trabajo o la escuela. Las salidas se mueven lo menos posible (876 min en total) para que ningún viaje salga antes de que llegue el anterior; queda menos de media hora en el trabajo o la escuela. Cambia: viaje 2 20:00 → 10:07, viaje 3 06:14 → 10:57."
7935,1,1412000011282,Hombres,33,Empleado,,3,06:14,10:57,Trabajar,,Fábrica o taller,,,,home,,1403900011325,,Mi Bici,,12,,hora_invertida,,,"Decimoquinta revisión: ninguna lectura de las horas cierra el día: con las reglas queda un viaje que sale antes de que llegue el anterior, con la de las tablas anteriores menos de media hora en el trabajo o la escuela. Las salidas se mueven lo menos posible (876 min en total) para que ningún viaje salga antes de que llegue el anterior; queda menos de media hora en el trabajo o la escuela. Cambia: viaje 2 20:00 → 10:07, viaje 3 06:14 → 10:57."
7935,1,1412000011282,Hombres,33,Empleado,,4,11:09,,Regresar a Casa,,Su casa,,,,1403900011325,,home,,Mi Bici,,12,,,,,
7993,2,1403900011753,Hombres,32,Empleado,,1,22:00,10:00,Trabajar,,Oficina,,Su casa,,home,,1403900010613,,AUTOMÓVIL PARTICULAR,,15,,,,,"Decimoquinta revisión: se toma la lectura de las horas de las tablas anteriores (la primera revisión y la décima revisión), una sugerencia entre otras: con las reglas de hoy el día queda con un viaje que sale antes de que llegue el anterior, y con esa lectura con ningún problema. Cambia: viaje 1 22:00 → 10:00, viaje 4 14:00 → 22:00."
7993,2,1403900011753,Hombres,32,Empleado,,2,14:43,,Regresar a Casa,,Su casa,,,,1403900010613,,home,,AUTOMÓVIL PARTICULAR,,15,,hora_invertida,,,
7993,2,1403900011753,Hombres,32,Empleado,,3,16:21,,Trabajar,,Oficina,,,,home,,1403900010613,,AUTOMÓVIL PARTICULAR,,15,,,,,
7993,2,1403900011753,Hombres,32,Empleado,,4,14:00,22:00,Regresar a Casa,,Su casa,,,,1403900010613,,home,,AUTOMÓVIL PARTICULAR,,15,,hora_invertida,,,"Decimoquinta revisión: se toma la lectura de las horas de las tablas anteriores (la primera revisión y la décima revisión), una sugerencia entre otras: con las reglas de hoy el día queda con un viaje que sale antes de que llegue el anterior, y con esa lectura con ningún problema. Cambia: viaje 1 22:00 → 10:00, viaje 4 14:00 → 22:00."
8024,3,1403900013321,Hombres,16,Estudiante,,1,13:00,,Estudiar,,Escuela,,Su casa,,1403900014461 → home,,1403900014461,,CAMIÓN O AUTOBÚS,,25,origen:copia,,changed,,
8024,3,1403900013321,Hombres,16,Estudiante,,2,19:00,,Regresar a Casa,,Su casa,,,,1403900014461,,home,,CAMIÓN O AUTOBÚS,,25,,,,,
8024,3,1403900013321,Hombres,16,Estudiante,,3,18:05,19:25,Estudiar,,Escuela,,,,1403900014461 → home,,1403900014461,,CAMIÓN O AUTOBÚS,,25,origen:casa,hora_invertida,changed,,"Decimoquinta revisión: ninguna lectura de las horas cierra el día: con las reglas queda un viaje que sale antes de que llegue el anterior, con la de las tablas anteriores menos de media hora en el trabajo o la escuela. Las salidas se mueven lo menos posible (80 min en total) para que ningún viaje salga antes de que llegue el anterior; queda ningún problema. Cambia: viaje 3 18:05 → 19:25."
8024,3,1403900013321,Hombres,16,Estudiante,,4,20:42,,Regresar a Casa,,Su casa,,,,1403900014461,,home,,CAMIÓN O AUTOBÚS,,25,,,,,
8130,2,1403900015648,Mujeres,26,Trabajador independiente,,1,07:40,,Llevar o recoger a alguien,,Escuela,,Su casa,,home,,1403900011556,,A PIE,,15,,,,,
8130,2,1403900015648,Mujeres,26,Trabajador independiente,,2,16:00,11:15,Regresar a Casa,,Su casa,,,,1403900011556,,home,,A PIE,,15,,,,,"Decimoquinta revisión: ninguna lectura de las horas cierra el día: con las reglas queda un viaje que sale antes de que llegue el anterior, con la de las tablas anteriores ningún problema. Las salidas se mueven lo menos posible (285 min en total) para que ningún viaje salga antes de que llegue el anterior; queda ningún problema. Cambia: viaje 2 16:00 → 11:15."
8130,2,1403900015648,Mujeres,26,Trabajador independiente,,3,11:30,,Llevar o recoger a alguien,,Escuela,,,,home,,1403900011556,,A PIE,,20,,hora_invertida,,,
8130,2,1403900015648,Mujeres,26,Trabajador independiente,,4,12:10,,Regresar a Casa,,Su casa,,,,1403900011556,,home,,A PIE,,20,,,,,
8130,2,1403900015648,Mujeres,26,Trabajador independiente,,5,19:21,,Otros (especifique),,Otros (especifique),,,,home,,1403900011753,,A PIE,,14,,,,,
8130,2,1403900015648,Mujeres,26,Trabajador independiente,,6,19:41,,Regresar a Casa,,Su casa,,,,1403900011753,,home,,A PIE,,14,,,,,
8201,1,1412000015459,Hombres,51,Empleado,,1,19:00,09:00,Trabajar,,Oficina,,Su casa,,home,,999990005,,AUTOMÓVIL PARTICULAR,,90,,,,,"Decimoquinta revisión: se toma la lectura de las horas de las tablas anteriores (la primera revisión), una sugerencia entre otras: con las reglas de hoy el día queda con un viaje que sale antes de que llegue el anterior, y con esa lectura con ningún problema. Cambia: viaje 1 19:00 → 09:00, viaje 3 18:39 → 20:23, viaje 4 18:00 → 06:00."
8201,1,1412000015459,Hombres,51,Empleado,,2,16:39,,Regresar a Casa,,Su casa,,,,999990005,,home,,AUTOMÓVIL PARTICULAR,,120,,hora_invertida,,,
8201,1,1412000015459,Hombres,51,Empleado,,3,18:23 → 18:39,20:23,Trabajar,,Oficina,,,,home,,999990005,,AUTOMÓVIL PARTICULAR,,90,hora:llegada,,changed,,"Decimoquinta revisión: se toma la lectura de las horas de las tablas anteriores (la primera revisión), una sugerencia entre otras: con las reglas de hoy el día queda con un viaje que sale antes de que llegue el anterior, y con esa lectura con ningún problema. Cambia: viaje 1 19:00 → 09:00, viaje 3 18:39 → 20:23, viaje 4 18:00 → 06:00."
8201,1,1412000015459,Hombres,51,Empleado,,4,18:00,06:00,Regresar a Casa,,Su casa,,,,999990005,,home,,AUTOMÓVIL PARTICULAR,,120,,hora_invertida,,,"Decimoquinta revisión: se toma la lectura de las horas de las tablas anteriores (la primera revisión), una sugerencia entre otras: con las reglas de hoy el día queda con un viaje que sale antes de que llegue el anterior, y con esa lectura con ningún problema. Cambia: viaje 1 19:00 → 09:00, viaje 3 18:39 → 20:23, viaje 4 18:00 → 06:00."
8293,1,1412000012721,Hombres,30,Trabajador independiente,,1,08:10,,"Compras (bienes, productos y servicios)",,"Comercio, mercado, tienda o centro comercial",,Su casa,,home,,1412000014380,,A PIE,,7,,,,,
8293,1,1412000012721,Hombres,30,Trabajador independiente,,2,08:24,,Regresar a Casa,,Su casa,,,,1412000014380,,home,,A PIE,,7,,,,,
8293,1,1412000012721,Hombres,30,Trabajador independiente,,3,16:00,,Trabajar,,Otra vivienda,,,,home,,1403900011359,,AUTOMÓVIL PARTICULAR,,120,,,,,
8293,1,1412000012721,Hombres,30,Trabajador independiente,,4,16:50,18:50,Regresar a Casa,,Su casa,,,,1403900011359,,home,,AUTOMÓVIL PARTICULAR,,60,,hora_invertida,,,"Decimoquinta revisión: se toma la lectura de las horas de las tablas anteriores (la primera revisión y la segunda revisión), una sugerencia entre otras: con las reglas de hoy el día queda con un viaje que sale antes de que llegue el anterior, y con esa lectura con ningún problema. Cambia: viaje 4 16:50 → 18:50, viaje 5 18:25 → 20:25, viaje 6 19:09 → 23:09."
8293,1,1412000012721,Hombres,30,Trabajador independiente,,5,18:25,20:25,Trabajar,,Otra vivienda,,,,home,,1403900011359,,AUTOMÓVIL PARTICULAR,,120,,,,,"Decimoquinta revisión: se toma la lectura de las horas de las tablas anteriores (la primera revisión y la segunda revisión), una sugerencia entre otras: con las reglas de hoy el día queda con un viaje que sale antes de que llegue el anterior, y con esa lectura con ningún problema. Cambia: viaje 4 16:50 → 18:50, viaje 5 18:25 → 20:25, viaje 6 19:09 → 23:09."
8293,1,1412000012721,Hombres,30,Trabajador independiente,,6,19:09,23:09,Regresar a Casa,,Su casa,,,,1403900011359,,home,,AUTOMÓVIL PARTICULAR,,60,,hora_invertida,,,"Decimoquinta revisión: se toma la lectura de las horas de las tablas anteriores (la primera revisión y la segunda revisión), una sugerencia entre otras: con las reglas de hoy el día queda con un viaje que sale antes de que llegue el anterior, y con esa lectura con ningún problema. Cambia: viaje 4 16:50 → 18:50, viaje 5 18:25 → 20:25, viaje 6 19:09 → 23:09."
8293,2,1412000012721,Hombres,26,Trabajador independiente,,1,12:00,10:30,Trabajar,,Otra vivienda,,Su casa,,home,,1412000010710,,AUTOMÓVIL PARTICULAR,,60,,,,,"Decimoquinta revisión: ninguna lectura de las horas cierra el día: con las reglas queda un viaje que sale antes de que llegue el anterior, con la de las tablas anteriores una salida movida a la madrugada; un día de más de 20 horas. Las salidas se mueven lo menos posible (168 min en total) para que ningún viaje salga antes de que llegue el anterior; queda menos de media hora en el trabajo o la escuela. Cambia: viaje 1 12:00 → 10:30, viaje 4 13:00 → 14:18."
8293,2,1412000012721,Hombres,26,Trabajador independiente,,2,11:30,,Regresar a Casa,,Su casa,,,,1412000010710,,home,,AUTOMÓVIL PARTICULAR,,60,,hora_invertida,,,
8293,2,1412000012721,Hombres,26,Trabajador independiente,,3,13:18,,Trabajar,,Otra vivienda,,,,home,,1412000010710,,AUTOMÓVIL PARTICULAR,,60,,,,,
8293,2,1412000012721,Hombres,26,Trabajador independiente,,4,13:00,14:18,Regresar a Casa,,Su casa,,,,1412000010710,,home,,AUTOMÓVIL PARTICULAR,,60,,hora_invertida,,,"Decimoquinta revisión: ninguna lectura de las horas cierra el día: con las reglas queda un viaje que sale antes de que llegue el anterior, con la de las tablas anteriores una salida movida a la madrugada; un día de más de 20 horas. Las salidas se mueven lo menos posible (168 min en total) para que ningún viaje salga antes de que llegue el anterior; queda menos de media hora en el trabajo o la escuela. Cambia: viaje 1 12:00 → 10:30, viaje 4 13:00 → 14:18."
8454,3,141200001657A,Hombres,28,Empleado,,1,07:00,,Trabajar,,"Comercio, mercado, tienda o centro comercial",,Su casa,,home,,999990001,,AUTOMÓVIL PARTICULAR,,120,,,,,
8454,3,141200001657A,Hombres,28,Empleado,,2,12:38,,Regresar a Casa,,Su casa,,,,999990001,,home,,AUTOMÓVIL PARTICULAR,,120,,,,,
8454,3,141200001657A,Hombres,28,Empleado,,3,14:19 → 14:38,16:19,Trabajar,,"Comercio, mercado, tienda o centro comercial",,,,home,,999990001,,AUTOMÓVIL PARTICULAR,,120,hora:llegada,,changed,,"Decimoquinta revisión: se toma la lectura de las horas de las tablas anteriores (la primera revisión), una sugerencia entre otras: con las reglas de hoy el día queda con menos de media hora en el trabajo o la escuela, y con esa lectura con ningún problema. Cambia: viaje 3 14:38 → 16:19, viaje 4 17:00 → 19:00, viaje 5 19:21 → 21:21, viaje 6 19:39 → 21:39."
8454,3,141200001657A,Hombres,28,Empleado,,4,17:00,19:00,Regresar a Casa,,Su casa,,,,999990001,,home,,AUTOMÓVIL PARTICULAR,,120,,,,,"Decimoquinta revisión: se toma la lectura de las horas de las tablas anteriores (la primera revisión), una sugerencia entre otras: con las reglas de hoy el día queda con menos de media hora en el trabajo o la escuela, y con esa lectura con ningún problema. Cambia: viaje 3 14:38 → 16:19, viaje 4 17:00 → 19:00, viaje 5 19:21 → 21:21, viaje 6 19:39 → 21:39."
8454,3,141200001657A,Hombres,28,Empleado,,5,19:21,21:21,Deportes o recreación,,"Deportivo, gimnasio",,,,home,,1412000016141,,A PIE,,14,,,,,"Decimoquinta revisión: se toma la lectura de las horas de las tablas anteriores (la primera revisión), una sugerencia entre otras: con las reglas de hoy el día queda con menos de media hora en el trabajo o la escuela, y con esa lectura con ningún problema. Cambia: viaje 3 14:38 → 16:19, viaje 4 17:00 → 19:00, viaje 5 19:21 → 21:21, viaje 6 19:39 → 21:39."
8454,3,141200001657A,Hombres,28,Empleado,,6,19:39,21:39,Regresar a Casa,,Su casa,,,,1412000016141,,home,,A PIE,,14,,,,,"Decimoquinta revisión: se toma la lectura de las horas de las tablas anteriores (la primera revisión), una sugerencia entre otras: con las reglas de hoy el día queda con menos de media hora en el trabajo o la escuela, y con esa lectura con ningún problema. Cambia: viaje 3 14:38 → 16:19, viaje 4 17:00 → 19:00, viaje 5 19:21 → 21:21, viaje 6 19:39 → 21:39."
8582,1,1412000012505,Hombres,61,,,1,10:00,,"Compras (bienes, productos y servicios)",,"Comercio, mercado, tienda o centro comercial",,Su casa,,home,,1412000012492,,AUTOMÓVIL PARTICULAR,,10,,,,,
8582,1,1412000012505,Hombres,61,,,2,12:00,,Visitar a alguien,,Otra vivienda,,,,1412000012492,,1412000010706,,AUTOMÓVIL PARTICULAR,,40,,,,,
8582,1,1412000012505,Hombres,61,,,3,15:00,,Regresar a Casa,,Su casa,,,,1412000010706,,home,,AUTOMÓVIL PARTICULAR,,40,,,,,
8582,1,1412000012505,Hombres,61,,,4,20:30,,Visitar a alguien,,Otra vivienda,,,,home,,1403900011043,,AUTOMÓVIL PARTICULAR,,40,,,,,
8582,1,1412000012505,Hombres,61,,,5,12:00,00:00,Regresar a Casa,,Su casa,,,,1403900011043,,home,,AUTOMÓVIL PARTICULAR,,40,,hora_invertida,,,"Decimoquinta revisión: se toma la lectura de las horas de las tablas anteriores (la primera revisión), una sugerencia entre otras: con las reglas de hoy el día queda con un viaje que sale antes de que llegue el anterior, y con esa lectura con ningún problema. Cambia: viaje 5 12:00 → 00:00."
8582,2,1412000012505,Mujeres,59,Hogar,,1,10:00,,"Compras (bienes, productos y servicios)",,"Comercio, mercado, tienda o centro comercial",,Su casa,,home,,1412000012492,,AUTOMÓVIL PARTICULAR,,10,,,,,
8582,2,1412000012505,Mujeres,59,Hogar,,2,12:00,,Visitar a alguien,,Otra vivienda,,,,1412000012492,,1412000010706,,AUTOMÓVIL PARTICULAR,,40,,,,,
8582,2,1412000012505,Mujeres,59,Hogar,,3,15:00,,Regresar a Casa,,Su casa,,,,1412000010706,,home,,AUTOMÓVIL PARTICULAR,,40,,,,,
8582,2,1412000012505,Mujeres,59,Hogar,,4,20:30,,Visitar a alguien,,Otra vivienda,,,,home,,1403900011043,,AUTOMÓVIL PARTICULAR,,40,,,,,
8582,2,1412000012505,Mujeres,59,Hogar,,5,12:00,00:00,Regresar a Casa,,Su casa,,,,1403900011043,,home,,AUTOMÓVIL PARTICULAR,,40,,hora_invertida,,,"Decimoquinta revisión: se toma la lectura de las horas de las tablas anteriores (la primera revisión), una sugerencia entre otras: con las reglas de hoy el día queda con un viaje que sale antes de que llegue el anterior, y con esa lectura con ningún problema. Cambia: viaje 5 12:00 → 00:00."
8686,1,1412000016300,Hombres,36,Trabajador independiente,,1,09:00,,Trabajar,,"Comercio, mercado, tienda o centro comercial",,Su casa,,home,,1412000014836,,AUTOMÓVIL PARTICULAR,,40,,,,,
8686,1,1412000016300,Hombres,36,Trabajador independiente,,2,04:37,14:37,Regresar a Casa,,Su casa,,,,1412000014836,,home,,AUTOMÓVIL PARTICULAR,,50,,hora_invertida,,,"Decimoquinta revisión: se toma la lectura de las horas de las tablas anteriores (las reglas anteriores), una sugerencia entre otras: con las reglas de hoy el día queda con un viaje que sale antes de que llegue el anterior, y con esa lectura con menos de media hora en el trabajo o la escuela. Cambia: viaje 2 04:37 → 14:37, viaje 3 06:09 → 16:09, viaje 4 05:00 → 17:00."
8686,1,1412000016300,Hombres,36,Trabajador independiente,,3,06:09,16:09,Trabajar,,"Comercio, mercado, tienda o centro comercial",,,,home,,1412000014836,,AUTOMÓVIL PARTICULAR,,40,,,,,"Decimoquinta revisión: se toma la lectura de las horas de las tablas anteriores (las reglas anteriores), una sugerencia entre otras: con las reglas de hoy el día queda con un viaje que sale antes de que llegue el anterior, y con esa lectura con menos de media hora en el trabajo o la escuela. Cambia: viaje 2 04:37 → 14:37, viaje 3 06:09 → 16:09, viaje 4 05:00 → 17:00."
8686,1,1412000016300,Hombres,36,Trabajador independiente,,4,05:00,17:00,Regresar a Casa,,Su casa,,,,1412000014836,,home,,AUTOMÓVIL PARTICULAR,,50,,hora_invertida,,,"Decimoquinta revisión: se toma la lectura de las horas de las tablas anteriores (las reglas anteriores), una sugerencia entre otras: con las reglas de hoy el día queda con un viaje que sale antes de que llegue el anterior, y con esa lectura con menos de media hora en el trabajo o la escuela. Cambia: viaje 2 04:37 → 14:37, viaje 3 06:09 → 16:09, viaje 4 05:00 → 17:00."
8699,2,1412000015444,Hombres,19,Estudiante,,1,09:00,,Trabajar,,"Comercio, mercado, tienda o centro comercial",,Su casa,,home,,1412000014643,,CAMIÓN O AUTOBÚS,,30,,,,,
8699,2,1412000015444,Hombres,19,Estudiante,,2,19:30,11:35,Regresar a Casa,,Su casa,,,,1412000014643,,home,,CAMIÓN O AUTOBÚS,,40,,,,,"Decimoquinta revisión: ninguna lectura de las horas cierra el día: con las reglas queda un viaje que sale antes de que llegue el anterior, con la de las tablas anteriores menos de media hora en el trabajo o la escuela. Las salidas se mueven lo menos posible (750 min en total) para que ningún viaje salga antes de que llegue el anterior; queda menos de media hora en el trabajo o la escuela. Cambia: viaje 2 19:30 → 11:35, viaje 3 07:40 → 12:15."
8699,2,1412000015444,Hombres,19,Estudiante,,3,07:40,12:15,Estudiar,,Escuela,,,,home,,1412000014677,,A PIE,,15,,hora_invertida,,,"Decimoquinta revisión: ninguna lectura de las horas cierra el día: con las reglas queda un viaje que sale antes de que llegue el anterior, con la de las tablas anteriores menos de media hora en el trabajo o la escuela. Las salidas se mueven lo menos posible (750 min en total) para que ningún viaje salga antes de que llegue el anterior; queda menos de media hora en el trabajo o la escuela. Cambia: viaje 2 19:30 → 11:35, viaje 3 07:40 → 12:15."
8699,2,1412000015444,Hombres,19,Estudiante,,4,12:30,,Regresar a Casa,,Su casa,,,,1412000014677,,home,,A PIE,,15,,,,,
8748,1,1412000016141,Hombres,36,Empleado,,1,07:23,,Compras (comida),,"Comercio, mercado, tienda o centro comercial",,Su casa,,home,,1412000013630,,A PIE,,1,,,,,
8748,1,1412000016141,Hombres,36,Empleado,,2,07:27,,Regresar a Casa,,Su casa,,,,1412000013630,,home,,A PIE,,1,,,,,
8748,1,1412000016141,Hombres,36,Empleado,,3,22:00,10:00,Trabajar,,Oficina,,,,home,,1412000013293,,AUTOMÓVIL PARTICULAR,,45,,,,,"Decimoquinta revisión: se toma la lectura de las horas de las tablas anteriores (la primera revisión), una sugerencia entre otras: con las reglas de hoy el día queda con un viaje que sale antes de que llegue el anterior, y con esa lectura con menos de media hora en el trabajo o la escuela. Cambia: viaje 3 22:00 → 10:00, viaje 6 18:00 → 20:00."
8748,1,1412000016141,Hombres,36,Empleado,,4,17:36,,Regresar a Casa,,Su casa,,,,1412000013293,,home,,AUTOMÓVIL PARTICULAR,,45,,hora_invertida,,,
8748,1,1412000016141,Hombres,36,Empleado,,5,19:09,,Trabajar,,Oficina,,,,home,,1412000013293,,AUTOMÓVIL PARTICULAR,,45,,,,,
8748,1,1412000016141,Hombres,36,Empleado,,6,18:00,20:00,Regresar a Casa,,Su casa,,,,1412000013293,,home,,AUTOMÓVIL PARTICULAR,,45,,hora_invertida,,,"Decimoquinta revisión: se toma la lectura de las horas de las tablas anteriores (la primera revisión), una sugerencia entre otras: con las reglas de hoy el día queda con un viaje que sale antes de que llegue el anterior, y con esa lectura con menos de media hora en el trabajo o la escuela. Cambia: viaje 3 22:00 → 10:00, viaje 6 18:00 → 20:00."
8752,1,1412000016438,Hombres,43,Trabajador independiente,,1,08:00,,Trabajar,,Oficina,,Su casa,,home,,1403900011908,,AUTOMÓVIL PARTICULAR,,90 → 45,minutos:revision,,changed,,
8752,1,1412000016438,Hombres,43,Trabajador independiente,,2,19:00,,Regresar a Casa,,Su casa,,,,1403900011908,,home,,AUTOMÓVIL PARTICULAR,,120 → 45,minutos:revision,,changed,,
8752,1,1412000016438,Hombres,43,Trabajador independiente,,3,20:00,,Compras (comida),,"Restaurante, bar, cafetería",,,,home,,1412000016902,,AUTOMÓVIL PARTICULAR,,10,,,,,
8752,1,1412000016438,Hombres,43,Trabajador independiente,,4,21:00,,Al médico o atención de salud,,"Hospital, clínica, consultorio, laboratorio clínico",,,,1412000016902,,1412000016902,,AUTOMÓVIL PARTICULAR,,10,,,,,
8752,1,1412000016438,Hombres,43,Trabajador independiente,,5,21:10,22:10,Visitar a alguien → Regresar a Casa,,Su casa,,,,1412000016902,,home,,AUTOMÓVIL PARTICULAR,,7,motivo:casa,,changed,,"Decimoquinta revisión: se toma la lectura de las horas de las tablas anteriores (la primera revisión y la segunda revisión), una sugerencia entre otras: con las reglas de hoy el día queda con una estancia de cero minutos fuera de casa, y con esa lectura con ningún problema. Cambia: viaje 5 21:10 → 22:10."
8752,1,1412000016438,Hombres,43,Trabajador independiente,,6,19:42,,Regresar a Casa,,Su casa,,,,home,,home,,AUTOMÓVIL PARTICULAR,,7,,regreso_en_casa,,,
8763,1,1412000016438,Hombres,53,Empleado,,1,20:00,08:00,Trabajar,,Oficina,,Oficina → Su casa,,1412000010405 → home,,1412000010405,,AUTOMÓVIL PARTICULAR,,45,origen:copia;tipo_origen:copia,,changed,,"Decimoquinta revisión: se toma la lectura de las horas de las tablas anteriores (la décima revisión), una sugerencia entre otras: con las reglas de hoy el día queda con un viaje que sale antes de que llegue el anterior, y con esa lectura con ningún problema. Cambia: viaje 1 20:00 → 08:00, viaje 4 16:00 → 20:00."
8763,1,1412000016438,Hombres,53,Empleado,,2,15:48,,Regresar a Casa,,Su casa,,,,1412000010405,,home,,AUTOMÓVIL PARTICULAR,,30,tipo_origen:copia,hora_invertida,changed,,
8763,1,1412000016438,Hombres,53,Empleado,,3,17:02,,Trabajar,,Oficina,,,,home,,1412000010405,,AUTOMÓVIL PARTICULAR,,45,tipo_origen:copia,,changed,,
8763,1,1412000016438,Hombres,53,Empleado,,4,16:00,20:00,Regresar a Casa,,Su casa,,,,1412000010405,,home,,AUTOMÓVIL PARTICULAR,,30,tipo_origen:copia,hora_invertida,changed,,"Decimoquinta revisión: se toma la lectura de las horas de las tablas anteriores (la décima revisión), una sugerencia entre otras: con las reglas de hoy el día queda con un viaje que sale antes de que llegue el anterior, y con esa lectura con ningún problema. Cambia: viaje 1 20:00 → 08:00, viaje 4 16:00 → 20:00."
8791,1,1412000016141,Hombres,27,Empleado,,1,08:06,,Compras (comida),,"Comercio, mercado, tienda o centro comercial",,Su casa,,home,,home,,A PIE,,10,,,,,
8791,1,1412000016141,Hombres,27,Empleado,,2,08:18,,Regresar a Casa,,Su casa,,,,home,,home,,A PIE,,10,,,,,
8791,1,1412000016141,Hombres,27,Empleado,,3,20:00,08:28,Trabajar,,Oficina,,,,home,,140980001007A,,AUTOMÓVIL PARTICULAR,,20,,,,,"Decimoquinta revisión: se toma la lectura de las horas de las tablas anteriores (la primera revisión), una sugerencia entre otras: con las reglas de hoy el día queda con un viaje que sale antes de que llegue el anterior, y con esa lectura con ningún problema. Cambia: viaje 3 20:00 → 08:28, viaje 6 18:00 → 20:00."
8791,1,1412000016141,Hombres,27,Empleado,,4,17:47,,Regresar a Casa,,Su casa,,,,140980001007A,,home,,AUTOMÓVIL PARTICULAR,,20,,hora_invertida,,,
8791,1,1412000016141,Hombres,27,Empleado,,5,19:10,,Trabajar,,Oficina,,,,home,,140980001007A,,AUTOMÓVIL PARTICULAR,,20,,,,,
8791,1,1412000016141,Hombres,27,Empleado,,6,18:00,20:00,Regresar a Casa,,Su casa,,,,140980001007A,,home,,AUTOMÓVIL PARTICULAR,,20,,hora_invertida,,,"Decimoquinta revisión: se toma la lectura de las horas de las tablas anteriores (la primera revisión), una sugerencia entre otras: con las reglas de hoy el día queda con un viaje que sale antes de que llegue el anterior, y con esa lectura con ningún problema. Cambia: viaje 3 20:00 → 08:28, viaje 6 18:00 → 20:00."
8805,2,1412000015209,Mujeres,28,Empleado,,1,08:00,,Trabajar,,Oficina,,Su casa,,home,,1409800011928,,CAMIÓN O AUTOBÚS,,120,,,,,
8805,2,1412000015209,Mujeres,28,Empleado,,2,17:00,,Regresar a Casa,,Su casa,,,,1409800011928,,home,,CAMIÓN O AUTOBÚS,,120,,,,,
8805,2,1412000015209,Mujeres,28,Empleado,,3,18:22 → 19:00,20:22,Trabajar,,Oficina,,,,home,,1409800011928,,CAMIÓN O AUTOBÚS,,120,hora:llegada,,changed,,"Decimoquinta revisión: se toma la lectura de las horas de las tablas anteriores (la primera revisión), una sugerencia entre otras: con las reglas de hoy el día queda con menos de media hora en el trabajo o la escuela, y con esa lectura con ningún problema. Cambia: viaje 3 19:00 → 20:22, viaje 4 21:00 → 22:52."
8805,2,1412000015209,Mujeres,28,Empleado,,4,20:52 → 21:00,22:52,Regresar a Casa,,Su casa,,,,1409800011928,,home,,CAMIÓN O AUTOBÚS,,120,hora:llegada,,changed,,"Decimoquinta revisión: se toma la lectura de las horas de las tablas anteriores (la primera revisión), una sugerencia entre otras: con las reglas de hoy el día queda con menos de media hora en el trabajo o la escuela, y con esa lectura con ningún problema. Cambia: viaje 3 19:00 → 20:22, viaje 4 21:00 → 22:52."
8874,2,1412000015444,Mujeres,40,Empleado,,1,08:14,,Llevar o recoger a alguien,,Otra vivienda,,Su casa,,home,,1412000015340,,A PIE,,5,,,,,
8874,2,1412000015444,Mujeres,40,Empleado,,2,08:21,,Regresar a Casa,,Su casa,,,,1412000015340,,home,,A PIE,,5,,,,,
8874,2,1412000015444,Mujeres,40,Empleado,,3,18:00,08:26,Trabajar,,Fábrica o taller,,,,home,,1412000011278,,CAMIÓN O AUTOBÚS,,30,,,,,"Decimoquinta revisión: se toma la lectura de las horas de las tablas anteriores (la primera revisión), una sugerencia entre otras: con las reglas de hoy el día queda con un viaje que sale antes de que llegue el anterior, y con esa lectura con ningún problema. Cambia: viaje 3 18:00 → 08:26."
8874,2,1412000015444,Mujeres,40,Empleado,,4,15:00,,Regresar a Casa,,Su casa,,,,1412000011278,,home,,CAMIÓN O AUTOBÚS,,30,,hora_invertida,,,
8874,2,1412000015444,Mujeres,40,Empleado,,5,18:00,,Compras (comida),,"Comercio, mercado, tienda o centro comercial",,,,home,,1412000014643,,A PIE,,9,,,,,
8874,2,1412000015444,Mujeres,40,Empleado,,6,18:13,,Regresar a Casa,,Su casa,,,,1412000014643,,home,,A PIE,,9,,,,,
8915,1,1409800012574,Hombres,57,Empleado,,1,08:04,,Deportes o recreación,,Centro cultural o área recreativa,,Su casa,,home,,home,,A PIE,,10,,,,,
8915,1,1409800012574,Hombres,57,Empleado,,2,08:15,,Regresar a Casa,,Su casa,,,,home,,home,,A PIE,,10,,,,,
8915,1,1409800012574,Hombres,57,Empleado,,3,19:00,09:00,Trabajar,,Fábrica o taller,,,,home,,140970180123A,,AUTOMÓVIL PARTICULAR,,35,,,,,"Decimoquinta revisión: se toma la lectura de las horas de las tablas anteriores (las reglas anteriores), una sugerencia entre otras: con las reglas de hoy el día queda con un viaje que sale antes de que llegue el anterior, y con esa lectura con menos de media hora en el trabajo o la escuela. Cambia: viaje 3 19:00 → 09:00, viaje 6 16:00 → 18:00."
8915,1,1409800012574,Hombres,57,Empleado,,4,15:37,,Regresar a Casa,,Su casa,,,,140970180123A,,home,,AUTOMÓVIL PARTICULAR,,35,,hora_invertida,,,
8915,1,1409800012574,Hombres,57,Empleado,,5,17:07,,Trabajar,,Fábrica o taller,,,,home,,140970180123A,,AUTOMÓVIL PARTICULAR,,35,,,,,
8915,1,1409800012574,Hombres,57,Empleado,,6,16:00,18:00,Regresar a Casa,,Su casa,,,,140970180123A,,home,,AUTOMÓVIL PARTICULAR,,35,,hora_invertida,,,"Decimoquinta revisión: se toma la lectura de las horas de las tablas anteriores (las reglas anteriores), una sugerencia entre otras: con las reglas de hoy el día queda con un viaje que sale antes de que llegue el anterior, y con esa lectura con menos de media hora en el trabajo o la escuela. Cambia: viaje 3 19:00 → 09:00, viaje 6 16:00 → 18:00."
8915,3,1409800012574,Mujeres,36,Persona trabajadora del hogar,,1,10:00,,Trabajar,,"Comercio, mercado, tienda o centro comercial",,Su casa,,home,,1409800012381,,AUTOMÓVIL PARTICULAR,,35 → 15,minutos:revision,,changed,,
8915,3,1409800012574,Mujeres,36,Persona trabajadora del hogar,,2,09:55,10:15,Regresar a Casa,,Su casa,,,,1409800012381,,home,,AUTOMÓVIL PARTICULAR,,35 → 15,minutos:revision,hora_invertida,changed,,"Decimoquinta revisión: ninguna lectura de las horas cierra el día: con las reglas queda un viaje que sale antes de que llegue el anterior, con la de las tablas anteriores menos de media hora en el trabajo o la escuela. Las salidas se mueven lo menos posible (20 min en total) para que ningún viaje salga antes de que llegue el anterior; queda menos de media hora en el trabajo o la escuela. Cambia: viaje 2 09:55 → 10:15."
8915,3,1409800012574,Mujeres,36,Persona trabajadora del hogar,,3,11:23,,Trabajar,,"Comercio, mercado, tienda o centro comercial",,,,home,,1409800012381,,AUTOMÓVIL PARTICULAR,,35 → 15,minutos:revision,,changed,,
8915,3,1409800012574,Mujeres,36,Persona trabajadora del hogar,,4,12:00,,Regresar a Casa,,Su casa,,,,1409800012381,,home,,AUTOMÓVIL PARTICULAR,,35 → 15,minutos:revision,,changed,,
8915,3,1409800012574,Mujeres,36,Persona trabajadora del hogar,,5,18:24,,Llevar o recoger a alguien,,Otra vivienda,,,,home,,1409800012589,,A PIE,,10,,,,,
8915,3,1409800012574,Mujeres,36,Persona trabajadora del hogar,,6,18:38,,Regresar a Casa,,Su casa,,,,1409800012589,,home,,A PIE,,10,,,,,
8975,2,1410100010679,Hombres,43,Empleado,,1,08:10,,Guardería → Llevar o recoger a alguien,,Otros (especifique),,Su casa,,home,,home,,A PIE,,10,motivo:guarderia,,changed,,
8975,2,1410100010679,Hombres,43,Empleado,,2,08:30,,Regresar a Casa,,Su casa,,,,home,,home,,A PIE,,10,,,,,
8975,2,1410100010679,Hombres,43,Empleado,,3,20:00,10:00,Trabajar,,Oficina,,,,home,,141010001097A,,AUTOMÓVIL PARTICULAR,,40,,,,,"Decimoquinta revisión: se toma la lectura de las horas de las tablas anteriores (la primera revisión), una sugerencia entre otras: con las reglas de hoy el día queda con un viaje que sale antes de que llegue el anterior, y con esa lectura con ningún problema. Cambia: viaje 3 20:00 → 10:00, viaje 6 19:00 → 21:00."
8975,2,1410100010679,Hombres,43,Empleado,,4,17:30,,Regresar a Casa,,Su casa,,,,141010001097A,,home,,AUTOMÓVIL PARTICULAR,,40,,hora_invertida,,,
8975,2,1410100010679,Hombres,43,Empleado,,5,19:11,,Trabajar,,Oficina,,,,home,,141010001097A,,AUTOMÓVIL PARTICULAR,,40,,,,,
8975,2,1410100010679,Hombres,43,Empleado,,6,19:00,21:00,Regresar a Casa,,Su casa,,,,141010001097A,,home,,AUTOMÓVIL PARTICULAR,,40,,hora_invertida,,,"Decimoquinta revisión: se toma la lectura de las horas de las tablas anteriores (la primera revisión), una sugerencia entre otras: con las reglas de hoy el día queda con un viaje que sale antes de que llegue el anterior, y con esa lectura con ningún problema. Cambia: viaje 3 20:00 → 10:00, viaje 6 19:00 → 21:00."
9026,3,1407000210967,Hombres,13,Estudiante,,1,14:00,,Estudiar,,Escuela,,Su casa,,home,,140700021101A,,CAMIÓN O AUTOBÚS,,30,,,,,
9026,3,1407000210967,Hombres,13,Estudiante,,2,20:00,17:39,Regresar a Casa,,Su casa,,,,140700021101A,,home,,CAMIÓN O AUTOBÚS,,30,,,,,"Decimoquinta revisión: se toma la lectura de las horas de las tablas anteriores (la duodécima revisión), una sugerencia entre otras: con las reglas de hoy el día queda con un viaje que sale antes de que llegue el anterior, y con esa lectura con ningún problema. Cambia: viaje 2 20:00 → 17:39."
9026,3,1407000210967,Hombres,13,Estudiante,,3,18:09,,Estudiar,,Escuela,,,,home,,140700021101A,,CAMIÓN O AUTOBÚS,,30,,hora_invertida,,,
9026,3,1407000210967,Hombres,13,Estudiante,,4,20:38,,Regresar a Casa,,Su casa,,,,140700021101A,,home,,CAMIÓN O AUTOBÚS,,30,,,,,
9031,1,140980012,Hombres,68,Patrón o empresario,,1,21:00,09:00,Trabajar,,"Comercio, mercado, tienda o centro comercial",,Su casa,,home,,1409800140027,,AUTOMÓVIL PARTICULAR,,25,,,,,"Decimoquinta revisión: se toma la lectura de las horas de las tablas anteriores (la primera revisión), una sugerencia entre otras: con las reglas de hoy el día queda con un viaje que sale antes de que llegue el anterior, y con esa lectura con menos de media hora en el trabajo o la escuela. Cambia: viaje 1 21:00 → 09:00, viaje 4 19:00 → 21:00."
9031,1,140980012,Hombres,68,Patrón o empresario,,2,18:43,,Regresar a Casa,,Su casa,,,,1409800140027,,home,,AUTOMÓVIL PARTICULAR,,20,,hora_invertida,,,
9031,1,140980012,Hombres,68,Patrón o empresario,,3,20:11,,Trabajar,,"Comercio, mercado, tienda o centro comercial",,,,home,,1409800140027,,AUTOMÓVIL PARTICULAR,,25,,,,,
9031,1,140980012,Hombres,68,Patrón o empresario,,4,19:00,21:00,Regresar a Casa,,Su casa,,,,1409800140027,,home,,AUTOMÓVIL PARTICULAR,,20,,hora_invertida,,,"Decimoquinta revisión: se toma la lectura de las horas de las tablas anteriores (la primera revisión), una sugerencia entre otras: con las reglas de hoy el día queda con un viaje que sale antes de que llegue el anterior, y con esa lectura con menos de media hora en el trabajo o la escuela. Cambia: viaje 1 21:00 → 09:00, viaje 4 19:00 → 21:00."
9123,2,1407000210967,Hombres,24,Empleado,,1,03:30,,Trabajar,,"Comercio, mercado, tienda o centro comercial",,Su casa,,home,,1403900015366,,AUTOMÓVIL PARTICULAR,,90 → 45,minutos:revision,,changed,,
9123,2,1407000210967,Hombres,24,Empleado,,2,05:32,,Regresar a Casa,,Su casa,,,,1403900015366,,home,,AUTOMÓVIL PARTICULAR,,90 → 45,minutos:revision,,changed,,
9123,2,1407000210967,Hombres,24,Empleado,,3,07:02,,Trabajar,,"Comercio, mercado, tienda o centro comercial",,,,home,,1403900015366,,AUTOMÓVIL PARTICULAR,,90 → 45,minutos:revision,,changed,,
9123,2,1407000210967,Hombres,24,Empleado,,4,08:00,18:00,Regresar a Casa,,Su casa,,,,1403900015366,,home,,AUTOMÓVIL PARTICULAR,,90 → 45,minutos:revision,,changed,,"Decimoquinta revisión: se toma la lectura de las horas de las tablas anteriores (la primera revisión), una sugerencia entre otras: con las reglas de hoy el día queda con menos de media hora en el trabajo o la escuela, y con esa lectura con ningún problema. Cambia: viaje 4 08:00 → 18:00, viaje 5 18:23 → 20:23, viaje 6 18:42 → 20:42."
9123,2,1407000210967,Hombres,24,Empleado,,5,18:23,20:23,Compras (comida),,"Comercio, mercado, tienda o centro comercial",,,,home,,home,,A PIE,,9,,,,,"Decimoquinta revisión: se toma la lectura de las horas de las tablas anteriores (la primera revisión), una sugerencia entre otras: con las reglas de hoy el día queda con menos de media hora en el trabajo o la escuela, y con esa lectura con ningún problema. Cambia: viaje 4 08:00 → 18:00, viaje 5 18:23 → 20:23, viaje 6 18:42 → 20:42."
9123,2,1407000210967,Hombres,24,Empleado,,6,18:42,20:42,Regresar a Casa,,Su casa,,,,home,,home,,A PIE,,9,,,,,"Decimoquinta revisión: se toma la lectura de las horas de las tablas anteriores (la primera revisión), una sugerencia entre otras: con las reglas de hoy el día queda con menos de media hora en el trabajo o la escuela, y con esa lectura con ningún problema. Cambia: viaje 4 08:00 → 18:00, viaje 5 18:23 → 20:23, viaje 6 18:42 → 20:42."
9142,4,1409700250299,Mujeres,36,Empleado,,1,13:30,,Trabajar,,Fábrica o taller,,Su casa,,home,,140390001279A,,CAMIÓN O AUTOBÚS,,70,,,,,
9142,4,1409700250299,Mujeres,36,Empleado,,2,12:00,14:40,Regresar a Casa,,Su casa,,,,140390001279A,,home,,Transporte de personal,,80,,hora_invertida,,,"Decimoquinta revisión: ninguna lectura de las horas cierra el día: con las reglas queda un viaje que sale antes de que llegue el anterior, con la de las tablas anteriores una salida movida a la madrugada. Las salidas se mueven lo menos posible (160 min en total) para que ningún viaje salga antes de que llegue el anterior; queda menos de media hora en el trabajo o la escuela. Cambia: viaje 2 12:00 → 14:40."
9156,1,1412000012308,Mujeres,39,Empleado,,1,18:30 → 08:30,06:30,Llevar o recoger a alguien,,Escuela,,Su casa,,home,,1412000014573,,CAMIÓN O AUTOBÚS,,15,hora:-10h,,changed,,"Decimoquinta revisión: se toma la lectura de las horas de las tablas anteriores (la primera revisión), una sugerencia entre otras: con las reglas de hoy el día queda con una estancia de 8 horas o más en un mandado o una visita, y con esa lectura con ningún problema. Cambia: viaje 1 08:30 → 06:30, viaje 2 17:00 → 07:00, viaje 3 19:00 → 17:00."
9156,1,1412000012308,Mujeres,39,Empleado,,2,07:00 → 17:00,07:00,Trabajar,,Otra vivienda,,,,1412000014573,,141200001066A,,CAMIÓN O AUTOBÚS,,45,hora:+10h,,changed,,"Decimoquinta revisión: se toma la lectura de las horas de las tablas anteriores (la primera revisión), una sugerencia entre otras: con las reglas de hoy el día queda con una estancia de 8 horas o más en un mandado o una visita, y con esa lectura con ningún problema. Cambia: viaje 1 08:30 → 06:30, viaje 2 17:00 → 07:00, viaje 3 19:00 → 17:00."
9156,1,1412000012308,Mujeres,39,Empleado,,3,17:00 → 19:00,17:00,Regresar a Casa,,Su casa,,,,141200001066A,,home,,CAMIÓN O AUTOBÚS,,45,hora:-10h+12h,,changed,,"Decimoquinta revisión: se toma la lectura de las horas de las tablas anteriores (la primera revisión), una sugerencia entre otras: con las reglas de hoy el día queda con una estancia de 8 horas o más en un mandado o una visita, y con esa lectura con ningún problema. Cambia: viaje 1 08:30 → 06:30, viaje 2 17:00 → 07:00, viaje 3 19:00 → 17:00."
9281,1,1412000014520,Hombres,60,Empleado,,1,18:20,08:20,Trabajar,,"Hospital, clínica, consultorio, laboratorio clínico",,Su casa,,home,,1412000014198,,AUTOMÓVIL PARTICULAR,,40,,,,,"Decimoquinta revisión: se toma la lectura de las horas de las tablas anteriores (las reglas anteriores), una sugerencia entre otras: con las reglas de hoy el día queda con un viaje que sale antes de que llegue el anterior, y con esa lectura con menos de media hora en el trabajo o la escuela. Cambia: viaje 1 18:20 → 08:20, viaje 4 15:00 → 17:00."
9281,1,1412000014520,Hombres,60,Empleado,,2,14:38,,Regresar a Casa,,Su casa,,,,1412000014198,,home,,AUTOMÓVIL PARTICULAR,,40,,hora_invertida,,,
9281,1,1412000014520,Hombres,60,Empleado,,3,16:20,,Trabajar,,"Hospital, clínica, consultorio, laboratorio clínico",,,,home,,1412000014198,,AUTOMÓVIL PARTICULAR,,40,,,,,
9281,1,1412000014520,Hombres,60,Empleado,,4,15:00,17:00,Regresar a Casa,,Su casa,,,,1412000014198,,home,,AUTOMÓVIL PARTICULAR,,40,,hora_invertida,,,"Decimoquinta revisión: se toma la lectura de las horas de las tablas anteriores (las reglas anteriores), una sugerencia entre otras: con las reglas de hoy el día queda con un viaje que sale antes de que llegue el anterior, y con esa lectura con menos de media hora en el trabajo o la escuela. Cambia: viaje 1 18:20 → 08:20, viaje 4 15:00 → 17:00."
9338,1,1412000014658,Mujeres,38,Empleado,,1,11:00,,Trabajar,,"Restaurante, bar, cafetería",,Su casa,,home,,1403900011857,,CAMIÓN O AUTOBÚS,,50,,,,,
9338,1,1412000014658,Mujeres,38,Empleado,,2,10:33,12:33,Regresar a Casa,,Su casa,,,,1403900011857,,home,,AUTOMÓVIL PARTICULAR,,35,,hora_invertida,,,"Decimoquinta revisión: se toma la lectura de las horas de las tablas anteriores (la primera revisión), una sugerencia entre otras: con las reglas de hoy el día queda con un viaje que sale antes de que llegue el anterior, y con esa lectura con ningún problema. Cambia: viaje 2 10:33 → 12:33, viaje 3 12:27 → 14:27, viaje 4 12:00 → 00:00."
9338,1,1412000014658,Mujeres,38,Empleado,,3,12:27,14:27,Trabajar,,"Restaurante, bar, cafetería",,,,home,,1403900011857,,AUTOMÓVIL PARTICULAR,,5,,,,,"Decimoquinta revisión: se toma la lectura de las horas de las tablas anteriores (la primera revisión), una sugerencia entre otras: con las reglas de hoy el día queda con un viaje que sale antes de que llegue el anterior, y con esa lectura con ningún problema. Cambia: viaje 2 10:33 → 12:33, viaje 3 12:27 → 14:27, viaje 4 12:00 → 00:00."
9338,1,1412000014658,Mujeres,38,Empleado,,4,12:00,00:00,Regresar a Casa,,Su casa,,,,1403900011857,,home,,AUTOMÓVIL PARTICULAR,,35,,hora_invertida,,,"Decimoquinta revisión: se toma la lectura de las horas de las tablas anteriores (la primera revisión), una sugerencia entre otras: con las reglas de hoy el día queda con un viaje que sale antes de que llegue el anterior, y con esa lectura con ningún problema. Cambia: viaje 2 10:33 → 12:33, viaje 3 12:27 → 14:27, viaje 4 12:00 → 00:00."
9363,2,1412000014677,Mujeres,54,Hogar,,1,15:00 → 05:00,,Trabajar,,Otra vivienda,,Su casa,,home,,1412000012384,,AUTOMÓVIL PARTICULAR,,20,hora:-10h,,changed,,
9363,2,1412000014677,Mujeres,54,Hogar,,2,14:55,,Regresar a Casa,,Su casa,,,,1412000012384,,home,,AUTOMÓVIL PARTICULAR,,20,,,,,
9363,2,1412000014677,Mujeres,54,Hogar,,3,16:24,,Trabajar,,Otra vivienda,,,,home,,1412000012384,,AUTOMÓVIL PARTICULAR,,20,,,,,
9363,2,1412000014677,Mujeres,54,Hogar,,4,16:30 → 16:44,18:30,Regresar a Casa,,Su casa,,,,1412000012384,,home,,AUTOMÓVIL PARTICULAR,,20,hora:llegada,,changed,,"Decimoquinta revisión: se toma la lectura de las horas de las tablas anteriores (la undécima revisión), una sugerencia entre otras: con las reglas de hoy el día queda con menos de media hora en el trabajo o la escuela, y con esa lectura con ningún problema. Cambia: viaje 4 16:44 → 18:30."
9504,2,1409700213842,Mujeres,33,Empleado,,1,07:00,,Trabajar,,"Comercio, mercado, tienda o centro comercial",,"Comercio, mercado, tienda o centro comercial → Su casa",,1409700340250 → home,,1409700340250,,AUTOMÓVIL PARTICULAR,,20,origen:copia;tipo_origen:copia,,changed,,
9504,2,1409700213842,Mujeres,33,Empleado,,2,01:48,13:48,Regresar a Casa,,Su casa,,,,1409700340250,,home,,AUTOMÓVIL PARTICULAR,,15,tipo_origen:copia,hora_invertida,changed,,"Decimoquinta revisión: se toma la lectura de las horas de las tablas anteriores (la primera revisión), una sugerencia entre otras: con las reglas de hoy el día queda con un viaje que sale antes de que llegue el anterior, y con esa lectura con ningún problema. Cambia: viaje 2 01:48 → 13:48, viaje 3 03:22 → 15:22, viaje 4 01:00 → 23:00."
9504,2,1409700213842,Mujeres,33,Empleado,,3,03:22,15:22,Trabajar,,"Comercio, mercado, tienda o centro comercial",,,,home,,1409700340250,,AUTOMÓVIL PARTICULAR,,20,tipo_origen:copia,,changed,,"Decimoquinta revisión: se toma la lectura de las horas de las tablas anteriores (la primera revisión), una sugerencia entre otras: con las reglas de hoy el día queda con un viaje que sale antes de que llegue el anterior, y con esa lectura con ningún problema. Cambia: viaje 2 01:48 → 13:48, viaje 3 03:22 → 15:22, viaje 4 01:00 → 23:00."
9504,2,1409700213842,Mujeres,33,Empleado,,4,01:00,23:00,Regresar a Casa,,Su casa,,,,1409700340250,,home,,AUTOMÓVIL PARTICULAR,,15,tipo_origen:copia,hora_invertida,changed,,"Decimoquinta revisión: se toma la lectura de las horas de las tablas anteriores (la primera revisión), una sugerencia entre otras: con las reglas de hoy el día queda con un viaje que sale antes de que llegue el anterior, y con esa lectura con ningún problema. Cambia: viaje 2 01:48 → 13:48, viaje 3 03:22 → 15:22, viaje 4 01:00 → 23:00."
9542,1,1409700251418,Mujeres,47,Hogar,,1,07:45,,Trabajar,,Oficina,,Su casa,,home,,1409701801244,,AUTOMÓVIL PARTICULAR,,60,,,,,
9542,1,1409700251418,Mujeres,47,Hogar,,2,06:55,16:55,Regresar a Casa,,Su casa,,,,1409701801244,,home,,AUTOMÓVIL PARTICULAR,,20,,hora_invertida,,,"Decimoquinta revisión: se toma la lectura de las horas de las tablas anteriores (la primera revisión), una sugerencia entre otras: con las reglas de hoy el día queda con un viaje que sale antes de que llegue el anterior, y con esa lectura con ningún problema. Cambia: viaje 2 06:55 → 16:55, viaje 3 08:26 → 18:26, viaje 4 08:40 → 20:40, viaje 5 19:14 → 21:14, viaje 6 19:37 → 21:37."
9542,1,1409700251418,Mujeres,47,Hogar,,3,08:26,18:26,Trabajar,,Oficina,,,,home,,1409701801244,,AUTOMÓVIL PARTICULAR,,60,,,,,"Decimoquinta revisión: se toma la lectura de las horas de las tablas anteriores (la primera revisión), una sugerencia entre otras: con las reglas de hoy el día queda con un viaje que sale antes de que llegue el anterior, y con esa lectura con ningún problema. Cambia: viaje 2 06:55 → 16:55, viaje 3 08:26 → 18:26, viaje 4 08:40 → 20:40, viaje 5 19:14 → 21:14, viaje 6 19:37 → 21:37."
9542,1,1409700251418,Mujeres,47,Hogar,,4,08:40,20:40,Regresar a Casa,,Su casa,,,,1409701801244,,home,,AUTOMÓVIL PARTICULAR,,20,,hora_invertida,,,"Decimoquinta revisión: se toma la lectura de las horas de las tablas anteriores (la primera revisión), una sugerencia entre otras: con las reglas de hoy el día queda con un viaje que sale antes de que llegue el anterior, y con esa lectura con ningún problema. Cambia: viaje 2 06:55 → 16:55, viaje 3 08:26 → 18:26, viaje 4 08:40 → 20:40, viaje 5 19:14 → 21:14, viaje 6 19:37 → 21:37."
9542,1,1409700251418,Mujeres,47,Hogar,,5,19:14,21:14,Deportes o recreación,,Centro cultural o área recreativa,,,,home,,home,,A PIE,,13,,,,,"Decimoquinta revisión: se toma la lectura de las horas de las tablas anteriores (la primera revisión), una sugerencia entre otras: con las reglas de hoy el día queda con un viaje que sale antes de que llegue el anterior, y con esa lectura con ningún problema. Cambia: viaje 2 06:55 → 16:55, viaje 3 08:26 → 18:26, viaje 4 08:40 → 20:40, viaje 5 19:14 → 21:14, viaje 6 19:37 → 21:37."
9542,1,1409700251418,Mujeres,47,Hogar,,6,19:37,21:37,Regresar a Casa,,Su casa,,,,home,,home,,A PIE,,13,,,,,"Decimoquinta revisión: se toma la lectura de las horas de las tablas anteriores (la primera revisión), una sugerencia entre otras: con las reglas de hoy el día queda con un viaje que sale antes de que llegue el anterior, y con esa lectura con ningún problema. Cambia: viaje 2 06:55 → 16:55, viaje 3 08:26 → 18:26, viaje 4 08:40 → 20:40, viaje 5 19:14 → 21:14, viaje 6 19:37 → 21:37."
9579,1,1409700340250,Hombres,40,Empleado,,1,11:30,,Compras (comida),,"Comercio, mercado, tienda o centro comercial",,Su casa,,home,,home,,A PIE,,8,,,,,
9579,1,1409700340250,Hombres,40,Empleado,,2,11:45,,Regresar a Casa,,Su casa,,,,home,,home,,A PIE,,8,,,,,
9579,1,1409700340250,Hombres,40,Empleado,,3,19:00,,Trabajar,,"Comercio, mercado, tienda o centro comercial",,,,home,,140970025130A,,AUTOMÓVIL PARTICULAR,,40,,,,,
9579,1,1409700340250,Hombres,40,Empleado,,4,13:00,01:00,Regresar a Casa,,Su casa,,,,140970025130A,,home,,AUTOMÓVIL PARTICULAR,,20,,hora_invertida,,,"Decimoquinta revisión: se toma la lectura de las horas de las tablas anteriores (la primera revisión), una sugerencia entre otras: con las reglas de hoy el día queda con un viaje que sale antes de que llegue el anterior, y con esa lectura con ningún problema. Cambia: viaje 4 13:00 → 01:00."
9691,1,1409700213857,Hombres,41,Empleado,,1,18:00,06:00,Trabajar,,"Comercio, mercado, tienda o centro comercial",,Su casa,,home,,1412000013166,,AUTOMÓVIL PARTICULAR,,35,,,,,"Decimoquinta revisión: se toma la lectura de las horas de las tablas anteriores (la primera revisión), una sugerencia entre otras: con las reglas de hoy el día queda con un viaje que sale antes de que llegue el anterior, y con esa lectura con menos de media hora en el trabajo o la escuela. Cambia: viaje 1 18:00 → 06:00, viaje 4 03:00 → 15:00."
9691,1,1409700213857,Hombres,41,Empleado,,2,06:44,,Regresar a Casa,,Su casa,,,,1412000013166,,home,,AUTOMÓVIL PARTICULAR,,28,,hora_invertida,,,
9691,1,1409700213857,Hombres,41,Empleado,,3,08:04,,Trabajar,,"Comercio, mercado, tienda o centro comercial",,,,home,,1412000013166,,AUTOMÓVIL PARTICULAR,,35,,,,,
9691,1,1409700213857,Hombres,41,Empleado,,4,03:00,15:00,Regresar a Casa,,Su casa,,,,1412000013166,,home,,AUTOMÓVIL PARTICULAR,,28,,hora_invertida,,,"Decimoquinta revisión: se toma la lectura de las horas de las tablas anteriores (la primera revisión), una sugerencia entre otras: con las reglas de hoy el día queda con un viaje que sale antes de que llegue el anterior, y con esa lectura con menos de media hora en el trabajo o la escuela. Cambia: viaje 1 18:00 → 06:00, viaje 4 03:00 → 15:00."
9791,2,1410100010679,Mujeres,45,Trabajador independiente,,1,09:00,,Compras (comida),,"Comercio, mercado, tienda o centro comercial",,Su casa,,home,,1410100010471,,A PIE,,30,,,,,
9791,2,1410100010679,Mujeres,45,Trabajador independiente,,2,09:50,,Regresar a Casa,,Su casa,,,,1410100010471,,home,,A PIE,,30,,,,,
9791,2,1410100010679,Mujeres,45,Trabajador independiente,,3,06:30,10:20,Estudiar,,Escuela,,,,home,,1410100011130,,Mototaxi,,15,,hora_invertida,,,"Decimoquinta revisión: ninguna lectura de las horas cierra el día: con las reglas queda un viaje que sale antes de que llegue el anterior, con la de las tablas anteriores ningún problema. Las salidas se mueven lo menos posible (230 min en total) para que ningún viaje salga antes de que llegue el anterior; queda ningún problema. Cambia: viaje 3 06:30 → 10:20."
9791,2,1410100010679,Mujeres,45,Trabajador independiente,,4,13:00,,Regresar a Casa,,Su casa,,,,1410100011130,,home,,A PIE,,20,,,,,
10021,2,140972416,Hombres,47,Empleado,,1,19:30,09:30,Trabajar,,Fábrica o taller,,Su casa,,home,,1409700012115,,AUTOMÓVIL PARTICULAR,,20,,,,,"Decimoquinta revisión: se toma la lectura de las horas de las tablas anteriores (las reglas anteriores), una sugerencia entre otras: con las reglas de hoy el día queda con un viaje que sale antes de que llegue el anterior, y con esa lectura con menos de media hora en el trabajo o la escuela. Cambia: viaje 1 19:30 → 09:30, viaje 4 17:00 → 19:00."
10021,2,140972416,Hombres,47,Empleado,,2,16:47,,Regresar a Casa,,Su casa,,,,1409700012115,,home,,AUTOMÓVIL PARTICULAR,,15,,hora_invertida,,,
10021,2,140972416,Hombres,47,Empleado,,3,18:19,,Trabajar,,Fábrica o taller,,,,home,,1409700012115,,AUTOMÓVIL PARTICULAR,,20,,,,,
10021,2,140972416,Hombres,47,Empleado,,4,17:00,19:00,Regresar a Casa,,Su casa,,,,1409700012115,,home,,AUTOMÓVIL PARTICULAR,,15,,hora_invertida,,,"Decimoquinta revisión: se toma la lectura de las horas de las tablas anteriores (las reglas anteriores), una sugerencia entre otras: con las reglas de hoy el día queda con un viaje que sale antes de que llegue el anterior, y con esa lectura con menos de media hora en el trabajo o la escuela. Cambia: viaje 1 19:30 → 09:30, viaje 4 17:00 → 19:00."
10039,1,1409700010918,Mujeres,52,Empleado,,1,06:00,,Trabajar,,"Restaurante, bar, cafetería",,Su casa,,home,,140970005034A,,AUTOMÓVIL PARTICULAR,,80,,,,,
10039,1,1409700010918,Mujeres,52,Empleado,,2,05:51,15:51,Regresar a Casa,,Su casa,,,,140970005034A,,home,,AUTOMÓVIL PARTICULAR,,90,,hora_invertida,,,"Decimoquinta revisión: se toma la lectura de las horas de las tablas anteriores (la primera revisión), una sugerencia entre otras: con las reglas de hoy el día queda con un viaje que sale antes de que llegue el anterior, y con esa lectura con menos de media hora en el trabajo o la escuela. Cambia: viaje 2 05:51 → 15:51, viaje 3 07:28 → 17:28, viaje 4 07:00 → 19:00, viaje 5 19:04 → 21:04, viaje 6 19:22 → 21:22."
10039,1,1409700010918,Mujeres,52,Empleado,,3,07:28,17:28,Trabajar,,"Restaurante, bar, cafetería",,,,home,,140970005034A,,AUTOMÓVIL PARTICULAR,,80,,,,,"Decimoquinta revisión: se toma la lectura de las horas de las tablas anteriores (la primera revisión), una sugerencia entre otras: con las reglas de hoy el día queda con un viaje que sale antes de que llegue el anterior, y con esa lectura con menos de media hora en el trabajo o la escuela. Cambia: viaje 2 05:51 → 15:51, viaje 3 07:28 → 17:28, viaje 4 07:00 → 19:00, viaje 5 19:04 → 21:04, viaje 6 19:22 → 21:22."
10039,1,1409700010918,Mujeres,52,Empleado,,4,07:00,19:00,Regresar a Casa,,Su casa,,,,140970005034A,,home,,AUTOMÓVIL PARTICULAR,,90,,hora_invertida,,,"Decimoquinta revisión: se toma la lectura de las horas de las tablas anteriores (la primera revisión), una sugerencia entre otras: con las reglas de hoy el día queda con un viaje que sale antes de que llegue el anterior, y con esa lectura con menos de media hora en el trabajo o la escuela. Cambia: viaje 2 05:51 → 15:51, viaje 3 07:28 → 17:28, viaje 4 07:00 → 19:00, viaje 5 19:04 → 21:04, viaje 6 19:22 → 21:22."
10039,1,1409700010918,Mujeres,52,Empleado,,5,19:04,21:04,Compras (comida),,"Comercio, mercado, tienda o centro comercial",,,,home,,home,,A PIE,,8,,,,,"Decimoquinta revisión: se toma la lectura de las horas de las tablas anteriores (la primera revisión), una sugerencia entre otras: con las reglas de hoy el día queda con un viaje que sale antes de que llegue el anterior, y con esa lectura con menos de media hora en el trabajo o la escuela. Cambia: viaje 2 05:51 → 15:51, viaje 3 07:28 → 17:28, viaje 4 07:00 → 19:00, viaje 5 19:04 → 21:04, viaje 6 19:22 → 21:22."
10039,1,1409700010918,Mujeres,52,Empleado,,6,19:22,21:22,Regresar a Casa,,Su casa,,,,home,,home,,A PIE,,8,,,,,"Decimoquinta revisión: se toma la lectura de las horas de las tablas anteriores (la primera revisión), una sugerencia entre otras: con las reglas de hoy el día queda con un viaje que sale antes de que llegue el anterior, y con esa lectura con menos de media hora en el trabajo o la escuela. Cambia: viaje 2 05:51 → 15:51, viaje 3 07:28 → 17:28, viaje 4 07:00 → 19:00, viaje 5 19:04 → 21:04, viaje 6 19:22 → 21:22."
10269,2,1409700012115,Mujeres,26,Empleado,,1,08:00,,Trabajar,,Oficina,,Su casa,,home,,1409700010918,,MOTOCICLETA,,10,,,,,
10269,2,1409700012115,Mujeres,26,Empleado,,2,16:00,,Compras (comida),,"Comercio, mercado, tienda o centro comercial",,,,1409700010918,,home,,MOTOCICLETA,,10,,,,,
10269,2,1409700012115,Mujeres,26,Empleado,,3,16:15,,Regresar a Casa,,Su casa,,,,home,,home,,MOTOCICLETA,,1,,,,,
10269,2,1409700012115,Mujeres,26,Empleado,,4,19:00,,"Compras (bienes, productos y servicios)",,"Comercio, mercado, tienda o centro comercial",,,,home,,1409700012098,,A PIE,,10,,,,,
10269,2,1409700012115,Mujeres,26,Empleado,,5,16:15,19:10,Regresar a Casa,,Su casa,,,,1409700012098,,home,,A PIE,,10,,hora_invertida,,,"Decimoquinta revisión: se toma la lectura de las horas de las tablas anteriores (la primera revisión), una sugerencia entre otras: con las reglas de hoy el día queda con un viaje que sale antes de que llegue el anterior, y con esa lectura con una estancia de cero minutos fuera de casa. Cambia: viaje 5 16:15 → 19:10."
10281,1,1409704393895,Mujeres,24,Empleado,,1,12:40,,Trabajar,,Fábrica o taller,,Su casa,,home,,1412000016599,,Transporte de personal,,120,,,,,
10281,1,1409704393895,Mujeres,24,Empleado,,2,11:00,14:40,Regresar a Casa,,Su casa,,,,1412000016599,,home,,Transporte de personal,,120,,hora_invertida,,,"Decimoquinta revisión: ninguna lectura de las horas cierra el día: con las reglas queda un viaje que sale antes de que llegue el anterior, con la de las tablas anteriores una salida movida a la madrugada. Las salidas se mueven lo menos posible (220 min en total) para que ningún viaje salga antes de que llegue el anterior; queda menos de media hora en el trabajo o la escuela. Cambia: viaje 2 11:00 → 14:40."
10281,1,1409704393895,Mujeres,24,Empleado,,3,19:08,,Otros (especifique),,Otros (especifique),,,,home,,1409704393880,,A PIE,,4,,,,,
10281,1,1409704393895,Mujeres,24,Empleado,,4,19:19,,Regresar a Casa,,Su casa,,,,1409704393880,,home,,A PIE,,4,,,,,
10322,2,140970023276A,Hombres,28,Empleado,,1,08:03,,Compras (comida),,"Restaurante, bar, cafetería",,Su casa,,home,,home,,A PIE,,7,,,,,
10322,2,140970023276A,Hombres,28,Empleado,,2,08:17,,Regresar a Casa,,Su casa,,,,home,,home,,A PIE,,7,,,,,
10322,2,140970023276A,Hombres,28,Empleado,,3,18:00,,Trabajar,,Fábrica o taller,,,,home,,1409704241761,,Transporte de personal,,45,,,,,
10322,2,140970023276A,Hombres,28,Empleado,,4,14:40,04:40,Regresar a Casa,,Su casa,,,,1409704241761,,home,,Transporte de personal,,45,,hora_invertida,,,"Decimoquinta revisión: se toma la lectura de las horas de las tablas anteriores (la primera revisión), una sugerencia entre otras: con las reglas de hoy el día queda con un viaje que sale antes de que llegue el anterior, y con esa lectura con ningún problema. Cambia: viaje 4 14:40 → 04:40."
10345,4,1409708352740,Hombres,23,Empleado,,1,13:30,,Trabajar,,Fábrica o taller,,Su casa,,home,,1412000016758,,Transporte de personal,,60,,,,,
10345,4,1409708352740,Hombres,23,Empleado,,2,12:00,14:30,Regresar a Casa,,Su casa,,,,1412000016758,,home,,Transporte de personal,,60,,hora_invertida,,,"Decimoquinta revisión: ninguna lectura de las horas cierra el día: con las reglas queda un viaje que sale antes de que llegue el anterior, con la de las tablas anteriores una salida movida a la madrugada. Las salidas se mueven lo menos posible (150 min en total) para que ningún viaje salga antes de que llegue el anterior; queda menos de media hora en el trabajo o la escuela. Cambia: viaje 2 12:00 → 14:30."
10384,2,1409700012115,Hombres,33,Empleado,,1,12:00,,Trabajar,,Fábrica o taller,,Su casa,,home,,1409700340250,,CAMIÓN O AUTOBÚS,,30,,,,,
10384,2,1409700012115,Hombres,33,Empleado,,2,22:00,15:30,Regresar a Casa,,Su casa,,,,1409700340250,,home,,CAMIÓN O AUTOBÚS,,30,,,,,"Decimoquinta revisión: ninguna lectura de las horas cierra el día: con las reglas queda un viaje que sale antes de que llegue el anterior, con la de las tablas anteriores una salida movida a la madrugada. Las salidas se mueven lo menos posible (390 min en total) para que ningún viaje salga antes de que llegue el anterior; queda ningún problema. Cambia: viaje 2 22:00 → 15:30."
10384,2,1409700012115,Hombres,33,Empleado,,3,16:00,,Visitar a alguien,,Centro cultural o área recreativa,,,,home,,1409700012098,,A PIE,,15,,hora_invertida,,,
10384,2,1409700012115,Hombres,33,Empleado,,4,19:30,,Regresar a Casa,,Su casa,,,,1409700012098,,home,,A PIE,,15,,,,,
10405,4,1409700012115,Hombres,8,Estudiante,,1,13:40,,Estudiar,,Escuela,,Su casa,,home,,1409700012098,,A PIE,,10,,,,,
10405,4,1409700012115,Hombres,8,Estudiante,,2,18:20,,Regresar a Casa,,Su casa,,,,1409700012098,,home,,MOTOCICLETA,,3,,,,,
10405,4,1409700012115,Hombres,8,Estudiante,,3,18:00 → 20:00,,Deportes o recreación,,Centro cultural o área recreativa,,,,home,,home,,A PIE,,5,hora:-10h+12h,,changed,,
10405,4,1409700012115,Hombres,8,Estudiante,,4,20:00 → 20:05,22:00,Regresar a Casa,,Su casa,,,,home,,home,,A PIE,,5,hora:llegada,,changed,,"Decimoquinta revisión: se toma la lectura de las horas de las tablas anteriores (la undécima revisión), una sugerencia entre otras: con las reglas de hoy el día queda con una estancia de cero minutos fuera de casa, y con esa lectura con ningún problema. Cambia: viaje 4 20:05 → 22:00."
10446,2,1412000016809,Hombres,67,Patrón o empresario,,1,19:00,09:00,Trabajar,,Fábrica o taller,,Su casa,,home,,1403900014546,,AUTOMÓVIL PARTICULAR,,60,,,,,"Decimoquinta revisión: se toma la lectura de las horas de las tablas anteriores (la primera revisión), una sugerencia entre otras: con las reglas de hoy el día queda con un viaje que sale antes de que llegue el anterior, y con esa lectura con menos de media hora en el trabajo o la escuela. Cambia: viaje 1 19:00 → 09:00, viaje 4 20:00 → 21:15."
10446,2,1412000016809,Hombres,67,Patrón o empresario,,2,18:35,,Regresar a Casa,,Su casa,,,,1403900014546,,home,,AUTOMÓVIL PARTICULAR,,70,,hora_invertida,,,
10446,2,1412000016809,Hombres,67,Patrón o empresario,,3,20:15,,Trabajar,,Fábrica o taller,,,,home,,1403900014546,,AUTOMÓVIL PARTICULAR,,60,,,,,
10446,2,1412000016809,Hombres,67,Patrón o empresario,,4,20:00,21:15,Regresar a Casa,,Su casa,,,,1403900014546,,home,,AUTOMÓVIL PARTICULAR,,70,,hora_invertida,,,"Decimoquinta revisión: se toma la lectura de las horas de las tablas anteriores (la primera revisión), una sugerencia entre otras: con las reglas de hoy el día queda con un viaje que sale antes de que llegue el anterior, y con esa lectura con menos de media hora en el trabajo o la escuela. Cambia: viaje 1 19:00 → 09:00, viaje 4 20:00 → 21:15."
10617,3,1409708432702,Mujeres,26,Empleado,,1,09:27,,Trabajar,,"Comercio, mercado, tienda o centro comercial",,Su casa,,home,,1403900011804,,TREN LIGERO,,153,,,,,
10617,3,1409708432702,Mujeres,26,Empleado,,2,20:01,19:33,Regresar a Casa,,Su casa,,,,1403900011804,,home,,TREN LIGERO,,169,,,,,"Decimoquinta revisión: se toma la lectura de las horas de las tablas anteriores (la duodécima revisión), una sugerencia entre otras: con las reglas de hoy el día queda con una estancia de cero minutos fuera de casa, y con esa lectura con ningún problema. Cambia: viaje 2 20:01 → 19:33, viaje 3 22:50 → 22:22, viaje 4 22:55 → 22:47."
10617,3,1409708432702,Mujeres,26,Empleado,,3,22:22 → 22:50,22:22,Compras (comida),,Otra vivienda,,,,home,,1409706133931,,MOTOCICLETA,,5,hora:llegada,,changed,,"Decimoquinta revisión: se toma la lectura de las horas de las tablas anteriores (la duodécima revisión), una sugerencia entre otras: con las reglas de hoy el día queda con una estancia de cero minutos fuera de casa, y con esa lectura con ningún problema. Cambia: viaje 2 20:01 → 19:33, viaje 3 22:50 → 22:22, viaje 4 22:55 → 22:47."
10617,3,1409708432702,Mujeres,26,Empleado,,4,22:47 → 22:55,22:47,Regresar a Casa,,Su casa,,,,1409706133931,,home,,MOTOCICLETA,,5,hora:llegada,,changed,,"Decimoquinta revisión: se toma la lectura de las horas de las tablas anteriores (la duodécima revisión), una sugerencia entre otras: con las reglas de hoy el día queda con una estancia de cero minutos fuera de casa, y con esa lectura con ningún problema. Cambia: viaje 2 20:01 → 19:33, viaje 3 22:50 → 22:22, viaje 4 22:55 → 22:47."
10645,2,1409708234041,Hombres,57,Empleado,,1,08:00,,Trabajar,,Oficina,,Su casa,,home,,1412000010636,,AUTOMÓVIL PARTICULAR,,20,,,,,
10645,2,1409708234041,Hombres,57,Empleado,,2,04:49,14:49,Regresar a Casa,,Su casa,,,,1412000010636,,home,,AUTOMÓVIL PARTICULAR,,20,,hora_invertida,,,"Decimoquinta revisión: se toma la lectura de las horas de las tablas anteriores (las reglas anteriores), una sugerencia entre otras: con las reglas de hoy el día queda con un viaje que sale antes de que llegue el anterior, y con esa lectura con menos de media hora en el trabajo o la escuela. Cambia: viaje 2 04:49 → 14:49, viaje 3 06:15 → 16:15, viaje 4 05:00 → 17:00."
10645,2,1409708234041,Hombres,57,Empleado,,3,06:15,16:15,Trabajar,,Oficina,,,,home,,1412000010636,,AUTOMÓVIL PARTICULAR,,20,,,,,"Decimoquinta revisión: se toma la lectura de las horas de las tablas anteriores (las reglas anteriores), una sugerencia entre otras: con las reglas de hoy el día queda con un viaje que sale antes de que llegue el anterior, y con esa lectura con menos de media hora en el trabajo o la escuela. Cambia: viaje 2 04:49 → 14:49, viaje 3 06:15 → 16:15, viaje 4 05:00 → 17:00."
10645,2,1409708234041,Hombres,57,Empleado,,4,05:00,17:00,Regresar a Casa,,Su casa,,,,1412000010636,,home,,AUTOMÓVIL PARTICULAR,,20,,hora_invertida,,,"Decimoquinta revisión: se toma la lectura de las horas de las tablas anteriores (las reglas anteriores), una sugerencia entre otras: con las reglas de hoy el día queda con un viaje que sale antes de que llegue el anterior, y con esa lectura con menos de media hora en el trabajo o la escuela. Cambia: viaje 2 04:49 → 14:49, viaje 3 06:15 → 16:15, viaje 4 05:00 → 17:00."
10746,3,140970843269A,Mujeres,38,,,1,13:03,,Visitar a alguien,,Otra vivienda,,Su casa,,home,,1412000013397,,MI MACRO,,105,,,,,
10746,3,140970843269A,Mujeres,38,,,2,09:28,14:48,Regresar a Casa,,Su casa,,,,1412000013397,,home,,MI MACRO,,70,,hora_invertida,,,"Decimoquinta revisión: ninguna lectura de las horas cierra el día: con las reglas queda un viaje que sale antes de que llegue el anterior, con la de las tablas anteriores una salida movida a la madrugada; un primer viaje antes de las 05:00; un día de más de 20 horas. Las salidas se mueven lo menos posible (320 min en total) para que ningún viaje salga antes de que llegue el anterior; queda una estancia de cero minutos fuera de casa. Cambia: viaje 2 09:28 → 14:48."
10746,3,140970843269A,Mujeres,38,,,3,18:04,,"Compras (bienes, productos y servicios)",,"Comercio, mercado, tienda o centro comercial",,,,home,,home,,A PIE,,9,,,,,
10746,3,140970843269A,Mujeres,38,,,4,18:22,,Regresar a Casa,,Su casa,,,,home,,home,,A PIE,,9,,,,,
10748,1,1409700463861,Hombres,52,Empleado,,1,08:02,,Compras (comida),,"Comercio, mercado, tienda o centro comercial",,Su casa,,home,,1409708432717,,A PIE,,1,,,,,
10748,1,1409700463861,Hombres,52,Empleado,,2,08:13,,Regresar a Casa,,Su casa,,,,1409708432717,,home,,A PIE,,1,,,,,
10748,1,1409700463861,Hombres,52,Empleado,,3,18:30,08:30,Trabajar,,Fábrica o taller,,,,home,,1412000010636,,AUTOMÓVIL PARTICULAR,,40,,,,,"Decimoquinta revisión: se toma la lectura de las horas de las tablas anteriores (las reglas anteriores), una sugerencia entre otras: con las reglas de hoy el día queda con un viaje que sale antes de que llegue el anterior, y con esa lectura con menos de media hora en el trabajo o la escuela. Cambia: viaje 3 18:30 → 08:30, viaje 6 16:00 → 18:00."
10748,1,1409700463861,Hombres,52,Empleado,,4,15:53,,Regresar a Casa,,Su casa,,,,1412000010636,,home,,AUTOMÓVIL PARTICULAR,,50,,hora_invertida,,,
10748,1,1409700463861,Hombres,52,Empleado,,5,17:17,,Trabajar,,Fábrica o taller,,,,home,,1412000010636,,AUTOMÓVIL PARTICULAR,,40,,,,,
10748,1,1409700463861,Hombres,52,Empleado,,6,16:00,18:00,Regresar a Casa,,Su casa,,,,1412000010636,,home,,AUTOMÓVIL PARTICULAR,,50,,hora_invertida,,,"Decimoquinta revisión: se toma la lectura de las horas de las tablas anteriores (las reglas anteriores), una sugerencia entre otras: con las reglas de hoy el día queda con un viaje que sale antes de que llegue el anterior, y con esa lectura con menos de media hora en el trabajo o la escuela. Cambia: viaje 3 18:30 → 08:30, viaje 6 16:00 → 18:00."
11100,2,1412000013791,Hombres,43,Empleado,,1,08:00,,Trabajar,,"Comercio, mercado, tienda o centro comercial",,Su casa,,home,,1412000017046,,AUTOMÓVIL PARTICULAR,,35,,,,,
11100,2,1412000013791,Hombres,43,Empleado,,2,04:40,14:40,Regresar a Casa,,Su casa,,,,1412000017046,,home,,AUTOMÓVIL PARTICULAR,,35,,hora_invertida,,,"Decimoquinta revisión: se toma la lectura de las horas de las tablas anteriores (las reglas anteriores), una sugerencia entre otras: con las reglas de hoy el día queda con un viaje que sale antes de que llegue el anterior, y con esa lectura con menos de media hora en el trabajo o la escuela. Cambia: viaje 2 04:40 → 14:40, viaje 3 06:19 → 16:19, viaje 4 05:00 → 17:00."
11100,2,1412000013791,Hombres,43,Empleado,,3,06:19,16:19,Trabajar,,"Comercio, mercado, tienda o centro comercial",,,,home,,1412000017046,,AUTOMÓVIL PARTICULAR,,35,,,,,"Decimoquinta revisión: se toma la lectura de las horas de las tablas anteriores (las reglas anteriores), una sugerencia entre otras: con las reglas de hoy el día queda con un viaje que sale antes de que llegue el anterior, y con esa lectura con menos de media hora en el trabajo o la escuela. Cambia: viaje 2 04:40 → 14:40, viaje 3 06:19 → 16:19, viaje 4 05:00 → 17:00."
11100,2,1412000013791,Hombres,43,Empleado,,4,05:00,17:00,Regresar a Casa,,Su casa,,,,1412000017046,,home,,AUTOMÓVIL PARTICULAR,,35,,hora_invertida,,,"Decimoquinta revisión: se toma la lectura de las horas de las tablas anteriores (las reglas anteriores), una sugerencia entre otras: con las reglas de hoy el día queda con un viaje que sale antes de que llegue el anterior, y con esa lectura con menos de media hora en el trabajo o la escuela. Cambia: viaje 2 04:40 → 14:40, viaje 3 06:19 → 16:19, viaje 4 05:00 → 17:00."
11146,3,1412000013819,Hombres,44,Empleado,,1,07:09,,Compras (comida),,"Comercio, mercado, tienda o centro comercial",,Su casa,,home,,141200001372A,,A PIE,,4,,,,,
11146,3,1412000013819,Hombres,44,Empleado,,2,07:18,,Regresar a Casa,,Su casa,,,,141200001372A,,home,,A PIE,,4,,,,,
11146,3,1412000013819,Hombres,44,Empleado,,3,19:30,09:30,Trabajar,,Oficina,,,,home,,1403900014936,,AUTOMÓVIL PARTICULAR,,35,,,,,"Decimoquinta revisión: se toma la lectura de las horas de las tablas anteriores (las reglas anteriores), una sugerencia entre otras: con las reglas de hoy el día queda con un viaje que sale antes de que llegue el anterior, y con esa lectura con menos de media hora en el trabajo o la escuela. Cambia: viaje 3 19:30 → 09:30, viaje 6 17:00 → 19:00."
11146,3,1412000013819,Hombres,44,Empleado,,4,16:30,,Regresar a Casa,,Su casa,,,,1403900014936,,home,,AUTOMÓVIL PARTICULAR,,35,,hora_invertida,,,
11146,3,1412000013819,Hombres,44,Empleado,,5,18:17,,Trabajar,,Oficina,,,,home,,1403900014936,,AUTOMÓVIL PARTICULAR,,35,,,,,
11146,3,1412000013819,Hombres,44,Empleado,,6,17:00,19:00,Regresar a Casa,,Su casa,,,,1403900014936,,home,,AUTOMÓVIL PARTICULAR,,35,,hora_invertida,,,"Decimoquinta revisión: se toma la lectura de las horas de las tablas anteriores (las reglas anteriores), una sugerencia entre otras: con las reglas de hoy el día queda con un viaje que sale antes de que llegue el anterior, y con esa lectura con menos de media hora en el trabajo o la escuela. Cambia: viaje 3 19:30 → 09:30, viaje 6 17:00 → 19:00."
11165,1,1412000013819,Hombres,31,Empleado,,1,21:00,09:00,Trabajar,,Fábrica o taller,,Su casa,,home,,1412000010602,,AUTOMÓVIL PARTICULAR,,80,,,,,"Decimoquinta revisión: se toma la lectura de las horas de las tablas anteriores (la primera revisión), una sugerencia entre otras: con las reglas de hoy el día queda con un viaje que sale antes de que llegue el anterior, y con esa lectura con ningún problema. Cambia: viaje 1 21:00 → 09:00, viaje 2 09:44 → 19:44, viaje 3 11:04 → 21:04."
11165,1,1412000013819,Hombres,31,Empleado,,2,09:44,19:44,Regresar a Casa,,Su casa,,,,1412000010602,,home,,AUTOMÓVIL PARTICULAR,,80,,hora_invertida,,,"Decimoquinta revisión: se toma la lectura de las horas de las tablas anteriores (la primera revisión), una sugerencia entre otras: con las reglas de hoy el día queda con un viaje que sale antes de que llegue el anterior, y con esa lectura con ningún problema. Cambia: viaje 1 21:00 → 09:00, viaje 2 09:44 → 19:44, viaje 3 11:04 → 21:04."
11165,1,1412000013819,Hombres,31,Empleado,,3,11:04,21:04,Trabajar,,Fábrica o taller,,,,home,,1412000010602,,AUTOMÓVIL PARTICULAR,,80,,,,,"Decimoquinta revisión: se toma la lectura de las horas de las tablas anteriores (la primera revisión), una sugerencia entre otras: con las reglas de hoy el día queda con un viaje que sale antes de que llegue el anterior, y con esa lectura con ningún problema. Cambia: viaje 1 21:00 → 09:00, viaje 2 09:44 → 19:44, viaje 3 11:04 → 21:04."
11165,1,1412000013819,Hombres,31,Empleado,,4,06:00,,Regresar a Casa,,Su casa,,,,1412000010602,,home,,AUTOMÓVIL PARTICULAR,,80,,hora_invertida,,,
11251,3,141200001212A,Hombres,36,Empleado,,1,05:00,,Trabajar,,"Comercio, mercado, tienda o centro comercial",,Su casa,,home,,999990001,,AUTOMÓVIL PARTICULAR,,120,,,,,
11251,3,141200001212A,Hombres,36,Empleado,,2,07:48,,Regresar a Casa,,Su casa,,,,999990001,,home,,AUTOMÓVIL PARTICULAR,,120,,,,,
11251,3,141200001212A,Hombres,36,Empleado,,3,09:18 → 09:48,,Trabajar,,"Comercio, mercado, tienda o centro comercial",,,,home,,999990001,,AUTOMÓVIL PARTICULAR,,120,hora:llegada,,changed,,
11251,3,141200001212A,Hombres,36,Empleado,,4,10:01,11:48,Regresar a Casa,,Su casa,,,,999990001,,home,,AUTOMÓVIL PARTICULAR,,120,,hora_invertida,,,"Decimoquinta revisión: ninguna lectura de las horas cierra el día: con las reglas queda un viaje que sale antes de que llegue el anterior, con la de las tablas anteriores menos de media hora en el trabajo o la escuela. Las salidas se mueven lo menos posible (107 min en total) para que ningún viaje salga antes de que llegue el anterior; queda menos de media hora en el trabajo o la escuela. Cambia: viaje 4 10:01 → 11:48."
11251,3,141200001212A,Hombres,36,Empleado,,5,19:20,,Compras (comida),,"Comercio, mercado, tienda o centro comercial",,,,home,,home,,A PIE,,11,,,,,
11251,3,141200001212A,Hombres,36,Empleado,,6,19:40,,Regresar a Casa,,Su casa,,,,home,,home,,A PIE,,11,,,,,
11303,1,1412000014291,Hombres,66,Trabajador independiente,,1,22:00,10:00,Trabajar,,Otra vivienda,,Su casa,,home,,1412002316654,,AUTOMÓVIL PARTICULAR,,60,,,,,"Decimoquinta revisión: se toma la lectura de las horas de las tablas anteriores (la primera revisión), una sugerencia entre otras: con las reglas de hoy el día queda con un viaje que sale antes de que llegue el anterior, y con esa lectura con menos de media hora en el trabajo o la escuela. Cambia: viaje 1 22:00 → 10:00, viaje 4 23:30 → 00:10."
11303,1,1412000014291,Hombres,66,Trabajador independiente,,2,21:54,,Regresar a Casa,,Su casa,,,,1412002316654,,home,,AUTOMÓVIL PARTICULAR,,30,,hora_invertida,,,
11303,1,1412000014291,Hombres,66,Trabajador independiente,,3,23:10,,Trabajar,,Otra vivienda,,,,home,,1412002316654,,AUTOMÓVIL PARTICULAR,,60,,,,,
11303,1,1412000014291,Hombres,66,Trabajador independiente,,4,23:30,00:10,Regresar a Casa,,Su casa,,,,1412002316654,,home,,AUTOMÓVIL PARTICULAR,,30,,hora_invertida,,,"Decimoquinta revisión: se toma la lectura de las horas de las tablas anteriores (la primera revisión), una sugerencia entre otras: con las reglas de hoy el día queda con un viaje que sale antes de que llegue el anterior, y con esa lectura con menos de media hora en el trabajo o la escuela. Cambia: viaje 1 22:00 → 10:00, viaje 4 23:30 → 00:10."
11303,2,1412000014291,Mujeres,64,Trabajador independiente,,1,08:14,,Llevar o recoger a alguien,,Otra vivienda,,Su casa,,home,,1412000014287,,A PIE,,15,,,,,
11303,2,1412000014291,Mujeres,64,Trabajador independiente,,2,08:31,,Regresar a Casa,,Su casa,,,,1412000014287,,home,,A PIE,,15,,,,,
11303,2,1412000014291,Mujeres,64,Trabajador independiente,,3,22:00,10:00,Trabajar,,Centro cultural o área recreativa,,,,home,,1412002316654,,AUTOMÓVIL PARTICULAR,,60,,,,,"Decimoquinta revisión: se toma la lectura de las horas de las tablas anteriores (la primera revisión), una sugerencia entre otras: con las reglas de hoy el día queda con un viaje que sale antes de que llegue el anterior, y con esa lectura con menos de media hora en el trabajo o la escuela. Cambia: viaje 3 22:00 → 10:00, viaje 4 21:37 → 11:37, viaje 6 23:30 → 00:10."
11303,2,1412000014291,Mujeres,64,Trabajador independiente,,4,21:37,11:37,Regresar a Casa,,Su casa,,,,1412002316654,,home,,AUTOMÓVIL PARTICULAR,,30,,hora_invertida,,,"Decimoquinta revisión: se toma la lectura de las horas de las tablas anteriores (la primera revisión), una sugerencia entre otras: con las reglas de hoy el día queda con un viaje que sale antes de que llegue el anterior, y con esa lectura con menos de media hora en el trabajo o la escuela. Cambia: viaje 3 22:00 → 10:00, viaje 4 21:37 → 11:37, viaje 6 23:30 → 00:10."
11303,2,1412000014291,Mujeres,64,Trabajador independiente,,5,23:10,,Trabajar,,Centro cultural o área recreativa,,,,home,,1412002316654,,AUTOMÓVIL PARTICULAR,,60,,,,,
11303,2,1412000014291,Mujeres,64,Trabajador independiente,,6,23:30,00:10,Regresar a Casa,,Su casa,,,,1412002316654,,home,,AUTOMÓVIL PARTICULAR,,30,,hora_invertida,,,"Decimoquinta revisión: se toma la lectura de las horas de las tablas anteriores (la primera revisión), una sugerencia entre otras: con las reglas de hoy el día queda con un viaje que sale antes de que llegue el anterior, y con esa lectura con menos de media hora en el trabajo o la escuela. Cambia: viaje 3 22:00 → 10:00, viaje 4 21:37 → 11:37, viaje 6 23:30 → 00:10."
11372,1,1412000017031,Hombres,30,Trabajador independiente,,1,08:25,,Trabajar,,"Comercio, mercado, tienda o centro comercial",,Su casa,,home,,999990001,,AUTOMÓVIL PARTICULAR,,120,,,,,
11372,1,1412000017031,Hombres,30,Trabajador independiente,,2,07:32,17:32,Regresar a Casa,,Su casa,,,,999990001,,home,,AUTOMÓVIL PARTICULAR,,120,,hora_invertida,,,"Decimoquinta revisión: se toma la lectura de las horas de las tablas anteriores (las reglas anteriores), una sugerencia entre otras: con las reglas de hoy el día queda con un viaje que sale antes de que llegue el anterior, y con esa lectura con menos de media hora en el trabajo o la escuela. Cambia: viaje 2 07:32 → 17:32, viaje 3 09:32 → 19:32, viaje 4 09:20 → 21:32."
11372,1,1412000017031,Hombres,30,Trabajador independiente,,3,09:24 → 09:32,19:32,Trabajar,,"Comercio, mercado, tienda o centro comercial",,,,home,,999990001,,AUTOMÓVIL PARTICULAR,,120,hora:llegada,,changed,,"Decimoquinta revisión: se toma la lectura de las horas de las tablas anteriores (las reglas anteriores), una sugerencia entre otras: con las reglas de hoy el día queda con un viaje que sale antes de que llegue el anterior, y con esa lectura con menos de media hora en el trabajo o la escuela. Cambia: viaje 2 07:32 → 17:32, viaje 3 09:32 → 19:32, viaje 4 09:20 → 21:32."
11372,1,1412000017031,Hombres,30,Trabajador independiente,,4,09:20,21:32,Regresar a Casa,,Su casa,,,,999990001,,home,,AUTOMÓVIL PARTICULAR,,120,,hora_invertida,,,"Decimoquinta revisión: se toma la lectura de las horas de las tablas anteriores (las reglas anteriores), una sugerencia entre otras: con las reglas de hoy el día queda con un viaje que sale antes de que llegue el anterior, y con esa lectura con menos de media hora en el trabajo o la escuela. Cambia: viaje 2 07:32 → 17:32, viaje 3 09:32 → 19:32, viaje 4 09:20 → 21:32."
11390,2,1412000017120,Mujeres,47,Hogar,,1,14:00,,Compras (comida),,"Comercio, mercado, tienda o centro comercial",,Su casa,,home,,1412000013397,,AUTOMÓVIL PARTICULAR,,30,,,,,
11390,2,1412000017120,Mujeres,47,Hogar,,2,16:00,14:30,Regresar a Casa,,Su casa,,,,1412000013397,,home,,AUTOMÓVIL PARTICULAR,,20,,,,,"Decimoquinta revisión: se toma la lectura de las horas de las tablas anteriores (la duodécima revisión), una sugerencia entre otras: con las reglas de hoy el día queda con un viaje que sale antes de que llegue el anterior, y con esa lectura con una estancia de cero minutos fuera de casa. Cambia: viaje 2 16:00 → 14:30, viaje 3 13:45 → 14:50, viaje 4 14:05 → 15:00."
11390,2,1412000017120,Mujeres,47,Hogar,,3,13:45,14:50,Llevar o recoger a alguien,,Escuela,,,,home,,1412000016584,,A PIE,,10,,hora_invertida,,,"Decimoquinta revisión: se toma la lectura de las horas de las tablas anteriores (la duodécima revisión), una sugerencia entre otras: con las reglas de hoy el día queda con un viaje que sale antes de que llegue el anterior, y con esa lectura con una estancia de cero minutos fuera de casa. Cambia: viaje 2 16:00 → 14:30, viaje 3 13:45 → 14:50, viaje 4 14:05 → 15:00."
11390,2,1412000017120,Mujeres,47,Hogar,,4,14:05,15:00,Regresar a Casa,,Su casa,,,,1412000016584,,home,,A PIE,,10,,,,,"Decimoquinta revisión: se toma la lectura de las horas de las tablas anteriores (la duodécima revisión), una sugerencia entre otras: con las reglas de hoy el día queda con un viaje que sale antes de que llegue el anterior, y con esa lectura con una estancia de cero minutos fuera de casa. Cambia: viaje 2 16:00 → 14:30, viaje 3 13:45 → 14:50, viaje 4 14:05 → 15:00."
11390,2,1412000017120,Mujeres,47,Hogar,,5,18:00,,Llevar o recoger a alguien,,Escuela,,,,home,,1412000016584,,A PIE,,10,,,,,
11390,2,1412000017120,Mujeres,47,Hogar,,6,18:10,,Regresar a Casa,,Su casa,,,,1412000016584,,home,,A PIE,,10,,,,,
11552,3,1412000016508,Hombres,32,Empleado,,1,14:00,,Trabajar,,"Comercio, mercado, tienda o centro comercial",,Su casa,,home,,1412000016550,,CAMIÓN O AUTOBÚS,,20,,,,,
11552,3,1412000016508,Hombres,32,Empleado,,2,12:00,14:20,Regresar a Casa,,Su casa,,,,1412000016550,,home,,AUTOMÓVIL PARTICULAR,,15,,hora_invertida,,,"Decimoquinta revisión: ninguna lectura de las horas cierra el día: con las reglas queda un viaje que sale antes de que llegue el anterior, con la de las tablas anteriores una salida movida a la madrugada. Las salidas se mueven lo menos posible (140 min en total) para que ningún viaje salga antes de que llegue el anterior; queda menos de media hora en el trabajo o la escuela. Cambia: viaje 2 12:00 → 14:20."
11555,3,1412000017008,Hombres,19,Empleado,,1,14:00,,Trabajar,,"Comercio, mercado, tienda o centro comercial",,Su casa,,home,,1412000011009,,CAMIÓN O AUTOBÚS,,25,,,,,
11555,3,1412000017008,Hombres,19,Empleado,,2,12:00,14:25,Regresar a Casa,,Su casa,,,,1412000011009,,home,,Transporte de personal,,30,,hora_invertida,,,"Decimoquinta revisión: ninguna lectura de las horas cierra el día: con las reglas queda un viaje que sale antes de que llegue el anterior, con la de las tablas anteriores una salida movida a la madrugada. Las salidas se mueven lo menos posible (145 min en total) para que ningún viaje salga antes de que llegue el anterior; queda menos de media hora en el trabajo o la escuela. Cambia: viaje 2 12:00 → 14:25."
11601,2,1412000014075,Hombres,41,Empleado,,1,08:10,,Guardería → Llevar o recoger a alguien,,Otros (especifique),,Su casa,,home,,home,,A PIE,,1,motivo:guarderia,,changed,,
11601,2,1412000014075,Hombres,41,Empleado,,2,08:14,,Regresar a Casa,,Su casa,,,,home,,home,,A PIE,,1,,,,,
11601,2,1412000014075,Hombres,41,Empleado,,3,20:00,,Trabajar,,Fábrica o taller,,,,home,,1412000014107,,AUTOMÓVIL PARTICULAR,,15,,,,,
11601,2,1412000014075,Hombres,41,Empleado,,4,19:00 → 21:00,,Regresar a Casa,,Su casa,,,,1412000014107,,home,,AUTOMÓVIL PARTICULAR,,15,hora:-10h+12h,,changed,dropped,"Decimoquinta revisión: se conserva la decisión de la segunda revisión (chain_review_2). Turno nocturno: sale a trabajar a las 20:00; este renglón es el regreso de la mañana siguiente, fuera del día de la encuesta: se descarta y el día termina en el trabajo."
11631,1,141200001536A,Hombres,23,Empleado,,1,07:10,,Compras (comida),,"Comercio, mercado, tienda o centro comercial",,Su casa,,home,,1412000015374,,A PIE,,14,,,,,
11631,1,141200001536A,Hombres,23,Empleado,,2,07:29,,Regresar a Casa,,Su casa,,,,1412000015374,,home,,A PIE,,14,,,,,
11631,1,141200001536A,Hombres,23,Empleado,,3,21:00,09:00,Trabajar,,"Comercio, mercado, tienda o centro comercial",,,,home,,141200001422A,,AUTOMÓVIL PARTICULAR,,25,,,,,"Decimoquinta revisión: se toma la lectura de las horas de las tablas anteriores (la primera revisión), una sugerencia entre otras: con las reglas de hoy el día queda con un viaje que sale antes de que llegue el anterior, y con esa lectura con ningún problema. Cambia: viaje 3 21:00 → 09:00, viaje 6 12:00 → 00:00."
11631,1,141200001536A,Hombres,23,Empleado,,4,13:36,,Regresar a Casa,,Su casa,,,,141200001422A,,home,,AUTOMÓVIL PARTICULAR,,25,,hora_invertida,,,
11631,1,141200001536A,Hombres,23,Empleado,,5,15:17,,Trabajar,,"Comercio, mercado, tienda o centro comercial",,,,home,,141200001422A,,AUTOMÓVIL PARTICULAR,,25,,,,,
11631,1,141200001536A,Hombres,23,Empleado,,6,12:00,00:00,Regresar a Casa,,Su casa,,,,141200001422A,,home,,AUTOMÓVIL PARTICULAR,,25,,hora_invertida,,,"Decimoquinta revisión: se toma la lectura de las horas de las tablas anteriores (la primera revisión), una sugerencia entre otras: con las reglas de hoy el día queda con un viaje que sale antes de que llegue el anterior, y con esa lectura con ningún problema. Cambia: viaje 3 21:00 → 09:00, viaje 6 12:00 → 00:00."
11651,1,1412000013433,Hombres,38,Empleado,,1,19:30,09:30,Trabajar,,Oficina,,Su casa,,home,,1412000010405,,AUTOMÓVIL PARTICULAR,,30,,,,,"Decimoquinta revisión: se toma la lectura de las horas de las tablas anteriores (las reglas anteriores), una sugerencia entre otras: con las reglas de hoy el día queda con un viaje que sale antes de que llegue el anterior, y con esa lectura con menos de media hora en el trabajo o la escuela. Cambia: viaje 1 19:30 → 09:30, viaje 4 16:00 → 18:00."
11651,1,1412000013433,Hombres,38,Empleado,,2,15:32,,Regresar a Casa,,Su casa,,,,1412000010405,,home,,AUTOMÓVIL PARTICULAR,,40,,hora_invertida,,,
11651,1,1412000013433,Hombres,38,Empleado,,3,17:24,,Trabajar,,Oficina,,,,home,,1412000010405,,AUTOMÓVIL PARTICULAR,,30,,,,,
11651,1,1412000013433,Hombres,38,Empleado,,4,16:00,18:00,Regresar a Casa,,Su casa,,,,1412000010405,,home,,AUTOMÓVIL PARTICULAR,,40,,hora_invertida,,,"Decimoquinta revisión: se toma la lectura de las horas de las tablas anteriores (las reglas anteriores), una sugerencia entre otras: con las reglas de hoy el día queda con un viaje que sale antes de que llegue el anterior, y con esa lectura con menos de media hora en el trabajo o la escuela. Cambia: viaje 1 19:30 → 09:30, viaje 4 16:00 → 18:00."
11733,2,1412000016175,Hombres,42,Trabajador independiente,,1,08:14,,Compras (comida),,"Comercio, mercado, tienda o centro comercial",,Su casa,,home,,home,,A PIE,,8,,,,,
11733,2,1412000016175,Hombres,42,Trabajador independiente,,2,08:27,,Regresar a Casa,,Su casa,,,,home,,home,,A PIE,,8,,,,,
11733,2,1412000016175,Hombres,42,Trabajador independiente,,3,18:00,,Trabajar,,Su casa,,,,home,,home,,A PIE,,1,,actividad_en_casa,,,
11733,2,1412000016175,Hombres,42,Trabajador independiente,,4,12:30,00:30,Regresar a Casa,,Su casa,,,,home,,home,,A PIE,,1,,hora_invertida,,,"Decimoquinta revisión: se toma la lectura de las horas de las tablas anteriores (la primera revisión), una sugerencia entre otras: con las reglas de hoy el día queda con un viaje que sale antes de que llegue el anterior, y con esa lectura con ningún problema. Cambia: viaje 4 12:30 → 00:30."
11769,3,1412000015374,Mujeres,31,Empleado,,1,08:22,,Compras (comida),,"Comercio, mercado, tienda o centro comercial",,Su casa,,home,,141200001536A,,A PIE,,14,,,,,
11769,3,1412000015374,Mujeres,31,Empleado,,2,08:43,,Regresar a Casa,,Su casa,,,,141200001536A,,home,,A PIE,,14,,,,,
11769,3,1412000015374,Mujeres,31,Empleado,,3,18:00,,Trabajar,,Oficina,,,,1412000013289 → home,,1412000013289,,AUTOMÓVIL PARTICULAR,,60 → 30,minutos:revision;origen:casa,,changed,,
11769,3,1412000015374,Mujeres,31,Empleado,,4,16:55,19:00,Regresar a Casa,,Su casa,,,,1412000013289,,home,,AUTOMÓVIL PARTICULAR,,60 → 30,minutos:revision,hora_invertida,changed,,"Decimoquinta revisión: se toma la lectura de las horas de las tablas anteriores (la primera revisión), una sugerencia entre otras: con las reglas de hoy el día queda con un viaje que sale antes de que llegue el anterior, y con esa lectura con ningún problema. Cambia: viaje 4 16:55 → 19:00, viaje 5 18:00 → 20:00, viaje 6 18:00 → 06:00."
11769,3,1412000015374,Mujeres,31,Empleado,,5,18:00,20:00,Trabajar,,Oficina,,,,home,,1412000013289,,AUTOMÓVIL PARTICULAR,,60 → 30,minutos:revision,,changed,,"Decimoquinta revisión: se toma la lectura de las horas de las tablas anteriores (la primera revisión), una sugerencia entre otras: con las reglas de hoy el día queda con un viaje que sale antes de que llegue el anterior, y con esa lectura con ningún problema. Cambia: viaje 4 16:55 → 19:00, viaje 5 18:00 → 20:00, viaje 6 18:00 → 06:00."
11769,3,1412000015374,Mujeres,31,Empleado,,6,18:00,06:00,Regresar a Casa,,Su casa,,,,1412000013289,,home,,AUTOMÓVIL PARTICULAR,,60 → 30,minutos:revision,hora_invertida,changed,,"Decimoquinta revisión: se toma la lectura de las horas de las tablas anteriores (la primera revisión), una sugerencia entre otras: con las reglas de hoy el día queda con un viaje que sale antes de que llegue el anterior, y con esa lectura con ningún problema. Cambia: viaje 4 16:55 → 19:00, viaje 5 18:00 → 20:00, viaje 6 18:00 → 06:00."
11846,1,1412000017012,Hombres,61,Empleado,,1,08:13,,Otros (especifique),,Otros (especifique),,Su casa,,home,,home,,A PIE,,6,,,,,
11846,1,1412000017012,Hombres,61,Empleado,,2,08:29,,Regresar a Casa,,Su casa,,,,home,,home,,A PIE,,6,,,,,
11846,1,1412000017012,Hombres,61,Empleado,,3,22:00,10:00,Trabajar,,"Deportivo, gimnasio",,,,home,,1412000015478,,AUTOMÓVIL PARTICULAR,,35,,,,,"Decimoquinta revisión: se toma la lectura de las horas de las tablas anteriores (la primera revisión y la décima revisión), una sugerencia entre otras: con las reglas de hoy el día queda con un viaje que sale antes de que llegue el anterior, y con esa lectura con ningún problema. Cambia: viaje 3 22:00 → 10:00, viaje 6 16:00 → 22:00."
11846,1,1412000017012,Hombres,61,Empleado,,4,16:36,,Regresar a Casa,,Su casa,,,,1412000015478,,home,,AUTOMÓVIL PARTICULAR,,30,,hora_invertida,,,
11846,1,1412000017012,Hombres,61,Empleado,,5,18:18,,Trabajar,,"Deportivo, gimnasio",,,,home,,1412000015478,,AUTOMÓVIL PARTICULAR,,35,,,,,
11846,1,1412000017012,Hombres,61,Empleado,,6,16:00,22:00,Regresar a Casa,,Su casa,,,,1412000015478,,home,,AUTOMÓVIL PARTICULAR,,30,,hora_invertida,,,"Decimoquinta revisión: se toma la lectura de las horas de las tablas anteriores (la primera revisión y la décima revisión), una sugerencia entre otras: con las reglas de hoy el día queda con un viaje que sale antes de que llegue el anterior, y con esa lectura con ningún problema. Cambia: viaje 3 22:00 → 10:00, viaje 6 16:00 → 22:00."
11850,1,1412000014060,Hombres,64,Jubilado o pensionado,,1,10:00,,Trabajar,,"Comercio, mercado, tienda o centro comercial",,Su casa,,home,,1412000011225,,CAMIÓN O AUTOBÚS,,60,,,,,
11850,1,1412000014060,Hombres,64,Jubilado o pensionado,,2,10:36,11:00,Regresar a Casa,,Su casa,,,,1412000011225,,home,,AUTOMÓVIL PARTICULAR,,70,,hora_invertida,,,"Decimoquinta revisión: se toma la lectura de las horas de las tablas anteriores (la novena revisión), una sugerencia entre otras: con las reglas de hoy el día queda con un viaje que sale antes de que llegue el anterior, y con esa lectura con menos de media hora en el trabajo o la escuela. Cambia: viaje 2 10:36 → 11:00, viaje 4 13:00 → 13:25."
11850,1,1412000014060,Hombres,64,Jubilado o pensionado,,3,12:25,,Trabajar,,"Comercio, mercado, tienda o centro comercial",,,,home,,1412000011225,,AUTOMÓVIL PARTICULAR,,60,,,,,
11850,1,1412000014060,Hombres,64,Jubilado o pensionado,,4,13:00,13:25,Regresar a Casa,,Su casa,,,,1412000011225,,home,,AUTOMÓVIL PARTICULAR,,70,,hora_invertida,,,"Decimoquinta revisión: se toma la lectura de las horas de las tablas anteriores (la novena revisión), una sugerencia entre otras: con las reglas de hoy el día queda con un viaje que sale antes de que llegue el anterior, y con esa lectura con menos de media hora en el trabajo o la escuela. Cambia: viaje 2 10:36 → 11:00, viaje 4 13:00 → 13:25."
11862,1,1412000017116,Hombres,71,Empleado,,1,21:00,09:00,Trabajar,,Oficina,,Su casa,,home,,1403900013321,,AUTOMÓVIL PARTICULAR,,40,,,,,"Decimoquinta revisión: se toma la lectura de las horas de las tablas anteriores (la primera revisión), una sugerencia entre otras: con las reglas de hoy el día queda con un viaje que sale antes de que llegue el anterior, y con esa lectura con menos de media hora en el trabajo o la escuela. Cambia: viaje 1 21:00 → 09:00, viaje 4 18:00 → 20:06."
11862,1,1412000017116,Hombres,71,Empleado,,2,17:47,,Regresar a Casa,,Su casa,,,,1403900013321,,home,,AUTOMÓVIL PARTICULAR,,55,,hora_invertida,,,
11862,1,1412000017116,Hombres,71,Empleado,,3,19:26,,Trabajar,,Oficina,,,,home,,1403900013321,,AUTOMÓVIL PARTICULAR,,40,,,,,
11862,1,1412000017116,Hombres,71,Empleado,,4,18:00,20:06,Regresar a Casa,,Su casa,,,,1403900013321,,home,,AUTOMÓVIL PARTICULAR,,55,,hora_invertida,,,"Decimoquinta revisión: se toma la lectura de las horas de las tablas anteriores (la primera revisión), una sugerencia entre otras: con las reglas de hoy el día queda con un viaje que sale antes de que llegue el anterior, y con esa lectura con menos de media hora en el trabajo o la escuela. Cambia: viaje 1 21:00 → 09:00, viaje 4 18:00 → 20:06."
11930,2,1412000015942,Mujeres,59,Empleado,,1,19:30,09:30,Trabajar,,"Restaurante, bar, cafetería",,Su casa,,home,,1403900010308,,AUTOMÓVIL PARTICULAR,,20,,,,,"Decimoquinta revisión: se toma la lectura de las horas de las tablas anteriores (las reglas anteriores), una sugerencia entre otras: con las reglas de hoy el día queda con un viaje que sale antes de que llegue el anterior, y con esa lectura con menos de media hora en el trabajo o la escuela. Cambia: viaje 1 19:30 → 09:30, viaje 4 15:00 → 17:00."
11930,2,1412000015942,Mujeres,59,Empleado,,2,14:50,,Regresar a Casa,,Su casa,,,,1403900010308,,home,,AUTOMÓVIL PARTICULAR,,20,,hora_invertida,,,
11930,2,1412000015942,Mujeres,59,Empleado,,3,16:25,,Trabajar,,"Restaurante, bar, cafetería",,,,home,,1403900010308,,AUTOMÓVIL PARTICULAR,,20,,,,,
11930,2,1412000015942,Mujeres,59,Empleado,,4,15:00,17:00,Regresar a Casa,,Su casa,,,,1403900010308,,home,,AUTOMÓVIL PARTICULAR,,20,,hora_invertida,,,"Decimoquinta revisión: se toma la lectura de las horas de las tablas anteriores (las reglas anteriores), una sugerencia entre otras: con las reglas de hoy el día queda con un viaje que sale antes de que llegue el anterior, y con esa lectura con menos de media hora en el trabajo o la escuela. Cambia: viaje 1 19:30 → 09:30, viaje 4 15:00 → 17:00."
11942,2,1403900010609,Hombres,68,Patrón o empresario,,1,08:20,,Deportes o recreación,,"Deportivo, gimnasio",,Su casa,,home,,1403900010596,,A PIE,,2,,,,,
11942,2,1403900010609,Hombres,68,Patrón o empresario,,2,08:23,,Regresar a Casa,,Su casa,,,,1403900010596,,home,,A PIE,,2,,,,,
11942,2,1403900010609,Hombres,68,Patrón o empresario,,3,22:00,10:00,Trabajar,,Fábrica o taller,,,,home,,1403900013020,,AUTOMÓVIL PARTICULAR,,50,,,,,"Decimoquinta revisión: se toma la lectura de las horas de las tablas anteriores (la primera revisión y la décima revisión), una sugerencia entre otras: con las reglas de hoy el día queda con un viaje que sale antes de que llegue el anterior, y con esa lectura con ningún problema. Cambia: viaje 3 22:00 → 10:00, viaje 6 16:30 → 22:00."
11942,2,1403900010609,Hombres,68,Patrón o empresario,,4,16:35,,Regresar a Casa,,Su casa,,,,1403900013020,,home,,AUTOMÓVIL PARTICULAR,,60,,hora_invertida,,,
11942,2,1403900010609,Hombres,68,Patrón o empresario,,5,18:17,,Trabajar,,Fábrica o taller,,,,home,,1403900013020,,AUTOMÓVIL PARTICULAR,,50,,,,,
11942,2,1403900010609,Hombres,68,Patrón o empresario,,6,16:30,22:00,Regresar a Casa,,Su casa,,,,1403900013020,,home,,AUTOMÓVIL PARTICULAR,,60,,hora_invertida,,,"Decimoquinta revisión: se toma la lectura de las horas de las tablas anteriores (la primera revisión y la décima revisión), una sugerencia entre otras: con las reglas de hoy el día queda con un viaje que sale antes de que llegue el anterior, y con esa lectura con ningún problema. Cambia: viaje 3 22:00 → 10:00, viaje 6 16:30 → 22:00."
11958,5,1412000015266,Hombres,14,Empleado,yes,1,20:00,08:00,Trabajar,,Otra vivienda,,Su casa,,home,,999990001,,AUTOMÓVIL PARTICULAR,,60,,,,,"Decimoquinta revisión: la salida queda a las 08:00, la que dan las reglas al leer de nuevo las horas del día tal como lo dejan las decisiones que se conservan (un renglón quitado, un motivo recodificado, un origen movido); sobre el día registrado daban las 20:00."
11958,5,1412000015266,Hombres,14,Empleado,yes,2,17:35,,Regresar a Casa,,Su casa,,,,999990001,,home,,AUTOMÓVIL PARTICULAR,,90,,hora_invertida,,,
11958,5,1412000015266,Hombres,14,Empleado,yes,3,19:24,,Trabajar,,Otra vivienda,,,,home,,999990001,,AUTOMÓVIL PARTICULAR,,60,,,,,
11958,5,1412000015266,Hombres,14,Empleado,yes,4,18:30,,Regresar a Casa,,Su casa,,,,999990001,,home,,AUTOMÓVIL PARTICULAR,,90,,hora_invertida,,dropped,"Decimoquinta revisión: se conserva la decisión de la segunda revisión (chain_review_2). Turno nocturno: sale a trabajar a las 19:24; este renglón es el regreso de la mañana siguiente, fuera del día de la encuesta: se descarta y el día termina en el trabajo."
11979,2,1403900010030,Mujeres,30,Empleado,,1,19:00,09:00,Trabajar,,"Hospital, clínica, consultorio, laboratorio clínico",,Su casa,,home,,1403900010929,,AUTOMÓVIL PARTICULAR,,30,,,,,"Decimoquinta revisión: se toma la lectura de las horas de las tablas anteriores (la primera revisión), una sugerencia entre otras: con las reglas de hoy el día queda con un viaje que sale antes de que llegue el anterior, y con esa lectura con menos de media hora en el trabajo o la escuela. Cambia: viaje 1 19:00 → 09:00, viaje 4 20:00 → 20:30."
11979,2,1403900010030,Mujeres,30,Empleado,,2,18:34,,Regresar a Casa,,Su casa,,,,1403900010929,,home,,AUTOMÓVIL PARTICULAR,,30,,hora_invertida,,,
11979,2,1403900010030,Mujeres,30,Empleado,,3,20:00,,Trabajar,,"Hospital, clínica, consultorio, laboratorio clínico",,,,home,,1403900010929,,AUTOMÓVIL PARTICULAR,,30,,,,,
11979,2,1403900010030,Mujeres,30,Empleado,,4,20:00,20:30,Regresar a Casa,,Su casa,,,,1403900010929,,home,,AUTOMÓVIL PARTICULAR,,30,,hora_invertida,,,"Decimoquinta revisión: se toma la lectura de las horas de las tablas anteriores (la primera revisión), una sugerencia entre otras: con las reglas de hoy el día queda con un viaje que sale antes de que llegue el anterior, y con esa lectura con menos de media hora en el trabajo o la escuela. Cambia: viaje 1 19:00 → 09:00, viaje 4 20:00 → 20:30."
12006,1,1412000012365,Hombres,66,Trabajador independiente,,1,09:00,,Trabajar,,"Comercio, mercado, tienda o centro comercial",,Su casa,,home,,1403900011043,,AUTOMÓVIL PARTICULAR,,30,,,,,
12006,1,1412000012365,Hombres,66,Trabajador independiente,,2,08:39,20:39,Regresar a Casa,,Su casa,,,,1403900011043,,home,,AUTOMÓVIL PARTICULAR,,30,,hora_invertida,,,"Decimoquinta revisión: se toma la lectura de las horas de las tablas anteriores (las reglas anteriores), una sugerencia entre otras: con las reglas de hoy el día queda con un viaje que sale antes de que llegue el anterior, y con esa lectura con menos de media hora en el trabajo o la escuela. Cambia: viaje 2 08:39 → 20:39, viaje 3 10:25 → 22:25, viaje 4 11:11 → 23:11."
12006,1,1412000012365,Hombres,66,Trabajador independiente,,3,10:25,22:25,Trabajar,,"Comercio, mercado, tienda o centro comercial",,,,home,,1403900011043,,AUTOMÓVIL PARTICULAR,,30,,,,,"Decimoquinta revisión: se toma la lectura de las horas de las tablas anteriores (las reglas anteriores), una sugerencia entre otras: con las reglas de hoy el día queda con un viaje que sale antes de que llegue el anterior, y con esa lectura con menos de media hora en el trabajo o la escuela. Cambia: viaje 2 08:39 → 20:39, viaje 3 10:25 → 22:25, viaje 4 11:11 → 23:11."
12006,1,1412000012365,Hombres,66,Trabajador independiente,,4,11:11,23:11,Regresar a Casa,,Su casa,,,,1403900011043,,home,,AUTOMÓVIL PARTICULAR,,30,,,,,"Decimoquinta revisión: se toma la lectura de las horas de las tablas anteriores (las reglas anteriores), una sugerencia entre otras: con las reglas de hoy el día queda con un viaje que sale antes de que llegue el anterior, y con esa lectura con menos de media hora en el trabajo o la escuela. Cambia: viaje 2 08:39 → 20:39, viaje 3 10:25 → 22:25, viaje 4 11:11 → 23:11."
12034,1,1412000015266,Hombres,61,Trabajador independiente,,1,20:00,08:00,Trabajar,,Oficina,,Su casa,,home,,1412000014840,,AUTOMÓVIL PARTICULAR,,20,,,,,"Decimoquinta revisión: se toma la lectura de las horas de las tablas anteriores (la primera revisión), una sugerencia entre otras: con las reglas de hoy el día queda con un viaje que sale antes de que llegue el anterior, y con esa lectura con menos de media hora en el trabajo o la escuela. Cambia: viaje 1 20:00 → 08:00, viaje 4 16:00 → 18:00."
12034,1,1412000015266,Hombres,61,Trabajador independiente,,2,15:37,,Regresar a Casa,,Su casa,,,,1412000014840,,home,,AUTOMÓVIL PARTICULAR,,20,,hora_invertida,,,
12034,1,1412000015266,Hombres,61,Trabajador independiente,,3,17:19,,Trabajar,,Oficina,,,,home,,1412000014840,,AUTOMÓVIL PARTICULAR,,20,,,,,
12034,1,1412000015266,Hombres,61,Trabajador independiente,,4,16:00,18:00,Regresar a Casa,,Su casa,,,,1412000014840,,home,,AUTOMÓVIL PARTICULAR,,20,,hora_invertida,,,"Decimoquinta revisión: se toma la lectura de las horas de las tablas anteriores (la primera revisión), una sugerencia entre otras: con las reglas de hoy el día queda con un viaje que sale antes de que llegue el anterior, y con esa lectura con menos de media hora en el trabajo o la escuela. Cambia: viaje 1 20:00 → 08:00, viaje 4 16:00 → 18:00."
12047,2,1410101932694,Hombres,36,Trabajador independiente,,1,08:04,,Compras (comida),,"Comercio, mercado, tienda o centro comercial",,Su casa,,home,,home,,A PIE,,13,,,,,
12047,2,1410101932694,Hombres,36,Trabajador independiente,,2,08:25,,Regresar a Casa,,Su casa,,,,home,,home,,A PIE,,13,,,,,
12047,2,1410101932694,Hombres,36,Trabajador independiente,,3,21:30,09:30,Trabajar,,Otra vivienda,,,,home,,1403900011626,,AUTOMÓVIL PARTICULAR,,50,,,,,"Decimoquinta revisión: se toma la lectura de las horas de las tablas anteriores (la primera revisión y la décima revisión), una sugerencia entre otras: con las reglas de hoy el día queda con un viaje que sale antes de que llegue el anterior, y con esa lectura con ningún problema. Cambia: viaje 3 21:30 → 09:30, viaje 6 16:30 → 21:30."
12047,2,1410101932694,Hombres,36,Trabajador independiente,,4,16:39,,Regresar a Casa,,Su casa,,,,1403900011626,,home,,AUTOMÓVIL PARTICULAR,,50,,hora_invertida,,,
12047,2,1410101932694,Hombres,36,Trabajador independiente,,5,18:20,,Trabajar,,Otra vivienda,,,,home,,1403900011626,,AUTOMÓVIL PARTICULAR,,50,,,,,
12047,2,1410101932694,Hombres,36,Trabajador independiente,,6,16:30,21:30,Regresar a Casa,,Su casa,,,,1403900011626,,home,,AUTOMÓVIL PARTICULAR,,50,,hora_invertida,,,"Decimoquinta revisión: se toma la lectura de las horas de las tablas anteriores (la primera revisión y la décima revisión), una sugerencia entre otras: con las reglas de hoy el día queda con un viaje que sale antes de que llegue el anterior, y con esa lectura con ningún problema. Cambia: viaje 3 21:30 → 09:30, viaje 6 16:30 → 21:30."
12219,2,1412002065054,Mujeres,43,Empleado,,1,09:00,,Trabajar,,Otros (especifique),,Su casa,,home,,1412000014836,,AUTOMÓVIL PARTICULAR,,60,,,,,
12219,2,1412002065054,Mujeres,43,Empleado,,2,09:36,10:00,Regresar a Casa,,Su casa,,,,1412000014836,,home,,AUTOMÓVIL PARTICULAR,,60,,hora_invertida,,,"Decimoquinta revisión: se toma la lectura de las horas de las tablas anteriores (la primera revisión), una sugerencia entre otras: con las reglas de hoy el día queda con un viaje que sale antes de que llegue el anterior, y con esa lectura con menos de media hora en el trabajo o la escuela. Cambia: viaje 2 09:36 → 10:00, viaje 4 12:00 → 14:00."
12219,2,1412002065054,Mujeres,43,Empleado,,3,11:16,,Trabajar,,Otros (especifique),,,,home,,1412000014836,,AUTOMÓVIL PARTICULAR,,60,,,,,
12219,2,1412002065054,Mujeres,43,Empleado,,4,12:00,14:00,Regresar a Casa,,Su casa,,,,1412000014836,,home,,AUTOMÓVIL PARTICULAR,,60,,hora_invertida,,,"Decimoquinta revisión: se toma la lectura de las horas de las tablas anteriores (la primera revisión), una sugerencia entre otras: con las reglas de hoy el día queda con un viaje que sale antes de que llegue el anterior, y con esa lectura con menos de media hora en el trabajo o la escuela. Cambia: viaje 2 09:36 → 10:00, viaje 4 12:00 → 14:00."
12393,2,1412007580693,Hombres,66,Empleado,,1,19:00,09:00,Trabajar,,Fábrica o taller,,Su casa,,1409800012095 → home,,1409800012095,,AUTOMÓVIL PARTICULAR,,90,origen:copia,,changed,,"Decimoquinta revisión: se toma la lectura de las horas de las tablas anteriores (las reglas anteriores), una sugerencia entre otras: con las reglas de hoy el día queda con un viaje que sale antes de que llegue el anterior, y con esa lectura con menos de media hora en el trabajo o la escuela. Cambia: viaje 1 19:00 → 09:00, viaje 4 18:00 → 20:00."
12393,2,1412007580693,Hombres,66,Empleado,,2,16:49,,Regresar a Casa,,Su casa,,,,1409800012095,,home,,AUTOMÓVIL PARTICULAR,,90,,hora_invertida,,,
12393,2,1412007580693,Hombres,66,Empleado,,3,18:21,,Trabajar,,Fábrica o taller,,,,home,,1409800012095,,AUTOMÓVIL PARTICULAR,,90,,,,,
12393,2,1412007580693,Hombres,66,Empleado,,4,18:00,20:00,Regresar a Casa,,Su casa,,,,1409800012095,,home,,AUTOMÓVIL PARTICULAR,,90,,hora_invertida,,,"Decimoquinta revisión: se toma la lectura de las horas de las tablas anteriores (las reglas anteriores), una sugerencia entre otras: con las reglas de hoy el día queda con un viaje que sale antes de que llegue el anterior, y con esa lectura con menos de media hora en el trabajo o la escuela. Cambia: viaje 1 19:00 → 09:00, viaje 4 18:00 → 20:00."
12432,1,1412007580496,Mujeres,49,Empleado,,1,08:30,,Regresar a Casa,,Su casa,,Su casa,Fábrica o taller,home,1412000016599,home,,Transporte de personal,,30,,regreso_en_casa,,,"Decimoquinta revisión: se conserva la decisión de la segunda revisión (chain_review_2). Restaurado: es el regreso de la mañana desde el turno nocturno (08:30, mismo modo y duración que el viaje al trabajo), no un regreso hecho estando en casa; el origen es el trabajo (1412000016599). | Decimoquinta revisión: se conserva la decisión de la segunda revisión (chain_review_2). Restaurado: es el regreso de la mañana desde el turno nocturno (08:30, mismo modo y duración que el viaje al trabajo), no un regreso hecho estando en casa; el origen es el trabajo (1412000016599)."
12432,1,1412007580496,Mujeres,49,Empleado,,2,21:00 → 09:00,21:00,Trabajar,,Fábrica o taller,,,,home,,1412000016599,,Transporte de personal,,30,hora:-12h,,changed,,"Decimoquinta revisión: la salida queda a las 21:00, la que dan las reglas al leer de nuevo las horas del día tal como lo dejan las decisiones que se conservan (un renglón quitado, un motivo recodificado, un origen movido); sobre el día registrado daban las 09:00."
12432,1,1412007580496,Mujeres,49,Empleado,,3,19:40,,Regresar a Casa,,Su casa,,,,1412000016599,,home,,Transporte de personal,,30,,,,dropped,"Decimoquinta revisión: se conserva la decisión de la segunda revisión (chain_review_2). Turno nocturno: este renglón es el regreso de la mañana siguiente, fuera del día de la encuesta y repetición del viaje 1: se descarta."
12577,2,141200758080A,Hombres,29,Trabajador independiente,,1,05:00,,Trabajar,,"Comercio, mercado, tienda o centro comercial",,Su casa,,home,,999990004,,AUTOMÓVIL PARTICULAR,,120,,,,,
12577,2,141200758080A,Hombres,29,Trabajador independiente,,2,04:55,14:55,Regresar a Casa,,Su casa,,,,999990004,,home,,AUTOMÓVIL PARTICULAR,,120,,hora_invertida,,,"Decimoquinta revisión: se toma la lectura de las horas de las tablas anteriores (la primera revisión), una sugerencia entre otras: con las reglas de hoy el día queda con un viaje que sale antes de que llegue el anterior, y con esa lectura con menos de media hora en el trabajo o la escuela. Cambia: viaje 2 04:55 → 14:55, viaje 3 06:55 → 16:55, viaje 4 06:00 → 18:55, viaje 5 19:07 → 21:07, viaje 6 19:25 → 21:25."
12577,2,141200758080A,Hombres,29,Trabajador independiente,,3,06:21 → 06:55,16:55,Trabajar,,"Comercio, mercado, tienda o centro comercial",,,,home,,999990004,,AUTOMÓVIL PARTICULAR,,120,hora:llegada,,changed,,"Decimoquinta revisión: se toma la lectura de las horas de las tablas anteriores (la primera revisión), una sugerencia entre otras: con las reglas de hoy el día queda con un viaje que sale antes de que llegue el anterior, y con esa lectura con menos de media hora en el trabajo o la escuela. Cambia: viaje 2 04:55 → 14:55, viaje 3 06:55 → 16:55, viaje 4 06:00 → 18:55, viaje 5 19:07 → 21:07, viaje 6 19:25 → 21:25."
12577,2,141200758080A,Hombres,29,Trabajador independiente,,4,06:00,18:55,Regresar a Casa,,Su casa,,,,999990004,,home,,AUTOMÓVIL PARTICULAR,,120,,hora_invertida,,,"Decimoquinta revisión: se toma la lectura de las horas de las tablas anteriores (la primera revisión), una sugerencia entre otras: con las reglas de hoy el día queda con un viaje que sale antes de que llegue el anterior, y con esa lectura con menos de media hora en el trabajo o la escuela. Cambia: viaje 2 04:55 → 14:55, viaje 3 06:55 → 16:55, viaje 4 06:00 → 18:55, viaje 5 19:07 → 21:07, viaje 6 19:25 → 21:25."
12577,2,141200758080A,Hombres,29,Trabajador independiente,,5,19:07,21:07,Compras (comida),,"Restaurante, bar, cafetería",,,,home,,1412007580797,,A PIE,,9,,,,,"Decimoquinta revisión: se toma la lectura de las horas de las tablas anteriores (la primera revisión), una sugerencia entre otras: con las reglas de hoy el día queda con un viaje que sale antes de que llegue el anterior, y con esa lectura con menos de media hora en el trabajo o la escuela. Cambia: viaje 2 04:55 → 14:55, viaje 3 06:55 → 16:55, viaje 4 06:00 → 18:55, viaje 5 19:07 → 21:07, viaje 6 19:25 → 21:25."
12577,2,141200758080A,Hombres,29,Trabajador independiente,,6,19:25,21:25,Regresar a Casa,,Su casa,,,,1412007580797,,home,,A PIE,,9,,,,,"Decimoquinta revisión: se toma la lectura de las horas de las tablas anteriores (la primera revisión), una sugerencia entre otras: con las reglas de hoy el día queda con un viaje que sale antes de que llegue el anterior, y con esa lectura con menos de media hora en el trabajo o la escuela. Cambia: viaje 2 04:55 → 14:55, viaje 3 06:55 → 16:55, viaje 4 06:00 → 18:55, viaje 5 19:07 → 21:07, viaje 6 19:25 → 21:25."
12611,1,1412002312026,Hombres,43,Empleado,,1,08:02,,Compras (comida),,"Comercio, mercado, tienda o centro comercial",,Su casa,,home,,1412002314145,,A PIE,,9,,,,,
12611,1,1412002312026,Hombres,43,Empleado,,2,08:20,,Regresar a Casa,,Su casa,,,,1412002314145,,home,,A PIE,,9,,,,,
12611,1,1412002312026,Hombres,43,Empleado,,3,18:00,15:05,Trabajar,,Fábrica o taller,,,,home,,1412000012204,,AUTOMÓVIL PARTICULAR,,55,,,,,"Decimoquinta revisión: ninguna lectura de las horas cierra el día: con las reglas queda un viaje que sale antes de que llegue el anterior, con la de las tablas anteriores una estancia de cero minutos fuera de casa. Las salidas se mueven lo menos posible (175 min en total) para que ningún viaje salga antes de que llegue el anterior; queda menos de media hora en el trabajo o la escuela. Cambia: viaje 3 18:00 → 15:05."
12611,1,1412002312026,Hombres,43,Empleado,,4,16:00,,Regresar a Casa,,Su casa,,,,1412000012204,,home,,AUTOMÓVIL PARTICULAR,,60,,hora_invertida,,,
12611,1,1412002312026,Hombres,43,Empleado,,5,19:00,,Pagar algún servicio o al banco,,"Comercio, mercado, tienda o centro comercial",,,,home,,1412002315887,,AUTOMÓVIL PARTICULAR,,15,,,,,
12611,1,1412002312026,Hombres,43,Empleado,,6,19:30,,Regresar a Casa,,Su casa,,,,1412002315887,,home,,AUTOMÓVIL PARTICULAR,,15,,,,,
12646,1,1412000013166,Hombres,36,Empleado,,1,08:10,,Trabajar,,Oficina,,Su casa,,home,,1403900011594,,AUTOMÓVIL PARTICULAR,,40,,,,,
12646,1,1412000013166,Hombres,36,Empleado,,2,03:36,13:36,Regresar a Casa,,Su casa,,,,1403900011594,,home,,AUTOMÓVIL PARTICULAR,,45,,hora_invertida,,,"Decimoquinta revisión: se toma la lectura de las horas de las tablas anteriores (las reglas anteriores), una sugerencia entre otras: con las reglas de hoy el día queda con un viaje que sale antes de que llegue el anterior, y con esa lectura con menos de media hora en el trabajo o la escuela. Cambia: viaje 2 03:36 → 13:36, viaje 3 05:07 → 15:07, viaje 4 04:00 → 16:00."
12646,1,1412000013166,Hombres,36,Empleado,,3,05:07,15:07,Trabajar,,Oficina,,,,home,,1403900011594,,AUTOMÓVIL PARTICULAR,,40,,,,,"Decimoquinta revisión: se toma la lectura de las horas de las tablas anteriores (las reglas anteriores), una sugerencia entre otras: con las reglas de hoy el día queda con un viaje que sale antes de que llegue el anterior, y con esa lectura con menos de media hora en el trabajo o la escuela. Cambia: viaje 2 03:36 → 13:36, viaje 3 05:07 → 15:07, viaje 4 04:00 → 16:00."
12646,1,1412000013166,Hombres,36,Empleado,,4,04:00,16:00,Regresar a Casa,,Su casa,,,,1403900011594,,home,,AUTOMÓVIL PARTICULAR,,45,,hora_invertida,,,"Decimoquinta revisión: se toma la lectura de las horas de las tablas anteriores (las reglas anteriores), una sugerencia entre otras: con las reglas de hoy el día queda con un viaje que sale antes de que llegue el anterior, y con esa lectura con menos de media hora en el trabajo o la escuela. Cambia: viaje 2 03:36 → 13:36, viaje 3 05:07 → 15:07, viaje 4 04:00 → 16:00."
12817,1,1412002315726,Mujeres,57,Trabajador independiente,,1,07:00,,Llevar o recoger a alguien,,Oficina,,Su casa,,home,,1412000016599,,AUTOMÓVIL PARTICULAR,,90,,,,,
12817,1,1412002315726,Mujeres,57,Trabajador independiente,,2,07:30 → 17:30,08:30,Regresar a Casa,,Su casa,,,,1412000016599,,home,,AUTOMÓVIL PARTICULAR,,90,hora:+10h,,changed,,"Decimoquinta revisión: se toma la lectura de las horas de las tablas anteriores (la duodécima revisión), una sugerencia entre otras: con las reglas de hoy el día queda con una estancia de 8 horas o más en un mandado o una visita, y con esa lectura con ningún problema. Cambia: viaje 2 17:30 → 08:30, viaje 3 20:11 → 18:11, viaje 4 20:29 → 18:29."
12817,1,1412002315726,Mujeres,57,Trabajador independiente,,3,18:11 → 20:11,18:11,Visitar a alguien,,Otra vivienda,,,,home,,1412002315618,,A PIE,,10,hora:-10h+12h,,changed,,"Decimoquinta revisión: se toma la lectura de las horas de las tablas anteriores (la duodécima revisión), una sugerencia entre otras: con las reglas de hoy el día queda con una estancia de 8 horas o más en un mandado o una visita, y con esa lectura con ningún problema. Cambia: viaje 2 17:30 → 08:30, viaje 3 20:11 → 18:11, viaje 4 20:29 → 18:29."
12817,1,1412002315726,Mujeres,57,Trabajador independiente,,4,18:29 → 20:29,18:29,Regresar a Casa,,Su casa,,,,1412002315618,,home,,A PIE,,10,hora:-10h+12h,,changed,,"Decimoquinta revisión: se toma la lectura de las horas de las tablas anteriores (la duodécima revisión), una sugerencia entre otras: con las reglas de hoy el día queda con una estancia de 8 horas o más en un mandado o una visita, y con esa lectura con ningún problema. Cambia: viaje 2 17:30 → 08:30, viaje 3 20:11 → 18:11, viaje 4 20:29 → 18:29."
12847,3,1412002312079,Hombres,18,Empleado,,1,11:03,,Trabajar,,"Comercio, mercado, tienda o centro comercial",,Su casa,,home,,1403900011166,,MI MACRO,,112,,,,,
12847,3,1412002312079,Hombres,18,Empleado,,2,01:01,12:55,Regresar a Casa,,Su casa,,,,1403900011166,,home,,Taxi plataforma (Uber/Didi),,60,,hora_invertida,,,"Decimoquinta revisión: ninguna lectura de las horas cierra el día: con las reglas queda un viaje que sale antes de que llegue el anterior, con la de las tablas anteriores menos de media hora en el trabajo o la escuela. Las salidas se mueven lo menos posible (714 min en total) para que ningún viaje salga antes de que llegue el anterior; queda menos de media hora en el trabajo o la escuela. Cambia: viaje 2 01:01 → 12:55."
12945,2,1412002314179,Hombres,60,Empleado,,1,14:00,02:00,Trabajar,,"Comercio, mercado, tienda o centro comercial",,Su casa,,home,,1403900012111,,AUTOMÓVIL PARTICULAR,,60,,,,,"Decimoquinta revisión: se toma la lectura de las horas de las tablas anteriores (la primera revisión), una sugerencia entre otras: con las reglas de hoy el día queda con un viaje que sale antes de que llegue el anterior, y con esa lectura con una salida movida a la madrugada. Cambia: viaje 1 14:00 → 02:00, viaje 4 07:00 → 17:00."
12945,2,1412002314179,Hombres,60,Empleado,,2,07:42,,Regresar a Casa,,Su casa,,,,1403900012111,,home,,AUTOMÓVIL PARTICULAR,,35,,hora_invertida,,,
12945,2,1412002314179,Hombres,60,Empleado,,3,09:09,,Trabajar,,"Comercio, mercado, tienda o centro comercial",,,,home,,1403900012111,,AUTOMÓVIL PARTICULAR,,60,,,,,
12945,2,1412002314179,Hombres,60,Empleado,,4,07:00,17:00,Regresar a Casa,,Su casa,,,,1403900012111,,home,,AUTOMÓVIL PARTICULAR,,35,,hora_invertida,,,"Decimoquinta revisión: se toma la lectura de las horas de las tablas anteriores (la primera revisión), una sugerencia entre otras: con las reglas de hoy el día queda con un viaje que sale antes de que llegue el anterior, y con esa lectura con una salida movida a la madrugada. Cambia: viaje 1 14:00 → 02:00, viaje 4 07:00 → 17:00."
12945,2,1412002314179,Hombres,60,Empleado,,5,18:06,,"Compras (bienes, productos y servicios)",,"Comercio, mercado, tienda o centro comercial",,,,home,,1412002313823,,A PIE,,15,,,,,
12945,2,1412002314179,Hombres,60,Empleado,,6,18:31,,Regresar a Casa,,Su casa,,,,1412002313823,,home,,A PIE,,15,,,,,
12954,2,141200231415A,Hombres,39,Empleado,,1,17:20,07:20,Trabajar,,Fábrica o taller,,Su casa,,home,,1412000016550,,AUTOMÓVIL PARTICULAR,,60,,,,,"Decimoquinta revisión: se toma la lectura de las horas de las tablas anteriores (las reglas anteriores), una sugerencia entre otras: con las reglas de hoy el día queda con un viaje que sale antes de que llegue el anterior, y con esa lectura con menos de media hora en el trabajo o la escuela. Cambia: viaje 1 17:20 → 07:20, viaje 4 14:40 → 16:40."
12954,2,141200231415A,Hombres,39,Empleado,,2,13:54,,Regresar a Casa,,Su casa,,,,1412000016550,,home,,AUTOMÓVIL PARTICULAR,,60,,hora_invertida,,,
12954,2,141200231415A,Hombres,39,Empleado,,3,15:15,,Trabajar,,Fábrica o taller,,,,home,,1412000016550,,AUTOMÓVIL PARTICULAR,,60,,,,,
12954,2,141200231415A,Hombres,39,Empleado,,4,14:40,16:40,Regresar a Casa,,Su casa,,,,1412000016550,,home,,AUTOMÓVIL PARTICULAR,,60,,hora_invertida,,,"Decimoquinta revisión: se toma la lectura de las horas de las tablas anteriores (las reglas anteriores), una sugerencia entre otras: con las reglas de hoy el día queda con un viaje que sale antes de que llegue el anterior, y con esa lectura con menos de media hora en el trabajo o la escuela. Cambia: viaje 1 17:20 → 07:20, viaje 4 14:40 → 16:40."
13053,1,1412002314164,Hombres,59,Empleado,,1,08:28,,Trabajar,,Fábrica o taller,,Su casa,,home,,1412001395980,,AUTOMÓVIL PARTICULAR,,35,,,,,
13053,1,1412002314164,Hombres,59,Empleado,,2,04:51,14:51,Regresar a Casa,,Su casa,,,,1412001395980,,home,,AUTOMÓVIL PARTICULAR,,40,,hora_invertida,,,"Decimoquinta revisión: se toma la lectura de las horas de las tablas anteriores (las reglas anteriores), una sugerencia entre otras: con las reglas de hoy el día queda con un viaje que sale antes de que llegue el anterior, y con esa lectura con menos de media hora en el trabajo o la escuela. Cambia: viaje 2 04:51 → 14:51, viaje 3 06:18 → 16:18, viaje 4 05:20 → 17:20."
13053,1,1412002314164,Hombres,59,Empleado,,3,06:18,16:18,Trabajar,,Fábrica o taller,,,,home,,1412001395980,,AUTOMÓVIL PARTICULAR,,35,,,,,"Decimoquinta revisión: se toma la lectura de las horas de las tablas anteriores (las reglas anteriores), una sugerencia entre otras: con las reglas de hoy el día queda con un viaje que sale antes de que llegue el anterior, y con esa lectura con menos de media hora en el trabajo o la escuela. Cambia: viaje 2 04:51 → 14:51, viaje 3 06:18 → 16:18, viaje 4 05:20 → 17:20."
13053,1,1412002314164,Hombres,59,Empleado,,4,05:20,17:20,Regresar a Casa,,Su casa,,,,1412001395980,,home,,AUTOMÓVIL PARTICULAR,,40,,hora_invertida,,,"Decimoquinta revisión: se toma la lectura de las horas de las tablas anteriores (las reglas anteriores), una sugerencia entre otras: con las reglas de hoy el día queda con un viaje que sale antes de que llegue el anterior, y con esa lectura con menos de media hora en el trabajo o la escuela. Cambia: viaje 2 04:51 → 14:51, viaje 3 06:18 → 16:18, viaje 4 05:20 → 17:20."
13088,3,1412002314164,Hombres,25,Empleado,,1,09:30,,Trabajar,,"Comercio, mercado, tienda o centro comercial",,Su casa,,home,,1403900011556,,AUTOMÓVIL PARTICULAR,,70,,,,,
13088,3,1412002314164,Hombres,25,Empleado,,2,05:33,17:33,Regresar a Casa,,Su casa,,,,1403900011556,,home,,AUTOMÓVIL PARTICULAR,,70,,hora_invertida,,,"Decimoquinta revisión: se toma la lectura de las horas de las tablas anteriores (la primera revisión), una sugerencia entre otras: con las reglas de hoy el día queda con un viaje que sale antes de que llegue el anterior, y con esa lectura con ningún problema. Cambia: viaje 2 05:33 → 17:33, viaje 3 07:07 → 19:07."
13088,3,1412002314164,Hombres,25,Empleado,,3,07:07,19:07,Trabajar,,"Comercio, mercado, tienda o centro comercial",,,,home,,1403900011556,,AUTOMÓVIL PARTICULAR,,70,,,,,"Decimoquinta revisión: se toma la lectura de las horas de las tablas anteriores (la primera revisión), una sugerencia entre otras: con las reglas de hoy el día queda con un viaje que sale antes de que llegue el anterior, y con esa lectura con ningún problema. Cambia: viaje 2 05:33 → 17:33, viaje 3 07:07 → 19:07."
13088,3,1412002314164,Hombres,25,Empleado,,4,06:00,,Regresar a Casa,,Su casa,,,,1403900011556,,home,,AUTOMÓVIL PARTICULAR,,70,,hora_invertida,,,
13149,2,1412000012755,Mujeres,39,Empleado,,1,09:00,,Trabajar,,Otra vivienda,,Su casa,,home,,1403900011132,,AUTOMÓVIL PARTICULAR,,35,,,,,
13149,2,1412000012755,Mujeres,39,Empleado,,2,04:46,14:46,Regresar a Casa,,Su casa,,,,1403900011132,,home,,AUTOMÓVIL PARTICULAR,,40,,hora_invertida,,,"Decimoquinta revisión: se toma la lectura de las horas de las tablas anteriores (la primera revisión), una sugerencia entre otras: con las reglas de hoy el día queda con un viaje que sale antes de que llegue el anterior, y con esa lectura con menos de media hora en el trabajo o la escuela. Cambia: viaje 2 04:46 → 14:46, viaje 3 06:14 → 16:14, viaje 4 04:00 → 16:49."
13149,2,1412000012755,Mujeres,39,Empleado,,3,06:14,16:14,Trabajar,,Otra vivienda,,,,home,,1403900011132,,AUTOMÓVIL PARTICULAR,,35,,,,,"Decimoquinta revisión: se toma la lectura de las horas de las tablas anteriores (la primera revisión), una sugerencia entre otras: con las reglas de hoy el día queda con un viaje que sale antes de que llegue el anterior, y con esa lectura con menos de media hora en el trabajo o la escuela. Cambia: viaje 2 04:46 → 14:46, viaje 3 06:14 → 16:14, viaje 4 04:00 → 16:49."
13149,2,1412000012755,Mujeres,39,Empleado,,4,04:00,16:49,Regresar a Casa,,Su casa,,,,1403900011132,,home,,AUTOMÓVIL PARTICULAR,,40,,hora_invertida,,,"Decimoquinta revisión: se toma la lectura de las horas de las tablas anteriores (la primera revisión), una sugerencia entre otras: con las reglas de hoy el día queda con un viaje que sale antes de que llegue el anterior, y con esa lectura con menos de media hora en el trabajo o la escuela. Cambia: viaje 2 04:46 → 14:46, viaje 3 06:14 → 16:14, viaje 4 04:00 → 16:49."
13149,2,1412000012755,Mujeres,39,Empleado,,5,18:09,,Llevar o recoger a alguien,,Otra vivienda,,,,home,,1412000014287,,A PIE,,14,,,,,
13149,2,1412000012755,Mujeres,39,Empleado,,6,18:30,,Regresar a Casa,,Su casa,,,,1412000014287,,home,,A PIE,,14,,,,,
13155,3,1412002434713,Hombres,24,Empleado,,1,08:30,,Trabajar,,Otra vivienda,,Su casa,,home,,1412000015266,,AUTOMÓVIL PARTICULAR,,65,,,,,
13155,3,1412002434713,Hombres,24,Empleado,,2,05:43,15:43,Regresar a Casa,,Su casa,,,,1412000015266,,home,,AUTOMÓVIL PARTICULAR,,70,,hora_invertida,,,"Decimoquinta revisión: se toma la lectura de las horas de las tablas anteriores (la primera revisión), una sugerencia entre otras: con las reglas de hoy el día queda con un viaje que sale antes de que llegue el anterior, y con esa lectura con menos de media hora en el trabajo o la escuela. Cambia: viaje 2 05:43 → 15:43, viaje 3 07:25 → 17:25, viaje 4 06:30 → 18:30, viaje 5 19:04 → 21:04, viaje 6 19:16 → 21:16."
13155,3,1412002434713,Hombres,24,Empleado,,3,07:25,17:25,Trabajar,,Otra vivienda,,,,home,,1412000015266,,AUTOMÓVIL PARTICULAR,,65,,,,,"Decimoquinta revisión: se toma la lectura de las horas de las tablas anteriores (la primera revisión), una sugerencia entre otras: con las reglas de hoy el día queda con un viaje que sale antes de que llegue el anterior, y con esa lectura con menos de media hora en el trabajo o la escuela. Cambia: viaje 2 05:43 → 15:43, viaje 3 07:25 → 17:25, viaje 4 06:30 → 18:30, viaje 5 19:04 → 21:04, viaje 6 19:16 → 21:16."
13155,3,1412002434713,Hombres,24,Empleado,,4,06:30,18:30,Regresar a Casa,,Su casa,,,,1412000015266,,home,,AUTOMÓVIL PARTICULAR,,70,,hora_invertida,,,"Decimoquinta revisión: se toma la lectura de las horas de las tablas anteriores (la primera revisión), una sugerencia entre otras: con las reglas de hoy el día queda con un viaje que sale antes de que llegue el anterior, y con esa lectura con menos de media hora en el trabajo o la escuela. Cambia: viaje 2 05:43 → 15:43, viaje 3 07:25 → 17:25, viaje 4 06:30 → 18:30, viaje 5 19:04 → 21:04, viaje 6 19:16 → 21:16."
13155,3,1412002434713,Hombres,24,Empleado,,5,19:04,21:04,Otros (especifique),,Otros (especifique),,,,home,,1412001395995,,A PIE,,4,,,,,"Decimoquinta revisión: se toma la lectura de las horas de las tablas anteriores (la primera revisión), una sugerencia entre otras: con las reglas de hoy el día queda con un viaje que sale antes de que llegue el anterior, y con esa lectura con menos de media hora en el trabajo o la escuela. Cambia: viaje 2 05:43 → 15:43, viaje 3 07:25 → 17:25, viaje 4 06:30 → 18:30, viaje 5 19:04 → 21:04, viaje 6 19:16 → 21:16."
13155,3,1412002434713,Hombres,24,Empleado,,6,19:16,21:16,Regresar a Casa,,Su casa,,,,1412001395995,,home,,A PIE,,4,,,,,"Decimoquinta revisión: se toma la lectura de las horas de las tablas anteriores (la primera revisión), una sugerencia entre otras: con las reglas de hoy el día queda con un viaje que sale antes de que llegue el anterior, y con esa lectura con menos de media hora en el trabajo o la escuela. Cambia: viaje 2 05:43 → 15:43, viaje 3 07:25 → 17:25, viaje 4 06:30 → 18:30, viaje 5 19:04 → 21:04, viaje 6 19:16 → 21:16."
13218,2,141200142,Hombres,62,Empleado,,1,21:00,09:00,Trabajar,,Oficina,,Su casa,,home,,1412000010617,,AUTOMÓVIL PARTICULAR,,35,,,,,"Decimoquinta revisión: se toma la lectura de las horas de las tablas anteriores (la primera revisión y la décima revisión), una sugerencia entre otras: con las reglas de hoy el día queda con un viaje que sale antes de que llegue el anterior, y con esa lectura con ningún problema. Cambia: viaje 1 21:00 → 09:00, viaje 4 15:00 → 21:00."
13218,2,141200142,Hombres,62,Empleado,,2,15:53,,Regresar a Casa,,Su casa,,,,1412000010617,,home,,AUTOMÓVIL PARTICULAR,,35,,hora_invertida,,,
13218,2,141200142,Hombres,62,Empleado,,3,17:00,,Trabajar,,Oficina,,,,home,,1412000010617,,AUTOMÓVIL PARTICULAR,,35,,,,,
13218,2,141200142,Hombres,62,Empleado,,4,15:00,21:00,Regresar a Casa,,Su casa,,,,1412000010617,,home,,AUTOMÓVIL PARTICULAR,,35,,hora_invertida,,,"Decimoquinta revisión: se toma la lectura de las horas de las tablas anteriores (la primera revisión y la décima revisión), una sugerencia entre otras: con las reglas de hoy el día queda con un viaje que sale antes de que llegue el anterior, y con esa lectura con ningún problema. Cambia: viaje 1 21:00 → 09:00, viaje 4 15:00 → 21:00."
13478,2,1412000014291,Hombres,59,Empleado,,1,19:30,09:30,Trabajar,,Centro cultural o área recreativa,,Su casa,,home,,1403900010365,,AUTOMÓVIL PARTICULAR,,25,,,,,"Decimoquinta revisión: se toma la lectura de las horas de las tablas anteriores (la primera revisión y la décima revisión), una sugerencia entre otras: con las reglas de hoy el día queda con un viaje que sale antes de que llegue el anterior, y con esa lectura con ningún problema. Cambia: viaje 1 19:30 → 09:30, viaje 4 14:00 → 19:30."
13478,2,1412000014291,Hombres,59,Empleado,,2,14:40,,Regresar a Casa,,Su casa,,,,1403900010365,,home,,AUTOMÓVIL PARTICULAR,,30,,hora_invertida,,,
13478,2,1412000014291,Hombres,59,Empleado,,3,16:19,,Trabajar,,Centro cultural o área recreativa,,,,home,,1403900010365,,AUTOMÓVIL PARTICULAR,,25,,,,,
13478,2,1412000014291,Hombres,59,Empleado,,4,14:00,19:30,Regresar a Casa,,Su casa,,,,1403900010365,,home,,AUTOMÓVIL PARTICULAR,,30,,hora_invertida,,,"Decimoquinta revisión: se toma la lectura de las horas de las tablas anteriores (la primera revisión y la décima revisión), una sugerencia entre otras: con las reglas de hoy el día queda con un viaje que sale antes de que llegue el anterior, y con esa lectura con ningún problema. Cambia: viaje 1 19:30 → 09:30, viaje 4 14:00 → 19:30."
13549,3,140973679,Mujeres,29,Empleado,,1,05:00,,Trabajar,,Fábrica o taller,,Su casa,,home,,1412000016423,,CAMIÓN O AUTOBÚS,,120,,,,,
13549,3,140973679,Mujeres,29,Empleado,,2,17:00,15:44,Regresar a Casa,,Su casa,,,,1412000016423,,home,,MI MACRO,,120,,,,,"Decimoquinta revisión: ninguna lectura de las horas cierra el día: con las reglas queda un viaje que sale antes de que llegue el anterior, con la de las tablas anteriores menos de media hora en el trabajo o la escuela. Las salidas se mueven lo menos posible (76 min en total) para que ningún viaje salga antes de que llegue el anterior; queda menos de media hora en el trabajo o la escuela. Cambia: viaje 2 17:00 → 15:44."
13549,3,140973679,Mujeres,29,Empleado,,3,17:44,,Trabajar,,Fábrica o taller,,,,home,,home,,A PIE,,5,,hora_invertida,,,
13549,3,140973679,Mujeres,29,Empleado,,4,18:17,,Regresar a Casa,,Su casa,,,,home,,home,,A PIE,,5,,,,,
13556,4,1412000016902,Hombres,24,Estudiante,,1,05:00,,Estudiar,,Escuela,,Su casa,,home,,1403900013143,,CAMIÓN O AUTOBÚS,,90,,,,,
13556,4,1412000016902,Hombres,24,Estudiante,,2,14:00,10:40,Regresar a Casa,,Su casa,,,,1403900013143,,home,,CAMIÓN O AUTOBÚS,,80,,,,,"Decimoquinta revisión: ninguna lectura de las horas cierra el día: con las reglas queda un viaje que sale antes de que llegue el anterior, con la de las tablas anteriores ningún problema. Las salidas se mueven lo menos posible (200 min en total) para que ningún viaje salga antes de que llegue el anterior; queda ningún problema. Cambia: viaje 2 14:00 → 10:40."
13556,4,1412000016902,Hombres,24,Estudiante,,3,12:00,,Llevar o recoger a alguien,,Escuela,,,,home,,141200001689A,,AUTOMÓVIL PARTICULAR,,15,,hora_invertida,,,
13556,4,1412000016902,Hombres,24,Estudiante,,4,12:20,,Regresar a Casa,,Su casa,,,,141200001689A,,home,,AUTOMÓVIL PARTICULAR,,15,,,,,
13626,4,1407000200789,Mujeres,8,Estudiante,,1,13:01,,Al médico o atención de salud,,"Hospital, clínica, consultorio, laboratorio clínico",,Su casa,,home,,1403900012319,,TREN LIGERO,,98,,,,,
13626,4,1407000200789,Mujeres,8,Estudiante,,2,12:00,14:39,Regresar a Casa,,Su casa,,,,1403900012319,,home,,AUTOMÓVIL PARTICULAR,,45,,hora_invertida,,,"Decimoquinta revisión: ninguna lectura de las horas cierra el día: con las reglas queda un viaje que sale antes de que llegue el anterior, con la de las tablas anteriores una estancia de 8 horas o más en un mandado o una visita. Las salidas se mueven lo menos posible (159 min en total) para que ningún viaje salga antes de que llegue el anterior; queda una estancia de cero minutos fuera de casa. Cambia: viaje 2 12:00 → 14:39."
13646,3,1410101902374,Hombres,24,Empleado,,1,08:22,,Deportes o recreación,,Centro cultural o área recreativa,,Su casa,,home,,1407001211518,,A PIE,,8,,,,,
13646,3,1410101902374,Hombres,24,Empleado,,2,08:38,,Regresar a Casa,,Su casa,,,,1407001211518,,home,,A PIE,,8,,,,,
13646,3,1410101902374,Hombres,24,Empleado,,3,20:00,10:00,Trabajar,,"Comercio, mercado, tienda o centro comercial",,,,home,,1403900013961,,MOTOCICLETA,,90,,,,,"Decimoquinta revisión: se toma la lectura de las horas de las tablas anteriores (la primera revisión), una sugerencia entre otras: con las reglas de hoy el día queda con un viaje que sale antes de que llegue el anterior, y con esa lectura con ningún problema. Cambia: viaje 3 20:00 → 10:00, viaje 4 19:00 → 21:30."
13646,3,1410101902374,Hombres,24,Empleado,,4,19:00,21:30,Regresar a Casa,,Su casa,,,,1403900013961,,home,,MOTOCICLETA,,90,,hora_invertida,,,"Decimoquinta revisión: se toma la lectura de las horas de las tablas anteriores (la primera revisión), una sugerencia entre otras: con las reglas de hoy el día queda con un viaje que sale antes de que llegue el anterior, y con esa lectura con ningún problema. Cambia: viaje 3 20:00 → 10:00, viaje 4 19:00 → 21:30."
13750,4,141200001739A,Hombres,22,Empleado,yes,1,06:09,,Regresar a Casa,,Su casa,,Fábrica o taller,,1407000131471,,home,,Transporte de personal,,70,,inicio_fuera_de_casa,,,
13750,4,141200001739A,Hombres,22,Empleado,yes,2,21:02 → 09:02,21:02,Trabajar,,Fábrica o taller,,,,home,,1407000130238,,Transporte de personal,,90,hora:-12h,,changed,,"Decimoquinta revisión: la salida queda a las 21:02, la que dan las reglas al leer de nuevo las horas del día tal como lo dejan las decisiones que se conservan (un renglón quitado, un motivo recodificado, un origen movido); sobre el día registrado daban las 09:02."
13750,4,141200001739A,Hombres,22,Empleado,yes,3,20:02,,Regresar a Casa,,Su casa,,,,1407000130238,,home,,Transporte de personal,,90,,,,dropped,"Decimoquinta revisión: se conserva la decisión de la segunda revisión (chain_review_2). Turno nocturno: el día empieza con el regreso de la mañana desde el trabajo (viaje 1, 06:09) y sale a trabajar a las 21:02. Este renglón es el regreso de la mañana siguiente, fuera del día de la encuesta y repetición del viaje 1: se descarta; el día termina en el trabajo."
13755,1,141240029,Mujeres,42,Empleado,,1,14:00,02:00,Trabajar,,"Comercio, mercado, tienda o centro comercial",,Su casa,,home,,1412400010175,,AUTOMÓVIL PARTICULAR,,45,,,,,"Decimoquinta revisión: se toma la lectura de las horas de las tablas anteriores (la primera revisión), una sugerencia entre otras: con las reglas de hoy el día queda con un viaje que sale antes de que llegue el anterior, y con esa lectura con una salida movida a la madrugada. Cambia: viaje 1 14:00 → 02:00, viaje 4 15:30 → 17:30."
13755,1,141240029,Mujeres,42,Empleado,,2,13:31,,Regresar a Casa,,Su casa,,,,1412400010175,,home,,AUTOMÓVIL PARTICULAR,,45,,hora_invertida,,,
13755,1,141240029,Mujeres,42,Empleado,,3,15:12,,Trabajar,,"Comercio, mercado, tienda o centro comercial",,,,home,,1412400010175,,AUTOMÓVIL PARTICULAR,,45,,,,,
13755,1,141240029,Mujeres,42,Empleado,,4,15:30,17:30,Regresar a Casa,,Su casa,,,,1412400010175,,home,,AUTOMÓVIL PARTICULAR,,45,,hora_invertida,,,"Decimoquinta revisión: se toma la lectura de las horas de las tablas anteriores (la primera revisión), una sugerencia entre otras: con las reglas de hoy el día queda con un viaje que sale antes de que llegue el anterior, y con esa lectura con una salida movida a la madrugada. Cambia: viaje 1 14:00 → 02:00, viaje 4 15:30 → 17:30."
13813,1,1412000620161,Hombres,49,Empleado,,1,06:50,06:20,Trabajar,,Otros (especifique),,Su casa,,home,,1403900010346,,CAMIÓN O AUTOBÚS,,60,,,,,"Decimoquinta revisión: se toma la lectura de las horas de las tablas anteriores (la duodécima revisión), una sugerencia entre otras: con las reglas de hoy el día queda con un viaje que sale antes de que llegue el anterior, y con esa lectura con menos de media hora en el trabajo o la escuela. Cambia: viaje 1 06:50 → 06:20."
13813,1,1412000620161,Hombres,49,Empleado,,2,07:20,,Trabajar,,Otros (especifique),,,,1403900010346,,1412000620176,,CAMIÓN O AUTOBÚS,,70,,hora_invertida,,,
13813,1,1412000620161,Hombres,49,Empleado,,3,08:50,,Trabajar,,Otros (especifique),,,,1412000620176,,1403900010346,,CAMIÓN O AUTOBÚS,,60,,,,,
13813,1,1412000620161,Hombres,49,Empleado,,4,15:50,,Regresar a Casa,,Su casa,,,,1403900010346,,home,,CAMIÓN O AUTOBÚS,,60,,,,,
13813,1,1412000620161,Hombres,49,Empleado,,5,17:44,,Compras (comida),,Fábrica o taller,,,,home,,1412000620176,,A PIE,,7,,,,,
13813,1,1412000620161,Hombres,49,Empleado,,6,18:26,,Regresar a Casa,,Su casa,,,,1412000620176,,home,,A PIE,,7,,,,,
13895,1,1412000013791,Mujeres,52,,,1,09:09,,Compras (comida),,"Comercio, mercado, tienda o centro comercial",,Su casa,,home,,home,,A PIE,,15,,,,,
13895,1,1412000013791,Mujeres,52,,,2,09:20 → 09:24,11:20,Regresar a Casa,,Su casa,,,,home,,home,,A PIE,,15,hora:llegada,,changed,,"Decimoquinta revisión: se toma la lectura de las horas de las tablas anteriores (la undécima revisión), una sugerencia entre otras: con las reglas de hoy el día queda con una estancia de cero minutos fuera de casa, y con esa lectura con ningún problema. Cambia: viaje 2 09:24 → 11:20."
13895,1,1412000013791,Mujeres,52,,,3,— → 19:00,,— → Compras (comida),,"— → Comercio, mercado, tienda o centro comercial",,,,home,,home,,A PIE,,6,hora:vecinos;motivo:vecinos,,changed,,
13895,1,1412000013791,Mujeres,52,,,4,19:35,,Regresar a Casa,,Su casa,,,,home,,home,,A PIE,,6,,,,,
13994,4,1410100011554,Mujeres,9,Estudiante,,1,08:01,,Deportes o recreación,,Otra vivienda,,Su casa,,home,,1410100011516,,AUTOMÓVIL PARTICULAR,,30 → 10,minutos:revision,,changed,,
13994,4,1410100011554,Mujeres,9,Estudiante,,2,08:00 → 08:11,08:31,Regresar a Casa,,Su casa,,,,1410100011516,,home,,AUTOMÓVIL PARTICULAR,,30 → 10,minutos:revision;hora:llegada,,changed,,"Decimoquinta revisión: se toma la lectura de las horas de las tablas anteriores (la primera revisión), una sugerencia entre otras: con las reglas de hoy el día queda con una estancia de cero minutos fuera de casa, y con esa lectura con ningún problema. Cambia: viaje 2 08:11 → 08:31."
13994,4,1410100011554,Mujeres,9,Estudiante,,3,13:00,,"Compras (bienes, productos y servicios)",,Centro cultural o área recreativa,,,,home,,1410100011130,,A PIE,,3,,,,,
13994,4,1410100011554,Mujeres,9,Estudiante,,4,18:11,,Regresar a Casa,,Su casa,,,,1410100011130,,home,,A PIE,,3,,,,,
14018,1,1404400100238,Hombres,50,Empleado,,1,13:00,,Trabajar,,Su casa → Fábrica o taller,,Fábrica o taller → Su casa,,14097059A → home,,home → 14097059A,,Transporte de personal,,20,origen:rotado;destino:rotado;tipo_destino:rotado;tipo_origen:copia,,changed,,
14018,1,1404400100238,Hombres,50,Empleado,,2,21:00,,Regresar a Casa,Trabajar,Su casa,Fábrica o taller,,,home → 14097059A,,home,14097059A,Transporte de personal,,20,origen:anterior;tipo_origen:copia,,changed,,"Decimoquinta revisión: se conserva la decisión de la cuarta revisión (chain_review_4). Transporte de personal de casa a casa no es posible: con el día empezado en la fábrica y el regreso de las 13:00 desde 14097059A, es la salida al turno nocturno. Motivo Trabajar y destino la fábrica; el día termina en el trabajo."
14061,1,1409700053503,Hombres,40,Empleado,,1,14:00,,Trabajar,,"Comercio, mercado, tienda o centro comercial",,Su casa,,home,,1409800010879,,Servicio suburbano,,120,,,,,
14061,1,1409700053503,Hombres,40,Empleado,,2,12:00,16:00,Regresar a Casa,,Su casa,,,,1409800010879,,home,,Taxi colectivo,,70,,hora_invertida,,,"Decimoquinta revisión: ninguna lectura de las horas cierra el día: con las reglas queda un viaje que sale antes de que llegue el anterior, con la de las tablas anteriores una salida movida a la madrugada. Las salidas se mueven lo menos posible (240 min en total) para que ningún viaje salga antes de que llegue el anterior; queda menos de media hora en el trabajo o la escuela. Cambia: viaje 2 12:00 → 16:00."
14101,1,141240029,Hombres,60,Empleado,,1,18:00,08:00,Trabajar,,Otra vivienda,,Su casa,,home,,1410100092139,,AUTOMÓVIL PARTICULAR,,25,,,,,"Decimoquinta revisión: se toma la lectura de las horas de las tablas anteriores (la primera revisión), una sugerencia entre otras: con las reglas de hoy el día queda con un viaje que sale antes de que llegue el anterior, y con esa lectura con ningún problema. Cambia: viaje 1 18:00 → 08:00, viaje 4 12:00 → 00:00."
14101,1,141240029,Hombres,60,Empleado,,2,12:39,,Regresar a Casa,,Su casa,,,,1410100092139,,home,,AUTOMÓVIL PARTICULAR,,25,,hora_invertida,,,
14101,1,141240029,Hombres,60,Empleado,,3,14:00,,Trabajar,,Otra vivienda,,,,home,,1410100092139,,AUTOMÓVIL PARTICULAR,,25,,,,,
14101,1,141240029,Hombres,60,Empleado,,4,12:00,00:00,Regresar a Casa,,Su casa,,,,1410100092139,,home,,AUTOMÓVIL PARTICULAR,,25,,hora_invertida,,,"Decimoquinta revisión: se toma la lectura de las horas de las tablas anteriores (la primera revisión), una sugerencia entre otras: con las reglas de hoy el día queda con un viaje que sale antes de que llegue el anterior, y con esa lectura con ningún problema. Cambia: viaje 1 18:00 → 08:00, viaje 4 12:00 → 00:00."
14242,1,141240033,Mujeres,50,Empleado,,1,06:00,,Trabajar,,"Hospital, clínica, consultorio, laboratorio clínico",,Su casa,,home,,999990004,,AUTOMÓVIL PARTICULAR,,120,,,,,
14242,1,141240033,Mujeres,50,Empleado,,2,11:53,,Regresar a Casa,,Su casa,,,,999990004,,home,,AUTOMÓVIL PARTICULAR,,120,,,,,
14242,1,141240033,Mujeres,50,Empleado,,3,13:23 → 13:53,15:23,Trabajar,,"Hospital, clínica, consultorio, laboratorio clínico",,,,home,,999990004,,AUTOMÓVIL PARTICULAR,,120,hora:llegada,,changed,,"Decimoquinta revisión: se toma la lectura de las horas de las tablas anteriores (la primera revisión), una sugerencia entre otras: con las reglas de hoy el día queda con menos de media hora en el trabajo o la escuela, y con esa lectura con ningún problema. Cambia: viaje 3 13:53 → 15:23, viaje 4 16:00 → 18:00, viaje 5 18:20 → 20:20, viaje 6 19:39 → 21:39."
14242,1,141240033,Mujeres,50,Empleado,,4,16:00,18:00,Regresar a Casa,,Su casa,,,,999990004,,home,,AUTOMÓVIL PARTICULAR,,120,,,,,"Decimoquinta revisión: se toma la lectura de las horas de las tablas anteriores (la primera revisión), una sugerencia entre otras: con las reglas de hoy el día queda con menos de media hora en el trabajo o la escuela, y con esa lectura con ningún problema. Cambia: viaje 3 13:53 → 15:23, viaje 4 16:00 → 18:00, viaje 5 18:20 → 20:20, viaje 6 19:39 → 21:39."
14242,1,141240033,Mujeres,50,Empleado,,5,18:20,20:20,Compras (comida),,"Comercio, mercado, tienda o centro comercial",,,,home,,home,,A PIE,,9,,,,,"Decimoquinta revisión: se toma la lectura de las horas de las tablas anteriores (la primera revisión), una sugerencia entre otras: con las reglas de hoy el día queda con menos de media hora en el trabajo o la escuela, y con esa lectura con ningún problema. Cambia: viaje 3 13:53 → 15:23, viaje 4 16:00 → 18:00, viaje 5 18:20 → 20:20, viaje 6 19:39 → 21:39."
14242,1,141240033,Mujeres,50,Empleado,,6,19:39,21:39,Regresar a Casa,,Su casa,,,,home,,home,,A PIE,,9,,,,,"Decimoquinta revisión: se toma la lectura de las horas de las tablas anteriores (la primera revisión), una sugerencia entre otras: con las reglas de hoy el día queda con menos de media hora en el trabajo o la escuela, y con esa lectura con ningún problema. Cambia: viaje 3 13:53 → 15:23, viaje 4 16:00 → 18:00, viaje 5 18:20 → 20:20, viaje 6 19:39 → 21:39."
14254,1,141240029,Hombres,23,Empleado,,1,08:08,,Compras (comida),,"Comercio, mercado, tienda o centro comercial",,Su casa,,home,,home,,A PIE,,13,,,,,
14254,1,141240029,Hombres,23,Empleado,,2,08:28,,Regresar a Casa,,Su casa,,,,home,,home,,A PIE,,13,,,,,
14254,1,141240029,Hombres,23,Empleado,,3,20:00,10:00,Trabajar,,Fábrica o taller,,,,home,,1412400010495,,MOTOCICLETA,,25,,,,,"Decimoquinta revisión: se toma la lectura de las horas de las tablas anteriores (la primera revisión), una sugerencia entre otras: con las reglas de hoy el día queda con un viaje que sale antes de que llegue el anterior, y con esa lectura con ningún problema. Cambia: viaje 3 20:00 → 10:00, viaje 4 18:01 → 20:25."
14254,1,141240029,Hombres,23,Empleado,,4,18:01,20:25,Regresar a Casa,,Su casa,,,,1412400010495,,home,,MOTOCICLETA,,25,,hora_invertida,,,"Decimoquinta revisión: se toma la lectura de las horas de las tablas anteriores (la primera revisión), una sugerencia entre otras: con las reglas de hoy el día queda con un viaje que sale antes de que llegue el anterior, y con esa lectura con ningún problema. Cambia: viaje 3 20:00 → 10:00, viaje 4 18:01 → 20:25."
14419,2,1412400010211,Mujeres,63,Trabajador independiente,,1,08:30,,Trabajar,,"Comercio, mercado, tienda o centro comercial",,Su casa,,home,,141240001018A,,A PIE,,10,,,,,
14419,2,1412400010211,Mujeres,63,Trabajador independiente,,2,08:00,10:00,Regresar a Casa,,Su casa,,,,141240001018A,,home,,A PIE,,10,,hora_invertida,,,"Decimoquinta revisión: se toma la lectura de las horas de las tablas anteriores (la primera revisión), una sugerencia entre otras: con las reglas de hoy el día queda con un viaje que sale antes de que llegue el anterior, y con esa lectura con ningún problema. Cambia: viaje 2 08:00 → 10:00."
14419,2,1412400010211,Mujeres,63,Trabajador independiente,,3,13:00,,Trabajar,,"Comercio, mercado, tienda o centro comercial",,,,home,,1412400010226,,A PIE,,1,,,,,
14419,2,1412400010211,Mujeres,63,Trabajador independiente,,4,18:24,,Regresar a Casa,,Su casa,,,,1412400010226,,home,,A PIE,,1,,,,,
14428,3,1412400010137,Mujeres,24,Trabajador independiente,,1,12:20,00:20,Compras (comida),,"Comercio, mercado, tienda o centro comercial",,Su casa,,home,,1412400010175,,MOTOCICLETA,,15,,,,,"Decimoquinta revisión: se toma la lectura de las horas de las tablas anteriores (la primera revisión), una sugerencia entre otras: con las reglas de hoy el día queda con un viaje que sale antes de que llegue el anterior, y con esa lectura con una salida movida a la madrugada; un primer viaje antes de las 05:00; una estancia de 8 horas o más en un mandado o una visita. Cambia: viaje 1 12:20 → 00:20."
14428,3,1412400010137,Mujeres,24,Trabajador independiente,,2,01:50,,Regresar a Casa,,Su casa,,,,1412400010175,,home,,MOTOCICLETA,,15,,hora_invertida,,,
14428,3,1412400010137,Mujeres,24,Trabajador independiente,,3,10:15,,Compras (comida),,"Comercio, mercado, tienda o centro comercial",,,,home,,1412400010495,,A PIE,,13,,,,,
14428,3,1412400010137,Mujeres,24,Trabajador independiente,,4,19:15,,Regresar a Casa,,Su casa,,,,1412400010495,,home,,A PIE,,13,,,,,
14488,2,1412400010438,Hombres,53,Trabajador independiente,,1,07:06,,Compras (comida),,"Comercio, mercado, tienda o centro comercial",,Su casa,,home,,home,,A PIE,,6,,,,,
14488,2,1412400010438,Hombres,53,Trabajador independiente,,2,07:16,,Regresar a Casa,,Su casa,,,,home,,home,,A PIE,,6,,,,,
14488,2,1412400010438,Hombres,53,Trabajador independiente,,3,20:00,08:00,Trabajar,,"Comercio, mercado, tienda o centro comercial",,,,home,,1412400940391,,AUTOMÓVIL PARTICULAR,,30,,,,,"Decimoquinta revisión: se toma la lectura de las horas de las tablas anteriores (la primera revisión), una sugerencia entre otras: con las reglas de hoy el día queda con un viaje que sale antes de que llegue el anterior, y con esa lectura con menos de media hora en el trabajo o la escuela. Cambia: viaje 3 20:00 → 08:00, viaje 6 20:00 → 20:41."
14488,2,1412400010438,Hombres,53,Trabajador independiente,,4,18:50,,Regresar a Casa,,Su casa,,,,1412400940391,,home,,AUTOMÓVIL PARTICULAR,,30,,hora_invertida,,,
14488,2,1412400010438,Hombres,53,Trabajador independiente,,5,20:11,,Trabajar,,"Comercio, mercado, tienda o centro comercial",,,,home,,1412400940391,,AUTOMÓVIL PARTICULAR,,30,,,,,
14488,2,1412400010438,Hombres,53,Trabajador independiente,,6,20:00,20:41,Regresar a Casa,,Su casa,,,,1412400940391,,home,,AUTOMÓVIL PARTICULAR,,30,,hora_invertida,,,"Decimoquinta revisión: se toma la lectura de las horas de las tablas anteriores (la primera revisión), una sugerencia entre otras: con las reglas de hoy el día queda con un viaje que sale antes de que llegue el anterior, y con esa lectura con menos de media hora en el trabajo o la escuela. Cambia: viaje 3 20:00 → 08:00, viaje 6 20:00 → 20:41."
14499,3,1405100020181,Hombres,36,Empleado,,1,20:00,08:00,Trabajar,,"Comercio, mercado, tienda o centro comercial",,Su casa,,home,,999990004,,AUTOMÓVIL PARTICULAR,,60,,,,,"Decimoquinta revisión: la salida queda a las 08:00, la que dan las reglas al leer de nuevo las horas del día tal como lo dejan las decisiones que se conservan (un renglón quitado, un motivo recodificado, un origen movido); sobre el día registrado daban las 20:00."
14499,3,1405100020181,Hombres,36,Empleado,,2,18:38,,Regresar a Casa,,Su casa,,,,999990004,,home,,AUTOMÓVIL PARTICULAR,,60,,hora_invertida,,,
14499,3,1405100020181,Hombres,36,Empleado,,3,20:21,,Trabajar,,"Comercio, mercado, tienda o centro comercial",,,,home,,999990004,,AUTOMÓVIL PARTICULAR,,60,,,,,
14499,3,1405100020181,Hombres,36,Empleado,,4,20:00,,Regresar a Casa,,Su casa,,,,999990004,,home,,AUTOMÓVIL PARTICULAR,,60,,hora_invertida,,dropped,"Decimoquinta revisión: se conserva la decisión de la segunda revisión (chain_review_2). Turno nocturno: sale a trabajar a las 20:21; este renglón es el regreso de la mañana siguiente, fuera del día de la encuesta: se descarta y el día termina en el trabajo."
14568,3,1405100020181,Hombres,36,Empleado,,1,16:00,03:00,Trabajar,,Fábrica o taller,,Su casa,,home,,1409700010918,,CAMIÓN O AUTOBÚS,,120,,,,,"Decimoquinta revisión: ninguna lectura de las horas cierra el día: con las reglas queda un viaje que sale antes de que llegue el anterior, con la de las tablas anteriores una salida movida a la madrugada; menos de media hora en el trabajo o la escuela. Las salidas se mueven lo menos posible (780 min en total) para que ningún viaje salga antes de que llegue el anterior; queda una salida movida a la madrugada; menos de media hora en el trabajo o la escuela. Cambia: viaje 1 16:00 → 03:00."
14568,3,1405100020181,Hombres,36,Empleado,,2,05:00,,Regresar a Casa,,Su casa,,,,1409700010918,,home,,CAMIÓN O AUTOBÚS,,120,,hora_invertida,,,
14568,3,1405100020181,Hombres,36,Empleado,,3,14:00,,Compras (comida),,"Comercio, mercado, tienda o centro comercial",,,,home,,home,,A PIE,,5,,,,,
14568,3,1405100020181,Hombres,36,Empleado,,4,18:24,,Regresar a Casa,,Su casa,,,,home,,home,,A PIE,,5,,,,,
14813,1,1412401760160,Hombres,59,Empleado,,1,07:08,,Deportes o recreación,,Centro cultural o área recreativa,,Su casa,,home,,home,,A PIE,,7,,,,,
14813,1,1412401760160,Hombres,59,Empleado,,2,07:22,,Regresar a Casa,,Su casa,,,,home,,home,,A PIE,,7,,,,,
14813,1,1412401760160,Hombres,59,Empleado,,3,20:30,08:30,Trabajar,,Otra vivienda,,,,home,,141240090,,AUTOMÓVIL PARTICULAR,,20,,,,,"Decimoquinta revisión: se toma la lectura de las horas de las tablas anteriores (la primera revisión), una sugerencia entre otras: con las reglas de hoy el día queda con un viaje que sale antes de que llegue el anterior, y con esa lectura con menos de media hora en el trabajo o la escuela. Cambia: viaje 3 20:30 → 08:30, viaje 6 16:00 → 18:00."
14813,1,1412401760160,Hombres,59,Empleado,,4,15:54,,Regresar a Casa,,Su casa,,,,141240090,,home,,AUTOMÓVIL PARTICULAR,,20,,hora_invertida,,,
14813,1,1412401760160,Hombres,59,Empleado,,5,17:15,,Trabajar,,Otra vivienda,,,,home,,141240090,,AUTOMÓVIL PARTICULAR,,20,,,,,
14813,1,1412401760160,Hombres,59,Empleado,,6,16:00,18:00,Regresar a Casa,,Su casa,,,,141240090,,home,,AUTOMÓVIL PARTICULAR,,20,,hora_invertida,,,"Decimoquinta revisión: se toma la lectura de las horas de las tablas anteriores (la primera revisión), una sugerencia entre otras: con las reglas de hoy el día queda con un viaje que sale antes de que llegue el anterior, y con esa lectura con menos de media hora en el trabajo o la escuela. Cambia: viaje 3 20:30 → 08:30, viaje 6 16:00 → 18:00."
14900,2,141240090,Mujeres,18,,,1,— → 09:47,,— → Trabajar,,"— → Comercio, mercado, tienda o centro comercial",,Su casa,,home,,home,,AUTOMÓVIL PARTICULAR,,13,hora:vecinos;motivo:vecinos,,changed,,
14900,2,141240090,Mujeres,18,,,2,19:10,18:01,Regresar a Casa,,Su casa,,,,home,,home,,AUTOMÓVIL PARTICULAR,,13,,,,,"Decimoquinta revisión: ninguna lectura de las horas cierra el día: con las reglas queda un viaje que sale antes de que llegue el anterior, con la de las tablas anteriores una estancia de cero minutos fuera de casa. Las salidas se mueven lo menos posible (69 min en total) para que ningún viaje salga antes de que llegue el anterior; queda una estancia de cero minutos fuera de casa. Cambia: viaje 2 19:10 → 18:01."
14900,2,141240090,Mujeres,18,,,3,— → 18:14,,— → Compras (comida),,"— → Comercio, mercado, tienda o centro comercial",,,,home,,home,,A PIE,,2,hora:vecinos;motivo:vecinos,hora_invertida,changed,,
14900,2,141240090,Mujeres,18,,,4,18:16,,Otros (especifique),,Otros (especifique),,,,home,,home,,A PIE,,2,,fin_fuera_de_casa,,,
14994,1,141240090,Mujeres,40,Empleado,,1,08:20,,Trabajar,,"Comercio, mercado, tienda o centro comercial",,Su casa,,home,,1405100020181,,AUTOMÓVIL PARTICULAR,,40,,,,,
14994,1,141240090,Mujeres,40,Empleado,,2,04:42,14:42,Regresar a Casa,,Su casa,,,,1405100020181,,home,,AUTOMÓVIL PARTICULAR,,35,,hora_invertida,,,"Decimoquinta revisión: se toma la lectura de las horas de las tablas anteriores (las reglas anteriores), una sugerencia entre otras: con las reglas de hoy el día queda con un viaje que sale antes de que llegue el anterior, y con esa lectura con menos de media hora en el trabajo o la escuela. Cambia: viaje 2 04:42 → 14:42, viaje 3 06:21 → 16:21, viaje 4 05:20 → 17:20."
14994,1,141240090,Mujeres,40,Empleado,,3,06:21,16:21,Trabajar,,"Comercio, mercado, tienda o centro comercial",,,,home,,1405100020181,,AUTOMÓVIL PARTICULAR,,40,,,,,"Decimoquinta revisión: se toma la lectura de las horas de las tablas anteriores (las reglas anteriores), una sugerencia entre otras: con las reglas de hoy el día queda con un viaje que sale antes de que llegue el anterior, y con esa lectura con menos de media hora en el trabajo o la escuela. Cambia: viaje 2 04:42 → 14:42, viaje 3 06:21 → 16:21, viaje 4 05:20 → 17:20."
14994,1,141240090,Mujeres,40,Empleado,,4,05:20,17:20,Regresar a Casa,,Su casa,,,,1405100020181,,home,,AUTOMÓVIL PARTICULAR,,35,,hora_invertida,,,"Decimoquinta revisión: se toma la lectura de las horas de las tablas anteriores (las reglas anteriores), una sugerencia entre otras: con las reglas de hoy el día queda con un viaje que sale antes de que llegue el anterior, y con esa lectura con menos de media hora en el trabajo o la escuela. Cambia: viaje 2 04:42 → 14:42, viaje 3 06:21 → 16:21, viaje 4 05:20 → 17:20."
15029,2,1412401760160,Mujeres,32,Hogar,,1,13:50,,Llevar o recoger a alguien,,Escuela,,Su casa,,home,,141240090,,MOTOCICLETA,,10,,,,,
15029,2,1412401760160,Mujeres,32,Hogar,,2,14:00,,Regresar a Casa,,Su casa,,,,141240090,,home,,MOTOCICLETA,,10,,,,,
15029,2,1412401760160,Mujeres,32,Hogar,,3,17:50,14:40,Llevar o recoger a alguien,,Escuela,,,,home,,141240090,,MOTOCICLETA,,10,,,,,"Decimoquinta revisión: se toma la lectura de las horas de las tablas anteriores (la duodécima revisión), una sugerencia entre otras: con las reglas de hoy el día queda con un viaje que sale antes de que llegue el anterior, y con esa lectura con ningún problema. Cambia: viaje 3 17:50 → 14:40, viaje 4 14:00 → 14:50."
15029,2,1412401760160,Mujeres,32,Hogar,,4,14:00,14:50,Regresar a Casa,,Su casa,,,,141240090,,home,,MOTOCICLETA,,10,,hora_invertida,,,"Decimoquinta revisión: se toma la lectura de las horas de las tablas anteriores (la duodécima revisión), una sugerencia entre otras: con las reglas de hoy el día queda con un viaje que sale antes de que llegue el anterior, y con esa lectura con ningún problema. Cambia: viaje 3 17:50 → 14:40, viaje 4 14:00 → 14:50."
15029,2,1412401760160,Mujeres,32,Hogar,,5,15:00,,Compras (comida),,"Comercio, mercado, tienda o centro comercial",,,,home,,home,,MOTOCICLETA,,10,,,,,
15029,2,1412401760160,Mujeres,32,Hogar,,6,15:20,,Regresar a Casa,,Su casa,,,,home,,home,,MOTOCICLETA,,10,,,,,
15040,4,1407001211518,Hombres,6,Estudiante,,1,14:37,,Compras (comida),,"Comercio, mercado, tienda o centro comercial",,Su casa,,home,,home,,A PIE,,1,,,,,
15040,4,1407001211518,Hombres,6,Estudiante,,2,14:34 → 14:38,16:34,Regresar a Casa,,Su casa,,,,home,,home,,A PIE,,1,hora:llegada,,changed,,"Decimoquinta revisión: se toma la lectura de las horas de las tablas anteriores (la undécima revisión), una sugerencia entre otras: con las reglas de hoy el día queda con una estancia de cero minutos fuera de casa, y con esa lectura con ningún problema. Cambia: viaje 2 14:38 → 16:34."
15074,4,1410100312317,Mujeres,28,Trabajador independiente,,1,09:30,,Visitar a alguien,,Otra vivienda,,Su casa,,home,,1410100011516,,AUTOMÓVIL PARTICULAR,,35,,,,,
15074,4,1410100312317,Mujeres,28,Trabajador independiente,,2,07:00,10:05,Regresar a Casa,,Su casa,,,,1410100011516,,home,,AUTOMÓVIL PARTICULAR,,35,,hora_invertida,,,"Decimoquinta revisión: se toma la lectura de las horas de las tablas anteriores (la novena revisión), una sugerencia entre otras: con las reglas de hoy el día queda con un viaje que sale antes de que llegue el anterior, y con esa lectura con una estancia de cero minutos fuera de casa. Cambia: viaje 2 07:00 → 10:05."
15074,4,1410100312317,Mujeres,28,Trabajador independiente,,3,13:00,,Visitar a alguien,,Otra vivienda,,,,home,,home,,A PIE,,14,,,,,
15074,4,1410100312317,Mujeres,28,Trabajador independiente,,4,19:24,,Regresar a Casa,,Su casa,,,,home,,home,,A PIE,,14,,,,,
15079,4,1410100312321,Hombres,14,Estudiante,,1,07:20,,Estudiar,,Escuela,,Su casa,,home,,1407001211518,,A PIE,,20,,,,,
15079,4,1410100312321,Hombres,14,Estudiante,,2,02:00,12:00,Regresar a Casa,,Su casa,,,,1407001211518,,home,,A PIE,,20,,hora_invertida,,,"Decimoquinta revisión: se toma la lectura de las horas de las tablas anteriores (la primera revisión), una sugerencia entre otras: con las reglas de hoy el día queda con un viaje que sale antes de que llegue el anterior, y con esa lectura con ningún problema. Cambia: viaje 2 02:00 → 12:00, viaje 3 10:00 → 12:20, viaje 4 18:17 → 20:17."
15079,4,1410100312321,Hombres,14,Estudiante,,3,10:00,12:20,Compras (comida),,"Comercio, mercado, tienda o centro comercial",,,,home,,home,,A PIE,,1,,,,,"Decimoquinta revisión: se toma la lectura de las horas de las tablas anteriores (la primera revisión), una sugerencia entre otras: con las reglas de hoy el día queda con un viaje que sale antes de que llegue el anterior, y con esa lectura con ningún problema. Cambia: viaje 2 02:00 → 12:00, viaje 3 10:00 → 12:20, viaje 4 18:17 → 20:17."
15079,4,1410100312321,Hombres,14,Estudiante,,4,18:17,20:17,Regresar a Casa,,Su casa,,,,home,,home,,A PIE,,1,,,,,"Decimoquinta revisión: se toma la lectura de las horas de las tablas anteriores (la primera revisión), una sugerencia entre otras: con las reglas de hoy el día queda con un viaje que sale antes de que llegue el anterior, y con esa lectura con ningún problema. Cambia: viaje 2 02:00 → 12:00, viaje 3 10:00 → 12:20, viaje 4 18:17 → 20:17."
15216,2,1410100312317,Mujeres,40,Trabajador independiente,,1,10:00,,Trabajar,,Otra vivienda,,Su casa,,home,,1409700150960,,AUTOMÓVIL PARTICULAR,,15,,,,,
15216,2,1410100312317,Mujeres,40,Trabajador independiente,,2,09:35,10:15,Regresar a Casa,,Su casa,,,,1409700150960,,home,,AUTOMÓVIL PARTICULAR,,15,,hora_invertida,,,"Decimoquinta revisión: se toma la lectura de las horas de las tablas anteriores (la primera revisión), una sugerencia entre otras: con las reglas de hoy el día queda con un viaje que sale antes de que llegue el anterior, y con esa lectura con menos de media hora en el trabajo o la escuela. Cambia: viaje 2 09:35 → 10:15, viaje 4 11:00 → 21:00."
15216,2,1410100312317,Mujeres,40,Trabajador independiente,,3,11:22,,Trabajar,,Otra vivienda,,,,home,,1409700150960,,AUTOMÓVIL PARTICULAR,,15,,,,,
15216,2,1410100312317,Mujeres,40,Trabajador independiente,,4,11:00,21:00,Regresar a Casa,,Su casa,,,,1409700150960,,home,,AUTOMÓVIL PARTICULAR,,15,,hora_invertida,,,"Decimoquinta revisión: se toma la lectura de las horas de las tablas anteriores (la primera revisión), una sugerencia entre otras: con las reglas de hoy el día queda con un viaje que sale antes de que llegue el anterior, y con esa lectura con menos de media hora en el trabajo o la escuela. Cambia: viaje 2 09:35 → 10:15, viaje 4 11:00 → 21:00."
15232,1,1410100312317,Mujeres,48,Empleado,,1,12:00,00:00,Trabajar,,Otra vivienda,,Su casa,,home,,1409800010879,,AUTOMÓVIL PARTICULAR,,45,,,,,"Decimoquinta revisión: se toma la lectura de las horas de las tablas anteriores (la primera revisión), una sugerencia entre otras: con las reglas de hoy el día queda con un viaje que sale antes de que llegue el anterior, y con esa lectura con una salida movida a la madrugada. Cambia: viaje 1 12:00 → 00:00, viaje 4 14:00 → 16:00."
15232,1,1410100312317,Mujeres,48,Empleado,,2,11:54,,Regresar a Casa,,Su casa,,,,1409800010879,,home,,AUTOMÓVIL PARTICULAR,,45,,hora_invertida,,,
15232,1,1410100312317,Mujeres,48,Empleado,,3,13:10,,Trabajar,,Otra vivienda,,,,home,,1409800010879,,AUTOMÓVIL PARTICULAR,,45,,,,,
15232,1,1410100312317,Mujeres,48,Empleado,,4,14:00,16:00,Regresar a Casa,,Su casa,,,,1409800010879,,home,,AUTOMÓVIL PARTICULAR,,45,,,,,"Decimoquinta revisión: se toma la lectura de las horas de las tablas anteriores (la primera revisión), una sugerencia entre otras: con las reglas de hoy el día queda con un viaje que sale antes de que llegue el anterior, y con esa lectura con una salida movida a la madrugada. Cambia: viaje 1 12:00 → 00:00, viaje 4 14:00 → 16:00."
15334,3,1412001395995,Hombres,42,Trabajador independiente,,1,07:16,,Compras (comida),,"Comercio, mercado, tienda o centro comercial",,Su casa,,home,,home,,A PIE,,8,,,,,
15334,3,1412001395995,Hombres,42,Trabajador independiente,,2,07:34,,Regresar a Casa,,Su casa,,,,home,,home,,A PIE,,8,,,,,
15334,3,1412001395995,Hombres,42,Trabajador independiente,,3,20:00,08:00,Trabajar,,Fábrica o taller,,,,home,,1412000016813,,AUTOMÓVIL PARTICULAR,,40,,,,,"Decimoquinta revisión: se toma la lectura de las horas de las tablas anteriores (la primera revisión), una sugerencia entre otras: con las reglas de hoy el día queda con un viaje que sale antes de que llegue el anterior, y con esa lectura con menos de media hora en el trabajo o la escuela. Cambia: viaje 3 20:00 → 08:00, viaje 6 20:00 → 21:03."
15334,3,1412001395995,Hombres,42,Trabajador independiente,,4,18:40,,Regresar a Casa,,Su casa,,,,1412000016813,,home,,AUTOMÓVIL PARTICULAR,,40,,hora_invertida,,,
15334,3,1412001395995,Hombres,42,Trabajador independiente,,5,20:23,,Trabajar,,Fábrica o taller,,,,home,,1412000016813,,AUTOMÓVIL PARTICULAR,,40,,,,,
15334,3,1412001395995,Hombres,42,Trabajador independiente,,6,20:00,21:03,Regresar a Casa,,Su casa,,,,1412000016813,,home,,AUTOMÓVIL PARTICULAR,,40,,hora_invertida,,,"Decimoquinta revisión: se toma la lectura de las horas de las tablas anteriores (la primera revisión), una sugerencia entre otras: con las reglas de hoy el día queda con un viaje que sale antes de que llegue el anterior, y con esa lectura con menos de media hora en el trabajo o la escuela. Cambia: viaje 3 20:00 → 08:00, viaje 6 20:00 → 21:03."
15356,1,1412001395995,Hombres,52,Trabajador independiente,,1,08:30,,Trabajar,,Otra vivienda,,Su casa,,home,,1412002313838,,MOTOCICLETA,,25,,,,,
15356,1,1412001395995,Hombres,52,Trabajador independiente,,2,07:00,08:55,Regresar a Casa,,Su casa,,,,1412002313838,,home,,MOTOCICLETA,,30,,hora_invertida,,,"Decimoquinta revisión: se toma la lectura de las horas de las tablas anteriores (la primera revisión), una sugerencia entre otras: con las reglas de hoy el día queda con un viaje que sale antes de que llegue el anterior, y con esa lectura con menos de media hora en el trabajo o la escuela. Cambia: viaje 2 07:00 → 08:55."
15356,1,1412001395995,Hombres,52,Trabajador independiente,,3,13:00,,Trabajar,,Otra vivienda,,,,home,,home,,A PIE,,14,,,,,
15356,1,1412001395995,Hombres,52,Trabajador independiente,,4,18:24,,Regresar a Casa,,Su casa,,,,home,,home,,A PIE,,14,,,,,
15460,2,141200142,Mujeres,31,Trabajador independiente,,1,10:30,,Trabajar,,Otra vivienda,,Su casa,,home,,home,,AUTOMÓVIL PARTICULAR,,15,,,,,
15460,2,141200142,Mujeres,31,Trabajador independiente,,2,09:36,10:45,Regresar a Casa,,Su casa,,,,home,,home,,AUTOMÓVIL PARTICULAR,,10,,hora_invertida,,,"Decimoquinta revisión: se toma la lectura de las horas de las tablas anteriores (la primera revisión), una sugerencia entre otras: con las reglas de hoy el día queda con un viaje que sale antes de que llegue el anterior, y con esa lectura con menos de media hora en el trabajo o la escuela. Cambia: viaje 2 09:36 → 10:45, viaje 4 11:10 → 21:10."
15460,2,141200142,Mujeres,31,Trabajador independiente,,3,11:26,,Trabajar,,Otra vivienda,,,,home,,home,,AUTOMÓVIL PARTICULAR,,15,,,,,
15460,2,141200142,Mujeres,31,Trabajador independiente,,4,11:10,21:10,Regresar a Casa,,Su casa,,,,home,,home,,AUTOMÓVIL PARTICULAR,,10,,hora_invertida,,,"Decimoquinta revisión: se toma la lectura de las horas de las tablas anteriores (la primera revisión), una sugerencia entre otras: con las reglas de hoy el día queda con un viaje que sale antes de que llegue el anterior, y con esa lectura con menos de media hora en el trabajo o la escuela. Cambia: viaje 2 09:36 → 10:45, viaje 4 11:10 → 21:10."
15467,3,1410100011554,Mujeres,11,Estudiante,,1,08:04,,Deportes o recreación,,Otra vivienda,,Su casa,,home,,1410100011516,,AUTOMÓVIL PARTICULAR,,30 → 10,minutos:revision,,changed,,
15467,3,1410100011554,Mujeres,11,Estudiante,,2,08:07 → 08:14,08:34,Regresar a Casa,,Su casa,,,,1410100011516,,home,,AUTOMÓVIL PARTICULAR,,30 → 10,minutos:revision;hora:llegada,,changed,,"Decimoquinta revisión: se toma la lectura de las horas de las tablas anteriores (la primera revisión), una sugerencia entre otras: con las reglas de hoy el día queda con una estancia de cero minutos fuera de casa, y con esa lectura con ningún problema. Cambia: viaje 2 08:14 → 08:34."
15467,3,1410100011554,Mujeres,11,Estudiante,,3,14:07,,Compras (comida),,Centro cultural o área recreativa,,,,home,,home,,A PIE,,8,,,,,
15467,3,1410100011554,Mujeres,11,Estudiante,,4,19:20,,Regresar a Casa,,Su casa,,,,home,,home,,A PIE,,8,,,,,
15692,2,1410100011573,Mujeres,27,Hogar,,1,08:43,,Llevar o recoger a alguien,,Escuela,,Su casa,,home,,home,,A PIE,,10,,,,,
15692,2,1410100011573,Mujeres,27,Hogar,,2,18:13,11:09,Regresar a Casa,,Su casa,,,,home,,home,,AUTOMÓVIL PARTICULAR,,5,,,,,"Decimoquinta revisión: ninguna lectura de las horas cierra el día: con las reglas queda un viaje que sale antes de que llegue el anterior, con la de las tablas anteriores una estancia de 8 horas o más en un mandado o una visita. Las salidas se mueven lo menos posible (424 min en total) para que ningún viaje salga antes de que llegue el anterior; queda ningún problema. Cambia: viaje 2 18:13 → 11:09."
15692,2,1410100011573,Mujeres,27,Hogar,,3,11:14,,Compras (comida),,"Comercio, mercado, tienda o centro comercial",,,,home,,1410100011588,,AUTOMÓVIL PARTICULAR,,13,,hora_invertida,,,
15692,2,1410100011573,Mujeres,27,Hogar,,4,12:15,,Regresar a Casa,,Su casa,,,,1410100011588,,home,,A PIE,,15,,,,,
15901,1,1407000011058,Hombres,47,Trabajador independiente,,1,21:00,09:00,Trabajar,,Otra vivienda,,Su casa,,home,,1405100010054,,AUTOMÓVIL PARTICULAR,,25,,,,,"Decimoquinta revisión: se toma la lectura de las horas de las tablas anteriores (la primera revisión), una sugerencia entre otras: con las reglas de hoy el día queda con un viaje que sale antes de que llegue el anterior, y con esa lectura con menos de media hora en el trabajo o la escuela. Cambia: viaje 1 21:00 → 09:00, viaje 4 19:00 → 21:00."
15901,1,1407000011058,Hombres,47,Trabajador independiente,,2,18:30,,Regresar a Casa,,Su casa,,,,1405100010054,,home,,AUTOMÓVIL PARTICULAR,,28,,hora_invertida,,,
15901,1,1407000011058,Hombres,47,Trabajador independiente,,3,20:09,,Trabajar,,Otra vivienda,,,,home,,1405100010054,,AUTOMÓVIL PARTICULAR,,25,,,,,
15901,1,1407000011058,Hombres,47,Trabajador independiente,,4,19:00,21:00,Regresar a Casa,,Su casa,,,,1405100010054,,home,,AUTOMÓVIL PARTICULAR,,28,,hora_invertida,,,"Decimoquinta revisión: se toma la lectura de las horas de las tablas anteriores (la primera revisión), una sugerencia entre otras: con las reglas de hoy el día queda con un viaje que sale antes de que llegue el anterior, y con esa lectura con menos de media hora en el trabajo o la escuela. Cambia: viaje 1 21:00 → 09:00, viaje 4 19:00 → 21:00."
15909,5,140700001012A,Mujeres,14,Estudiante,,1,14:34,,Compras (comida),,"Comercio, mercado, tienda o centro comercial",,Su casa,,home,,1407000010045,,A PIE,,5,,,,,
15909,5,140700001012A,Mujeres,14,Estudiante,,2,14:24 → 14:39,16:24,Regresar a Casa,,Su casa,,,,1407000010045,,home,,A PIE,,5,hora:llegada,,changed,,"Decimoquinta revisión: se toma la lectura de las horas de las tablas anteriores (la primera revisión y la undécima revisión), una sugerencia entre otras: con las reglas de hoy el día queda con una estancia de cero minutos fuera de casa, y con esa lectura con ningún problema. Cambia: viaje 2 14:39 → 16:24, viaje 3 16:24 → 16:29."
15909,5,140700001012A,Mujeres,14,Estudiante,,3,16:24,16:29,Compras (comida),,"Comercio, mercado, tienda o centro comercial",,,,home,,home,,A PIE,,2,,,,,"Decimoquinta revisión: se toma la lectura de las horas de las tablas anteriores (la primera revisión y la undécima revisión), una sugerencia entre otras: con las reglas de hoy el día queda con una estancia de cero minutos fuera de casa, y con esa lectura con ningún problema. Cambia: viaje 2 14:39 → 16:24, viaje 3 16:24 → 16:29."
15909,5,140700001012A,Mujeres,14,Estudiante,,4,18:33,,Regresar a Casa,,Su casa,,,,home,,home,,A PIE,,2,,,,,
16056,3,1407000201397,Mujeres,17,Estudiante,,1,12:00,06:10,Estudiar,,Escuela,,Su casa,,home,,1403900013641,,CAMIÓN O AUTOBÚS,,50,,,,,"Decimoquinta revisión: ninguna lectura de las horas cierra el día: con las reglas queda un viaje que sale antes de que llegue el anterior, con la de las tablas anteriores una salida movida a la madrugada; un primer viaje antes de las 05:00. Las salidas se mueven lo menos posible (350 min en total) para que ningún viaje salga antes de que llegue el anterior; queda menos de media hora en el trabajo o la escuela. Cambia: viaje 1 12:00 → 06:10."
16056,3,1407000201397,Mujeres,17,Estudiante,,2,07:00,,Regresar a Casa,,Su casa,,,,1403900013641,,home,,CAMIÓN O AUTOBÚS,,60,,hora_invertida,,,
16056,3,1407000201397,Mujeres,17,Estudiante,,3,13:00,,Compras (comida),,"Comercio, mercado, tienda o centro comercial",,,,home,,home,,A PIE,,14,,,,,
16056,3,1407000201397,Mujeres,17,Estudiante,,4,19:28,,Regresar a Casa,,Su casa,,,,home,,home,,A PIE,,14,,,,,
16104,1,1407000201397,Hombres,43,Empleado,,1,15:00,05:00,Trabajar,,Otros (especifique),,Su casa,,14097059A → home,,99999000A,,AUTOMÓVIL PARTICULAR,,30,origen:respuesta,,changed,,"Decimoquinta revisión: se toma la lectura de las horas de las tablas anteriores (las reglas anteriores), una sugerencia entre otras: con las reglas de hoy el día queda con un viaje que sale antes de que llegue el anterior, y con esa lectura con menos de media hora en el trabajo o la escuela. Cambia: viaje 1 15:00 → 05:00, viaje 4 12:00 → 14:00."
16104,1,1407000201397,Hombres,43,Empleado,,2,11:54,,Regresar a Casa,,Su casa,,,,99999000A,,home,,AUTOMÓVIL PARTICULAR,,30,,hora_invertida,,,
16104,1,1407000201397,Hombres,43,Empleado,,3,13:29,,Trabajar,,Otros (especifique),,,,home,,14097059A,,AUTOMÓVIL PARTICULAR,,30,,,,,
16104,1,1407000201397,Hombres,43,Empleado,,4,12:00,14:00,Regresar a Casa,,Su casa,,,,14097059A,,home,,AUTOMÓVIL PARTICULAR,,30,,hora_invertida,,,"Decimoquinta revisión: se toma la lectura de las horas de las tablas anteriores (las reglas anteriores), una sugerencia entre otras: con las reglas de hoy el día queda con un viaje que sale antes de que llegue el anterior, y con esa lectura con menos de media hora en el trabajo o la escuela. Cambia: viaje 1 15:00 → 05:00, viaje 4 12:00 → 14:00."
16104,1,1407000201397,Hombres,43,Empleado,,5,16:00,,"Compras (bienes, productos y servicios)",,Centro cultural o área recreativa,,,,home,,home,,A PIE,,7,,,,,
16104,1,1407000201397,Hombres,43,Empleado,,6,18:35,,Regresar a Casa,,Su casa,,,,home,,home,,A PIE,,7,,,,,
16110,6,1409701152596,Mujeres,6,Estudiante,,1,13:03,10:32,Al médico o atención de salud,,"Hospital, clínica, consultorio, laboratorio clínico",,Su casa,,home,,1403900012319,,TREN LIGERO,,89,,,,,"Decimoquinta revisión: se toma la lectura de las horas de las tablas anteriores (la duodécima revisión), una sugerencia entre otras: con las reglas de hoy el día queda con un viaje que sale antes de que llegue el anterior, y con esa lectura con una estancia de cero minutos fuera de casa. Cambia: viaje 1 13:03 → 10:32."
16110,6,1409701152596,Mujeres,6,Estudiante,,2,12:01,,Regresar a Casa,,Su casa,,,,1403900012319,,home,,AUTOMÓVIL PARTICULAR,,45,,hora_invertida,,,
16110,6,1409701152596,Mujeres,6,Estudiante,,3,15:01,,"Compras (bienes, productos y servicios)",,"Comercio, mercado, tienda o centro comercial",,,,home,,1409701151992,,A PIE,,8,,,,,
16110,6,1409701152596,Mujeres,6,Estudiante,,4,18:25,,Regresar a Casa,,Su casa,,,,1409701151992,,home,,A PIE,,8,,,,,
16134,1,1407000200191,Hombres,54,Empleado,,1,10:30,,"Compras (bienes, productos y servicios)",,"Comercio, mercado, tienda o centro comercial",,Su casa,,home,,home,,A PIE,,5,,,,,
16134,1,1407000200191,Hombres,54,Empleado,,2,10:39,,Regresar a Casa,,Su casa,,,,home,,home,,A PIE,,5,,,,,
16134,1,1407000200191,Hombres,54,Empleado,,3,21:40,,Trabajar,,Fábrica o taller,,,,home,,1407000200257,,A PIE,,15,,,,,
16134,1,1407000200191,Hombres,54,Empleado,,4,18:00,06:00,Regresar a Casa,,Su casa,,,,1407000200257,,home,,A PIE,,15,,hora_invertida,,,"Decimoquinta revisión: se toma la lectura de las horas de las tablas anteriores (la primera revisión), una sugerencia entre otras: con las reglas de hoy el día queda con un viaje que sale antes de que llegue el anterior, y con esa lectura con ningún problema. Cambia: viaje 4 18:00 → 06:00."
16274,1,140440011,Mujeres,59,Empleado,,1,09:00,,Trabajar,,Otra vivienda,,Su casa,,home,,14097059A,,AUTOMÓVIL PARTICULAR,,25,,,,,
16274,1,140440011,Mujeres,59,Empleado,,2,05:44,15:44,Regresar a Casa,,Su casa,,,,14097059A,,home,,AUTOMÓVIL PARTICULAR,,25,,hora_invertida,,,"Decimoquinta revisión: se toma la lectura de las horas de las tablas anteriores (la primera revisión), una sugerencia entre otras: con las reglas de hoy el día queda con un viaje que sale antes de que llegue el anterior, y con esa lectura con ningún problema. Cambia: viaje 2 05:44 → 15:44, viaje 3 07:23 → 17:23, viaje 4 06:30 → 18:30, viaje 5 15:10 → 18:55."
16274,1,140440011,Mujeres,59,Empleado,,3,07:23,17:23,Trabajar,,Otra vivienda,,,,home,,14097059A,,AUTOMÓVIL PARTICULAR,,25,,,,,"Decimoquinta revisión: se toma la lectura de las horas de las tablas anteriores (la primera revisión), una sugerencia entre otras: con las reglas de hoy el día queda con un viaje que sale antes de que llegue el anterior, y con esa lectura con ningún problema. Cambia: viaje 2 05:44 → 15:44, viaje 3 07:23 → 17:23, viaje 4 06:30 → 18:30, viaje 5 15:10 → 18:55."
16274,1,140440011,Mujeres,59,Empleado,,4,06:30,18:30,Regresar a Casa,,Su casa,,,,14097059A,,home,,AUTOMÓVIL PARTICULAR,,25,,hora_invertida,,,"Decimoquinta revisión: se toma la lectura de las horas de las tablas anteriores (la primera revisión), una sugerencia entre otras: con las reglas de hoy el día queda con un viaje que sale antes de que llegue el anterior, y con esa lectura con ningún problema. Cambia: viaje 2 05:44 → 15:44, viaje 3 07:23 → 17:23, viaje 4 06:30 → 18:30, viaje 5 15:10 → 18:55."
16274,1,140440011,Mujeres,59,Empleado,,5,15:10,18:55,"Compras (bienes, productos y servicios)",,Centro cultural o área recreativa,,,,home,,home,,A PIE,,5,,,,,"Decimoquinta revisión: se toma la lectura de las horas de las tablas anteriores (la primera revisión), una sugerencia entre otras: con las reglas de hoy el día queda con un viaje que sale antes de que llegue el anterior, y con esa lectura con ningún problema. Cambia: viaje 2 05:44 → 15:44, viaje 3 07:23 → 17:23, viaje 4 06:30 → 18:30, viaje 5 15:10 → 18:55."
16274,1,140440011,Mujeres,59,Empleado,,6,19:10,,Regresar a Casa,,Su casa,,,,home,,home,,A PIE,,5,,,,,
16376,3,1409700092863,Hombres,47,Trabajador independiente,,1,21:00,09:00,Trabajar,,Otra vivienda,,Su casa,,home,,141200001066A,,AUTOMÓVIL PARTICULAR,,120 → 60,minutos:revision,,changed,,"Decimoquinta revisión: se toma la lectura de las horas de las tablas anteriores (la primera revisión), una sugerencia entre otras: con las reglas de hoy el día queda con un viaje que sale antes de que llegue el anterior, y con esa lectura con ningún problema. Cambia: viaje 1 21:00 → 09:00, viaje 4 23:01 → 00:54."
16376,3,1409700092863,Hombres,47,Trabajador independiente,,2,20:54,,Regresar a Casa,,Su casa,,,,141200001066A,,home,,AUTOMÓVIL PARTICULAR,,120 → 60,minutos:revision,hora_invertida,changed,,
16376,3,1409700092863,Hombres,47,Trabajador independiente,,3,22:24,,Trabajar,,Otra vivienda,,,,home,,141200001066A,,AUTOMÓVIL PARTICULAR,,120 → 60,minutos:revision,,changed,,
16376,3,1409700092863,Hombres,47,Trabajador independiente,,4,23:01,00:54,Regresar a Casa,,Su casa,,,,141200001066A,,home,,AUTOMÓVIL PARTICULAR,,120 → 60,minutos:revision,hora_invertida;hora_2301,changed,,"Decimoquinta revisión: se toma la lectura de las horas de las tablas anteriores (la primera revisión), una sugerencia entre otras: con las reglas de hoy el día queda con un viaje que sale antes de que llegue el anterior, y con esa lectura con ningún problema. Cambia: viaje 1 21:00 → 09:00, viaje 4 23:01 → 00:54."
16501,3,1404400540401,Mujeres,16,Estudiante,,1,13:20,07:15,Estudiar,,Escuela,,Su casa,,home,,1404400540416,,A PIE,,15,,,,,"Decimoquinta revisión: ninguna lectura de las horas cierra el día: con las reglas queda un viaje que sale antes de que llegue el anterior, con la de las tablas anteriores una salida movida a la madrugada; un primer viaje antes de las 05:00. Las salidas se mueven lo menos posible (365 min en total) para que ningún viaje salga antes de que llegue el anterior; queda menos de media hora en el trabajo o la escuela. Cambia: viaje 1 13:20 → 07:15."
16501,3,1404400540401,Mujeres,16,Estudiante,,2,07:30,,Regresar a Casa,,Su casa,,,,1404400540416,,home,,A PIE,,15,,hora_invertida,,,
16501,3,1404400540401,Mujeres,16,Estudiante,,3,13:24,,"Compras (bienes, productos y servicios)",,Centro cultural o área recreativa,,,,home,,home,,A PIE,,11,,,,,
16501,3,1404400540401,Mujeres,16,Estudiante,,4,18:24,,Regresar a Casa,,Su casa,,,,home,,home,,A PIE,,11,,,,,
16530,3,1404400540416,Hombres,8,Estudiante,,1,07:31,,Estudiar,,Escuela,,Su casa,,home,,home,,A PIE,,7,,,,,
16530,3,1404400540416,Hombres,8,Estudiante,,2,02:02,14:02,Estudiar,,Escuela,,,,home,,home,,A PIE,,7,,hora_invertida,,,"Decimoquinta revisión: se toma la lectura de las horas de las tablas anteriores (la primera revisión y la undécima revisión), una sugerencia entre otras: con las reglas de hoy el día queda con un viaje que sale antes de que llegue el anterior, y con esa lectura con ningún problema. Cambia: viaje 2 02:02 → 14:02, viaje 3 10:02 → 20:02, viaje 4 18:21 → 20:21."
16530,3,1404400540416,Hombres,8,Estudiante,,3,10:02,20:02,"Compras (bienes, productos y servicios)",,"Comercio, mercado, tienda o centro comercial",,,,home,,1404400540401,,A PIE,,3,,,,,"Decimoquinta revisión: se toma la lectura de las horas de las tablas anteriores (la primera revisión y la undécima revisión), una sugerencia entre otras: con las reglas de hoy el día queda con un viaje que sale antes de que llegue el anterior, y con esa lectura con ningún problema. Cambia: viaje 2 02:02 → 14:02, viaje 3 10:02 → 20:02, viaje 4 18:21 → 20:21."
16530,3,1404400540416,Hombres,8,Estudiante,,4,18:21,20:21,Estudiar,,Otros (especifique),,,,1404400540401,,home,,A PIE,,3,,fin_fuera_de_casa,,,"Decimoquinta revisión: se toma la lectura de las horas de las tablas anteriores (la primera revisión y la undécima revisión), una sugerencia entre otras: con las reglas de hoy el día queda con un viaje que sale antes de que llegue el anterior, y con esa lectura con ningún problema. Cambia: viaje 2 02:02 → 14:02, viaje 3 10:02 → 20:02, viaje 4 18:21 → 20:21."
16548,2,1404400540416,Mujeres,50,Empleado,,1,08:20,,Trabajar,,"Hospital, clínica, consultorio, laboratorio clínico",,Su casa,,home,,home,,A PIE,,5,,,,,
16548,2,1404400540416,Mujeres,50,Empleado,,2,07:01,09:01,Regresar a Casa,,Su casa,,,,home,,home,,A PIE,,5,,hora_invertida,,,"Decimoquinta revisión: se toma la lectura de las horas de las tablas anteriores (la primera revisión), una sugerencia entre otras: con las reglas de hoy el día queda con un viaje que sale antes de que llegue el anterior, y con esa lectura con ningún problema. Cambia: viaje 2 07:01 → 09:01."
16548,2,1404400540416,Mujeres,50,Empleado,,3,14:01,,"Compras (bienes, productos y servicios)",,Centro cultural o área recreativa,,,,home,,1404400540420,,A PIE,,8,,,,,
16548,2,1404400540416,Mujeres,50,Empleado,,4,18:26,,Regresar a Casa,,Su casa,,,,1404400540420,,home,,A PIE,,8,,,,,
16629,1,1409700250369,Hombres,27,Empleado,,1,13:00,,Trabajar,,"Hospital, clínica, consultorio, laboratorio clínico",,Su casa,,home,,1412000010706,,CAMIÓN O AUTOBÚS,,45,,,,,
16629,1,1409700250369,Hombres,27,Empleado,,2,12:00,13:45,Regresar a Casa,,Su casa,,,,1412000010706,,home,,Taxi plataforma (Uber/Didi),,25,,hora_invertida,,,"Decimoquinta revisión: ninguna lectura de las horas cierra el día: con las reglas queda un viaje que sale antes de que llegue el anterior, con la de las tablas anteriores menos de media hora en el trabajo o la escuela. Las salidas se mueven lo menos posible (105 min en total) para que ningún viaje salga antes de que llegue el anterior; queda menos de media hora en el trabajo o la escuela. Cambia: viaje 2 12:00 → 13:45."
16714,1,1409700250369,Hombres,58,Empleado,,1,21:00,09:00,Trabajar,,Fábrica o taller,,Su casa,,home,,1409800011237,,AUTOMÓVIL PARTICULAR,,60,,,,,"Decimoquinta revisión: se toma la lectura de las horas de las tablas anteriores (la primera revisión), una sugerencia entre otras: con las reglas de hoy el día queda con un viaje que sale antes de que llegue el anterior, y con esa lectura con ningún problema. Cambia: viaje 1 21:00 → 09:00, viaje 2 09:32 → 21:32, viaje 3 11:17 → 23:17."
16714,1,1409700250369,Hombres,58,Empleado,,2,09:32,21:32,Regresar a Casa,,Su casa,,,,1409800011237,,home,,AUTOMÓVIL PARTICULAR,,60,,hora_invertida,,,"Decimoquinta revisión: se toma la lectura de las horas de las tablas anteriores (la primera revisión), una sugerencia entre otras: con las reglas de hoy el día queda con un viaje que sale antes de que llegue el anterior, y con esa lectura con ningún problema. Cambia: viaje 1 21:00 → 09:00, viaje 2 09:32 → 21:32, viaje 3 11:17 → 23:17."
16714,1,1409700250369,Hombres,58,Empleado,,3,11:17,23:17,Trabajar,,Fábrica o taller,,,,home,,1409800011237,,AUTOMÓVIL PARTICULAR,,60,,,,,"Decimoquinta revisión: se toma la lectura de las horas de las tablas anteriores (la primera revisión), una sugerencia entre otras: con las reglas de hoy el día queda con un viaje que sale antes de que llegue el anterior, y con esa lectura con ningún problema. Cambia: viaje 1 21:00 → 09:00, viaje 2 09:32 → 21:32, viaje 3 11:17 → 23:17."
16714,1,1409700250369,Hombres,58,Empleado,,4,06:00,,Regresar a Casa,,Su casa,,,,1409800011237,,home,,AUTOMÓVIL PARTICULAR,,60,,hora_invertida,,,
16748,2,1409700250354,Mujeres,42,Trabajador independiente,,1,06:20,,Regresar a Casa,,Su casa,,Su casa,Fábrica o taller,home,1409800011928,home,,AUTOMÓVIL PARTICULAR,,15,,regreso_en_casa,,,"Decimoquinta revisión: se conserva la decisión de la segunda revisión (chain_review_2). Restaurado: es el regreso de la mañana desde el turno nocturno (06:20, mismo modo y duración que el viaje al trabajo), no un regreso hecho estando en casa; el origen es el trabajo (1409800011928). | Decimoquinta revisión: se conserva la decisión de la segunda revisión (chain_review_2). Restaurado: es el regreso de la mañana desde el turno nocturno (06:20, mismo modo y duración que el viaje al trabajo), no un regreso hecho estando en casa; el origen es el trabajo (1409800011928)."
16748,2,1409700250354,Mujeres,42,Trabajador independiente,,2,21:30 → 09:30,21:30,Trabajar,,Fábrica o taller,,,,home,,1409800011928,,AUTOMÓVIL PARTICULAR,,15,hora:-12h,,changed,,"Decimoquinta revisión: la salida queda a las 21:30, la que dan las reglas al leer de nuevo las horas del día tal como lo dejan las decisiones que se conservan (un renglón quitado, un motivo recodificado, un origen movido); sobre el día registrado daban las 09:30."
16748,2,1409700250354,Mujeres,42,Trabajador independiente,,3,19:45,,Regresar a Casa,,Su casa,,,,1409800011928,,home,,AUTOMÓVIL PARTICULAR,,15,,,,dropped,"Decimoquinta revisión: se conserva la decisión de la segunda revisión (chain_review_2). Turno nocturno: este renglón es el regreso de la mañana siguiente, fuera del día de la encuesta y repetición del viaje 1: se descarta."
16847,2,140440002012A,Hombres,42,Empleado,,1,05:00,,Trabajar,,Otros (especifique),,Su casa,,home,,1403900014033,,AUTOMÓVIL PARTICULAR,,90,,,,,
16847,2,140440002012A,Hombres,42,Empleado,,2,05:36,06:30,Regresar a Casa,,Su casa,,,,1403900014033,,home,,AUTOMÓVIL PARTICULAR,,90,,hora_invertida,,,"Decimoquinta revisión: se toma la lectura de las horas de las tablas anteriores (la primera revisión), una sugerencia entre otras: con las reglas de hoy el día queda con un viaje que sale antes de que llegue el anterior, y con esa lectura con menos de media hora en el trabajo o la escuela. Cambia: viaje 2 05:36 → 06:30, viaje 3 07:23 → 08:00, viaje 4 08:00 → 09:30."
16847,2,140440002012A,Hombres,42,Empleado,,3,07:23,08:00,Trabajar,,Otros (especifique),,,,home,,1403900014033,,AUTOMÓVIL PARTICULAR,,90,,,,,"Decimoquinta revisión: se toma la lectura de las horas de las tablas anteriores (la primera revisión), una sugerencia entre otras: con las reglas de hoy el día queda con un viaje que sale antes de que llegue el anterior, y con esa lectura con menos de media hora en el trabajo o la escuela. Cambia: viaje 2 05:36 → 06:30, viaje 3 07:23 → 08:00, viaje 4 08:00 → 09:30."
16847,2,140440002012A,Hombres,42,Empleado,,4,08:00,09:30,Regresar a Casa,,Su casa,,,,1403900014033,,home,,AUTOMÓVIL PARTICULAR,,90,,hora_invertida,,,"Decimoquinta revisión: se toma la lectura de las horas de las tablas anteriores (la primera revisión), una sugerencia entre otras: con las reglas de hoy el día queda con un viaje que sale antes de que llegue el anterior, y con esa lectura con menos de media hora en el trabajo o la escuela. Cambia: viaje 2 05:36 → 06:30, viaje 3 07:23 → 08:00, viaje 4 08:00 → 09:30."
16847,2,140440002012A,Hombres,42,Empleado,,5,15:00,,"Compras (bienes, productos y servicios)",,Centro cultural o área recreativa,,,,home,,home,,A PIE,,4,,,,,
16847,2,140440002012A,Hombres,42,Empleado,,6,19:29,,Regresar a Casa,,Su casa,,,,home,,home,,A PIE,,4,,,,,
16928,1,140440002012A,Hombres,56,Trabajador independiente,,1,05:30,,Trabajar,,"Comercio, mercado, tienda o centro comercial",,Su casa,,home,,999990005,,AUTOMÓVIL PARTICULAR,,120,,,,,
16928,1,140440002012A,Hombres,56,Trabajador independiente,,2,02:34,12:34,Regresar a Casa,,Su casa,,,,999990005,,home,,AUTOMÓVIL PARTICULAR,,120,,hora_invertida,,,"Decimoquinta revisión: se toma la lectura de las horas de las tablas anteriores (la primera revisión), una sugerencia entre otras: con las reglas de hoy el día queda con un viaje que sale antes de que llegue el anterior, y con esa lectura con ningún problema. Cambia: viaje 2 02:34 → 12:34, viaje 3 04:34 → 16:17."
16928,1,140440002012A,Hombres,56,Trabajador independiente,,3,04:17 → 04:34,16:17,Trabajar,,"Comercio, mercado, tienda o centro comercial",,,,home,,999990005,,AUTOMÓVIL PARTICULAR,,120,hora:llegada,,changed,,"Decimoquinta revisión: se toma la lectura de las horas de las tablas anteriores (la primera revisión), una sugerencia entre otras: con las reglas de hoy el día queda con un viaje que sale antes de que llegue el anterior, y con esa lectura con ningún problema. Cambia: viaje 2 02:34 → 12:34, viaje 3 04:34 → 16:17."
16928,1,140440002012A,Hombres,56,Trabajador independiente,,4,04:00,,Regresar a Casa,,Su casa,,,,999990005,,home,,AUTOMÓVIL PARTICULAR,,120,,hora_invertida,,,
16928,4,140440002012A,Hombres,21,Empleado,,1,12:35,,Trabajar,,"Comercio, mercado, tienda o centro comercial",,Su casa,,home,,1404400020115,,A PIE,,20,,,,,
16928,4,140440002012A,Hombres,21,Empleado,,2,10:00,12:55,Regresar a Casa,,Su casa,,,,1404400020115,,home,,A PIE,,20,,hora_invertida,,,"Decimoquinta revisión: ninguna lectura de las horas cierra el día: con las reglas queda un viaje que sale antes de que llegue el anterior, con la de las tablas anteriores una salida movida a la madrugada. Las salidas se mueven lo menos posible (175 min en total) para que ningún viaje salga antes de que llegue el anterior; queda menos de media hora en el trabajo o la escuela. Cambia: viaje 2 10:00 → 12:55."
16928,4,140440002012A,Hombres,21,Empleado,,3,15:00,,Compras (comida),,Centro cultural o área recreativa,,,,home,,1404400020346,,A PIE,,13,,,,,
16928,4,140440002012A,Hombres,21,Empleado,,4,18:45,,Regresar a Casa,,Su casa,,,,1404400020346,,home,,A PIE,,13,,,,,
17000,1,1404400020115,Hombres,34,Empleado,,1,20:00,08:00,Trabajar,,Fábrica o taller,,Su casa,,home,,1404400050257,,AUTOMÓVIL PARTICULAR,,20,,,,,"Decimoquinta revisión: la salida queda a las 08:00, la que dan las reglas al leer de nuevo las horas del día tal como lo dejan las decisiones que se conservan (un renglón quitado, un motivo recodificado, un origen movido); sobre el día registrado daban las 20:00."
17000,1,1404400020115,Hombres,34,Empleado,,2,18:36,,Regresar a Casa,,Su casa,,,,1404400050257,,home,,AUTOMÓVIL PARTICULAR,,20,,hora_invertida,,,
17000,1,1404400020115,Hombres,34,Empleado,,3,20:24,,Trabajar,,Fábrica o taller,,,,home,,1404400050257,,AUTOMÓVIL PARTICULAR,,20,,,,,
17000,1,1404400020115,Hombres,34,Empleado,,4,20:00,,Regresar a Casa,,Su casa,,,,1404400050257,,home,,AUTOMÓVIL PARTICULAR,,20,,hora_invertida,,dropped,"Decimoquinta revisión: se conserva la decisión de la segunda revisión (chain_review_2). Turno nocturno: sale a trabajar a las 20:24; este renglón es el regreso de la mañana siguiente, fuera del día de la encuesta: se descarta y el día termina en el trabajo."
17056,1,1409700250369,Hombres,56,Trabajador independiente,,1,23:00,11:00,Trabajar,,Oficina,,Su casa,,home,,1403900011560,,AUTOMÓVIL PARTICULAR,,40,,,,,"Decimoquinta revisión: se toma la lectura de las horas de las tablas anteriores (la primera revisión y la décima revisión), una sugerencia entre otras: con las reglas de hoy el día queda con un viaje que sale antes de que llegue el anterior, y con esa lectura con ningún problema. Cambia: viaje 1 23:00 → 11:00, viaje 4 18:00 → 23:00."
17056,1,1409700250369,Hombres,56,Trabajador independiente,,2,18:46,,Regresar a Casa,,Su casa,,,,1403900011560,,home,,AUTOMÓVIL PARTICULAR,,70,,hora_invertida,,,
17056,1,1409700250369,Hombres,56,Trabajador independiente,,3,20:14,,Trabajar,,Oficina,,,,home,,1403900011560,,AUTOMÓVIL PARTICULAR,,40,,,,,
17056,1,1409700250369,Hombres,56,Trabajador independiente,,4,18:00,23:00,Regresar a Casa,,Su casa,,,,1403900011560,,home,,AUTOMÓVIL PARTICULAR,,70,,hora_invertida,,,"Decimoquinta revisión: se toma la lectura de las horas de las tablas anteriores (la primera revisión y la décima revisión), una sugerencia entre otras: con las reglas de hoy el día queda con un viaje que sale antes de que llegue el anterior, y con esa lectura con ningún problema. Cambia: viaje 1 23:00 → 11:00, viaje 4 18:00 → 23:00."
17142,1,1404400010083,Hombres,59,Empleado,,1,09:00,,Trabajar,,"Comercio, mercado, tienda o centro comercial",,Su casa,,home,,1404400020115,,AUTOMÓVIL PARTICULAR,,20,,,,,
17142,1,1404400010083,Hombres,59,Empleado,,2,08:41,20:41,Regresar a Casa,,Su casa,,,,1404400020115,,home,,AUTOMÓVIL PARTICULAR,,20,,hora_invertida,,,"Decimoquinta revisión: se toma la lectura de las horas de las tablas anteriores (las reglas anteriores), una sugerencia entre otras: con las reglas de hoy el día queda con un viaje que sale antes de que llegue el anterior, y con esa lectura con menos de media hora en el trabajo o la escuela. Cambia: viaje 2 08:41 → 20:41, viaje 3 10:12 → 22:12, viaje 4 11:00 → 23:00."
17142,1,1404400010083,Hombres,59,Empleado,,3,10:12,22:12,Trabajar,,"Comercio, mercado, tienda o centro comercial",,,,home,,1404400020115,,AUTOMÓVIL PARTICULAR,,20,,,,,"Decimoquinta revisión: se toma la lectura de las horas de las tablas anteriores (las reglas anteriores), una sugerencia entre otras: con las reglas de hoy el día queda con un viaje que sale antes de que llegue el anterior, y con esa lectura con menos de media hora en el trabajo o la escuela. Cambia: viaje 2 08:41 → 20:41, viaje 3 10:12 → 22:12, viaje 4 11:00 → 23:00."
17142,1,1404400010083,Hombres,59,Empleado,,4,11:00,23:00,Regresar a Casa,,Su casa,,,,1404400020115,,home,,AUTOMÓVIL PARTICULAR,,20,,,,,"Decimoquinta revisión: se toma la lectura de las horas de las tablas anteriores (las reglas anteriores), una sugerencia entre otras: con las reglas de hoy el día queda con un viaje que sale antes de que llegue el anterior, y con esa lectura con menos de media hora en el trabajo o la escuela. Cambia: viaje 2 08:41 → 20:41, viaje 3 10:12 → 22:12, viaje 4 11:00 → 23:00."
17173,2,1404400010098,Mujeres,36,Empleado,,1,12:30,,Trabajar,,"Comercio, mercado, tienda o centro comercial",,Su casa,,home,,999990005,,CAMIÓN O AUTOBÚS,,20,,,,,
17173,2,1404400010098,Mujeres,36,Empleado,,2,09:35,12:50,Regresar a Casa,,Su casa,,,,999990005,,home,,CAMIÓN O AUTOBÚS,,25,,hora_invertida,,,"Decimoquinta revisión: ninguna lectura de las horas cierra el día: con las reglas queda un viaje que sale antes de que llegue el anterior, con la de las tablas anteriores una salida movida a la madrugada. Las salidas se mueven lo menos posible (195 min en total) para que ningún viaje salga antes de que llegue el anterior; queda menos de media hora en el trabajo o la escuela. Cambia: viaje 2 09:35 → 12:50."
17173,2,1404400010098,Mujeres,36,Empleado,,3,15:23,,Compras (comida),,"Comercio, mercado, tienda o centro comercial",,,,home,,1404400010100,,A PIE,,11,,,,,
17173,2,1404400010098,Mujeres,36,Empleado,,4,18:23,,Regresar a Casa,,Su casa,,,,1404400010100,,home,,A PIE,,11,,,,,
17456,2,1409700053147,Mujeres,40,Trabajador independiente,,1,09:00,,"Compras (bienes, productos y servicios)",,"Comercio, mercado, tienda o centro comercial",,Su casa,,home,,1409700053503,,A PIE,,10,,,,,
17456,2,1409700053147,Mujeres,40,Trabajador independiente,,2,08:00,09:10,Regresar a Casa,,Su casa,,,,1409700053503,,home,,A PIE,,10,,hora_invertida,,,"Decimoquinta revisión: se toma la lectura de las horas de las tablas anteriores (la primera revisión), una sugerencia entre otras: con las reglas de hoy el día queda con un viaje que sale antes de que llegue el anterior, y con esa lectura con una estancia de cero minutos fuera de casa. Cambia: viaje 2 08:00 → 09:10."
17456,2,1409700053147,Mujeres,40,Trabajador independiente,,3,13:00,,"Compras (bienes, productos y servicios)",,"Comercio, mercado, tienda o centro comercial",,,,home,,1409700053503,,A PIE,,2,,,,,
17456,2,1409700053147,Mujeres,40,Trabajador independiente,,4,18:28,,Regresar a Casa,,Su casa,,,,1409700053503,,home,,A PIE,,2,,,,,
17520,3,1404400010295,Mujeres,23,Empleado,,1,14:45,,Trabajar,,Fábrica o taller,,Su casa,,home,,1407000130401,,Transporte de personal,,75,,,,,
17520,3,1404400010295,Mujeres,23,Empleado,,2,12:30,16:00,Regresar a Casa,,Su casa,,,,1407000130401,,home,,Transporte de personal,,60,,hora_invertida,,,"Decimoquinta revisión: ninguna lectura de las horas cierra el día: con las reglas queda un viaje que sale antes de que llegue el anterior, con la de las tablas anteriores una salida movida a la madrugada. Las salidas se mueven lo menos posible (210 min en total) para que ningún viaje salga antes de que llegue el anterior; queda menos de media hora en el trabajo o la escuela. Cambia: viaje 2 12:30 → 16:00."
17520,3,1404400010295,Mujeres,23,Empleado,,3,17:30,,"Compras (bienes, productos y servicios)",,Centro cultural o área recreativa,,,,home,,home,,A PIE,,13,,,,,
17520,3,1404400010295,Mujeres,23,Empleado,,4,19:41,,Regresar a Casa,,Su casa,,,,home,,home,,A PIE,,13,,,,,
17705,4,1407000200613,Mujeres,18,,,1,13:00,,Al médico o atención de salud,,"Hospital, clínica, consultorio, laboratorio clínico",,Su casa,,home,,1403900012319,,TREN LIGERO,,97,,,,,
17705,4,1407000200613,Mujeres,18,,,2,12:00,14:37,Regresar a Casa,,Su casa,,,,1403900012319,,home,,AUTOMÓVIL PARTICULAR,,45,,hora_invertida,,,"Decimoquinta revisión: ninguna lectura de las horas cierra el día: con las reglas queda un viaje que sale antes de que llegue el anterior, con la de las tablas anteriores una estancia de 8 horas o más en un mandado o una visita. Las salidas se mueven lo menos posible (157 min en total) para que ningún viaje salga antes de que llegue el anterior; queda una estancia de cero minutos fuera de casa. Cambia: viaje 2 12:00 → 14:37."
17940,1,1412000013217,Hombres,24,Empleado,,1,19:04,,Regresar a Casa,Trabajar,Su casa,Fábrica o taller,Su casa → Fábrica o taller,,141200001194A,home,home,141200001194A,A PIE,,1,tipo_origen:regreso,inicio_fuera_de_casa,changed,,"Decimoquinta revisión: se conserva la decisión de la segunda revisión (chain_review_2). Restaurado e intercambiado con el viaje 2: el 2 sale de casa a 141200001194A a las 19:00 y este regresa a las 19:04; la hoja no reordena renglones, así que el renglón 1 toma la ida y el 2 el regreso."
17940,1,1412000013217,Hombres,24,Empleado,,2,19:00 → 19:05,,— → Trabajar,Regresar a Casa,— → Fábrica o taller,Su casa,,,home,141200001194A,141200001194A,home,A PIE,,1,motivo:vecinos;tipo_origen:regreso;hora:llegada,fin_fuera_de_casa,changed,,Decimoquinta revisión: se conserva la decisión de la segunda revisión (chain_review_2). Intercambiado con el viaje 1: este renglón toma el regreso de 141200001194A a casa (19:04).
17963,4,1409800013322,Mujeres,19,Hogar,,1,19:20 → 09:20,19:00,Regresar a Casa,Compras (comida),Su casa,"Comercio, mercado, tienda o centro comercial","Su casa → Comercio, mercado, tienda o centro comercial",,1409800012004,home,home,1409800012004,A PIE,,1,tipo_origen:regreso;hora:-10h,inicio_fuera_de_casa,changed,,"Decimoquinta revisión: se conserva la decisión de la segunda revisión (chain_review_2). Restaurado e intercambiado con el viaje 2: el 2 sale de casa a 1409800012004 a las 19:00 y este regresa a las 19:20; la hoja no reordena renglones, así que el renglón 1 toma la ida y el 2 el regreso. | Decimoquinta revisión: se toma la lectura de las horas de las tablas anteriores (la segunda revisión), una sugerencia entre otras: con las reglas de hoy el día queda con una estancia de 8 horas o más en un mandado o una visita, y con esa lectura con ningún problema. Cambia: viaje 1 09:20 → 19:00, viaje 2 19:00 → 19:20."
17963,4,1409800013322,Mujeres,19,Hogar,,2,19:00,19:20,— → Compras (comida),Regresar a Casa,"— → Comercio, mercado, tienda o centro comercial",Su casa,,,home,1409800012004,1409800012004,home,A PIE,,1,motivo:vecinos;tipo_origen:regreso,fin_fuera_de_casa,changed,,"Decimoquinta revisión: se conserva la decisión de la segunda revisión (chain_review_2). Intercambiado con el viaje 1: este renglón toma el regreso de 1409800012004 a casa (19:20). | Decimoquinta revisión: se toma la lectura de las horas de las tablas anteriores (la segunda revisión), una sugerencia entre otras: con las reglas de hoy el día queda con una estancia de 8 horas o más en un mandado o una visita, y con esa lectura con ningún problema. Cambia: viaje 1 09:20 → 19:00, viaje 2 19:00 → 19:20."
