household,person,home,sex,age,occupation,repeated,trip,start,new start,motive,new motive,dest. type,new dest. type,orig. type,new orig. type,origin,new origin,destination,new destination,mode,new mode,leg min,new leg min,ajustes,problemas,status,new status,note
34,3,1403900014245,Mujeres,17,Estudiante,,1,08:00,,Trabajar,,"Comercio, mercado, tienda o centro comercial",,Su casa,,home,,1403900013177,,A PIE,,2,,,,,,
34,3,1403900014245,Mujeres,17,Estudiante,,2,13:00,,Regresar a Casa,,Su casa,,,,1403900013177,,home,,A PIE,,2,,,,,,
34,3,1403900014245,Mujeres,17,Estudiante,,3,13:45,,Trabajar,,"Comercio, mercado, tienda o centro comercial",,,,home,,1403900013177,,A PIE,,2,,,,,,
34,3,1403900014245,Mujeres,17,Estudiante,,4,13:45 → 13:47,15:45,Estudiar,,Escuela,,,,1403900013177,,1403900013660,,A PIE,,10,,hora:llegada,,changed,,"Desfase de dos horas al capturar: 13:45 se lee como 15:45:00. El tipo de origen pasa de “Su casa” a “Comercio, mercado, tienda o centro comercial”; el origen se encadena con el destino del viaje 3 (Comercio, mercado, tienda o centro comercial en 1403900013177): la encuesta pregunta el tipo de origen una sola vez y lo repite en todos los renglones de la persona. [Undécima revisión: la decisión de chain_review se mantiene. Se tomó contra «13:45», que las reglas del 26 de septiembre de 2026 dan ahora como «13:47».]"
34,3,1403900014245,Mujeres,17,Estudiante,,5,19:47,,Regresar a Casa,,Su casa,,,,1403900013660,,home,,A PIE,,10,,,,,,
42,7,1403900010825,Hombres,40,Trabajador independiente,,1,07:13,,Compras (comida),,"Comercio, mercado, tienda o centro comercial",,Su casa,,home,,140390001083A,,A PIE,,9,,,,,,
42,7,1403900010825,Hombres,40,Trabajador independiente,,2,07:24,,Regresar a Casa,,Su casa,,,,140390001083A,,home,,A PIE,,9,,,,,,
42,7,1403900010825,Hombres,40,Trabajador independiente,,3,11:03,,Trabajar,,Su casa → Fábrica o taller,,,,home,,1403900013177,,CAMIÓN O AUTOBÚS,,90,,tipo_destino:revision,,changed,,
42,7,1403900010825,Hombres,40,Trabajador independiente,,4,14:02,,Regresar a Casa,,Su casa,,,,1403900013177,,home,,CAMIÓN O AUTOBÚS,,90,,,,,,
42,7,1403900010825,Hombres,40,Trabajador independiente,,5,15:03 → 17:03,,Visitar a alguien,,"Comercio, mercado, tienda o centro comercial",,,,home,,1403900011378,,TREN LIGERO,,60 → 30,,hora:-10h+12h;minutos:revision,,changed,,
42,7,1403900010825,Hombres,40,Trabajador independiente,,6,18:01 → 18:03,18:01,Regresar a Casa,,Su casa,,,,1403900011378,,home,,TREN LIGERO,,60 → 30,,hora:llegada;minutos:revision,,changed,,"Undécima revisión: la salida vuelve a las 18:01. La regla del 26 de septiembre de 2026 recorre a la llegada del viaje anterior la salida que la adelanta por 15 minutos o menos, y con los minutos de las reglas la llevaba a las 18:03; pero las decisiones ya tomadas sobre este día (chain_review, chain_review_9) resolvieron ese traslape de otra forma y el viaje anterior llega a las 17:33, así que la salida registrada cabe y se conserva."
81,4,140390001083A,Hombres,58,Empleado,,1,06:00,,Trabajar,,Fábrica o taller,,Su casa,,home,,1412000011009,,AUTOMÓVIL PARTICULAR,,100 → 40,,minutos:revision,,changed,,
81,4,140390001083A,Hombres,58,Empleado,,2,11:44,,Regresar a Casa,,Su casa,,,,1412000011009,,home,,AUTOMÓVIL PARTICULAR,,100 → 40,,minutos:revision,,changed,,
81,4,140390001083A,Hombres,58,Empleado,,3,13:12 → 13:24,13:12,Trabajar,,Fábrica o taller,,,,home,,1412000011009,,AUTOMÓVIL PARTICULAR,,100 → 40,,hora:llegada;minutos:revision,,changed,,"Undécima revisión: la salida vuelve a las 13:12. La regla del 26 de septiembre de 2026 recorre a la llegada del viaje anterior la salida que la adelanta por 15 minutos o menos, y con los minutos de las reglas la llevaba a las 13:24; pero las decisiones ya tomadas sobre este día (chain_review_9) resolvieron ese traslape de otra forma y el viaje anterior llega a las 12:24, así que la salida registrada cabe y se conserva."
81,4,140390001083A,Hombres,58,Empleado,,4,16:00,,Regresar a Casa,,Su casa,,,,1412000011009,,home,,AUTOMÓVIL PARTICULAR,,100 → 40,,minutos:revision,,changed,,
81,4,140390001083A,Hombres,58,Empleado,,5,18:03,,Compras (comida),,"Comercio, mercado, tienda o centro comercial",,,,home,,home,,A PIE,,10,,,,,,
81,4,140390001083A,Hombres,58,Empleado,,6,18:20,,Regresar a Casa,,Su casa,,,,home,,home,,A PIE,,10,,,,,,
89,3,1403900010539,Mujeres,30,Empleado,,1,08:30,,Trabajar,,Fábrica o taller,,Su casa,,home,,1407000200257,,CAMIÓN O AUTOBÚS,,90,,,,,,
89,3,1403900010539,Mujeres,30,Empleado,,2,14:00,,Regresar a Casa,,Su casa,,,,1407000200257,,home,,CAMIÓN O AUTOBÚS,,100,,,,,,
89,3,1403900010539,Mujeres,30,Empleado,,3,16:44,,Trabajar,,Fábrica o taller,,,,home,,1407000200257,,CAMIÓN O AUTOBÚS,,90,,,,,,
89,3,1403900010539,Mujeres,30,Empleado,,4,18:03 → 18:14,20:14,Regresar a Casa,,Su casa,,,,1407000200257,,home,,CAMIÓN O AUTOBÚS,,100,,hora:llegada,,changed,,"La hora de salida pasa de 18:03 a 20:14:00 para que el viaje ocurra después de la llegada del anterior. El tipo de origen pasa de “Su casa” a “Fábrica o taller”; el origen se encadena con el destino del viaje 3 (Fábrica o taller en 1407000200257): la encuesta pregunta el tipo de origen una sola vez y lo repite en todos los renglones de la persona. [Undécima revisión: la decisión de chain_review se mantiene. Se tomó contra «18:03», que las reglas del 26 de septiembre de 2026 dan ahora como «18:14».]"
250,1,1403900014033,Mujeres,59,Hogar,,1,13:00,,Al médico o atención de salud,,"Hospital, clínica, consultorio, laboratorio clínico",,Su casa,,home,,1403900011170,,CAMIÓN O AUTOBÚS,,60,,,,,,
250,1,1403900014033,Mujeres,59,Hogar,,2,14:26,,Hacer un trámite,,Otra vivienda,,,,1403900011170,,1403900011359,,CAMIÓN O AUTOBÚS,,20,,,,,,
250,1,1403900014033,Mujeres,59,Hogar,,3,17:00,,Regresar a Casa,,Su casa,,,,1403900011359,,home,,CAMIÓN O AUTOBÚS,,70 → 30,,minutos:revision,,changed,,
250,1,1403900014033,Mujeres,59,Hogar,,4,18:01 → 18:10,18:01,Deportes o recreación,,"Deportivo, gimnasio",,,,home,,1403900012713,,A PIE,,11,,hora:llegada,,changed,,"Undécima revisión: la salida vuelve a las 18:01. La regla del 26 de septiembre de 2026 recorre a la llegada del viaje anterior la salida que la adelanta por 15 minutos o menos, y con los minutos de las reglas la llevaba a las 18:10; pero las decisiones ya tomadas sobre este día (chain_review_9) resolvieron ese traslape de otra forma y el viaje anterior llega a las 17:30, así que la salida registrada cabe y se conserva."
250,1,1403900014033,Mujeres,59,Hogar,,5,18:20 → 18:21,18:20,Regresar a Casa,,Su casa,,,,1403900012713,,home,,A PIE,,11,,hora:llegada,,changed,,"Undécima revisión: la salida vuelve a las 18:20. La regla del 26 de septiembre de 2026 recorre a la llegada del viaje anterior la salida que la adelanta por 15 minutos o menos, y con los minutos de las reglas la llevaba a las 18:21; pero las decisiones ya tomadas sobre este día (chain_review_9) resolvieron ese traslape de otra forma y el viaje anterior llega a las 18:12, así que la salida registrada cabe y se conserva."
353,2,1403900012569,Mujeres,34,Empleado,,1,07:29,,Trabajar,,Fábrica o taller,,Su casa,,home,,1403900011753,,CAMIÓN O AUTOBÚS,,55,,,,,,
353,2,1403900012569,Mujeres,34,Empleado,,2,17:28,,Regresar a Casa,,Su casa,,,,1403900011753,,home,,CAMIÓN O AUTOBÚS,,60 → 30,,minutos:revision,,changed,,
353,2,1403900012569,Mujeres,34,Empleado,,3,18:16 → 18:28,18:16,Trabajar,,Fábrica o taller,,,,home,,1403900011753,,CAMIÓN O AUTOBÚS,,55,,hora:llegada,,changed,,"Undécima revisión: la salida vuelve a las 18:16. La regla del 26 de septiembre de 2026 recorre a la llegada del viaje anterior la salida que la adelanta por 15 minutos o menos, y con los minutos de las reglas la llevaba a las 18:28; pero las decisiones ya tomadas sobre este día (chain_review_9) resolvieron ese traslape de otra forma y el viaje anterior llega a las 17:58, así que la salida registrada cabe y se conserva."
353,2,1403900012569,Mujeres,34,Empleado,,4,20:48,,Regresar a Casa,,Su casa,,,,1403900011753,,home,,CAMIÓN O AUTOBÚS,,60 → 30,,minutos:revision,,changed,,
498,1,1403900011170,Hombres,57,Empleado,,1,06:45,,Trabajar,,Fábrica o taller,,Su casa,,home,,1403900011537,,CAMIÓN O AUTOBÚS,,90 → 40,,minutos:revision,,changed,,
498,1,1403900011170,Hombres,57,Empleado,,2,17:05,,Regresar a Casa,,Su casa,,,,1403900011537,,home,,CAMIÓN O AUTOBÚS,,90 → 40,,minutos:revision,,changed,,
498,1,1403900011170,Hombres,57,Empleado,,3,18:24 → 18:35,18:24,Trabajar,,Fábrica o taller,,,,home,,1403900011537,,CAMIÓN O AUTOBÚS,,60,,hora:llegada,,changed,,"Undécima revisión: la salida vuelve a las 18:24. La regla del 26 de septiembre de 2026 recorre a la llegada del viaje anterior la salida que la adelanta por 15 minutos o menos, y con los minutos de las reglas la llevaba a las 18:35; pero las decisiones ya tomadas sobre este día (chain_review_9) resolvieron ese traslape de otra forma y el viaje anterior llega a las 17:45, así que la salida registrada cabe y se conserva."
498,1,1403900011170,Hombres,57,Empleado,,4,20:42,,Regresar a Casa,,Su casa,,,,1403900011537,,home,,CAMIÓN O AUTOBÚS,,60,,,,,,
574,3,1403900011185,Mujeres,49,Empleado,,1,08:00,,Trabajar,,Fábrica o taller,,Su casa,,home,,1403900012427,,CAMIÓN O AUTOBÚS,,80 → 40,,minutos:revision,,changed,,
574,3,1403900011185,Mujeres,49,Empleado,,2,18:00,,Regresar a Casa,,Su casa,,,,1403900012427,,home,,CAMIÓN O AUTOBÚS,,92 → 40,,minutos:revision,,changed,,
574,3,1403900011185,Mujeres,49,Empleado,,3,19:30 → 19:32,19:30,Compras (comida),,"Su casa → Comercio, mercado, tienda o centro comercial",,,,home,,home,,A PIE,,10,,hora:llegada;tipo_destino:revision,,changed,,"Undécima revisión: la salida vuelve a las 19:30. La regla del 26 de septiembre de 2026 recorre a la llegada del viaje anterior la salida que la adelanta por 15 minutos o menos, y con los minutos de las reglas la llevaba a las 19:32; pero las decisiones ya tomadas sobre este día (chain_review, chain_review_9) resolvieron ese traslape de otra forma y el viaje anterior llega a las 18:40, así que la salida registrada cabe y se conserva."
574,3,1403900011185,Mujeres,49,Empleado,,4,21:10,,Regresar a Casa,,Su casa,,,,home,,home,,A PIE,,10,,,,,,
988,1,1403900015474,Mujeres,34,Empleado,,1,06:30,,Trabajar,,"Comercio, mercado, tienda o centro comercial",,Su casa,,home,,1403900011274,,CAMIÓN O AUTOBÚS,,80 → 40,,minutos:revision,,changed,,
988,1,1403900015474,Mujeres,34,Empleado,,2,17:00,,Regresar a Casa,,Su casa,,,,1403900011274,,home,,CAMIÓN O AUTOBÚS,,80 → 40,,minutos:revision,,changed,,
988,1,1403900015474,Mujeres,34,Empleado,,3,18:07 → 18:20,18:07,Trabajar,,"Comercio, mercado, tienda o centro comercial",,,,home,,1403900011274,,CAMIÓN O AUTOBÚS,,40,,hora:llegada,,changed,,"Undécima revisión: la salida vuelve a las 18:07. La regla del 26 de septiembre de 2026 recorre a la llegada del viaje anterior la salida que la adelanta por 15 minutos o menos, y con los minutos de las reglas la llevaba a las 18:20; pero las decisiones ya tomadas sobre este día (chain_review_9) resolvieron ese traslape de otra forma y el viaje anterior llega a las 17:40, así que la salida registrada cabe y se conserva."
988,1,1403900015474,Mujeres,34,Empleado,,4,20:49,,Regresar a Casa,,Su casa,,,,1403900011274,,home,,CAMIÓN O AUTOBÚS,,40,,,,,,
1006,3,1409800010794,Mujeres,6,Estudiante,,1,10:24,,"Compras (bienes, productos y servicios)",,"Comercio, mercado, tienda o centro comercial",,Su casa,,home,,1409800011171,,A PIE,,5,,,,,,
1006,3,1409800010794,Mujeres,6,Estudiante,,2,10:20 → 10:29,22:20,Regresar a Casa,,Su casa,,,,1409800011171,,home,,A PIE,,5,,hora:llegada,,changed,,"Corrección AM/PM: se reporta 10:20 y por la secuencia del día corresponde a 22:20. El tipo de origen pasa de “Su casa” a “Comercio, mercado, tienda o centro comercial”; el origen se encadena con el destino del viaje 1 (Comercio, mercado, tienda o centro comercial en 1409800011171): la encuesta pregunta el tipo de origen una sola vez y lo repite en todos los renglones de la persona. [Undécima revisión: la decisión de chain_review se mantiene. Se tomó contra «10:20», que las reglas del 26 de septiembre de 2026 dan ahora como «10:29».]"
1069,2,1403900014014,Mujeres,54,Hogar,,1,10:00,,Visitar a alguien,,"Comercio, mercado, tienda o centro comercial",,Su casa,,home,,home,,A PIE,,25,,,,,,
1069,2,1403900014014,Mujeres,54,Hogar,,2,12:30,,Compras (comida),,"Comercio, mercado, tienda o centro comercial",,,,home,,1403900013374,,A PIE,,5,,,,,,
1069,2,1403900014014,Mujeres,54,Hogar,,3,12:20 → 12:35,14:20,Regresar a Casa,,Su casa,,,,1403900013374,,home,,A PIE,,30,,hora:llegada,,changed,,"Desfase de dos horas al capturar: 12:20 se lee como 14:20. El tipo de origen pasa de “Su casa” a “Comercio, mercado, tienda o centro comercial”; el origen se encadena con el destino del viaje 2 (Comercio, mercado, tienda o centro comercial en 1403900013374): la encuesta pregunta el tipo de origen una sola vez y lo repite en todos los renglones de la persona. [Undécima revisión: la decisión de chain_review se mantiene. Se tomó contra «12:20», que las reglas del 26 de septiembre de 2026 dan ahora como «12:35».]"
1069,2,1403900014014,Mujeres,54,Hogar,,4,18:14,,Compras (comida),,"Comercio, mercado, tienda o centro comercial",,,,home,,home,,A PIE,,15,,,,,,
1069,2,1403900014014,Mujeres,54,Hogar,,5,18:34,,Regresar a Casa,,Su casa,,,,home,,home,,A PIE,,15,,,,,,
1072,1,1403900015474,Hombres,51,Empleado,,1,07:15,,Trabajar,,Fábrica o taller,,Su casa,,home,,1403900015489,,CAMIÓN O AUTOBÚS,,50 → 25,,minutos:revision,,changed,,
1072,1,1403900015474,Hombres,51,Empleado,,2,17:40,,Regresar a Casa,,Su casa,,,,1403900015489,,home,,CAMIÓN O AUTOBÚS,,50 → 25,,minutos:revision,,changed,,
1072,1,1403900015474,Hombres,51,Empleado,,3,18:20 → 18:30,18:20,Visitar a alguien,,Otra vivienda,,,,home,,140390001546A,,A PIE,,15,,hora:llegada,,changed,,"Undécima revisión: la salida vuelve a las 18:20. La regla del 26 de septiembre de 2026 recorre a la llegada del viaje anterior la salida que la adelanta por 15 minutos o menos, y con los minutos de las reglas la llevaba a las 18:30; pero las decisiones ya tomadas sobre este día (chain_review_9) resolvieron ese traslape de otra forma y el viaje anterior llega a las 18:05, así que la salida registrada cabe y se conserva."
1072,1,1403900015474,Hombres,51,Empleado,,4,18:41 → 18:45,18:41,Regresar a Casa,,Su casa,,,,140390001546A,,home,,A PIE,,15,,hora:llegada,,changed,,"Undécima revisión: la salida vuelve a las 18:41. La regla del 26 de septiembre de 2026 recorre a la llegada del viaje anterior la salida que la adelanta por 15 minutos o menos, y con los minutos de las reglas la llevaba a las 18:45; pero las decisiones ya tomadas sobre este día (chain_review_9) resolvieron ese traslape de otra forma y el viaje anterior llega a las 18:35, así que la salida registrada cabe y se conserva."
1224,2,1409800010046,Hombres,56,Empleado,,1,09:30,,Trabajar,,"Comercio, mercado, tienda o centro comercial",,Su casa,,home,,1412000011225,,Taxi plataforma (Uber/Didi),,80,,,,,,
1224,2,1409800010046,Hombres,56,Empleado,,2,14:53,,Regresar a Casa,,Su casa,,,,1412000011225,,home,,AUTOMÓVIL PARTICULAR,,90 → 45,,minutos:revision,,changed,,
1224,2,1409800010046,Hombres,56,Empleado,,3,16:09 → 16:23,16:09,Trabajar,,"Comercio, mercado, tienda o centro comercial",,,,home,,1412000011225,,AUTOMÓVIL PARTICULAR,,80,,hora:llegada,,changed,,"Undécima revisión: la salida vuelve a las 16:09. La regla del 26 de septiembre de 2026 recorre a la llegada del viaje anterior la salida que la adelanta por 15 minutos o menos, y con los minutos de las reglas la llevaba a las 16:23; pero las decisiones ya tomadas sobre este día (chain_review_9) resolvieron ese traslape de otra forma y el viaje anterior llega a las 15:38, así que la salida registrada cabe y se conserva."
1224,2,1409800010046,Hombres,56,Empleado,,4,19:00,,Regresar a Casa,,Su casa,,,,1412000011225,,home,,AUTOMÓVIL PARTICULAR,,90 → 45,,minutos:revision,,changed,,
1871,4,1409800011576,Mujeres,9,Estudiante,,1,07:30,,Estudiar,,Escuela,,Su casa,,home,,home,,MOTOCICLETA,,10,,,,,,
1871,4,1409800011576,Mujeres,9,Estudiante,,2,12:47,,Regresar a Casa,,Su casa,,,,home,,home,,MOTOCICLETA,,10,,,,,,
1871,4,1409800011576,Mujeres,9,Estudiante,,3,13:20,,Llevar o recoger a alguien,,"Hospital, clínica, consultorio, laboratorio clínico",,,,home,,1403900011170,,CAMIÓN O AUTOBÚS,,90,,,,,,
1871,4,1409800011576,Mujeres,9,Estudiante,,4,16:27,,Regresar a Casa,,Su casa,,,,1403900011170,,home,,CAMIÓN O AUTOBÚS,,105 → 50,,minutos:revision,,changed,,
1871,4,1409800011576,Mujeres,9,Estudiante,,5,18:01 → 18:12,18:01,Compras (comida),,"Restaurante, bar, cafetería",,,,home,,140980001181A,,A PIE,,12,,hora:llegada,,changed,,"Undécima revisión: la salida vuelve a las 18:01. La regla del 26 de septiembre de 2026 recorre a la llegada del viaje anterior la salida que la adelanta por 15 minutos o menos, y con los minutos de las reglas la llevaba a las 18:12; pero las decisiones ya tomadas sobre este día (chain_review_9) resolvieron ese traslape de otra forma y el viaje anterior llega a las 17:17, así que la salida registrada cabe y se conserva."
1871,4,1409800011576,Mujeres,9,Estudiante,,6,18:14 → 18:24,18:14,Regresar a Casa,,Su casa,,,,140980001181A,,home,,A PIE,,12,,hora:llegada,,changed,,"Undécima revisión: la salida vuelve a las 18:14. La regla del 26 de septiembre de 2026 recorre a la llegada del viaje anterior la salida que la adelanta por 15 minutos o menos, y con los minutos de las reglas la llevaba a las 18:24; pero las decisiones ya tomadas sobre este día (chain_review_9) resolvieron ese traslape de otra forma y el viaje anterior llega a las 18:13, así que la salida registrada cabe y se conserva."
2333,1,1409800012841,Hombres,6,Estudiante,,1,07:21,,Compras (comida),,"Comercio, mercado, tienda o centro comercial",,Su casa,,home,,1409800012150,,A PIE,,15,,,,,,
2333,1,1409800012841,Hombres,6,Estudiante,,2,07:48,,Estudiar,,Escuela,,,,1409800012150,,1409800012150,,A PIE,,8,,,,,,
2333,1,1409800012841,Hombres,6,Estudiante,,3,06:17 → 18:17,,Compras (comida),,"Comercio, mercado, tienda o centro comercial",,,,1409800012150,,1409800012150,,A PIE,,10,,hora:+12h,,changed,,
2333,1,1409800012841,Hombres,6,Estudiante,,4,18:25 → 18:27,18:30,Regresar a Casa,,Su casa,,,,1409800012150,,home,,A PIE,,10,,hora:llegada,,changed,,"La hora de salida pasa de 18:25 a 18:30 para que el viaje ocurra después de la llegada del anterior. El tipo de origen pasa de “Su casa” a “Comercio, mercado, tienda o centro comercial”; el origen se encadena con el destino del viaje 3 (Comercio, mercado, tienda o centro comercial en 1409800012150): la encuesta pregunta el tipo de origen una sola vez y lo repite en todos los renglones de la persona. [Undécima revisión: la decisión de chain_review se mantiene. Se tomó contra «18:25», que las reglas del 26 de septiembre de 2026 dan ahora como «18:27».]"
2336,1,1409800012150,Mujeres,48,Hogar,,1,06:40,,Llevar o recoger a alguien,,Escuela,,Su casa,,home,,1409800010370,,A PIE,,20,,,,,,
2336,1,1409800012150,Mujeres,48,Hogar,,2,07:00,,Regresar a Casa,,Su casa,,,,1409800010370,,home,,A PIE,,20,,,,,,
2336,1,1409800012150,Mujeres,48,Hogar,,3,12:00,,Llevar o recoger a alguien,,Escuela,,,,home,,140390001464A,,CAMIÓN O AUTOBÚS,,75 → 30,,minutos:revision,,changed,,
2336,1,1409800012150,Mujeres,48,Hogar,,4,13:00 → 13:15,13:00,Regresar a Casa,,Su casa,,,,140390001464A,,home,,CAMIÓN O AUTOBÚS,,75 → 30,,hora:llegada;minutos:revision,,changed,,"Undécima revisión: la salida vuelve a las 13:00. La regla del 26 de septiembre de 2026 recorre a la llegada del viaje anterior la salida que la adelanta por 15 minutos o menos, y con los minutos de las reglas la llevaba a las 13:15; pero las decisiones ya tomadas sobre este día (chain_review_9) resolvieron ese traslape de otra forma y el viaje anterior llega a las 12:30, así que la salida registrada cabe y se conserva."
2363,1,1409800012983,Mujeres,24,Empleado,,1,09:00,,Trabajar,,Oficina,,Su casa,,home,,1412000011121,,AUTOMÓVIL PARTICULAR,,60,,,,,,
2363,1,1409800012983,Mujeres,24,Empleado,,2,15:49,,Regresar a Casa,,Su casa,,,,1412000011121,,home,,AUTOMÓVIL PARTICULAR,,90 → 45,,minutos:revision,,changed,,
2363,1,1409800012983,Mujeres,24,Empleado,,3,17:12 → 17:19,17:12,Trabajar,,Oficina,,,,home,,1412000011121,,AUTOMÓVIL PARTICULAR,,60,,hora:llegada,,changed,,"Undécima revisión: la salida vuelve a las 17:12. La regla del 26 de septiembre de 2026 recorre a la llegada del viaje anterior la salida que la adelanta por 15 minutos o menos, y con los minutos de las reglas la llevaba a las 17:19; pero las decisiones ya tomadas sobre este día (chain_review_9) resolvieron ese traslape de otra forma y el viaje anterior llega a las 16:34, así que la salida registrada cabe y se conserva."
2363,1,1409800012983,Mujeres,24,Empleado,,4,20:00,,Regresar a Casa,,Su casa,,,,1412000011121,,home,,AUTOMÓVIL PARTICULAR,,90 → 45,,minutos:revision,,changed,,
2381,1,1409800012983,Hombres,58,Empleado,,1,06:30,,Trabajar,,Fábrica o taller,,Su casa,,home,,1412000014836,,AUTOMÓVIL PARTICULAR,,60,,,,,,
2381,1,1409800012983,Hombres,58,Empleado,,2,12:31,,Regresar a Casa,,Su casa,,,,1412000014836,,home,,AUTOMÓVIL PARTICULAR,,120 → 45,,minutos:revision,,changed,,
2381,1,1409800012983,Hombres,58,Empleado,,3,14:22 → 14:31,14:22,Trabajar,,Fábrica o taller,,,,home,,1412000014836,,AUTOMÓVIL PARTICULAR,,60,,hora:llegada,,changed,,"Undécima revisión: la salida vuelve a las 14:22. La regla del 26 de septiembre de 2026 recorre a la llegada del viaje anterior la salida que la adelanta por 15 minutos o menos, y con los minutos de las reglas la llevaba a las 14:31; pero las decisiones ya tomadas sobre este día (chain_review_9) resolvieron ese traslape de otra forma y el viaje anterior llega a las 13:16, así que la salida registrada cabe y se conserva."
2381,1,1409800012983,Hombres,58,Empleado,,4,18:00,,Regresar a Casa,,Su casa,,,,1412000014836,,home,,AUTOMÓVIL PARTICULAR,,120 → 45,,minutos:revision,,changed,,
2419,3,1409800013290,Mujeres,48,Empleado,,1,07:02,,Trabajar,,Oficina,,"Comercio, mercado, tienda o centro comercial → Su casa",,141200001066A → home,,141200001066A,,Bicicleta,,50,,origen:copia;tipo_origen:copia,,changed,,
2419,3,1409800013290,Mujeres,48,Empleado,,2,17:01,,Regresar a Casa,,Su casa,,,,141200001066A,,home,,MI MACRO,,90 → 40,,tipo_origen:copia;minutos:revision,,changed,,
2419,3,1409800013290,Mujeres,48,Empleado,,3,18:16 → 18:31,18:16,Deportes o recreación,,Centro cultural o área recreativa,,,,home,,home,,A PIE,,13,,tipo_origen:copia;hora:llegada,,changed,,"Undécima revisión: la salida vuelve a las 18:16. La regla del 26 de septiembre de 2026 recorre a la llegada del viaje anterior la salida que la adelanta por 15 minutos o menos, y con los minutos de las reglas la llevaba a las 18:31; pero las decisiones ya tomadas sobre este día (chain_review, chain_review_9) resolvieron ese traslape de otra forma y el viaje anterior llega a las 17:41, así que la salida registrada cabe y se conserva."
2419,3,1409800013290,Mujeres,48,Empleado,,4,18:34 → 18:44,18:34,Regresar a Casa,,Su casa,,,,home,,home,,A PIE,,13,,tipo_origen:copia;hora:llegada,,changed,,"Undécima revisión: la salida vuelve a las 18:34. La regla del 26 de septiembre de 2026 recorre a la llegada del viaje anterior la salida que la adelanta por 15 minutos o menos, y con los minutos de las reglas la llevaba a las 18:44; pero las decisiones ya tomadas sobre este día (chain_review, chain_review_9) resolvieron ese traslape de otra forma y el viaje anterior llega a las 18:29, así que la salida registrada cabe y se conserva."
2421,4,1409800012841,Mujeres,32,Empleado,,1,07:02,,Trabajar,,Fábrica o taller,,Su casa,,home,,1403900011556,,MI MACRO,,80,,,,,,
2421,4,1409800012841,Mujeres,32,Empleado,,2,18:29,,"Compras (bienes, productos y servicios)",,"Comercio, mercado, tienda o centro comercial",,,,1403900011556,,1409800012150,,MI MACRO,,114 → 55,,minutos:revision,,changed,,
2421,4,1409800012841,Mujeres,32,Empleado,,3,20:17 → 20:23,20:17,Regresar a Casa,,Su casa,,,,1409800012150,,home,,A PIE,,15,,hora:llegada,,changed,,"Undécima revisión: la salida vuelve a las 20:17. La regla del 26 de septiembre de 2026 recorre a la llegada del viaje anterior la salida que la adelanta por 15 minutos o menos, y con los minutos de las reglas la llevaba a las 20:23; pero las decisiones ya tomadas sobre este día (chain_review_9) resolvieron ese traslape de otra forma y el viaje anterior llega a las 19:24, así que la salida registrada cabe y se conserva."
2459,2,1409800012150,Mujeres,28,Estudiante,,1,07:04,,Otros (especifique),,Otros (especifique),,Su casa,,home,,1409800011684,,MI MACRO,,30 → 15,,minutos:revision,,changed,,
2459,2,1409800012150,Mujeres,28,Estudiante,,2,07:28 → 07:34,07:28,Estudiar,,Escuela,,,,1409800011684,,1403900015366,,TREN LIGERO,,53,,hora:llegada,,changed,,"Undécima revisión: la salida vuelve a las 07:28. La regla del 26 de septiembre de 2026 recorre a la llegada del viaje anterior la salida que la adelanta por 15 minutos o menos, y con los minutos de las reglas la llevaba a las 07:34; pero las decisiones ya tomadas sobre este día (chain_review, chain_review_9) resolvieron ese traslape de otra forma y el viaje anterior llega a las 07:19, así que la salida registrada cabe y se conserva."
2459,2,1409800012150,Mujeres,28,Estudiante,,3,15:04,,Regresar a Casa,,Su casa,,,,1403900015366,,home,,TREN LIGERO,,70,,,,,,
2459,2,1409800012150,Mujeres,28,Estudiante,,4,15:31,,Regresar a Casa,,Su casa,,Su casa,,home,,home,,MI MACRO,,30,,,,dropped,,
2478,1,1409800012663,Hombres,51,Empleado,,1,08:00,,Trabajar,,"Comercio, mercado, tienda o centro comercial",,Su casa,,home,,1403900011626,,AUTOMÓVIL PARTICULAR,,60,,,,,,
2478,1,1409800012663,Hombres,51,Empleado,,2,14:32,,Regresar a Casa,,Su casa,,,,1403900011626,,home,,AUTOMÓVIL PARTICULAR,,120 → 40,,minutos:revision,,changed,,
2478,1,1409800012663,Hombres,51,Empleado,,3,16:19 → 16:32,16:19,Trabajar,,"Comercio, mercado, tienda o centro comercial",,,,home,,1403900011626,,AUTOMÓVIL PARTICULAR,,60,,hora:llegada,,changed,,"Undécima revisión: la salida vuelve a las 16:19. La regla del 26 de septiembre de 2026 recorre a la llegada del viaje anterior la salida que la adelanta por 15 minutos o menos, y con los minutos de las reglas la llevaba a las 16:32; pero las decisiones ya tomadas sobre este día (chain_review_9) resolvieron ese traslape de otra forma y el viaje anterior llega a las 15:12, así que la salida registrada cabe y se conserva."
2478,1,1409800012663,Hombres,51,Empleado,,4,20:30,,Regresar a Casa,,Su casa,,,,1403900011626,,home,,AUTOMÓVIL PARTICULAR,,120 → 40,,minutos:revision,,changed,,
2811,1,1409708441704,Hombres,56,Empleado,,1,08:30,,Trabajar,,"Comercio, mercado, tienda o centro comercial",,Su casa,,home,,1412000013166,,AUTOMÓVIL PARTICULAR,,45,,,,,,
2811,1,1409708441704,Hombres,56,Empleado,,2,05:47 → 15:47,,Regresar a Casa,,Su casa,,,,1412000013166,,home,,AUTOMÓVIL PARTICULAR,,45,,hora:+10h,,changed,,
2811,1,1409708441704,Hombres,56,Empleado,,3,07:28 → 17:28,,Trabajar,,"Comercio, mercado, tienda o centro comercial",,,,home,,1412000013166,,AUTOMÓVIL PARTICULAR,,45,,hora:+10h,,changed,,
2811,1,1409708441704,Hombres,56,Empleado,,4,06:00 → 18:13,20:00,Regresar a Casa,,Su casa,,,,1412000013166,,home,,AUTOMÓVIL PARTICULAR,,45,,hora:+12h;hora:llegada,,changed,,"Desfase de dos horas al capturar: 18:00 se lee como 20:00. El tipo de origen pasa de “Su casa” a “Comercio, mercado, tienda o centro comercial”; el origen se encadena con el destino del viaje 3 (Comercio, mercado, tienda o centro comercial en 1412000013166): la encuesta pregunta el tipo de origen una sola vez y lo repite en todos los renglones de la persona. [Undécima revisión: la decisión de chain_review se mantiene. Se tomó contra «18:00», que las reglas del 26 de septiembre de 2026 dan ahora como «18:13».]"
2862,1,1409800142019,Hombres,53,Empleado,,1,08:00,,Trabajar,,Fábrica o taller,,Su casa,,home,,1403900011096,,AUTOMÓVIL PARTICULAR,,90 → 45,,minutos:revision,,changed,,
2862,1,1409800142019,Hombres,53,Empleado,,2,13:54,,Regresar a Casa,,Su casa,,,,1403900011096,,home,,AUTOMÓVIL PARTICULAR,,100 → 45,,minutos:revision,,changed,,
2862,1,1409800142019,Hombres,53,Empleado,,3,15:25 → 15:34,15:25,Trabajar,,Fábrica o taller,,,,home,,1403900011096,,AUTOMÓVIL PARTICULAR,,90 → 45,,hora:llegada;minutos:revision,,changed,,"Undécima revisión: la salida vuelve a las 15:25. La regla del 26 de septiembre de 2026 recorre a la llegada del viaje anterior la salida que la adelanta por 15 minutos o menos, y con los minutos de las reglas la llevaba a las 15:34; pero las decisiones ya tomadas sobre este día (chain_review_9) resolvieron ese traslape de otra forma y el viaje anterior llega a las 14:39, así que la salida registrada cabe y se conserva."
2862,1,1409800142019,Hombres,53,Empleado,,4,18:00,,Regresar a Casa,,Su casa,,,,1403900011096,,home,,AUTOMÓVIL PARTICULAR,,100 → 45,,minutos:revision,,changed,,
2903,1,140980012,Hombres,60,Empleado,,1,06:00,,Trabajar,,Fábrica o taller,,Su casa,,home,,1412000012331,,AUTOMÓVIL PARTICULAR,,50,,,,,,
2903,1,140980012,Hombres,60,Empleado,,2,12:40,,Regresar a Casa,,Su casa,,,,1412000012331,,home,,AUTOMÓVIL PARTICULAR,,90 → 45,,minutos:revision,,changed,,
2903,1,140980012,Hombres,60,Empleado,,3,14:01 → 14:10,14:01,Trabajar,,Fábrica o taller,,,,home,,1412000012331,,AUTOMÓVIL PARTICULAR,,50,,hora:llegada,,changed,,"Undécima revisión: la salida vuelve a las 14:01. La regla del 26 de septiembre de 2026 recorre a la llegada del viaje anterior la salida que la adelanta por 15 minutos o menos, y con los minutos de las reglas la llevaba a las 14:10; pero las decisiones ya tomadas sobre este día (chain_review_9) resolvieron ese traslape de otra forma y el viaje anterior llega a las 13:25, así que la salida registrada cabe y se conserva."
2903,1,140980012,Hombres,60,Empleado,,4,18:00,,Regresar a Casa,,Su casa,,,,1412000012331,,home,,AUTOMÓVIL PARTICULAR,,90 → 45,,minutos:revision,,changed,,
2913,2,1409800143229,Mujeres,31,Empleado,,1,07:00,,Trabajar,,Otra vivienda,,Su casa,,home,,1412000012505,,CAMIÓN O AUTOBÚS,,80 → 30,,minutos:revision,,changed,,
2913,2,1409800143229,Mujeres,31,Empleado,,2,17:00,,Regresar a Casa,,Su casa,,,,1412000012505,,home,,CAMIÓN O AUTOBÚS,,80 → 30,,minutos:revision,,changed,,
2913,2,1409800143229,Mujeres,31,Empleado,,3,18:10 → 18:20,18:10,Deportes o recreación,,Centro cultural o área recreativa,,,,home,,home,,A PIE,,2,,hora:llegada,,changed,,"Undécima revisión: la salida vuelve a las 18:10. La regla del 26 de septiembre de 2026 recorre a la llegada del viaje anterior la salida que la adelanta por 15 minutos o menos, y con los minutos de las reglas la llevaba a las 18:20; pero las decisiones ya tomadas sobre este día (chain_review_9) resolvieron ese traslape de otra forma y el viaje anterior llega a las 17:30, así que la salida registrada cabe y se conserva."
2913,2,1409800143229,Mujeres,31,Empleado,,4,18:18 → 18:22,18:18,Regresar a Casa,,Su casa,,,,home,,home,,A PIE,,2,,hora:llegada,,changed,,"Undécima revisión: la salida vuelve a las 18:18. La regla del 26 de septiembre de 2026 recorre a la llegada del viaje anterior la salida que la adelanta por 15 minutos o menos, y con los minutos de las reglas la llevaba a las 18:22; pero las decisiones ya tomadas sobre este día (chain_review_9) resolvieron ese traslape de otra forma y el viaje anterior llega a las 18:12, así que la salida registrada cabe y se conserva."
2976,5,140970602,Hombres,12,Estudiante,,1,08:22,,Deportes o recreación,,Centro cultural o área recreativa,,Su casa,,home,,home,,A PIE,,1,,,,,,
2976,5,140970602,Hombres,12,Estudiante,,2,08:25,,Regresar a Casa,,Su casa,,,,home,,home,,A PIE,,1,,,,,,
2976,5,140970602,Hombres,12,Estudiante,,3,18:24 → 08:26,18:24,Estudiar,,Escuela,,,,home,,1409800141129,,Transporte escolar,,10,,hora:-10h;hora:llegada,,changed,,"Error de dígito en la hora: se reporta 08:24 y la cadena solo cierra con 18:24. [Undécima revisión: la decisión de chain_review se mantiene. Se tomó contra «08:24», que las reglas del 26 de septiembre de 2026 dan ahora como «08:26».]"
2976,5,140970602,Hombres,12,Estudiante,,4,13:24 → 01:24,,Regresar a Casa,,Su casa,,,,1409800141129,,home,,Transporte escolar particular,,10,,hora:revision,hora_invertida,changed,,
3036,3,140970884397A,Hombres,15,Empleado,,1,09:00,,Trabajar,,Otra vivienda,,Su casa,,home,,1410100010946,,AUTOMÓVIL PARTICULAR,,120 → 60,,minutos:revision,,changed,,
3036,3,140970884397A,Hombres,15,Empleado,,2,13:32,,Regresar a Casa,,Su casa,,,,1410100010946,,home,,AUTOMÓVIL PARTICULAR,,120 → 60,,minutos:revision,,changed,,
3036,3,140970884397A,Hombres,15,Empleado,,3,15:24 → 15:32,15:24,Trabajar,,Otra vivienda,,,,home,,1410100010946,,AUTOMÓVIL PARTICULAR,,120 → 60,,hora:llegada;minutos:revision,,changed,,"Undécima revisión: la salida vuelve a las 15:24. La regla del 26 de septiembre de 2026 recorre a la llegada del viaje anterior la salida que la adelanta por 15 minutos o menos, y con los minutos de las reglas la llevaba a las 15:32; pero las decisiones ya tomadas sobre este día (chain_review_9) resolvieron ese traslape de otra forma y el viaje anterior llega a las 14:32, así que la salida registrada cabe y se conserva."
3036,3,140970884397A,Hombres,15,Empleado,,4,17:00,,Regresar a Casa,,Su casa,,,,1410100010946,,home,,AUTOMÓVIL PARTICULAR,,120 → 60,,minutos:revision,,changed,,
3146,2,1409708223058,Hombres,31,Trabajador independiente,,1,08:00,,Trabajar,,Fábrica o taller,,Su casa,,home,,1403900011359,,AUTOMÓVIL PARTICULAR,,90 → 45,,minutos:revision,,changed,,
3146,2,1409708223058,Hombres,31,Trabajador independiente,,2,14:36,,Regresar a Casa,,Su casa,,,,1403900011359,,home,,AUTOMÓVIL PARTICULAR,,120 → 45,,minutos:revision,,changed,,
3146,2,1409708223058,Hombres,31,Trabajador independiente,,3,16:26 → 16:36,16:26,Trabajar,,Fábrica o taller,,,,home,,1403900011359,,AUTOMÓVIL PARTICULAR,,90 → 45,,hora:llegada;minutos:revision,,changed,,"Undécima revisión: la salida vuelve a las 16:26. La regla del 26 de septiembre de 2026 recorre a la llegada del viaje anterior la salida que la adelanta por 15 minutos o menos, y con los minutos de las reglas la llevaba a las 16:36; pero las decisiones ya tomadas sobre este día (chain_review_9) resolvieron ese traslape de otra forma y el viaje anterior llega a las 15:21, así que la salida registrada cabe y se conserva."
3146,2,1409708223058,Hombres,31,Trabajador independiente,,4,19:00,,Regresar a Casa,,Su casa,,,,1403900011359,,home,,AUTOMÓVIL PARTICULAR,,120 → 45,,minutos:revision,,changed,,
3199,3,1409708223749,Hombres,21,Trabajador independiente,,1,08:00,,Trabajar,,Otra vivienda,,Su casa,,home,,1409708221598,,AUTOMÓVIL PARTICULAR,,80 → 10,,minutos:revision,,changed,,
3199,3,1409708223749,Hombres,21,Trabajador independiente,,2,10:33,,Regresar a Casa,,Su casa,,,,1409708221598,,home,,AUTOMÓVIL PARTICULAR,,120 → 10,,minutos:revision,,changed,,
3199,3,1409708223749,Hombres,21,Trabajador independiente,,3,12:29 → 12:33,12:29,Trabajar,,Otra vivienda,,,,home,,1409708221598,,AUTOMÓVIL PARTICULAR,,5,,hora:llegada,,changed,,"Undécima revisión: la salida vuelve a las 12:29. La regla del 26 de septiembre de 2026 recorre a la llegada del viaje anterior la salida que la adelanta por 15 minutos o menos, y con los minutos de las reglas la llevaba a las 12:33; pero las decisiones ya tomadas sobre este día (chain_review_9) resolvieron ese traslape de otra forma y el viaje anterior llega a las 10:43, así que la salida registrada cabe y se conserva."
3199,3,1409708223749,Hombres,21,Trabajador independiente,,4,14:00,,Regresar a Casa,,Su casa,,,,1409708221598,,home,,AUTOMÓVIL PARTICULAR,,120 → 10,,minutos:revision,,changed,,
3219,2,1409708823984,Hombres,29,Trabajador independiente,,1,08:00,,Trabajar,,"Comercio, mercado, tienda o centro comercial",,Su casa,,home,,1403900011359,,AUTOMÓVIL PARTICULAR,,90 → 45,,minutos:revision,,changed,,
3219,2,1409708823984,Hombres,29,Trabajador independiente,,2,14:46,,Regresar a Casa,,Su casa,,,,1403900011359,,home,,AUTOMÓVIL PARTICULAR,,90 → 45,,minutos:revision,,changed,,
3219,2,1409708823984,Hombres,29,Trabajador independiente,,3,16:09 → 16:16,16:09,Trabajar,,"Comercio, mercado, tienda o centro comercial",,,,home,,1403900011359,,AUTOMÓVIL PARTICULAR,,90 → 45,,hora:llegada;minutos:revision,,changed,,"Undécima revisión: la salida vuelve a las 16:09. La regla del 26 de septiembre de 2026 recorre a la llegada del viaje anterior la salida que la adelanta por 15 minutos o menos, y con los minutos de las reglas la llevaba a las 16:16; pero las decisiones ya tomadas sobre este día (chain_review_9) resolvieron ese traslape de otra forma y el viaje anterior llega a las 15:31, así que la salida registrada cabe y se conserva."
3219,2,1409708823984,Hombres,29,Trabajador independiente,,4,20:00,,Regresar a Casa,,Su casa,,,,1403900011359,,home,,AUTOMÓVIL PARTICULAR,,90 → 45,,minutos:revision,,changed,,
3232,1,1409708823984,Hombres,46,Empleado,,1,04:00,,Trabajar,,"Comercio, mercado, tienda o centro comercial",,Su casa,,home,,1403900015366,,AUTOMÓVIL PARTICULAR,,90 → 45,,minutos:revision,,changed,,
3232,1,1409708823984,Hombres,46,Empleado,,2,10:45,,Regresar a Casa,,Su casa,,,,1403900015366,,home,,AUTOMÓVIL PARTICULAR,,90 → 45,,minutos:revision,,changed,,
3232,1,1409708823984,Hombres,46,Empleado,,3,12:14 → 12:15,12:14,Trabajar,,"Comercio, mercado, tienda o centro comercial",,,,home,,1403900015366,,AUTOMÓVIL PARTICULAR,,90 → 45,,hora:llegada;minutos:revision,,changed,,"Undécima revisión: la salida vuelve a las 12:14. La regla del 26 de septiembre de 2026 recorre a la llegada del viaje anterior la salida que la adelanta por 15 minutos o menos, y con los minutos de las reglas la llevaba a las 12:15; pero las decisiones ya tomadas sobre este día (chain_review_9) resolvieron ese traslape de otra forma y el viaje anterior llega a las 11:30, así que la salida registrada cabe y se conserva."
3232,1,1409708823984,Hombres,46,Empleado,,4,16:00,,Regresar a Casa,,Su casa,,,,1403900015366,,home,,AUTOMÓVIL PARTICULAR,,90 → 45,,minutos:revision,,changed,,
3250,5,1409708221583,Hombres,48,Empleado,,1,06:01,,Trabajar,,Su casa → Fábrica o taller,,"Comercio, mercado, tienda o centro comercial → Su casa",,1403900012287 → home,,1409708312045,,CAMIÓN O AUTOBÚS,,90 → 25,,tipo_destino:revision;tipo_origen:revision;origen:revision;minutos:revision,,changed,,
3250,5,1409708221583,Hombres,48,Empleado,,2,17:02,,Regresar a Casa,,Su casa,,,,1409708312045,,home,,CAMIÓN O AUTOBÚS,,90 → 25,,tipo_origen:revision;minutos:revision,,changed,,
3250,5,1409708221583,Hombres,48,Empleado,,3,18:18 → 18:32,18:18,Trabajar,,Su casa → Fábrica o taller,,,,1403900012287 → home,,1409708312045,,CAMIÓN O AUTOBÚS,,90 → 25,,origen:casa;hora:llegada;tipo_destino:revision;tipo_origen:revision;minutos:revision,,changed,,"Undécima revisión: la salida vuelve a las 18:18. La regla del 26 de septiembre de 2026 recorre a la llegada del viaje anterior la salida que la adelanta por 15 minutos o menos, y con los minutos de las reglas la llevaba a las 18:32; pero las decisiones ya tomadas sobre este día (chain_review, chain_review_9) resolvieron ese traslape de otra forma y el viaje anterior llega a las 17:27, así que la salida registrada cabe y se conserva."
3250,5,1409708221583,Hombres,48,Empleado,,4,20:45,,Regresar a Casa,,Su casa,,,,1409708312045,,home,,CAMIÓN O AUTOBÚS,,90 → 25,,tipo_origen:revision;minutos:revision,,changed,,
3438,3,1403900011452,Hombres,36,Empleado,,1,07:00,,Trabajar,,Oficina,,Su casa,,home,,1412000014836,,AUTOMÓVIL PARTICULAR,,90 → 45,,minutos:revision,,changed,,
3438,3,1403900011452,Hombres,36,Empleado,,2,12:45,,Regresar a Casa,,Su casa,,,,1412000014836,,home,,AUTOMÓVIL PARTICULAR,,90 → 45,,minutos:revision,,changed,,
3438,3,1403900011452,Hombres,36,Empleado,,3,14:24,,Trabajar,,Oficina,,,,home,,1412000014836,,AUTOMÓVIL PARTICULAR,,90 → 45,,minutos:revision,,changed,,
3438,3,1403900011452,Hombres,36,Empleado,,4,17:00,,Regresar a Casa,,Su casa,,,,1412000014836,,home,,AUTOMÓVIL PARTICULAR,,90 → 45,,minutos:revision,,changed,,
3438,3,1403900011452,Hombres,36,Empleado,,5,18:21 → 18:30,18:21,Compras (comida),,"Restaurante, bar, cafetería",,,,home,,home,,A PIE,,11,,hora:llegada,,changed,,"Undécima revisión: la salida vuelve a las 18:21. La regla del 26 de septiembre de 2026 recorre a la llegada del viaje anterior la salida que la adelanta por 15 minutos o menos, y con los minutos de las reglas la llevaba a las 18:30; pero las decisiones ya tomadas sobre este día (chain_review_9) resolvieron ese traslape de otra forma y el viaje anterior llega a las 17:45, así que la salida registrada cabe y se conserva."
3438,3,1403900011452,Hombres,36,Empleado,,6,18:40 → 18:41,18:40,Regresar a Casa,,Su casa,,,,home,,home,,A PIE,,11,,hora:llegada,,changed,,"Undécima revisión: la salida vuelve a las 18:40. La regla del 26 de septiembre de 2026 recorre a la llegada del viaje anterior la salida que la adelanta por 15 minutos o menos, y con los minutos de las reglas la llevaba a las 18:41; pero las decisiones ya tomadas sobre este día (chain_review_9) resolvieron ese traslape de otra forma y el viaje anterior llega a las 18:32, así que la salida registrada cabe y se conserva."
3639,1,1409708311653,Mujeres,48,Empleado,,1,07:00,,Trabajar,,Fábrica o taller,,Su casa,,home,,1403900012145,,AUTOMÓVIL PARTICULAR,,80,,,,,,
3639,1,1409708311653,Mujeres,48,Empleado,,2,13:48,,Regresar a Casa,,Su casa,,,,1403900012145,,home,,AUTOMÓVIL PARTICULAR,,90 → 45,,minutos:revision,,changed,,
3639,1,1409708311653,Mujeres,48,Empleado,,3,15:03 → 15:18,15:03,Trabajar,,Fábrica o taller,,,,home,,1403900012145,,AUTOMÓVIL PARTICULAR,,80,,hora:llegada,,changed,,"Undécima revisión: la salida vuelve a las 15:03. La regla del 26 de septiembre de 2026 recorre a la llegada del viaje anterior la salida que la adelanta por 15 minutos o menos, y con los minutos de las reglas la llevaba a las 15:18; pero las decisiones ya tomadas sobre este día (chain_review_9) resolvieron ese traslape de otra forma y el viaje anterior llega a las 14:33, así que la salida registrada cabe y se conserva."
3639,1,1409708311653,Mujeres,48,Empleado,,4,19:00,,Regresar a Casa,,Su casa,,,,1403900012145,,home,,AUTOMÓVIL PARTICULAR,,90 → 45,,minutos:revision,,changed,,
3670,2,1409708311653,Hombres,66,Patrón o empresario,,1,06:00,,Trabajar,,"Comercio, mercado, tienda o centro comercial",,Su casa,,home,,14070140A,,AUTOMÓVIL PARTICULAR,,90 → 45,,minutos:revision,,changed,,
3670,2,1409708311653,Hombres,66,Patrón o empresario,,2,13:45,,Regresar a Casa,,Su casa,,,,14070140A,,home,,AUTOMÓVIL PARTICULAR,,90 → 45,,minutos:revision,,changed,,
3670,2,1409708311653,Hombres,66,Patrón o empresario,,3,15:02 → 15:15,15:02,Trabajar,,"Comercio, mercado, tienda o centro comercial",,,,home,,14070140A,,AUTOMÓVIL PARTICULAR,,90 → 45,,hora:llegada;minutos:revision,,changed,,"Undécima revisión: la salida vuelve a las 15:02. La regla del 26 de septiembre de 2026 recorre a la llegada del viaje anterior la salida que la adelanta por 15 minutos o menos, y con los minutos de las reglas la llevaba a las 15:15; pero las decisiones ya tomadas sobre este día (chain_review_9) resolvieron ese traslape de otra forma y el viaje anterior llega a las 14:30, así que la salida registrada cabe y se conserva."
3670,2,1409708311653,Hombres,66,Patrón o empresario,,4,19:00,,Regresar a Casa,,Su casa,,,,14070140A,,home,,AUTOMÓVIL PARTICULAR,,90 → 45,,minutos:revision,,changed,,
3882,5,1407000140488,Mujeres,30,Hogar,,1,07:41,,Llevar o recoger a alguien,,Escuela,,Su casa,,home,,1407000140844,,Bicicleta,,7,,,,,,
3882,5,1407000140488,Mujeres,30,Hogar,,2,08:06,,Regresar a Casa,,Su casa,,,,1407000140844,,home,,Bicicleta,,7,,,,,,
3882,5,1407000140488,Mujeres,30,Hogar,,3,12:27,,Llevar o recoger a alguien,,Escuela,,,,home,,1407000140844,,Bicicleta,,7,,,,,,
3882,5,1407000140488,Mujeres,30,Hogar,,4,12:21 → 12:34,14:21,Regresar a Casa,,Su casa,,,,1407000140844,,home,,Bicicleta,,7,,hora:llegada,,changed,,"Desfase de dos horas al capturar: 12:21 se lee como 14:21. El tipo de origen pasa de “Su casa” a “Escuela”; el origen se encadena con el destino del viaje 3 (Escuela en 1407000140844): la encuesta pregunta el tipo de origen una sola vez y lo repite en todos los renglones de la persona. [Undécima revisión: la decisión de chain_review se mantiene. Se tomó contra «12:21», que las reglas del 26 de septiembre de 2026 dan ahora como «12:34».]"
3882,5,1407000140488,Mujeres,30,Hogar,,5,18:04,,Deportes o recreación,,Centro cultural o área recreativa,,,,home,,1407000140859,,A PIE,,5,,,,,,
3882,5,1407000140488,Mujeres,30,Hogar,,6,18:15,,Regresar a Casa,,Su casa,,,,1407000140859,,home,,A PIE,,5,,,,,,
4030,5,1407000140825,Mujeres,28,Hogar,,1,09:06,,Compras (comida),,"Comercio, mercado, tienda o centro comercial",,Su casa,,home,,home,,A PIE,,5,,,,,,
4030,5,1407000140825,Mujeres,28,Hogar,,2,09:15,,Regresar a Casa,,Su casa,,,,home,,home,,A PIE,,5,,,,,,
4030,5,1407000140825,Mujeres,28,Hogar,,3,05:27 → 15:27,,"Compras (bienes, productos y servicios)",,"Comercio, mercado, tienda o centro comercial",,,,home,,1407000140276,,A PIE,,2,,hora:revision,,changed,,
4030,5,1407000140825,Mujeres,28,Hogar,,4,17:26 → 17:29,17:26,Regresar a Casa,,Su casa,,,,1407000140276,,home,,A PIE,,2,,hora:llegada,,changed,,"Undécima revisión: la salida vuelve a las 17:26. La regla del 26 de septiembre de 2026 recorre a la llegada del viaje anterior la salida que la adelanta por 15 minutos o menos, y con los minutos de las reglas la llevaba a las 17:29; pero las decisiones ya tomadas sobre este día (chain_review) resolvieron ese traslape de otra forma y el viaje anterior llega a las 15:29, así que la salida registrada cabe y se conserva."
4039,5,1407000140825,Hombres,13,Empleado,,1,07:15,,Deportes o recreación,,Centro cultural o área recreativa,,Su casa,,home,,140700014083A,,A PIE,,11,,,,,,
4039,5,1407000140825,Hombres,13,Empleado,,2,07:31,,Regresar a Casa,,Su casa,,,,140700014083A,,home,,A PIE,,11,,,,,,
4039,5,1407000140825,Hombres,13,Empleado,,3,20:24 → 08:24,,Trabajar,,"Comercio, mercado, tienda o centro comercial",,,,home,,1412000010547,,CAMIÓN O AUTOBÚS,,50,,hora:revision,,changed,,
4039,5,1407000140825,Hombres,13,Empleado,,4,15:09,,Compras (comida),,"Comercio, mercado, tienda o centro comercial",,,,1412000010547,,1412000010547,,A PIE,,5,,,,,,
4039,5,1407000140825,Hombres,13,Empleado,,5,15:08 → 15:14,17:08,Trabajar,,"Comercio, mercado, tienda o centro comercial",,,,1412000010547,,1412000010547,,A PIE,,5,,hora:llegada,,changed,,"Desfase de dos horas al capturar: 15:08 se lee como 17:08. El tipo de origen pasa de “Su casa” a “Comercio, mercado, tienda o centro comercial”; el origen se encadena con el destino del viaje 4 (Comercio, mercado, tienda o centro comercial en 1412000010547): la encuesta pregunta el tipo de origen una sola vez y lo repite en todos los renglones de la persona. [Undécima revisión: la decisión de chain_review se mantiene. Se tomó contra «15:08», que las reglas del 26 de septiembre de 2026 dan ahora como «15:14».]"
4039,5,1407000140825,Hombres,13,Empleado,,6,18:26,,Regresar a Casa,,Su casa,,,,1412000010547,,home,,CAMIÓN O AUTOBÚS,,70,,,,,,
4079,4,140700021076A,Mujeres,13,Estudiante,,1,12:07,,Compras (comida),,"Comercio, mercado, tienda o centro comercial",,Su casa,,home,,1407000210736,,A PIE,,2,,,,,,
4079,4,140700021076A,Mujeres,13,Estudiante,,2,12:04 → 12:09,14:04,Regresar a Casa,,Su casa,,,,1407000210736,,home,,A PIE,,2,,hora:llegada,,changed,,"Desfase de dos horas al capturar: 12:04 se lee como 14:04. El tipo de origen pasa de “Su casa” a “Comercio, mercado, tienda o centro comercial”; el origen se encadena con el destino del viaje 1 (Comercio, mercado, tienda o centro comercial en 1407000210736): la encuesta pregunta el tipo de origen una sola vez y lo repite en todos los renglones de la persona. [Undécima revisión: la decisión de chain_review se mantiene. Se tomó contra «12:04», que las reglas del 26 de septiembre de 2026 dan ahora como «12:09».]"
4698,1,1405100010139,Hombres,62,Empleado,,1,19:00 → 07:00,,Trabajar,,Otros (especifique),,Su casa,,home,,1409700340250,,AUTOMÓVIL PARTICULAR,,120 → 60,,hora:revision;minutos:revision,,changed,,
4698,1,1405100010139,Hombres,62,Empleado,,2,20:49 → 21:00,20:49,Regresar a Casa,,Su casa,,,,1409700340250,,home,,AUTOMÓVIL PARTICULAR,,120 → 60,,hora:llegada;minutos:revision,,changed,,"Undécima revisión: la salida vuelve a las 20:49. La regla del 26 de septiembre de 2026 recorre a la llegada del viaje anterior la salida que la adelanta por 15 minutos o menos, y con los minutos de las reglas la llevaba a las 21:00; pero las decisiones ya tomadas sobre este día (chain_review, chain_review_9) resolvieron ese traslape de otra forma y el viaje anterior llega a las 08:00, así que la salida registrada cabe y se conserva."
4698,1,1405100010139,Hombres,62,Empleado,,3,22:00,,Trabajar,,Otros (especifique),,,,home,,1409700340250,,AUTOMÓVIL PARTICULAR,,120 → 60,,minutos:revision,,changed,,
4698,1,1405100010139,Hombres,62,Empleado,,4,23:01,,Regresar a Casa,,Su casa,,,,1409700340250,,home,,AUTOMÓVIL PARTICULAR,,120 → 60,,minutos:revision,hora_2301,changed,,
4870,2,1403900011715,Hombres,53,Empleado,,1,07:00,,Trabajar,,Oficina,,Su casa,,home,,1403900010030,,AUTOMÓVIL PARTICULAR,,80 → 40,,minutos:revision,,changed,,
4870,2,1403900011715,Hombres,53,Empleado,,2,12:48,,Regresar a Casa,,Su casa,,,,1403900010030,,home,,AUTOMÓVIL PARTICULAR,,80 → 40,,minutos:revision,,changed,,
4870,2,1403900011715,Hombres,53,Empleado,,3,14:00 → 14:08,14:00,Trabajar,,Oficina,,,,home,,1403900010030,,AUTOMÓVIL PARTICULAR,,80 → 40,,hora:llegada;minutos:revision,,changed,,"Undécima revisión: la salida vuelve a las 14:00. La regla del 26 de septiembre de 2026 recorre a la llegada del viaje anterior la salida que la adelanta por 15 minutos o menos, y con los minutos de las reglas la llevaba a las 14:08; pero las decisiones ya tomadas sobre este día (chain_review_9) resolvieron ese traslape de otra forma y el viaje anterior llega a las 13:28, así que la salida registrada cabe y se conserva."
4870,2,1403900011715,Hombres,53,Empleado,,4,17:00,,Regresar a Casa,,Su casa,,,,1403900010030,,home,,AUTOMÓVIL PARTICULAR,,80 → 40,,minutos:revision,,changed,,
4885,3,1409800011824,Hombres,29,Empleado,,1,07:00,,Trabajar,,"Hospital, clínica, consultorio, laboratorio clínico",,Su casa,,home,,1409708623414,,AUTOMÓVIL PARTICULAR,,90 → 45,,minutos:revision,,changed,,
4885,3,1409800011824,Hombres,29,Empleado,,2,13:49,,Regresar a Casa,,Su casa,,,,1409708623414,,home,,AUTOMÓVIL PARTICULAR,,90 → 45,,minutos:revision,,changed,,
4885,3,1409800011824,Hombres,29,Empleado,,3,15:04 → 15:19,15:04,Trabajar,,"Hospital, clínica, consultorio, laboratorio clínico",,,,home,,1409708623414,,AUTOMÓVIL PARTICULAR,,90 → 45,,hora:llegada;minutos:revision,,changed,,"Undécima revisión: la salida vuelve a las 15:04. La regla del 26 de septiembre de 2026 recorre a la llegada del viaje anterior la salida que la adelanta por 15 minutos o menos, y con los minutos de las reglas la llevaba a las 15:19; pero las decisiones ya tomadas sobre este día (chain_review_9) resolvieron ese traslape de otra forma y el viaje anterior llega a las 14:34, así que la salida registrada cabe y se conserva."
4885,3,1409800011824,Hombres,29,Empleado,,4,18:00,,Regresar a Casa,,Su casa,,,,1409708623414,,home,,AUTOMÓVIL PARTICULAR,,90 → 45,,minutos:revision,,changed,,
4901,4,1403900012268,Hombres,49,Empleado,,1,05:00,,Trabajar,,"Comercio, mercado, tienda o centro comercial",,Su casa,,home,,1409800011078,,AUTOMÓVIL PARTICULAR,,120 → 30,,minutos:revision,,changed,,
4901,4,1403900012268,Hombres,49,Empleado,,2,06:52 → 07:00,06:52,Regresar a Casa,,Su casa,,,,1409800011078,,home,,AUTOMÓVIL PARTICULAR,,120 → 30,,hora:llegada;minutos:revision,,changed,,"Undécima revisión: la salida vuelve a las 06:52. La regla del 26 de septiembre de 2026 recorre a la llegada del viaje anterior la salida que la adelanta por 15 minutos o menos, y con los minutos de las reglas la llevaba a las 07:00; pero las decisiones ya tomadas sobre este día (chain_review_9) resolvieron ese traslape de otra forma y el viaje anterior llega a las 05:30, así que la salida registrada cabe y se conserva."
4901,4,1403900012268,Hombres,49,Empleado,,3,08:10 → 18:10,,Trabajar,,"Comercio, mercado, tienda o centro comercial",,,,home,,1409800011078,,AUTOMÓVIL PARTICULAR,,120 → 30,,hora:+10h;minutos:revision,,changed,,
4901,4,1403900012268,Hombres,49,Empleado,,4,09:00 → 21:00,,Regresar a Casa,,Su casa,,,,1409800011078,,home,,AUTOMÓVIL PARTICULAR,,120 → 30,,hora:+12h;minutos:revision,,changed,,
5108,2,1409800013055,Hombres,57,Empleado,,1,04:30,,Trabajar,,Fábrica o taller,,Su casa,,home,,999990001,,AUTOMÓVIL PARTICULAR,,120,,,,,,
5108,2,1409800013055,Hombres,57,Empleado,,2,12:50,,Regresar a Casa,,Su casa,,,,999990001,,home,,AUTOMÓVIL PARTICULAR,,120,,,,,,
5108,2,1409800013055,Hombres,57,Empleado,,3,14:03 → 14:50,,Trabajar,,Fábrica o taller,,,,home,,999990001,,AUTOMÓVIL PARTICULAR,,120,,hora:revision,,changed,,
5108,2,1409800013055,Hombres,57,Empleado,,4,18:00 → 18:03,18:00,Regresar a Casa,,Su casa,,,,999990001,,home,,AUTOMÓVIL PARTICULAR,,120,,hora:llegada,,changed,,"Undécima revisión: la salida vuelve a las 18:00. La regla del 26 de septiembre de 2026 recorre a la llegada del viaje anterior la salida que la adelanta por 15 minutos o menos, y con los minutos de las reglas la llevaba a las 18:03; pero las decisiones ya tomadas sobre este día (chain_review) resolvieron ese traslape de otra forma y el viaje anterior llega a las 16:50, así que la salida registrada cabe y se conserva."
5179,2,1410100011592,Mujeres,31,Hogar,,1,07:55,,Llevar o recoger a alguien,,Escuela,,Su casa,,home,,1410100011573,,MOTOCICLETA,,55,,,,,,
5179,2,1410100011592,Mujeres,31,Hogar,,2,08:00 → 18:00,,Regresar a Casa,,Su casa,,,,1410100011573,,home,,MOTOCICLETA,,5,,hora:revision,,changed,,
5179,2,1410100011592,Mujeres,31,Hogar,,3,08:10 → 20:10,,Llevar o recoger a alguien,,Otros (especifique),,,,home,,1410100272336,,MOTOCICLETA,,10,,hora:revision,,changed,,
5179,2,1410100011592,Mujeres,31,Hogar,,4,08:15 → 08:20,20:20,Regresar a Casa,,Su casa,,,,1410100272336,,home,,MOTOCICLETA,,15,,hora:llegada,hora_invertida,changed,,"La salida se recorre de 8:15 a 20:20, que es la hora a la que llega el viaje anterior (20:10 + 10 min de traslado): tal como estaba, el viaje empezaba antes de haber llegado. El tipo de origen pasa de “Su casa” a “Otros (especifique)”; el origen se encadena con el destino del viaje 3 (Otros (especifique) en 1410100272336): la encuesta pregunta el tipo de origen una sola vez y lo repite en todos los renglones de la persona. [Undécima revisión: la decisión de chain_review se mantiene. Se tomó contra «08:15», que las reglas del 26 de septiembre de 2026 dan ahora como «08:20».]"
5179,2,1410100011592,Mujeres,31,Hogar,,5,08:55 → 20:55,,Llevar o recoger a alguien,,Escuela,,,,home,,1410100011573,,MOTOCICLETA,,6,,hora:revision,,changed,,
5179,2,1410100011592,Mujeres,31,Hogar,,6,09:00 → 09:01,21:01,Regresar a Casa,,Su casa,,,,1410100011573,,home,,MOTOCICLETA,,3,,hora:llegada,hora_invertida,changed,,"La salida se recorre de 9:00 a 21:01, que es la hora a la que llega el viaje anterior (20:55 + 6 min de traslado): tal como estaba, el viaje empezaba antes de haber llegado. El tipo de origen pasa de “Su casa” a “Escuela”; el origen se encadena con el destino del viaje 5 (Escuela en 1410100011573): la encuesta pregunta el tipo de origen una sola vez y lo repite en todos los renglones de la persona. [Undécima revisión: la decisión de chain_review se mantiene. Se tomó contra «09:00», que las reglas del 26 de septiembre de 2026 dan ahora como «09:01».]"
5179,2,1410100011592,Mujeres,31,Hogar,,7,09:30 → 21:30,,Compras (comida),,"Comercio, mercado, tienda o centro comercial",,,,home,,1410100011573,,MOTOCICLETA,,5,,hora:revision,fin_fuera_de_casa,changed,,
5435,2,141010001065A,Mujeres,24,Empleado,,1,07:00,,Trabajar,,"Comercio, mercado, tienda o centro comercial",,Su casa,,home,,141200001301A,,CAMIÓN O AUTOBÚS,,100,,,,,,
5435,2,141010001065A,Mujeres,24,Empleado,,2,17:00,,Regresar a Casa,,Su casa,,,,141200001301A,,home,,CAMIÓN O AUTOBÚS,,130 → 60,,minutos:revision,,changed,,
5435,2,141010001065A,Mujeres,24,Empleado,,3,19:04 → 19:10,19:04,"Compras (bienes, productos y servicios)",,"Comercio, mercado, tienda o centro comercial",,,,home,,1410100011164,,A PIE,,12,,hora:llegada,,changed,,"Undécima revisión: la salida vuelve a las 19:04. La regla del 26 de septiembre de 2026 recorre a la llegada del viaje anterior la salida que la adelanta por 15 minutos o menos, y con los minutos de las reglas la llevaba a las 19:10; pero las decisiones ya tomadas sobre este día (chain_review_9) resolvieron ese traslape de otra forma y el viaje anterior llega a las 18:00, así que la salida registrada cabe y se conserva."
5435,2,141010001065A,Mujeres,24,Empleado,,4,19:24,,Regresar a Casa,,Su casa,,,,1410100011164,,home,,A PIE,,12,,,,,,
6173,1,1412000012242,Hombres,44,Empleado,,1,06:30,,Trabajar,,Oficina,,Su casa,,home,,1412000014198,,CAMIÓN O AUTOBÚS,,90 → 20,,minutos:revision,,changed,,
6173,1,1412000012242,Hombres,44,Empleado,,2,18:33,,Regresar a Casa,,Su casa,,,,1412000014198,,home,,CAMIÓN O AUTOBÚS,,90 → 20,,minutos:revision,,changed,,
6173,1,1412000012242,Hombres,44,Empleado,,3,19:52 → 20:03,19:52,Trabajar,,Oficina,,,,home,,1412000014198,,CAMIÓN O AUTOBÚS,,90 → 20,,hora:llegada;minutos:revision,,changed,,"Undécima revisión: la salida vuelve a las 19:52. La regla del 26 de septiembre de 2026 recorre a la llegada del viaje anterior la salida que la adelanta por 15 minutos o menos, y con los minutos de las reglas la llevaba a las 20:03; pero las decisiones ya tomadas sobre este día (chain_review_9) resolvieron ese traslape de otra forma y el viaje anterior llega a las 18:53, así que la salida registrada cabe y se conserva."
6173,1,1412000012242,Hombres,44,Empleado,,4,21:30 → 21:33,21:30,Regresar a Casa,,Su casa,,,,1412000014198,,home,,CAMIÓN O AUTOBÚS,,90 → 20,,hora:llegada;minutos:revision,,changed,,"Undécima revisión: la salida vuelve a las 21:30. La regla del 26 de septiembre de 2026 recorre a la llegada del viaje anterior la salida que la adelanta por 15 minutos o menos, y con los minutos de las reglas la llevaba a las 21:33; pero las decisiones ya tomadas sobre este día (chain_review_9) resolvieron ese traslape de otra forma y el viaje anterior llega a las 20:12, así que la salida registrada cabe y se conserva."
6361,6,1403900010736,Hombres,47,Persona trabajadora del hogar,,1,10:03,,Otros (especifique),,"Deportivo, gimnasio",,Su casa,,home,,1403900011359,,CAMIÓN O AUTOBÚS,,120 → 25,,minutos:revision,,changed,,
6361,6,1403900010736,Hombres,47,Persona trabajadora del hogar,,2,10:02 → 12:03,12:02,Deportes o recreación,,"Deportivo, gimnasio",,,,1403900011359,,1403900011359,,CAMIÓN O AUTOBÚS,,120,,hora:-10h+12h;hora:llegada,,changed,,"Undécima revisión: la salida vuelve a las 12:02. La regla del 26 de septiembre de 2026 recorre a la llegada del viaje anterior la salida que la adelanta por 15 minutos o menos, y con los minutos de las reglas la llevaba a las 12:03; pero las decisiones ya tomadas sobre este día (chain_review_9) resolvieron ese traslape de otra forma y el viaje anterior llega a las 10:28, así que la salida registrada cabe y se conserva."
6361,6,1403900010736,Hombres,47,Persona trabajadora del hogar,,3,19:09,,Compras (comida),,"Comercio, mercado, tienda o centro comercial",,,,1403900011359,,140390001101A,,A PIE,,11,,,,,,
6361,6,1403900010736,Hombres,47,Persona trabajadora del hogar,,4,19:30,,Deportes o recreación,,Centro cultural o área recreativa,,,,140390001101A,,1403900011359,,A PIE,,11,,,fin_fuera_de_casa,,,
6455,2,1412000012613,Hombres,45,Trabajador independiente,,1,13:30 → 01:30,,Llevar o recoger a alguien,,Escuela,,Su casa,,home,,1412000016067,,AUTOMÓVIL PARTICULAR,,15,,hora:revision,hora_madrugada,changed,,
6455,2,1412000012613,Hombres,45,Trabajador independiente,,2,13:40 → 13:45,01:45,Llevar o recoger a alguien,,Escuela,,,,1412000016067,,1412000010617,,AUTOMÓVIL PARTICULAR,,20,,hora:llegada,,changed,,"La salida se recorre de 13:40 a 01:45, que es la hora a la que llega el viaje anterior (01:30 + 15 min de traslado): tal como estaba, el viaje empezaba antes de haber llegado. El tipo de origen pasa de “Su casa” a “Escuela”; el origen se encadena con el destino del viaje 1 (Escuela en 1412000016067): la encuesta pregunta el tipo de origen una sola vez y lo repite en todos los renglones de la persona. [Undécima revisión: la decisión de chain_review se mantiene. Se tomó contra «13:40», que las reglas del 26 de septiembre de 2026 dan ahora como «13:45».]"
6455,2,1412000012613,Hombres,45,Trabajador independiente,,3,14:00 → 14:05,02:05,Trabajar,,Escuela,,,,1412000010617,,1412000010617,,AUTOMÓVIL PARTICULAR,,30,,hora:llegada,,changed,,"La salida se recorre de 14:00 a 02:05, que es la hora a la que llega el viaje anterior (01:45 + 20 min de traslado): tal como estaba, el viaje empezaba antes de haber llegado. El tipo de origen pasa de “Su casa” a “Escuela”; el origen se encadena con el destino del viaje 2 (Escuela en 1412000010617): la encuesta pregunta el tipo de origen una sola vez y lo repite en todos los renglones de la persona. [Undécima revisión: la decisión de chain_review se mantiene. Se tomó contra «14:00», que las reglas del 26 de septiembre de 2026 dan ahora como «14:05».]"
6455,2,1412000012613,Hombres,45,Trabajador independiente,,4,20:20 → 08:20,,Llevar o recoger a alguien → Regresar a Casa,,Su casa,,,,1412000010617,,home,,AUTOMÓVIL PARTICULAR,,15,,hora:revision;motivo:revision,hora_invertida,changed,,
6455,2,1412000012613,Hombres,45,Trabajador independiente,,5,20:01,,Regresar a Casa,,Su casa,,,,home,,home,,AUTOMÓVIL PARTICULAR,,15,,,regreso_en_casa,,,
6487,2,1412000012613,Mujeres,27,Empleado,,1,06:00,,Trabajar,,Su casa,,Su casa,,home,,home,,Bicicleta,,5,,,actividad_en_casa,,,
6487,2,1412000012613,Mujeres,27,Empleado,,2,21:00 → 09:00,,Trabajar,,Fábrica o taller,,,,home,,1412000011579,,Bicicleta,,5,,hora:revision,,changed,,
6487,2,1412000012613,Mujeres,27,Empleado,,3,20:58 → 21:05,20:58,Regresar a Casa,,Su casa,,,,1412000011579,,home,,Bicicleta,,5,,hora:llegada,,changed,,"Undécima revisión: la salida vuelve a las 20:58. La regla del 26 de septiembre de 2026 recorre a la llegada del viaje anterior la salida que la adelanta por 15 minutos o menos, y con los minutos de las reglas la llevaba a las 21:05; pero las decisiones ya tomadas sobre este día (chain_review) resolvieron ese traslape de otra forma y el viaje anterior llega a las 09:05, así que la salida registrada cabe y se conserva."
6575,2,1412000012670,Mujeres,39,Hogar,,1,08:01,,Visitar a alguien,,Otra vivienda,,Su casa,,home,,1412000013185,,CAMIÓN O AUTOBÚS,,45,,,,,,
6575,2,1412000012670,Mujeres,39,Hogar,,2,15:01,,Regresar a Casa,,Su casa,,,,1412000013185,,home,,CAMIÓN O AUTOBÚS,,55 → 25,,minutos:revision,,changed,,
6575,2,1412000012670,Mujeres,39,Hogar,,3,18:13,,Visitar a alguien,,Otra vivienda,,,,home,,1412000013185,,CAMIÓN O AUTOBÚS,,45,,,,,,
6575,2,1412000012670,Mujeres,39,Hogar,,4,20:40,,Regresar a Casa,,Su casa,,,,1412000013185,,home,,CAMIÓN O AUTOBÚS,,55 → 25,,minutos:revision,,changed,,
6575,2,1412000012670,Mujeres,39,Hogar,,5,21:33 → 21:35,21:33,Visitar a alguien,,Otra vivienda,,,,home,,1412000010392,,Mi Bici,,10,,hora:llegada,fin_fuera_de_casa,changed,,"Undécima revisión: la salida vuelve a las 21:33. La regla del 26 de septiembre de 2026 recorre a la llegada del viaje anterior la salida que la adelanta por 15 minutos o menos, y con los minutos de las reglas la llevaba a las 21:35; pero las decisiones ya tomadas sobre este día (chain_review_9) resolvieron ese traslape de otra forma y el viaje anterior llega a las 21:05, así que la salida registrada cabe y se conserva."
6634,1,1403900010562,Mujeres,34,Empleado,,1,06:45,,Llevar o recoger a alguien,,Escuela,,Su casa,,home,,141200001116A,,AUTOMÓVIL PARTICULAR,,35 → 15,,minutos:revision,,changed,,
6634,1,1403900010562,Mujeres,34,Empleado,,2,07:15 → 07:20,07:15,Trabajar,,Oficina,,,,141200001116A,,1412000011278,,AUTOMÓVIL PARTICULAR,,30,,hora:llegada,,changed,,"Undécima revisión: la salida vuelve a las 07:15. La regla del 26 de septiembre de 2026 recorre a la llegada del viaje anterior la salida que la adelanta por 15 minutos o menos, y con los minutos de las reglas la llevaba a las 07:20; pero las decisiones ya tomadas sobre este día (chain_review_9) resolvieron ese traslape de otra forma y el viaje anterior llega a las 07:00, así que la salida registrada cabe y se conserva."
6634,1,1403900010562,Mujeres,34,Empleado,,3,16:00,,Llevar o recoger a alguien,,Otra vivienda,,,,1412000011278,,1403900011043,,AUTOMÓVIL PARTICULAR,,40,,,,,,
6634,1,1403900010562,Mujeres,34,Empleado,,4,18:30,,Regresar a Casa,,Su casa,,,,1403900011043,,home,,AUTOMÓVIL PARTICULAR,,15,,,,,,
6637,2,1403900011043,Hombres,27,Empleado,,1,19:00 → 07:00,,Trabajar,,"Hospital, clínica, consultorio, laboratorio clínico",,Su casa,,home,,home,,A PIE,,8,,hora:revision,,changed,,
6637,2,1403900011043,Hombres,27,Empleado,,2,07:00 → 19:08,19:00,Regresar a Casa,,Su casa,,,,home,,home,,A PIE,,8,,hora:+12h;hora:llegada,,changed,,"Undécima revisión: la salida vuelve a las 19:00. La regla del 26 de septiembre de 2026 recorre a la llegada del viaje anterior la salida que la adelanta por 15 minutos o menos, y con los minutos de las reglas la llevaba a las 19:08; pero las decisiones ya tomadas sobre este día (chain_review) resolvieron ese traslape de otra forma y el viaje anterior llega a las 07:08, así que la salida registrada cabe y se conserva."
6834,1,1412000011193,Hombres,64,Profesor,,1,06:30,,Trabajar,,Escuela,,Su casa,,home,,1403900013641,,AUTOMÓVIL PARTICULAR,,120 → 45,,minutos:revision,,changed,,
6834,1,1412000011193,Hombres,64,Profesor,,2,13:00,,Compras (comida),,"Comercio, mercado, tienda o centro comercial",,,,1403900013641,,1403900013641,,A PIE,,7,,,,,,
6834,1,1412000011193,Hombres,64,Profesor,,3,14:30,,Trabajar,,Escuela,,,,1403900013641,,1403900013641,,A PIE,,7,,,,,,
6834,1,1412000011193,Hombres,64,Profesor,,4,20:00,,Regresar a Casa,,Su casa,,,,1403900013641,,home,,AUTOMÓVIL PARTICULAR,,110 → 45,,minutos:revision,,changed,,
6834,1,1412000011193,Hombres,64,Profesor,,5,21:40 → 21:50,21:40,"Compras (bienes, productos y servicios)",,Otra vivienda,,,,home,,1412000011210,,A PIE,,5,,hora:llegada,,changed,,"Undécima revisión: la salida vuelve a las 21:40. La regla del 26 de septiembre de 2026 recorre a la llegada del viaje anterior la salida que la adelanta por 15 minutos o menos, y con los minutos de las reglas la llevaba a las 21:50; pero las decisiones ya tomadas sobre este día (chain_review_9) resolvieron ese traslape de otra forma y el viaje anterior llega a las 20:45, así que la salida registrada cabe y se conserva."
6834,1,1412000011193,Hombres,64,Profesor,,6,21:55,,Regresar a Casa,,Su casa,,,,1412000011210,,home,,A PIE,,5,,,,,,
6987,1,141200001116A,Hombres,23,Estudiante,,1,09:20,,Trabajar,,Otra vivienda,,"Comercio, mercado, tienda o centro comercial → Su casa",,1412000013306 → home,,1412000013306,,AUTOMÓVIL PARTICULAR,,40 → 15,,origen:copia;tipo_origen:copia;minutos:revision,,changed,,
6987,1,141200001116A,Hombres,23,Estudiante,,2,09:55 → 10:00,09:55,Regresar a Casa,,Su casa,,,,1412000013306,,home,,AUTOMÓVIL PARTICULAR,,30 → 15,,tipo_origen:copia;hora:llegada;minutos:revision,,changed,,"Undécima revisión: la salida vuelve a las 09:55. La regla del 26 de septiembre de 2026 recorre a la llegada del viaje anterior la salida que la adelanta por 15 minutos o menos, y con los minutos de las reglas la llevaba a las 10:00; pero las decisiones ya tomadas sobre este día (chain_review, chain_review_9) resolvieron ese traslape de otra forma y el viaje anterior llega a las 09:35, así que la salida registrada cabe y se conserva."
6987,1,141200001116A,Hombres,23,Estudiante,,3,11:04,,Trabajar,,Otra vivienda,,,,home,,1412000013306,,AUTOMÓVIL PARTICULAR,,40 → 15,,tipo_origen:copia;minutos:revision,,changed,,
6987,1,141200001116A,Hombres,23,Estudiante,,4,12:30,,Regresar a Casa,,Su casa,,,,1412000013306,,home,,AUTOMÓVIL PARTICULAR,,30 → 15,,tipo_origen:copia;minutos:revision,,changed,,
7181,4,1412000012863,Mujeres,7,Estudiante,,1,07:39,,Estudiar,,Escuela,,Su casa,,home,,1412000013518,,A PIE,,8,,,,,,
7181,4,1412000012863,Mujeres,7,Estudiante,,2,13:06,,Regresar a Casa,,Su casa,,,,1412000013518,,home,,A PIE,,8,,,,,,
7181,4,1412000012863,Mujeres,7,Estudiante,,3,15:09,,Compras (comida),,"Comercio, mercado, tienda o centro comercial",,,,home,,home,,A PIE,,2,,,,,,
7181,4,1412000012863,Mujeres,7,Estudiante,,4,15:06 → 15:11,17:06,Regresar a Casa,,Su casa,,,,home,,home,,A PIE,,2,,hora:llegada,,changed,,"Desfase de dos horas al capturar: 15:06 se lee como 17:06. El tipo de origen pasa de “Su casa” a “Comercio, mercado, tienda o centro comercial”; el origen se encadena con el destino del viaje 3 (Comercio, mercado, tienda o centro comercial en la zona del hogar): la encuesta pregunta el tipo de origen una sola vez y lo repite en todos los renglones de la persona. [Undécima revisión: la decisión de chain_review se mantiene. Se tomó contra «15:06», que las reglas del 26 de septiembre de 2026 dan ahora como «15:11».]"
7229,1,1412000013575,Mujeres,60,Empleado,,1,15:00 → 05:00,,Trabajar,,Otros (especifique),,Su casa,,home,,1412000011206,,AUTOMÓVIL PARTICULAR,,5,,hora:revision,,changed,,
7229,1,1412000013575,Mujeres,60,Empleado,,2,14:51 → 15:05,14:51,Regresar a Casa,,Su casa,,,,1412000011206,,home,,AUTOMÓVIL PARTICULAR,,5,,hora:llegada,,changed,,"Undécima revisión: la salida vuelve a las 14:51. La regla del 26 de septiembre de 2026 recorre a la llegada del viaje anterior la salida que la adelanta por 15 minutos o menos, y con los minutos de las reglas la llevaba a las 15:05; pero las decisiones ya tomadas sobre este día (chain_review) resolvieron ese traslape de otra forma y el viaje anterior llega a las 05:05, así que la salida registrada cabe y se conserva."
7229,1,1412000013575,Mujeres,60,Empleado,,3,16:05,,Trabajar,,Otros (especifique),,,,home,,1412000011206,,AUTOMÓVIL PARTICULAR,,5,,,,,,
7229,1,1412000013575,Mujeres,60,Empleado,,4,17:00,,Regresar a Casa,,Su casa,,,,1412000011206,,home,,AUTOMÓVIL PARTICULAR,,5,,,,,,
7389,2,1412000013274,Mujeres,58,,,1,10:10,,Compras (comida),,"Comercio, mercado, tienda o centro comercial",,Su casa,,home,,141200001326A,,A PIE,,2,,,,,,
7389,2,1412000013274,Mujeres,58,,,2,10:08 → 10:12,12:08,Regresar a Casa,,Su casa,,,,141200001326A,,home,,A PIE,,2,,hora:llegada,,changed,,"Desfase de dos horas al capturar: 10:08 se lee como 12:08. El tipo de origen pasa de “Su casa” a “Comercio, mercado, tienda o centro comercial”; el origen se encadena con el destino del viaje 1 (Comercio, mercado, tienda o centro comercial en 141200001326A): la encuesta pregunta el tipo de origen una sola vez y lo repite en todos los renglones de la persona. [Undécima revisión: la decisión de chain_review se mantiene. Se tomó contra «10:08», que las reglas del 26 de septiembre de 2026 dan ahora como «10:12».]"
7389,2,1412000013274,Mujeres,58,,,3,19:13,,Llevar o recoger a alguien,,Otra vivienda,,,,home,,141200001326A,,A PIE,,8,,,,,,
7389,2,1412000013274,Mujeres,58,,,4,19:22,,Regresar a Casa,,Su casa,,,,141200001326A,,home,,A PIE,,8,,,,,,
7425,3,1410100011126,Hombres,18,Empleado,,1,06:05,,Trabajar,,Otra vivienda,,Su casa,,home,,1412000010405,,AUTOMÓVIL PARTICULAR,,120 → 60,,minutos:revision,,changed,,
7425,3,1410100011126,Hombres,18,Empleado,,2,12:32,,Regresar a Casa,,Su casa,,,,1412000010405,,home,,AUTOMÓVIL PARTICULAR,,120 → 60,,minutos:revision,,changed,,
7425,3,1410100011126,Hombres,18,Empleado,,3,14:10,,Trabajar,,Otra vivienda,,,,home,,1412000010405,,AUTOMÓVIL PARTICULAR,,120 → 60,,minutos:revision,,changed,,
7425,3,1410100011126,Hombres,18,Empleado,,4,18:08 → 18:10,18:08,Regresar a Casa,,Su casa,,,,1412000010405,,home,,AUTOMÓVIL PARTICULAR,,120 → 60,,hora:llegada;minutos:revision,,changed,,"Undécima revisión: la salida vuelve a las 18:08. La regla del 26 de septiembre de 2026 recorre a la llegada del viaje anterior la salida que la adelanta por 15 minutos o menos, y con los minutos de las reglas la llevaba a las 18:10; pero las decisiones ya tomadas sobre este día (chain_review_9) resolvieron ese traslape de otra forma y el viaje anterior llega a las 15:10, así que la salida registrada cabe y se conserva."
7499,3,1412000013274,Hombres,26,Empleado,,1,08:00,,Trabajar,,Oficina,,Su casa,,home,,1412000010373,,AUTOMÓVIL PARTICULAR,,90 → 40,,minutos:revision,,changed,,
7499,3,1412000013274,Hombres,26,Empleado,,2,14:51,,Regresar a Casa,,Su casa,,,,1412000010373,,home,,AUTOMÓVIL PARTICULAR,,90 → 40,,minutos:revision,,changed,,
7499,3,1412000013274,Hombres,26,Empleado,,3,16:11 → 16:21,16:11,Trabajar,,Oficina,,,,home,,1412000010373,,AUTOMÓVIL PARTICULAR,,90 → 40,,hora:llegada;minutos:revision,,changed,,"Undécima revisión: la salida vuelve a las 16:11. La regla del 26 de septiembre de 2026 recorre a la llegada del viaje anterior la salida que la adelanta por 15 minutos o menos, y con los minutos de las reglas la llevaba a las 16:21; pero las decisiones ya tomadas sobre este día (chain_review_9) resolvieron ese traslape de otra forma y el viaje anterior llega a las 15:31, así que la salida registrada cabe y se conserva."
7499,3,1412000013274,Hombres,26,Empleado,,4,20:00,,Regresar a Casa,,Su casa,,,,1412000010373,,home,,AUTOMÓVIL PARTICULAR,,90 → 40,,minutos:revision,,changed,,
7590,5,1409800012150,Mujeres,47,Empleado,,1,06:11,,Llevar o recoger a alguien,,Escuela,,Su casa,,home,,1409800010370,,A PIE,,15,,,,,,
7590,5,1409800012150,Mujeres,47,Empleado,,2,06:29,,Trabajar,,Fábrica o taller,,,,1409800010370,,141200001066A,,MI MACRO,,60,,,,,,
7590,5,1409800012150,Mujeres,47,Empleado,,3,18:23,,Pagar algún servicio o al banco,,"Comercio, mercado, tienda o centro comercial",,,,141200001066A,,home,,MI MACRO,,102 → 40,,minutos:revision,,changed,,
7590,5,1409800012150,Mujeres,47,Empleado,,4,20:02 → 20:05,20:02,Regresar a Casa,,Su casa,,,,home,,home,,A PIE,,20,,hora:llegada,,changed,,"Undécima revisión: la salida vuelve a las 20:02. La regla del 26 de septiembre de 2026 recorre a la llegada del viaje anterior la salida que la adelanta por 15 minutos o menos, y con los minutos de las reglas la llevaba a las 20:05; pero las decisiones ya tomadas sobre este día (chain_review_9) resolvieron ese traslape de otra forma y el viaje anterior llega a las 19:03, así que la salida registrada cabe y se conserva."
7614,1,1409709033908,Hombres,57,Empleado,,1,07:00,,Trabajar,,"Comercio, mercado, tienda o centro comercial",,Su casa,,home,,1409700010918,,A PIE,,10,,,,,,
7614,1,1409709033908,Hombres,57,Empleado,,2,07:00 → 07:10,19:00,Regresar a Casa,,Su casa,,,,1409700010918,,home,,A PIE,,10,,hora:llegada,,changed,,"Corrección AM/PM: se reporta 7:00 y por la secuencia del día corresponde a 19:00. El tipo de origen pasa de “Su casa” a “Comercio, mercado, tienda o centro comercial”; el origen se encadena con el destino del viaje 1 (Comercio, mercado, tienda o centro comercial en 1409700010918): la encuesta pregunta el tipo de origen una sola vez y lo repite en todos los renglones de la persona. [Undécima revisión: la decisión de chain_review se mantiene. Se tomó contra «07:00», que las reglas del 26 de septiembre de 2026 dan ahora como «07:10».]"
7614,1,1409709033908,Hombres,57,Empleado,,3,19:12,,Llevar o recoger a alguien,,Otra vivienda,,,,home,,1409801282875,,A PIE,,5,,,,,,
7614,1,1409709033908,Hombres,57,Empleado,,4,19:27,,Regresar a Casa,,Su casa,,,,1409801282875,,home,,A PIE,,5,,,,,,
7919,1,1412000011282,Hombres,59,Empleado,,1,07:00,,Trabajar,,Oficina,,Su casa,,home,,1412000010710,,AUTOMÓVIL PARTICULAR,,60 → 25,,minutos:revision,,changed,,
7919,1,1412000011282,Hombres,59,Empleado,,2,12:55,,Regresar a Casa,,Su casa,,,,1412000010710,,home,,AUTOMÓVIL PARTICULAR,,90 → 25,,minutos:revision,,changed,,
7919,1,1412000011282,Hombres,59,Empleado,,3,14:06,,Trabajar,,Oficina,,,,home,,1412000010710,,AUTOMÓVIL PARTICULAR,,60 → 25,,minutos:revision,,changed,,
7919,1,1412000011282,Hombres,59,Empleado,,4,17:00 → 17:06,17:00,Regresar a Casa,,Su casa,,,,1412000010710,,home,,AUTOMÓVIL PARTICULAR,,90 → 25,,hora:llegada;minutos:revision,,changed,,"Undécima revisión: la salida vuelve a las 17:00. La regla del 26 de septiembre de 2026 recorre a la llegada del viaje anterior la salida que la adelanta por 15 minutos o menos, y con los minutos de las reglas la llevaba a las 17:06; pero las decisiones ya tomadas sobre este día (chain_review_9) resolvieron ese traslape de otra forma y el viaje anterior llega a las 14:31, así que la salida registrada cabe y se conserva."
8108,2,1403900012376,Hombres,54,Empleado,,1,07:00,,Trabajar,,Otros (especifique),,Su casa,,home,,1403900011359,,AUTOMÓVIL PARTICULAR,,120 → 25,,minutos:revision,,changed,,
8108,2,1403900012376,Hombres,54,Empleado,,2,13:41,,Regresar a Casa,,Su casa,,,,1403900011359,,home,,AUTOMÓVIL PARTICULAR,,120 → 25,,minutos:revision,,changed,,
8108,2,1403900012376,Hombres,54,Empleado,,3,15:14,,Trabajar,,Otros (especifique),,,,home,,1403900011359,,AUTOMÓVIL PARTICULAR,,120 → 25,,minutos:revision,,changed,,
8108,2,1403900012376,Hombres,54,Empleado,,4,19:00 → 19:14,19:00,Regresar a Casa,,Su casa,,,,1403900011359,,home,,AUTOMÓVIL PARTICULAR,,120 → 25,,hora:llegada;minutos:revision,,changed,,"Undécima revisión: la salida vuelve a las 19:00. La regla del 26 de septiembre de 2026 recorre a la llegada del viaje anterior la salida que la adelanta por 15 minutos o menos, y con los minutos de las reglas la llevaba a las 19:14; pero las decisiones ya tomadas sobre este día (chain_review_9) resolvieron ese traslape de otra forma y el viaje anterior llega a las 15:39, así que la salida registrada cabe y se conserva."
8185,1,1403900014052,Hombres,30,Empleado,,1,07:00,,Trabajar,,Fábrica o taller,,Su casa,,home,,1412000010617,,AUTOMÓVIL PARTICULAR,,80 → 40,,minutos:revision,,changed,,
8185,1,1403900014052,Hombres,30,Empleado,,2,12:44,,Regresar a Casa,,Su casa,,,,1412000010617,,home,,AUTOMÓVIL PARTICULAR,,90 → 40,,minutos:revision,,changed,,
8185,1,1403900014052,Hombres,30,Empleado,,3,14:11 → 14:14,14:11,Trabajar,,Fábrica o taller,,,,home,,1412000010617,,AUTOMÓVIL PARTICULAR,,80 → 40,,hora:llegada;minutos:revision,,changed,,"Undécima revisión: la salida vuelve a las 14:11. La regla del 26 de septiembre de 2026 recorre a la llegada del viaje anterior la salida que la adelanta por 15 minutos o menos, y con los minutos de las reglas la llevaba a las 14:14; pero las decisiones ya tomadas sobre este día (chain_review_9) resolvieron ese traslape de otra forma y el viaje anterior llega a las 13:24, así que la salida registrada cabe y se conserva."
8185,1,1403900014052,Hombres,30,Empleado,,4,17:30,,Regresar a Casa,,Su casa,,,,1412000010617,,home,,AUTOMÓVIL PARTICULAR,,90 → 40,,minutos:revision,,changed,,
8185,1,1403900014052,Hombres,30,Empleado,,5,19:10,,"Compras (bienes, productos y servicios)",,"Comercio, mercado, tienda o centro comercial",,,,home,,1403900012709,,A PIE,,13,,,,,,
8185,1,1403900014052,Hombres,30,Empleado,,6,19:33,,Regresar a Casa,,Su casa,,,,1403900012709,,home,,A PIE,,13,,,,,,
8320,1,1412000014465,Mujeres,68,Hogar,,1,14:00,,Pagar algún servicio o al banco,,"Comercio, mercado, tienda o centro comercial",,Su casa,,home,,141200001066A,,Taxi plataforma (Uber/Didi),,25,,,,,,
8320,1,1412000014465,Mujeres,68,Hogar,,2,17:30,,Regresar a Casa,,Su casa,,,,141200001066A,,home,,Taxi plataforma (Uber/Didi),,40 → 20,,minutos:revision,,changed,,
8320,1,1412000014465,Mujeres,68,Hogar,,3,18:02 → 18:10,18:02,"Compras (bienes, productos y servicios)",,"Comercio, mercado, tienda o centro comercial",,,,home,,1412000010706,,A PIE,,5,,hora:llegada,,changed,,"Undécima revisión: la salida vuelve a las 18:02. La regla del 26 de septiembre de 2026 recorre a la llegada del viaje anterior la salida que la adelanta por 15 minutos o menos, y con los minutos de las reglas la llevaba a las 18:10; pero las decisiones ya tomadas sobre este día (chain_review_9) resolvieron ese traslape de otra forma y el viaje anterior llega a las 17:50, así que la salida registrada cabe y se conserva."
8320,1,1412000014465,Mujeres,68,Hogar,,4,18:16,,Regresar a Casa,,Su casa,,,,1412000010706,,home,,A PIE,,5,,,,,,
8590,3,1412000012473,Hombres,39,Trabajador independiente,,1,07:30,,Trabajar,,Oficina,,Su casa,,home,,1412000010405,,AUTOMÓVIL PARTICULAR,,90 → 45,,minutos:revision,,changed,,
8590,3,1412000012473,Hombres,39,Trabajador independiente,,2,13:34,,Regresar a Casa,,Su casa,,,,1412000010405,,home,,AUTOMÓVIL PARTICULAR,,90 → 45,,minutos:revision,,changed,,
8590,3,1412000012473,Hombres,39,Trabajador independiente,,3,15:02 → 15:04,15:02,Trabajar,,Oficina,,,,home,,1412000010405,,AUTOMÓVIL PARTICULAR,,90 → 45,,hora:llegada;minutos:revision,,changed,,"Undécima revisión: la salida vuelve a las 15:02. La regla del 26 de septiembre de 2026 recorre a la llegada del viaje anterior la salida que la adelanta por 15 minutos o menos, y con los minutos de las reglas la llevaba a las 15:04; pero las decisiones ya tomadas sobre este día (chain_review_9) resolvieron ese traslape de otra forma y el viaje anterior llega a las 14:19, así que la salida registrada cabe y se conserva."
8590,3,1412000012473,Hombres,39,Trabajador independiente,,4,19:00,,Regresar a Casa,,Su casa,,,,1412000010405,,home,,AUTOMÓVIL PARTICULAR,,90 → 45,,minutos:revision,,changed,,
8590,5,1412000012473,Hombres,34,Empleado,,1,07:30,,Trabajar,,Oficina,,Su casa,,home,,1409700010918,,AUTOMÓVIL PARTICULAR,,90 → 45,,minutos:revision,,changed,,
8590,5,1412000012473,Hombres,34,Empleado,,2,13:41,,Regresar a Casa,,Su casa,,,,1409700010918,,home,,AUTOMÓVIL PARTICULAR,,90 → 45,,minutos:revision,,changed,,
8590,5,1412000012473,Hombres,34,Empleado,,3,15:01 → 15:11,15:01,Trabajar,,Oficina,,,,home,,1409700010918,,AUTOMÓVIL PARTICULAR,,90 → 45,,hora:llegada;minutos:revision,,changed,,"Undécima revisión: la salida vuelve a las 15:01. La regla del 26 de septiembre de 2026 recorre a la llegada del viaje anterior la salida que la adelanta por 15 minutos o menos, y con los minutos de las reglas la llevaba a las 15:11; pero las decisiones ya tomadas sobre este día (chain_review_9) resolvieron ese traslape de otra forma y el viaje anterior llega a las 14:26, así que la salida registrada cabe y se conserva."
8590,5,1412000012473,Hombres,34,Empleado,,4,18:00,,Regresar a Casa,,Su casa,,,,1409700010918,,home,,AUTOMÓVIL PARTICULAR,,90 → 45,,minutos:revision,,changed,,
8635,2,1403900013336,Hombres,49,Trabajador independiente,,1,07:00,,Trabajar,,Otra vivienda,,Su casa,,home,,1412400010175,,AUTOMÓVIL PARTICULAR,,100,,,,,,
8635,2,1403900013336,Hombres,49,Trabajador independiente,,2,11:32,,Regresar a Casa,,Su casa,,,,1412400010175,,home,,AUTOMÓVIL PARTICULAR,,120 → 60,,minutos:revision,,changed,,
8635,2,1403900013336,Hombres,49,Trabajador independiente,,3,13:18 → 13:32,13:18,Trabajar,,Otra vivienda,,,,home,,1412400010175,,AUTOMÓVIL PARTICULAR,,100,,hora:llegada,,changed,,"Undécima revisión: la salida vuelve a las 13:18. La regla del 26 de septiembre de 2026 recorre a la llegada del viaje anterior la salida que la adelanta por 15 minutos o menos, y con los minutos de las reglas la llevaba a las 13:32; pero las decisiones ya tomadas sobre este día (chain_review_9) resolvieron ese traslape de otra forma y el viaje anterior llega a las 12:32, así que la salida registrada cabe y se conserva."
8635,2,1403900013336,Hombres,49,Trabajador independiente,,4,15:00 → 15:12,15:00,Regresar a Casa,,Su casa,,,,1412400010175,,home,,AUTOMÓVIL PARTICULAR,,120 → 60,,hora:llegada;minutos:revision,,changed,,"Undécima revisión: la salida vuelve a las 15:00. La regla del 26 de septiembre de 2026 recorre a la llegada del viaje anterior la salida que la adelanta por 15 minutos o menos, y con los minutos de las reglas la llevaba a las 15:12; pero las decisiones ya tomadas sobre este día (chain_review_9) resolvieron ese traslape de otra forma y el viaje anterior llega a las 14:58, así que la salida registrada cabe y se conserva."
8700,1,1412000015340,Mujeres,33,Empleado,,1,07:00,,Trabajar,,Oficina,,Su casa,,home,,1412000013147,,AUTOMÓVIL PARTICULAR,,45,,,,,,
8700,1,1412000015340,Mujeres,33,Empleado,,2,16:30,,Pagar algún servicio o al banco,,"Comercio, mercado, tienda o centro comercial",,,,1412000013147,,1412000013147,,AUTOMÓVIL PARTICULAR,,15,,,,,,
8700,1,1412000015340,Mujeres,33,Empleado,,3,17:30,,Regresar a Casa,,Su casa,,,,1412000013147,,home,,AUTOMÓVIL PARTICULAR,,50 → 25,,minutos:revision,,changed,,
8700,1,1412000015340,Mujeres,33,Empleado,,4,18:19 → 18:20,18:19,"Compras (bienes, productos y servicios)",,"Comercio, mercado, tienda o centro comercial",,,,home,,1412000015444,,A PIE,,12,,hora:llegada,,changed,,"Undécima revisión: la salida vuelve a las 18:19. La regla del 26 de septiembre de 2026 recorre a la llegada del viaje anterior la salida que la adelanta por 15 minutos o menos, y con los minutos de las reglas la llevaba a las 18:20; pero las decisiones ya tomadas sobre este día (chain_review_9) resolvieron ese traslape de otra forma y el viaje anterior llega a las 17:55, así que la salida registrada cabe y se conserva."
8700,1,1412000015340,Mujeres,33,Empleado,,5,18:32,,Regresar a Casa,,Su casa,,,,1412000015444,,home,,A PIE,,12,,,,,,
8709,2,1412000017366,Hombres,28,Trabajador independiente,,1,08:30,,Trabajar,,Otros (especifique),,Su casa,,home,,1409700010918,,AUTOMÓVIL PARTICULAR,,90 → 45,,minutos:revision,,changed,,
8709,2,1412000017366,Hombres,28,Trabajador independiente,,2,14:33,,Regresar a Casa,,Su casa,,,,1409700010918,,home,,AUTOMÓVIL PARTICULAR,,120 → 45,,minutos:revision,,changed,,
8709,2,1412000017366,Hombres,28,Trabajador independiente,,3,16:27 → 16:33,16:27,Trabajar,,Otros (especifique),,,,home,,1409700010918,,AUTOMÓVIL PARTICULAR,,90 → 45,,hora:llegada;minutos:revision,,changed,,"Undécima revisión: la salida vuelve a las 16:27. La regla del 26 de septiembre de 2026 recorre a la llegada del viaje anterior la salida que la adelanta por 15 minutos o menos, y con los minutos de las reglas la llevaba a las 16:33; pero las decisiones ya tomadas sobre este día (chain_review_9) resolvieron ese traslape de otra forma y el viaje anterior llega a las 15:18, así que la salida registrada cabe y se conserva."
8709,2,1412000017366,Hombres,28,Trabajador independiente,,4,19:00,,Regresar a Casa,,Su casa,,,,1409700010918,,home,,AUTOMÓVIL PARTICULAR,,120 → 45,,minutos:revision,,changed,,
8746,5,1412000015340,Mujeres,21,Estudiante,,1,08:14,,Compras (comida),,"Comercio, mercado, tienda o centro comercial",,Su casa,,home,,1412000012327,,A PIE,,11,,,,,,
8746,5,1412000015340,Mujeres,21,Estudiante,,2,08:27,,Regresar a Casa,,Su casa,,,,1412000012327,,home,,A PIE,,11,,,,,,
8746,5,1412000015340,Mujeres,21,Estudiante,,3,18:30 → 08:38,08:41,Estudiar,,Escuela,,,,home,,1403900013919,,AUTOMÓVIL PARTICULAR,,60,,hora:-10h;hora:llegada,,changed,,"La hora de salida pasa de 08:30 a 8:41 para que el viaje ocurra después de la llegada del anterior. [Undécima revisión: la decisión de chain_review se mantiene. Se tomó contra «08:30», que las reglas del 26 de septiembre de 2026 dan ahora como «08:38».]"
8746,5,1412000015340,Mujeres,21,Estudiante,,4,15:00,,Regresar a Casa,,Su casa,,,,1403900013919,,home,,AUTOMÓVIL PARTICULAR,,60,,,,,,
8915,4,1409800012574,Mujeres,6,Estudiante,yes,1,13:32 → 01:32,,Estudiar,,Escuela,,Su casa,,home,,1409800010370,,A PIE,,20,,hora:revision,hora_madrugada,changed,,
8915,4,1409800012574,Mujeres,6,Estudiante,yes,2,18:22 → 08:22,,Regresar a Casa,,Su casa,,,,1409800010370,,home,,A PIE,,20,,hora:revision,,changed,,
8915,4,1409800012574,Mujeres,6,Estudiante,yes,3,18:05,,Deportes o recreación,,"Comercio, mercado, tienda o centro comercial",,,,home,,1409800011928,,MOTOCICLETA,,7,,,,,,
8915,4,1409800012574,Mujeres,6,Estudiante,yes,4,20:03 → 20:12,20:03,Regresar a Casa,,Su casa,,,,1409800011928,,home,,MOTOCICLETA,,7,,hora:llegada,,changed,,"Undécima revisión: la salida vuelve a las 20:03. La regla del 26 de septiembre de 2026 recorre a la llegada del viaje anterior la salida que la adelanta por 15 minutos o menos, y con los minutos de las reglas la llevaba a las 20:12; pero las decisiones ya tomadas sobre este día (chain_review) resolvieron ese traslape de otra forma y el viaje anterior llega a las 18:12, así que la salida registrada cabe y se conserva."
9152,6,1412000013611,Mujeres,26,Empleado,,1,09:06,,Trabajar,,Otros (especifique),,Su casa,,home,,1412000012416,,CAMIÓN O AUTOBÚS,,90 → 40,,minutos:revision,,changed,,
9152,6,1412000013611,Mujeres,26,Empleado,,2,14:31,,Regresar a Casa,,Su casa,,,,1412000012416,,home,,CAMIÓN O AUTOBÚS,,90 → 40,,minutos:revision,,changed,,
9152,6,1412000013611,Mujeres,26,Empleado,,3,16:47,,Trabajar,,Otros (especifique),,,,home,,1412000012416,,CAMIÓN O AUTOBÚS,,90 → 40,,minutos:revision,,changed,,
9152,6,1412000013611,Mujeres,26,Empleado,,4,18:04 → 18:17,18:04,Regresar a Casa,,Su casa,,,,1412000012416,,home,,CAMIÓN O AUTOBÚS,,90 → 40,,hora:llegada;minutos:revision,,changed,,"Undécima revisión: la salida vuelve a las 18:04. La regla del 26 de septiembre de 2026 recorre a la llegada del viaje anterior la salida que la adelanta por 15 minutos o menos, y con los minutos de las reglas la llevaba a las 18:17; pero las decisiones ya tomadas sobre este día (chain_review_9) resolvieron ese traslape de otra forma y el viaje anterior llega a las 17:27, así que la salida registrada cabe y se conserva."
9245,4,1412000014658,Hombres,22,Empleado,,1,20:00 → 08:00,,Trabajar,,Otra vivienda,,Su casa,,home,,141200001454A,,A PIE,,1,,hora:revision,,changed,,
9245,4,1412000014658,Hombres,22,Empleado,,2,18:00 → 20:01,18:00,Regresar a Casa,,Su casa,,,,141200001454A,,home,,A PIE,,1,,hora:-10h+12h;hora:llegada,,changed,,"Vuelve a la hora registrada (18:00), el fin del turno de día. [Undécima revisión: la decisión de chain_review_2 se mantiene. Se tomó contra «20:00», que las reglas del 26 de septiembre de 2026 dan ahora como «20:01».]"
9266,3,1412000012312,Mujeres,24,Empleado,,1,05:00,,Trabajar,,"Hospital, clínica, consultorio, laboratorio clínico",,Su casa,,home,,140390001101A,,AUTOMÓVIL PARTICULAR,,95 → 45,,minutos:revision,,changed,,
9266,3,1412000012312,Mujeres,24,Empleado,,2,14:48,,Regresar a Casa,,Su casa,,,,140390001101A,,home,,AUTOMÓVIL PARTICULAR,,95 → 45,,minutos:revision,,changed,,
9266,3,1412000012312,Mujeres,24,Empleado,,3,16:15 → 16:23,16:15,Trabajar,,"Hospital, clínica, consultorio, laboratorio clínico",,,,home,,140390001101A,,AUTOMÓVIL PARTICULAR,,95 → 45,,hora:llegada;minutos:revision,,changed,,"Undécima revisión: la salida vuelve a las 16:15. La regla del 26 de septiembre de 2026 recorre a la llegada del viaje anterior la salida que la adelanta por 15 minutos o menos, y con los minutos de las reglas la llevaba a las 16:23; pero las decisiones ya tomadas sobre este día (chain_review_9) resolvieron ese traslape de otra forma y el viaje anterior llega a las 15:33, así que la salida registrada cabe y se conserva."
9266,3,1412000012312,Mujeres,24,Empleado,,4,20:00,,Regresar a Casa,,Su casa,,,,140390001101A,,home,,AUTOMÓVIL PARTICULAR,,95 → 45,,minutos:revision,,changed,,
9322,1,1412000012312,Hombres,57,Empleado,,1,04:10,,Trabajar,,Fábrica o taller,,Su casa,,home,,1403900011359,,AUTOMÓVIL PARTICULAR,,120 → 45,,minutos:revision,,changed,,
9322,1,1412000012312,Hombres,57,Empleado,,2,09:45,,Regresar a Casa,,Su casa,,,,1403900011359,,home,,AUTOMÓVIL PARTICULAR,,120 → 45,,minutos:revision,,changed,,
9322,1,1412000012312,Hombres,57,Empleado,,3,11:10,,Trabajar,,Fábrica o taller,,,,home,,1403900011359,,AUTOMÓVIL PARTICULAR,,120 → 45,,minutos:revision,,changed,,
9322,1,1412000012312,Hombres,57,Empleado,,4,14:30,,Regresar a Casa,,Su casa,,,,1403900011359,,home,,AUTOMÓVIL PARTICULAR,,120 → 45,,minutos:revision,,changed,,
9322,1,1412000012312,Hombres,57,Empleado,,5,18:18 → 18:30,18:18,Deportes o recreación,,Centro cultural o área recreativa,,,,home,,home,,A PIE,,7,,hora:llegada,,changed,,"Undécima revisión: la salida vuelve a las 18:18. La regla del 26 de septiembre de 2026 recorre a la llegada del viaje anterior la salida que la adelanta por 15 minutos o menos, y con los minutos de las reglas la llevaba a las 18:30; pero las decisiones ya tomadas sobre este día (chain_review_9) resolvieron ese traslape de otra forma y el viaje anterior llega a las 15:15, así que la salida registrada cabe y se conserva."
9322,1,1412000012312,Hombres,57,Empleado,,6,18:30 → 18:37,18:30,Regresar a Casa,,Su casa,,,,home,,home,,A PIE,,7,,hora:llegada,,changed,,"Undécima revisión: la salida vuelve a las 18:30. La regla del 26 de septiembre de 2026 recorre a la llegada del viaje anterior la salida que la adelanta por 15 minutos o menos, y con los minutos de las reglas la llevaba a las 18:37; pero las decisiones ya tomadas sobre este día (chain_review_9) resolvieron ese traslape de otra forma y el viaje anterior llega a las 18:25, así que la salida registrada cabe y se conserva."
9363,2,1412000014677,Mujeres,54,Hogar,,1,15:00 → 05:00,,Trabajar,,Otra vivienda,,Su casa,,home,,1412000012384,,AUTOMÓVIL PARTICULAR,,20,,hora:-10h,,changed,,
9363,2,1412000014677,Mujeres,54,Hogar,,2,14:55,,Regresar a Casa,,Su casa,,,,1412000012384,,home,,AUTOMÓVIL PARTICULAR,,20,,,,,,
9363,2,1412000014677,Mujeres,54,Hogar,,3,16:24,,Trabajar,,Otra vivienda,,,,home,,1412000012384,,AUTOMÓVIL PARTICULAR,,20,,,,,,
9363,2,1412000014677,Mujeres,54,Hogar,,4,16:30 → 16:44,18:30,Regresar a Casa,,Su casa,,,,1412000012384,,home,,AUTOMÓVIL PARTICULAR,,20,,hora:llegada,,changed,,"Desfase de dos horas al capturar: 16:30 se lee como 18:30. El tipo de origen pasa de “Su casa” a “Otra vivienda”; el origen se encadena con el destino del viaje 3 (Otra vivienda en 1412000012384): la encuesta pregunta el tipo de origen una sola vez y lo repite en todos los renglones de la persona. [Undécima revisión: la decisión de chain_review se mantiene. Se tomó contra «16:30», que las reglas del 26 de septiembre de 2026 dan ahora como «16:44».]"
9417,4,1409700250477,Hombres,33,Empleado,,1,20:00 → 08:00,,Trabajar,,Fábrica o taller,,Su casa,,home,,1409700250797,,AUTOMÓVIL PARTICULAR,,10,,hora:revision,,changed,,
9417,4,1409700250477,Hombres,33,Empleado,,2,18:00 → 20:10,18:00,Regresar a Casa,,Su casa,,,,1409700250797,,home,,AUTOMÓVIL PARTICULAR,,10,,hora:-10h+12h;hora:llegada,,changed,,"Vuelve a la hora registrada (18:00), el fin del turno de día. [Undécima revisión: la decisión de chain_review_2 se mantiene. Se tomó contra «20:00», que las reglas del 26 de septiembre de 2026 dan ahora como «20:10».]"
9502,2,1409700340388,Hombres,69,Trabajador independiente,,1,05:00,,Trabajar,,Otra vivienda,,Su casa,,home,,999990006,,AUTOMÓVIL PARTICULAR,,120,,,,,,
9502,2,1409700340388,Hombres,69,Trabajador independiente,,2,12:30,,Regresar a Casa,,Su casa,,,,999990006,,home,,AUTOMÓVIL PARTICULAR,,120,,,,,,
9502,2,1409700340388,Hombres,69,Trabajador independiente,,3,14:10 → 14:30,,Trabajar,,Otra vivienda,,,,home,,999990006,,AUTOMÓVIL PARTICULAR,,120,,hora:revision,,changed,,
9502,2,1409700340388,Hombres,69,Trabajador independiente,,4,18:00 → 18:10,18:00,Regresar a Casa,,Su casa,,,,999990006,,home,,AUTOMÓVIL PARTICULAR,,120,,hora:llegada,,changed,,"Undécima revisión: la salida vuelve a las 18:00. La regla del 26 de septiembre de 2026 recorre a la llegada del viaje anterior la salida que la adelanta por 15 minutos o menos, y con los minutos de las reglas la llevaba a las 18:10; pero las decisiones ya tomadas sobre este día (chain_review) resolvieron ese traslape de otra forma y el viaje anterior llega a las 16:30, así que la salida registrada cabe y se conserva."
9516,2,1409700201013,Hombres,49,Empleado,,1,08:00,,Trabajar,,"Hospital, clínica, consultorio, laboratorio clínico",,Su casa,,home,,140390001101A,,AUTOMÓVIL PARTICULAR,,90 → 45,,minutos:revision,,changed,,
9516,2,1409700201013,Hombres,49,Empleado,,2,15:52,,Regresar a Casa,,Su casa,,,,140390001101A,,home,,AUTOMÓVIL PARTICULAR,,90 → 45,,minutos:revision,,changed,,
9516,2,1409700201013,Hombres,49,Empleado,,3,17:19 → 17:22,17:19,Trabajar,,"Hospital, clínica, consultorio, laboratorio clínico",,,,home,,140390001101A,,AUTOMÓVIL PARTICULAR,,90 → 45,,hora:llegada;minutos:revision,,changed,,"Undécima revisión: la salida vuelve a las 17:19. La regla del 26 de septiembre de 2026 recorre a la llegada del viaje anterior la salida que la adelanta por 15 minutos o menos, y con los minutos de las reglas la llevaba a las 17:22; pero las decisiones ya tomadas sobre este día (chain_review_9) resolvieron ese traslape de otra forma y el viaje anterior llega a las 16:37, así que la salida registrada cabe y se conserva."
9516,2,1409700201013,Hombres,49,Empleado,,4,21:00,,Regresar a Casa,,Su casa,,,,140390001101A,,home,,AUTOMÓVIL PARTICULAR,,90 → 45,,minutos:revision,,changed,,
9610,4,1409700340250,Hombres,14,Empleado,,1,06:00,,Trabajar,,Fábrica o taller,,Su casa,,home,,1409700342505,,A PIE,,15,,,,,,
9610,4,1409700340250,Hombres,14,Empleado,,2,16:02 → 06:15,06:17,Regresar a Casa,,Su casa,,,,1409700342505,,home,,A PIE,,15,,hora:-10h;hora:llegada,,changed,,"La hora de salida pasa de 06:02 a 6:17 para que el viaje ocurra después de la llegada del anterior. El tipo de origen pasa de “Su casa” a “Fábrica o taller”; el origen se encadena con el destino del viaje 1 (Fábrica o taller en 1409700342505): la encuesta pregunta el tipo de origen una sola vez y lo repite en todos los renglones de la persona. [Undécima revisión: la decisión de chain_review se mantiene. Se tomó contra «06:02», que las reglas del 26 de septiembre de 2026 dan ahora como «06:15».]"
9610,4,1409700340250,Hombres,14,Empleado,,3,16:00,,Visitar a alguien,,Otra vivienda,,,,home,,home,,A PIE,,10,,,,,,
9610,4,1409700340250,Hombres,14,Empleado,,4,18:25,,Regresar a Casa,,Su casa,,,,home,,home,,A PIE,,10,,,,,,
9758,1,140970104,Mujeres,51,Hogar,,1,09:00,,"Compras (bienes, productos y servicios)",,"Comercio, mercado, tienda o centro comercial",,Su casa,,home,,1409704240443,,AUTOMÓVIL PARTICULAR,,40,,,,,,
9758,1,140970104,Mujeres,51,Hogar,,2,12:00,,Compras (comida),,"Comercio, mercado, tienda o centro comercial",,,,1409704240443,,1409704241776,,AUTOMÓVIL PARTICULAR,,10,,,,,,
9758,1,140970104,Mujeres,51,Hogar,,3,13:30,,Pagar algún servicio o al banco,,"Comercio, mercado, tienda o centro comercial",,,,1409704241776,,1409700201013,,AUTOMÓVIL PARTICULAR,,35 → 15,,minutos:revision,,changed,,
9758,1,140970104,Mujeres,51,Hogar,,4,14:00 → 14:05,14:00,Regresar a Casa,,Su casa,,,,1409700201013,,home,,AUTOMÓVIL PARTICULAR,,60,,hora:llegada,,changed,,"Undécima revisión: la salida vuelve a las 14:00. La regla del 26 de septiembre de 2026 recorre a la llegada del viaje anterior la salida que la adelanta por 15 minutos o menos, y con los minutos de las reglas la llevaba a las 14:05; pero las decisiones ya tomadas sobre este día (chain_review_9) resolvieron ese traslape de otra forma y el viaje anterior llega a las 13:45, así que la salida registrada cabe y se conserva."
9944,1,1409700010918,Hombres,29,Empleado,,1,05:30,,Trabajar,,Fábrica o taller,,Su casa,,home,,1409800011256,,AUTOMÓVIL PARTICULAR,,90 → 45,,minutos:revision,,changed,,
9944,1,1409700010918,Hombres,29,Empleado,,2,12:31,,Regresar a Casa,,Su casa,,,,1409800011256,,home,,AUTOMÓVIL PARTICULAR,,120 → 45,,minutos:revision,,changed,,
9944,1,1409700010918,Hombres,29,Empleado,,3,14:24 → 14:31,14:24,Trabajar,,Fábrica o taller,,,,home,,1409800011256,,AUTOMÓVIL PARTICULAR,,90 → 45,,hora:llegada;minutos:revision,,changed,,"Undécima revisión: la salida vuelve a las 14:24. La regla del 26 de septiembre de 2026 recorre a la llegada del viaje anterior la salida que la adelanta por 15 minutos o menos, y con los minutos de las reglas la llevaba a las 14:31; pero las decisiones ya tomadas sobre este día (chain_review_9) resolvieron ese traslape de otra forma y el viaje anterior llega a las 13:16, así que la salida registrada cabe y se conserva."
9944,1,1409700010918,Hombres,29,Empleado,,4,18:00,,Regresar a Casa,,Su casa,,,,1409800011256,,home,,AUTOMÓVIL PARTICULAR,,120 → 45,,minutos:revision,,changed,,
10153,1,1409700010922,Hombres,62,Empleado,,1,07:00,,Trabajar,,Oficina,,Su casa,,home,,1412000010706,,AUTOMÓVIL PARTICULAR,,90 → 45,,minutos:revision,,changed,,
10153,1,1409700010922,Hombres,62,Empleado,,2,12:45,,Regresar a Casa,,Su casa,,,,1412000010706,,home,,AUTOMÓVIL PARTICULAR,,90 → 45,,minutos:revision,,changed,,
10153,1,1409700010922,Hombres,62,Empleado,,3,14:04 → 14:15,14:04,Trabajar,,Oficina,,,,home,,1412000010706,,AUTOMÓVIL PARTICULAR,,90 → 45,,hora:llegada;minutos:revision,,changed,,"Undécima revisión: la salida vuelve a las 14:04. La regla del 26 de septiembre de 2026 recorre a la llegada del viaje anterior la salida que la adelanta por 15 minutos o menos, y con los minutos de las reglas la llevaba a las 14:15; pero las decisiones ya tomadas sobre este día (chain_review_9) resolvieron ese traslape de otra forma y el viaje anterior llega a las 13:30, así que la salida registrada cabe y se conserva."
10153,1,1409700010922,Hombres,62,Empleado,,4,17:00,,Regresar a Casa,,Su casa,,,,1412000010706,,home,,AUTOMÓVIL PARTICULAR,,90 → 45,,minutos:revision,,changed,,
10324,1,1409708352721,Hombres,22,Empleado,,1,07:00,,Trabajar,,"Comercio, mercado, tienda o centro comercial",,Su casa,,home,,1409800011928,,AUTOMÓVIL PARTICULAR,,80,,,,,,
10324,1,1409708352721,Hombres,22,Empleado,,2,13:34,,Regresar a Casa,,Su casa,,,,1409800011928,,home,,AUTOMÓVIL PARTICULAR,,90 → 45,,minutos:revision,,changed,,
10324,1,1409708352721,Hombres,22,Empleado,,3,15:01 → 15:04,15:01,Trabajar,,"Comercio, mercado, tienda o centro comercial",,,,home,,1409800011928,,AUTOMÓVIL PARTICULAR,,80,,hora:llegada,,changed,,"Undécima revisión: la salida vuelve a las 15:01. La regla del 26 de septiembre de 2026 recorre a la llegada del viaje anterior la salida que la adelanta por 15 minutos o menos, y con los minutos de las reglas la llevaba a las 15:04; pero las decisiones ya tomadas sobre este día (chain_review_9) resolvieron ese traslape de otra forma y el viaje anterior llega a las 14:19, así que la salida registrada cabe y se conserva."
10324,1,1409708352721,Hombres,22,Empleado,,4,18:00,,Regresar a Casa,,Su casa,,,,1409800011928,,home,,AUTOMÓVIL PARTICULAR,,90 → 45,,minutos:revision,,changed,,
10351,3,1409700012115,Hombres,26,Empleado,,1,07:30,,Trabajar,,Fábrica o taller,,Su casa,,home,,1412000011009,,AUTOMÓVIL PARTICULAR,,90,,,,,,
10351,3,1409700012115,Hombres,26,Empleado,,2,13:35,,Regresar a Casa,,Su casa,,,,1412000011009,,home,,AUTOMÓVIL PARTICULAR,,120,,,,,,
10351,3,1409700012115,Hombres,26,Empleado,,3,15:13 → 17:13,,Trabajar,,Fábrica o taller,,,,home,,1412000011009,,AUTOMÓVIL PARTICULAR,,90,,hora:-10h+12h,,changed,,
10351,3,1409700012115,Hombres,26,Empleado,,4,18:30 → 18:43,20:30,Regresar a Casa,,Su casa,,,,1412000011009,,home,,AUTOMÓVIL PARTICULAR,,120,,hora:llegada,,changed,,"Desfase de dos horas al capturar: 18:30 se lee como 20:30. El tipo de origen pasa de “Su casa” a “Fábrica o taller”; el origen se encadena con el destino del viaje 3 (Fábrica o taller en 1412000011009): la encuesta pregunta el tipo de origen una sola vez y lo repite en todos los renglones de la persona. [Undécima revisión: la decisión de chain_review se mantiene. Se tomó contra «18:30», que las reglas del 26 de septiembre de 2026 dan ahora como «18:43».]"
10356,1,1409704393895,Hombres,25,Empleado,,1,06:00,,Trabajar,,Fábrica o taller,,Su casa,,home,,1409700342505,,Transporte de personal,,80 → 40,,minutos:revision,,changed,,
10356,1,1409704393895,Hombres,25,Empleado,,2,17:00,,Regresar a Casa,,Su casa,,,,1409700342505,,home,,Transporte de personal,,90 → 40,,minutos:revision,,changed,,
10356,1,1409704393895,Hombres,25,Empleado,,3,18:19 → 18:30,18:19,Deportes o recreación,,Centro cultural o área recreativa,,,,home,,1409704393880,,A PIE,,7,,hora:llegada,,changed,,"Undécima revisión: la salida vuelve a las 18:19. La regla del 26 de septiembre de 2026 recorre a la llegada del viaje anterior la salida que la adelanta por 15 minutos o menos, y con los minutos de las reglas la llevaba a las 18:30; pero las decisiones ya tomadas sobre este día (chain_review_9) resolvieron ese traslape de otra forma y el viaje anterior llega a las 17:40, así que la salida registrada cabe y se conserva."
10356,1,1409704393895,Hombres,25,Empleado,,4,18:36 → 18:37,18:36,Regresar a Casa,,Su casa,,,,1409704393880,,home,,A PIE,,7,,hora:llegada,,changed,,"Undécima revisión: la salida vuelve a las 18:36. La regla del 26 de septiembre de 2026 recorre a la llegada del viaje anterior la salida que la adelanta por 15 minutos o menos, y con los minutos de las reglas la llevaba a las 18:37; pero las decisiones ya tomadas sobre este día (chain_review_9) resolvieron ese traslape de otra forma y el viaje anterior llega a las 18:26, así que la salida registrada cabe y se conserva."
10405,4,1409700012115,Hombres,8,Estudiante,,1,13:40,,Estudiar,,Escuela,,Su casa,,home,,1409700012098,,A PIE,,10,,,,,,
10405,4,1409700012115,Hombres,8,Estudiante,,2,18:20,,Regresar a Casa,,Su casa,,,,1409700012098,,home,,MOTOCICLETA,,3,,,,,,
10405,4,1409700012115,Hombres,8,Estudiante,,3,18:00 → 20:00,,Deportes o recreación,,Centro cultural o área recreativa,,,,home,,home,,A PIE,,5,,hora:-10h+12h,,changed,,
10405,4,1409700012115,Hombres,8,Estudiante,,4,20:00 → 20:05,22:00,Regresar a Casa,,Su casa,,,,home,,home,,A PIE,,5,,hora:llegada,,changed,,"Desfase de dos horas al capturar: 20:00 se lee como 22:00. El tipo de origen pasa de “Su casa” a “Centro cultural o área recreativa”; el origen se encadena con el destino del viaje 3 (Centro cultural o área recreativa en la zona del hogar): la encuesta pregunta el tipo de origen una sola vez y lo repite en todos los renglones de la persona. [Undécima revisión: la decisión de chain_review se mantiene. Se tomó contra «20:00», que las reglas del 26 de septiembre de 2026 dan ahora como «20:05».]"
10486,4,1409708432632,Mujeres,31,Patrón o empresario,,1,08:22,,Deportes o recreación,,Centro cultural o área recreativa,,Su casa,,home,,home,,A PIE,,7,,,,,,
10486,4,1409708432632,Mujeres,31,Patrón o empresario,,2,08:38,,Regresar a Casa,,Su casa,,,,home,,home,,A PIE,,7,,,,,,
10486,4,1409708432632,Mujeres,31,Patrón o empresario,,3,21:05 → 09:05,,Trabajar,,Otra vivienda,,,,home,,1409700010918,,AUTOMÓVIL PARTICULAR,,120 → 25,,hora:revision;minutos:revision,,changed,,
10486,4,1409708432632,Mujeres,31,Patrón o empresario,,4,20:30,,Regresar a Casa,,Su casa,,,,1409700010918,,home,,AUTOMÓVIL PARTICULAR,,120 → 25,,minutos:revision,,changed,,
10486,4,1409708432632,Mujeres,31,Patrón o empresario,,5,22:15 → 22:30,22:15,Trabajar,,Otra vivienda,,,,home,,1409700010918,,AUTOMÓVIL PARTICULAR,,120 → 25,,hora:llegada;minutos:revision,,changed,,"Undécima revisión: la salida vuelve a las 22:15. La regla del 26 de septiembre de 2026 recorre a la llegada del viaje anterior la salida que la adelanta por 15 minutos o menos, y con los minutos de las reglas la llevaba a las 22:30; pero las decisiones ya tomadas sobre este día (chain_review, chain_review_9) resolvieron ese traslape de otra forma y el viaje anterior llega a las 20:55, así que la salida registrada cabe y se conserva."
10486,4,1409708432632,Mujeres,31,Patrón o empresario,,6,23:06,,Regresar a Casa,,Su casa,,,,1409700010918,,home,,AUTOMÓVIL PARTICULAR,,120 → 25,,minutos:revision,,changed,,
10601,1,1409708432666,Hombres,40,Empleado,,1,05:00,,Trabajar,,Fábrica o taller,,Su casa,,home,,1409800010879,,AUTOMÓVIL PARTICULAR,,80,,,,,,
10601,1,1409708432666,Hombres,40,Empleado,,2,11:55,,Regresar a Casa,,Su casa,,,,1409800010879,,home,,AUTOMÓVIL PARTICULAR,,90 → 45,,minutos:revision,,changed,,
10601,1,1409708432666,Hombres,40,Empleado,,3,13:20 → 13:25,13:20,Trabajar,,Fábrica o taller,,,,home,,1409800010879,,AUTOMÓVIL PARTICULAR,,80,,hora:llegada,,changed,,"Undécima revisión: la salida vuelve a las 13:20. La regla del 26 de septiembre de 2026 recorre a la llegada del viaje anterior la salida que la adelanta por 15 minutos o menos, y con los minutos de las reglas la llevaba a las 13:25; pero las decisiones ya tomadas sobre este día (chain_review_9) resolvieron ese traslape de otra forma y el viaje anterior llega a las 12:40, así que la salida registrada cabe y se conserva."
10601,1,1409708432666,Hombres,40,Empleado,,4,16:00,,Regresar a Casa,,Su casa,,,,1409800010879,,home,,AUTOMÓVIL PARTICULAR,,90 → 45,,minutos:revision,,changed,,
10619,2,1409708432670,Hombres,37,Empleado,,1,07:00,,Trabajar,,Fábrica o taller,,Su casa,,home,,1412002314179,,AUTOMÓVIL PARTICULAR,,120 → 60,,minutos:revision,,changed,,
10619,2,1409708432670,Hombres,37,Empleado,,2,13:49,,Regresar a Casa,,Su casa,,,,1412002314179,,home,,AUTOMÓVIL PARTICULAR,,120 → 60,,minutos:revision,,changed,,
10619,2,1409708432670,Hombres,37,Empleado,,3,15:03,,Trabajar,,Fábrica o taller,,,,home,,1412002314179,,AUTOMÓVIL PARTICULAR,,120 → 60,,minutos:revision,,changed,,
10619,2,1409708432670,Hombres,37,Empleado,,4,19:00 → 19:03,19:00,Regresar a Casa,,Su casa,,,,1412002314179,,home,,AUTOMÓVIL PARTICULAR,,120 → 60,,hora:llegada;minutos:revision,,changed,,"Undécima revisión: la salida vuelve a las 19:00. La regla del 26 de septiembre de 2026 recorre a la llegada del viaje anterior la salida que la adelanta por 15 minutos o menos, y con los minutos de las reglas la llevaba a las 19:03; pero las decisiones ya tomadas sobre este día (chain_review_9) resolvieron ese traslape de otra forma y el viaje anterior llega a las 16:03, así que la salida registrada cabe y se conserva."
11078,1,141200001372A,Hombres,53,Empleado,,1,05:00,,Trabajar,,Fábrica o taller,,Su casa,,home,,1403900013923,,AUTOMÓVIL PARTICULAR,,90 → 25,,minutos:revision,,changed,,
11078,1,141200001372A,Hombres,53,Empleado,,2,11:53,,Regresar a Casa,,Su casa,,,,1403900013923,,home,,AUTOMÓVIL PARTICULAR,,90 → 25,,minutos:revision,,changed,,
11078,1,141200001372A,Hombres,53,Empleado,,3,13:13 → 13:23,13:13,Trabajar,,Fábrica o taller,,,,home,,1403900013923,,AUTOMÓVIL PARTICULAR,,90 → 25,,hora:llegada;minutos:revision,,changed,,"Undécima revisión: la salida vuelve a las 13:13. La regla del 26 de septiembre de 2026 recorre a la llegada del viaje anterior la salida que la adelanta por 15 minutos o menos, y con los minutos de las reglas la llevaba a las 13:23; pero las decisiones ya tomadas sobre este día (chain_review_9) resolvieron ese traslape de otra forma y el viaje anterior llega a las 12:18, así que la salida registrada cabe y se conserva."
11078,1,141200001372A,Hombres,53,Empleado,,4,17:00,,Regresar a Casa,,Su casa,,,,1403900013923,,home,,AUTOMÓVIL PARTICULAR,,90 → 25,,minutos:revision,,changed,,
11315,2,1412000013861,Hombres,46,Empleado,,1,07:18,,Compras (comida),,"Comercio, mercado, tienda o centro comercial",,Su casa,,home,,1412000015158,,A PIE,,11,,,,,,
11315,2,1412000013861,Hombres,46,Empleado,,2,07:30,,Regresar a Casa,,Su casa,,,,1412000015158,,home,,A PIE,,11,,,,,,
11315,2,1412000013861,Hombres,46,Empleado,,3,20:00,,Trabajar,,Otra vivienda,,,,home,,home,,A PIE,,15,,,,,,
11315,2,1412000013861,Hombres,46,Empleado,,4,18:00 → 20:15,06:00,Regresar a Casa,,Su casa,,,,home,,home,,A PIE,,15,,hora:-10h+12h;hora:llegada,,changed,,"Error de dígito en la hora: se reporta 20:00 y la cadena solo cierra con 6:00. El tipo de origen pasa de “Su casa” a “Otra vivienda”; el origen se encadena con el destino del viaje 3 (Otra vivienda en la zona del hogar): la encuesta pregunta el tipo de origen una sola vez y lo repite en todos los renglones de la persona. [Undécima revisión: la decisión de chain_review se mantiene. Se tomó contra «20:00», que las reglas del 26 de septiembre de 2026 dan ahora como «20:15».]"
11446,1,1412000016508,Hombres,48,Empleado,,1,06:30,,Trabajar,,Oficina,,Su casa,,home,,140390001158A,,AUTOMÓVIL PARTICULAR,,90 → 40,,minutos:revision,,changed,,
11446,1,1412000016508,Hombres,48,Empleado,,2,11:50,,Regresar a Casa,,Su casa,,,,140390001158A,,home,,AUTOMÓVIL PARTICULAR,,90 → 40,,minutos:revision,,changed,,
11446,1,1412000016508,Hombres,48,Empleado,,3,13:19 → 13:20,13:19,Trabajar,,Oficina,,,,home,,140390001158A,,AUTOMÓVIL PARTICULAR,,90 → 40,,hora:llegada;minutos:revision,,changed,,"Undécima revisión: la salida vuelve a las 13:19. La regla del 26 de septiembre de 2026 recorre a la llegada del viaje anterior la salida que la adelanta por 15 minutos o menos, y con los minutos de las reglas la llevaba a las 13:20; pero las decisiones ya tomadas sobre este día (chain_review_9) resolvieron ese traslape de otra forma y el viaje anterior llega a las 12:30, así que la salida registrada cabe y se conserva."
11446,1,1412000016508,Hombres,48,Empleado,,4,16:00,,Regresar a Casa,,Su casa,,,,140390001158A,,home,,AUTOMÓVIL PARTICULAR,,90 → 40,,minutos:revision,,changed,,
11671,1,1412000016071,Hombres,67,,,1,10:00,,Pagar algún servicio o al banco,,Oficina,,Su casa,,home,,1412000014198,,AUTOMÓVIL PARTICULAR,,60 → 25,,minutos:revision,,changed,,
11671,1,1412000016071,Hombres,67,,,2,17:00,,Regresar a Casa,,Su casa,,,,1412000014198,,home,,AUTOMÓVIL PARTICULAR,,90 → 25,,minutos:revision,,changed,,
11671,1,1412000016071,Hombres,67,,,3,18:23 → 18:30,18:23,Compras (comida),,"Comercio, mercado, tienda o centro comercial",,,,home,,1412000013448,,A PIE,,13,,hora:llegada,,changed,,"Undécima revisión: la salida vuelve a las 18:23. La regla del 26 de septiembre de 2026 recorre a la llegada del viaje anterior la salida que la adelanta por 15 minutos o menos, y con los minutos de las reglas la llevaba a las 18:30; pero las decisiones ya tomadas sobre este día (chain_review_9) resolvieron ese traslape de otra forma y el viaje anterior llega a las 17:25, así que la salida registrada cabe y se conserva."
11671,1,1412000016071,Hombres,67,,,4,18:45,,Regresar a Casa,,Su casa,,,,1412000013448,,home,,A PIE,,13,,,,,,
11731,2,1412000013448,Mujeres,48,Empleado,,1,07:00,,Trabajar,,Oficina,,Su casa,,home,,1403900010365,,AUTOMÓVIL PARTICULAR,,60 → 30,,minutos:revision,,changed,,
11731,2,1412000013448,Mujeres,48,Empleado,,2,13:55,,Regresar a Casa,,Su casa,,,,1403900010365,,home,,AUTOMÓVIL PARTICULAR,,90 → 30,,minutos:revision,,changed,,
11731,2,1412000013448,Mujeres,48,Empleado,,3,15:20 → 15:25,15:20,Trabajar,,Oficina,,,,home,,1403900010365,,AUTOMÓVIL PARTICULAR,,60 → 30,,hora:llegada;minutos:revision,,changed,,"Undécima revisión: la salida vuelve a las 15:20. La regla del 26 de septiembre de 2026 recorre a la llegada del viaje anterior la salida que la adelanta por 15 minutos o menos, y con los minutos de las reglas la llevaba a las 15:25; pero las decisiones ya tomadas sobre este día (chain_review_9) resolvieron ese traslape de otra forma y el viaje anterior llega a las 14:25, así que la salida registrada cabe y se conserva."
11731,2,1412000013448,Mujeres,48,Empleado,,4,19:00,,Regresar a Casa,,Su casa,,,,1403900010365,,home,,AUTOMÓVIL PARTICULAR,,90 → 30,,minutos:revision,,changed,,
11739,2,1412000015374,Mujeres,40,Empleado,,1,08:30,,Trabajar,,Fábrica o taller,,Su casa,,home,,1412002434713,,AUTOMÓVIL PARTICULAR,,90 → 45,,minutos:revision,,changed,,
11739,2,1412000015374,Mujeres,40,Empleado,,2,11:40,,Regresar a Casa,,Su casa,,,,1412002434713,,home,,AUTOMÓVIL PARTICULAR,,90 → 45,,minutos:revision,,changed,,
11739,2,1412000015374,Mujeres,40,Empleado,,3,13:06 → 13:10,13:06,Trabajar,,Fábrica o taller,,,,home,,1412002434713,,AUTOMÓVIL PARTICULAR,,90 → 45,,hora:llegada;minutos:revision,,changed,,"Undécima revisión: la salida vuelve a las 13:06. La regla del 26 de septiembre de 2026 recorre a la llegada del viaje anterior la salida que la adelanta por 15 minutos o menos, y con los minutos de las reglas la llevaba a las 13:10; pero las decisiones ya tomadas sobre este día (chain_review_9) resolvieron ese traslape de otra forma y el viaje anterior llega a las 12:25, así que la salida registrada cabe y se conserva."
11739,2,1412000015374,Mujeres,40,Empleado,,4,15:00,,Regresar a Casa,,Su casa,,,,1412002434713,,home,,AUTOMÓVIL PARTICULAR,,90 → 45,,minutos:revision,,changed,,
12064,3,1410101932694,Mujeres,24,Empleado,,1,09:00,,Regresar a Casa,,Su casa,,Fábrica o taller,,1412000010246,,home,,Transporte de personal,,100 → 50,,minutos:revision,inicio_fuera_de_casa,changed,,
12064,3,1410101932694,Mujeres,24,Empleado,,2,10:30 → 10:40,10:30,Compras (comida),,"Comercio, mercado, tienda o centro comercial",,,,home,,1410100010490,,CAMIÓN O AUTOBÚS,,30,,hora:llegada,,changed,,"Undécima revisión: la salida vuelve a las 10:30. La regla del 26 de septiembre de 2026 recorre a la llegada del viaje anterior la salida que la adelanta por 15 minutos o menos, y con los minutos de las reglas la llevaba a las 10:40; pero las decisiones ya tomadas sobre este día (chain_review_9) resolvieron ese traslape de otra forma y el viaje anterior llega a las 09:50, así que la salida registrada cabe y se conserva."
12064,3,1410101932694,Mujeres,24,Empleado,,3,11:20,,Regresar a Casa,,Su casa,,,,1410100010490,,home,,Taxi,,15,,,,,,
12165,4,141200123,Hombres,37,Empleado,,1,06:02,,Trabajar,,"Comercio, mercado, tienda o centro comercial",,Su casa,,home,,1412000010405,,TREN LIGERO,,133,,,,,,
12165,4,141200123,Hombres,37,Empleado,,2,06:02 → 18:02,,Regresar a Casa,,Su casa,,,,1412000010405,,home,,AUTOMÓVIL PARTICULAR,,80 → 40,,hora:+12h;minutos:revision,,changed,,
12165,4,141200123,Hombres,37,Empleado,,3,19:21 → 19:22,19:21,Compras (comida),,"Restaurante, bar, cafetería",,,,home,,home,,A PIE,,11,,hora:llegada,,changed,,"Undécima revisión: la salida vuelve a las 19:21. La regla del 26 de septiembre de 2026 recorre a la llegada del viaje anterior la salida que la adelanta por 15 minutos o menos, y con los minutos de las reglas la llevaba a las 19:22; pero las decisiones ya tomadas sobre este día (chain_review_9) resolvieron ese traslape de otra forma y el viaje anterior llega a las 18:42, así que la salida registrada cabe y se conserva."
12165,4,141200123,Hombres,37,Empleado,,4,19:42,,Regresar a Casa,,Su casa,,,,home,,home,,A PIE,,11,,,,,,
12247,2,1412002065054,Hombres,34,Empleado,,1,04:00,,Trabajar,,Otros (especifique),,Su casa,,1412000013698 → home,,1412000013698,,AUTOMÓVIL PARTICULAR,,120 → 30,,origen:copia;minutos:revision,,changed,,
12247,2,1412002065054,Hombres,34,Empleado,,2,12:31,,Regresar a Casa,,Su casa,,,,1412000013698,,home,,AUTOMÓVIL PARTICULAR,,120 → 30,,minutos:revision,,changed,,
12247,2,1412002065054,Hombres,34,Empleado,,3,14:19 → 14:31,14:19,Trabajar,,Otros (especifique),,,,home,,1412000013698,,AUTOMÓVIL PARTICULAR,,120 → 30,,hora:llegada;minutos:revision,,changed,,"Undécima revisión: la salida vuelve a las 14:19. La regla del 26 de septiembre de 2026 recorre a la llegada del viaje anterior la salida que la adelanta por 15 minutos o menos, y con los minutos de las reglas la llevaba a las 14:31; pero las decisiones ya tomadas sobre este día (chain_review, chain_review_9) resolvieron ese traslape de otra forma y el viaje anterior llega a las 13:01, así que la salida registrada cabe y se conserva."
12247,2,1412002065054,Hombres,34,Empleado,,4,18:00,,Regresar a Casa,,Su casa,,,,1412000013698,,home,,AUTOMÓVIL PARTICULAR,,120 → 30,,minutos:revision,,changed,,
12265,2,1412004306940,Mujeres,41,Empleado,,1,07:00,,Trabajar,,"Comercio, mercado, tienda o centro comercial",,Su casa,,home,,140980001007A,,AUTOMÓVIL PARTICULAR,,120 → 60,,minutos:revision,,changed,,
12265,2,1412004306940,Mujeres,41,Empleado,,2,11:31,,Regresar a Casa,,Su casa,,,,140980001007A,,home,,AUTOMÓVIL PARTICULAR,,120 → 60,,minutos:revision,,changed,,
12265,2,1412004306940,Mujeres,41,Empleado,,3,13:20 → 13:31,13:20,Trabajar,,"Comercio, mercado, tienda o centro comercial",,,,home,,140980001007A,,AUTOMÓVIL PARTICULAR,,120 → 60,,hora:llegada;minutos:revision,,changed,,"Undécima revisión: la salida vuelve a las 13:20. La regla del 26 de septiembre de 2026 recorre a la llegada del viaje anterior la salida que la adelanta por 15 minutos o menos, y con los minutos de las reglas la llevaba a las 13:31; pero las decisiones ya tomadas sobre este día (chain_review_9) resolvieron ese traslape de otra forma y el viaje anterior llega a las 12:31, así que la salida registrada cabe y se conserva."
12265,2,1412004306940,Mujeres,41,Empleado,,4,16:30,,Regresar a Casa,,Su casa,,,,140980001007A,,home,,AUTOMÓVIL PARTICULAR,,120 → 60,,minutos:revision,,changed,,
12294,3,1412004306940,Hombres,28,Empleado,,1,06:30,,Trabajar,,"Comercio, mercado, tienda o centro comercial",,Su casa,,home,,1412000011225,,AUTOMÓVIL PARTICULAR,,120 → 45,,minutos:revision,,changed,,
12294,3,1412004306940,Hombres,28,Empleado,,2,12:35,,Regresar a Casa,,Su casa,,,,1412000011225,,home,,AUTOMÓVIL PARTICULAR,,120 → 45,,minutos:revision,,changed,,
12294,3,1412004306940,Hombres,28,Empleado,,3,14:23 → 14:35,14:23,Trabajar,,"Comercio, mercado, tienda o centro comercial",,,,home,,1412000011225,,AUTOMÓVIL PARTICULAR,,120 → 45,,hora:llegada;minutos:revision,,changed,,"Undécima revisión: la salida vuelve a las 14:23. La regla del 26 de septiembre de 2026 recorre a la llegada del viaje anterior la salida que la adelanta por 15 minutos o menos, y con los minutos de las reglas la llevaba a las 14:35; pero las decisiones ya tomadas sobre este día (chain_review_9) resolvieron ese traslape de otra forma y el viaje anterior llega a las 13:20, así que la salida registrada cabe y se conserva."
12294,3,1412004306940,Hombres,28,Empleado,,4,17:00,,Regresar a Casa,,Su casa,,,,1412000011225,,home,,AUTOMÓVIL PARTICULAR,,120 → 45,,minutos:revision,,changed,,
12294,3,1412004306940,Hombres,28,Empleado,,5,18:01,,Compras (comida),,"Comercio, mercado, tienda o centro comercial",,,,home,,1412007560424,,A PIE,,3,,,,,,
12294,3,1412004306940,Hombres,28,Empleado,,6,18:10,,Regresar a Casa,,Su casa,,,,1412007560424,,home,,A PIE,,3,,,,,,
12391,1,141200034,Mujeres,40,Hogar,,1,11:45,,Llevar o recoger a alguien,,Escuela,,Su casa,,home,,1412007570462,,Mototaxi,,10,,,,,,
12391,1,141200034,Mujeres,40,Hogar,,2,12:50,,Regresar a Casa,,Su casa,,,,1412007570462,,home,,Mototaxi,,10,,,,,,
12391,1,141200034,Mujeres,40,Hogar,,3,14:00,,Visitar a alguien,,Otra vivienda,,,,home,,1403900014207,,CAMIÓN O AUTOBÚS,,130,,,,,,
12391,1,141200034,Mujeres,40,Hogar,,4,17:30,,Regresar a Casa,,Su casa,,,,1403900014207,,home,,CAMIÓN O AUTOBÚS,,180 → 80,,minutos:revision,,changed,,
12391,1,141200034,Mujeres,40,Hogar,,5,18:18 → 20:30,20:18,Deportes o recreación,,Centro cultural o área recreativa,,,,home,,home,,A PIE,,6,,hora:-10h+12h;hora:llegada,,changed,,"Undécima revisión: la salida vuelve a las 20:18. La regla del 26 de septiembre de 2026 recorre a la llegada del viaje anterior la salida que la adelanta por 15 minutos o menos, y con los minutos de las reglas la llevaba a las 20:30; pero las decisiones ya tomadas sobre este día (chain_review, chain_review_9) resolvieron ese traslape de otra forma y el viaje anterior llega a las 18:50, así que la salida registrada cabe y se conserva."
12391,1,141200034,Mujeres,40,Hogar,,6,18:31 → 20:36,20:43,Regresar a Casa,,Su casa,,,,home,,home,,A PIE,,6,,hora:-10h+12h;hora:llegada,,changed,,"La hora de salida pasa de 20:31 a 20:43 para que el viaje ocurra después de la llegada del anterior. El tipo de origen pasa de “Su casa” a “Centro cultural o área recreativa”; el origen se encadena con el destino del viaje 5 (Centro cultural o área recreativa en la zona del hogar): la encuesta pregunta el tipo de origen una sola vez y lo repite en todos los renglones de la persona. [Undécima revisión: la decisión de chain_review se mantiene. Se tomó contra «20:31», que las reglas del 26 de septiembre de 2026 dan ahora como «20:36».]"
12434,1,1412007580496,Hombres,37,Empleado,,1,05:00,,Trabajar,,Fábrica o taller,,Fábrica o taller → Su casa,,1409700010918 → home,,1409700010918,,AUTOMÓVIL PARTICULAR,,70,,origen:copia;tipo_origen:copia,,changed,,
12434,1,1412007580496,Hombres,37,Empleado,,2,14:43,,Regresar a Casa,,Su casa,,,,1409700010918,,home,,AUTOMÓVIL PARTICULAR,,120 → 60,,tipo_origen:copia;minutos:revision,,changed,,
12434,1,1412007580496,Hombres,37,Empleado,,3,16:28 → 16:43,16:28,Trabajar,,Fábrica o taller,,,,home,,1409700010918,,AUTOMÓVIL PARTICULAR,,70,,tipo_origen:copia;hora:llegada,,changed,,"Undécima revisión: la salida vuelve a las 16:28. La regla del 26 de septiembre de 2026 recorre a la llegada del viaje anterior la salida que la adelanta por 15 minutos o menos, y con los minutos de las reglas la llevaba a las 16:43; pero las decisiones ya tomadas sobre este día (chain_review, chain_review_9) resolvieron ese traslape de otra forma y el viaje anterior llega a las 15:43, así que la salida registrada cabe y se conserva."
12434,1,1412007580496,Hombres,37,Empleado,,4,20:00,,Regresar a Casa,,Su casa,,,,1409700010918,,home,,AUTOMÓVIL PARTICULAR,,120 → 60,,tipo_origen:copia;minutos:revision,,changed,,
12479,1,141200758080A,Hombres,39,Empleado,,1,06:00,,Trabajar,,"Comercio, mercado, tienda o centro comercial",,Su casa,,home,,1403900013976,,CAMIÓN O AUTOBÚS,,70,,,,,,
12479,1,141200758080A,Hombres,39,Empleado,,2,17:00 → 07:10,17:00,Regresar a Casa,,Su casa,,,,1403900013976,,home,,CAMIÓN O AUTOBÚS,,90,,hora:-10h;hora:llegada,,changed,,"Error de dígito en la hora: se reporta 07:00 y la cadena solo cierra con 17:00. El tipo de origen pasa de “Su casa” a “Comercio, mercado, tienda o centro comercial”; el origen se encadena con el destino del viaje 1 (Comercio, mercado, tienda o centro comercial en 1403900013976): la encuesta pregunta el tipo de origen una sola vez y lo repite en todos los renglones de la persona. [Undécima revisión: la decisión de chain_review se mantiene. Se tomó contra «07:00», que las reglas del 26 de septiembre de 2026 dan ahora como «07:10».]"
12479,1,141200758080A,Hombres,39,Empleado,,3,18:00 → 18:30,,"Compras (bienes, productos y servicios)",,"Comercio, mercado, tienda o centro comercial",,,,home,,1412007580829,,A PIE,,3,,hora:revision,,changed,,
12479,1,141200758080A,Hombres,39,Empleado,,4,18:05 → 18:35,,Regresar a Casa,,Su casa,,,,1412007580829,,home,,A PIE,,3,,hora:revision,,changed,,
12481,4,1412007580759,Mujeres,23,Hogar,,1,10:07,,Al médico o atención de salud,,"Hospital, clínica, consultorio, laboratorio clínico",,Su casa,,home,,1412007580693,,A PIE,,5,,,,,,
12481,4,1412007580759,Mujeres,23,Hogar,,2,10:06 → 10:12,22:06,Regresar a Casa,,Su casa,,,,1412007580693,,home,,A PIE,,5,,hora:llegada,,changed,,"Corrección AM/PM: se reporta 10:06 y por la secuencia del día corresponde a 22:06. El tipo de origen pasa de “Su casa” a “Hospital, clínica, consultorio, laboratorio clínico”; el origen se encadena con el destino del viaje 1 (Hospital, clínica, consultorio, laboratorio clínico en 1412007580693): la encuesta pregunta el tipo de origen una sola vez y lo repite en todos los renglones de la persona. [Undécima revisión: la decisión de chain_review se mantiene. Se tomó contra «10:06», que las reglas del 26 de septiembre de 2026 dan ahora como «10:12».]"
12489,1,141200758080A,Hombres,30,Empleado,,1,21:30,,Trabajar,,Fábrica o taller,,Su casa,,home,,1409700340388,,Transporte de personal,,120 → 60,,minutos:revision,,changed,,
12489,1,141200758080A,Hombres,30,Empleado,,2,11:20 → 23:30,23:20,Regresar a Casa,,Su casa,,,,1409700340388,,home,,Transporte de personal,,120 → 60,,hora:+12h;hora:llegada;minutos:revision,,changed,,"Undécima revisión: la salida vuelve a las 23:20. La regla del 26 de septiembre de 2026 recorre a la llegada del viaje anterior la salida que la adelanta por 15 minutos o menos, y con los minutos de las reglas la llevaba a las 23:30; pero las decisiones ya tomadas sobre este día (chain_review_9) resolvieron ese traslape de otra forma y el viaje anterior llega a las 22:30, así que la salida registrada cabe y se conserva."
12771,2,1412000620180,Mujeres,29,Empleado,,1,12:50,,Trabajar,,Fábrica o taller,,Su casa,,home,,1403900010238,,AUTOMÓVIL PARTICULAR,,90 → 45,,minutos:revision,,changed,,
12771,2,1412000620180,Mujeres,29,Empleado,,2,16:45,,Regresar a Casa,,Su casa,,,,1403900010238,,home,,AUTOMÓVIL PARTICULAR,,90 → 45,,minutos:revision,,changed,,
12771,2,1412000620180,Mujeres,29,Empleado,,3,18:00 → 18:15,18:00,Trabajar,,Fábrica o taller,,,,home,,1403900010238,,AUTOMÓVIL PARTICULAR,,90 → 45,,hora:llegada;minutos:revision,,changed,,"Undécima revisión: la salida vuelve a las 18:00. La regla del 26 de septiembre de 2026 recorre a la llegada del viaje anterior la salida que la adelanta por 15 minutos o menos, y con los minutos de las reglas la llevaba a las 18:15; pero las decisiones ya tomadas sobre este día (chain_review_9) resolvieron ese traslape de otra forma y el viaje anterior llega a las 17:30, así que la salida registrada cabe y se conserva."
12771,2,1412000620180,Mujeres,29,Empleado,,4,21:00,,Regresar a Casa,,Su casa,,,,1403900010238,,home,,AUTOMÓVIL PARTICULAR,,90 → 45,,minutos:revision,,changed,,
12868,2,1412002314145,Mujeres,33,Empleado,,1,06:00,,Trabajar,,Fábrica o taller,,Su casa,,home,,1412001395980,,AUTOMÓVIL PARTICULAR,,90 → 25,,minutos:revision,,changed,,
12868,2,1412002314145,Mujeres,33,Empleado,,2,11:49,,Regresar a Casa,,Su casa,,,,1412001395980,,home,,AUTOMÓVIL PARTICULAR,,90 → 25,,minutos:revision,,changed,,
12868,2,1412002314145,Mujeres,33,Empleado,,3,13:15 → 13:19,13:15,Trabajar,,Fábrica o taller,,,,home,,1412001395980,,AUTOMÓVIL PARTICULAR,,90 → 25,,hora:llegada;minutos:revision,,changed,,"Undécima revisión: la salida vuelve a las 13:15. La regla del 26 de septiembre de 2026 recorre a la llegada del viaje anterior la salida que la adelanta por 15 minutos o menos, y con los minutos de las reglas la llevaba a las 13:19; pero las decisiones ya tomadas sobre este día (chain_review_9) resolvieron ese traslape de otra forma y el viaje anterior llega a las 12:14, así que la salida registrada cabe y se conserva."
12868,2,1412002314145,Mujeres,33,Empleado,,4,16:30,,Regresar a Casa,,Su casa,,,,1412001395980,,home,,AUTOMÓVIL PARTICULAR,,90 → 25,,minutos:revision,,changed,,
12985,4,1412002314145,Hombres,26,Empleado,,1,06:00,,Trabajar,,Fábrica o taller,,Su casa,,home,,1412002434713,,Transporte de personal,,90 → 40,,minutos:revision,,changed,,
12985,4,1412002314145,Hombres,26,Empleado,,2,17:00,,Regresar a Casa,,Su casa,,,,1412002434713,,home,,Transporte de personal,,90 → 40,,minutos:revision,,changed,,
12985,4,1412002314145,Hombres,26,Empleado,,3,18:19 → 18:30,18:19,Deportes o recreación,,"Deportivo, gimnasio",,,,home,,home,,A PIE,,14,,hora:llegada,,changed,,"Undécima revisión: la salida vuelve a las 18:19. La regla del 26 de septiembre de 2026 recorre a la llegada del viaje anterior la salida que la adelanta por 15 minutos o menos, y con los minutos de las reglas la llevaba a las 18:30; pero las decisiones ya tomadas sobre este día (chain_review_9) resolvieron ese traslape de otra forma y el viaje anterior llega a las 17:40, así que la salida registrada cabe y se conserva."
12985,4,1412002314145,Hombres,26,Empleado,,4,18:37 → 18:44,18:37,Regresar a Casa,,Su casa,,,,home,,home,,A PIE,,14,,hora:llegada,,changed,,"Undécima revisión: la salida vuelve a las 18:37. La regla del 26 de septiembre de 2026 recorre a la llegada del viaje anterior la salida que la adelanta por 15 minutos o menos, y con los minutos de las reglas la llevaba a las 18:44; pero las decisiones ya tomadas sobre este día (chain_review_9) resolvieron ese traslape de otra forma y el viaje anterior llega a las 18:33, así que la salida registrada cabe y se conserva."
12987,1,1412002314179,Mujeres,29,Empleado,,1,07:00,,Trabajar,,Oficina,,Su casa,,home,,1412000010405,,AUTOMÓVIL PARTICULAR,,60,,,,,,
12987,1,1412002314179,Mujeres,29,Empleado,,2,14:36,,Regresar a Casa,,Su casa,,,,1412000010405,,home,,AUTOMÓVIL PARTICULAR,,90 → 45,,minutos:revision,,changed,,
12987,1,1412002314179,Mujeres,29,Empleado,,3,16:04 → 16:06,16:04,Trabajar,,Oficina,,,,home,,1412000010405,,AUTOMÓVIL PARTICULAR,,60,,hora:llegada,,changed,,"Undécima revisión: la salida vuelve a las 16:04. La regla del 26 de septiembre de 2026 recorre a la llegada del viaje anterior la salida que la adelanta por 15 minutos o menos, y con los minutos de las reglas la llevaba a las 16:06; pero las decisiones ya tomadas sobre este día (chain_review_9) resolvieron ese traslape de otra forma y el viaje anterior llega a las 15:21, así que la salida registrada cabe y se conserva."
12987,1,1412002314179,Mujeres,29,Empleado,,4,20:00,,Regresar a Casa,,Su casa,,,,1412000010405,,home,,AUTOMÓVIL PARTICULAR,,90 → 45,,minutos:revision,,changed,,
12990,1,1412002314179,Hombres,38,Trabajador independiente,,1,07:00,,Trabajar,,"Comercio, mercado, tienda o centro comercial",,Su casa,,home,,1410100010912,,AUTOMÓVIL PARTICULAR,,120 → 60,,minutos:revision,,changed,,
12990,1,1412002314179,Hombres,38,Trabajador independiente,,2,14:39,,Regresar a Casa,,Su casa,,,,1410100010912,,home,,AUTOMÓVIL PARTICULAR,,120 → 60,,minutos:revision,,changed,,
12990,1,1412002314179,Hombres,38,Trabajador independiente,,3,16:24 → 16:39,16:24,Trabajar,,"Comercio, mercado, tienda o centro comercial",,,,home,,1410100010912,,AUTOMÓVIL PARTICULAR,,120 → 60,,hora:llegada;minutos:revision,,changed,,"Undécima revisión: la salida vuelve a las 16:24. La regla del 26 de septiembre de 2026 recorre a la llegada del viaje anterior la salida que la adelanta por 15 minutos o menos, y con los minutos de las reglas la llevaba a las 16:39; pero las decisiones ya tomadas sobre este día (chain_review_9) resolvieron ese traslape de otra forma y el viaje anterior llega a las 15:39, así que la salida registrada cabe y se conserva."
12990,1,1412002314179,Hombres,38,Trabajador independiente,,4,20:00,,Regresar a Casa,,Su casa,,,,1410100010912,,home,,AUTOMÓVIL PARTICULAR,,120 → 60,,minutos:revision,,changed,,
13038,2,1412002314164,Hombres,34,Empleado,,1,04:00,,Trabajar,,Otros (especifique),,Su casa,,home,,999990002,,AUTOMÓVIL PARTICULAR,,120,,,,,,
13038,2,1412002314164,Hombres,34,Empleado,,2,12:33,,Regresar a Casa,,Su casa,,,,999990002,,home,,AUTOMÓVIL PARTICULAR,,120,,,,,,
13038,2,1412002314164,Hombres,34,Empleado,,3,14:13 → 16:13,,Trabajar,,Otros (especifique),,,,home,,999990002,,AUTOMÓVIL PARTICULAR,,120,,hora:-10h+12h,,changed,,
13038,2,1412002314164,Hombres,34,Empleado,,4,18:00 → 18:13,20:13,Regresar a Casa,,Su casa,,,,999990002,,home,,AUTOMÓVIL PARTICULAR,,120,,hora:llegada,,changed,,"La hora de salida pasa de 18:00 a 20:13 para que el viaje ocurra después de la llegada del anterior. El tipo de origen pasa de “Su casa” a “Otros (especifique)”; el origen se encadena con el destino del viaje 3 (Otros (especifique) en 999990002): la encuesta pregunta el tipo de origen una sola vez y lo repite en todos los renglones de la persona. [Undécima revisión: la decisión de chain_review se mantiene. Se tomó contra «18:00», que las reglas del 26 de septiembre de 2026 dan ahora como «18:13».]"
13126,1,1412001395980,Mujeres,29,Empleado,,1,07:10,,Guardería → Llevar o recoger a alguien,,Otros (especifique),,Su casa,,home,,1412001395995,,A PIE,,10,,motivo:revision,,changed,,
13126,1,1412001395980,Mujeres,29,Empleado,,2,07:22,,Regresar a Casa,,Su casa,,,,1412001395995,,home,,A PIE,,10,,,,,,
13126,1,1412001395980,Mujeres,29,Empleado,,3,21:00 → 11:00,,Trabajar,,Fábrica o taller,,,,home,,1409800011078,,A PIE,,10,,hora:revision,,changed,,
13126,1,1412001395980,Mujeres,29,Empleado,,4,19:00 → 21:10,21:00,Regresar a Casa,,Su casa,,,,1409800011078,,home,,A PIE,,10,,hora:-10h+12h;hora:llegada,,changed,,"Undécima revisión: la salida vuelve a las 21:00. La regla del 26 de septiembre de 2026 recorre a la llegada del viaje anterior la salida que la adelanta por 15 minutos o menos, y con los minutos de las reglas la llevaba a las 21:10; pero las decisiones ya tomadas sobre este día (chain_review) resolvieron ese traslape de otra forma y el viaje anterior llega a las 11:10, así que la salida registrada cabe y se conserva."
13157,2,141200142,Hombres,53,Empleado,,1,05:30,,Trabajar,,"Comercio, mercado, tienda o centro comercial",,Su casa,,home,,1403900015366,,AUTOMÓVIL PARTICULAR,,120 → 45,,minutos:revision,,changed,,
13157,2,141200142,Hombres,53,Empleado,,2,08:38,,Regresar a Casa,,Su casa,,,,1403900015366,,home,,AUTOMÓVIL PARTICULAR,,120 → 45,,minutos:revision,,changed,,
13157,2,141200142,Hombres,53,Empleado,,3,10:02,,Trabajar,,"Comercio, mercado, tienda o centro comercial",,,,home,,1403900015366,,AUTOMÓVIL PARTICULAR,,120 → 45,,minutos:revision,,changed,,
13157,2,141200142,Hombres,53,Empleado,,4,12:00 → 14:02,12:00,Regresar a Casa,,Su casa,,,,1403900015366,,home,,AUTOMÓVIL PARTICULAR,,120 → 45,,hora:-10h+12h;hora:llegada;minutos:revision,,changed,,"Novena revisión: 120 min en AUTOMÓVIL PARTICULAR para 19.8 km en línea recta es más del doble de lo que la encuesta suele reportar para ese modo a esa distancia (45 min, la mediana de 4989 viajes): los minutos son el error, no la hora. Con 45 min llega a las 12:45 y el viaje siguiente sale a las 19:15, 390 min después. Es el mismo recorrido, en el mismo modo, que otro viaje del día cuyos minutos chocaban con la salida siguiente. Novena revisión: la salida vuelve a las 12:00, la hora que reporta la encuesta: con los minutos de traslado que corrige esta revisión cabe después de la llegada del viaje anterior (10:47); una revisión anterior la había movido a las 14:02 para dejar sitio a los minutos de más. [Undécima revisión: la decisión de chain_review_9 se mantiene. Se tomó contra «14:00», que las reglas del 26 de septiembre de 2026 dan ahora como «14:02».]"
13157,2,141200142,Hombres,53,Empleado,,5,19:15,,"Compras (bienes, productos y servicios)",,"Comercio, mercado, tienda o centro comercial",,,,home,,home,,A PIE,,9,,,,,,
13157,2,141200142,Hombres,53,Empleado,,6,19:27,,Regresar a Casa,,Su casa,,,,home,,home,,A PIE,,9,,,,,,
13257,3,1412002434709,Mujeres,37,Empleado,,1,06:50,,Trabajar,,Fábrica o taller,,Su casa,,home,,1412000016599,,AUTOMÓVIL PARTICULAR,,90 → 40,,minutos:revision,,changed,,
13257,3,1412002434709,Mujeres,37,Empleado,,2,10:47,,Regresar a Casa,,Su casa,,,,1412000016599,,home,,AUTOMÓVIL PARTICULAR,,90 → 40,,minutos:revision,,changed,,
13257,3,1412002434709,Mujeres,37,Empleado,,3,12:10 → 12:17,12:10,Trabajar,,Fábrica o taller,,,,home,,1412000016599,,AUTOMÓVIL PARTICULAR,,90 → 40,,hora:llegada;minutos:revision,,changed,,"Undécima revisión: la salida vuelve a las 12:10. La regla del 26 de septiembre de 2026 recorre a la llegada del viaje anterior la salida que la adelanta por 15 minutos o menos, y con los minutos de las reglas la llevaba a las 12:17; pero las decisiones ya tomadas sobre este día (chain_review_9) resolvieron ese traslape de otra forma y el viaje anterior llega a las 11:27, así que la salida registrada cabe y se conserva."
13257,3,1412002434709,Mujeres,37,Empleado,,4,15:00,,Regresar a Casa,,Su casa,,,,1412000016599,,home,,AUTOMÓVIL PARTICULAR,,90 → 40,,minutos:revision,,changed,,
13388,5,1412000011278,Hombres,7,Estudiante,,1,10:05,,Deportes o recreación,,Centro cultural o área recreativa,,Su casa,,home,,1403900011359,,AUTOMÓVIL PARTICULAR,,60 → 30,,minutos:revision,,changed,,
13388,5,1412000011278,Hombres,7,Estudiante,,2,17:09,,Regresar a Casa,,Su casa,,,,1403900011359,,home,,AUTOMÓVIL PARTICULAR,,60 → 30,,minutos:revision,,changed,,
13388,5,1412000011278,Hombres,7,Estudiante,,3,18:05 → 18:09,18:05,Otros (especifique),,Otros (especifique),,,,home,,1412000013217,,A PIE,,4,,hora:llegada,,changed,,"Undécima revisión: la salida vuelve a las 18:05. La regla del 26 de septiembre de 2026 recorre a la llegada del viaje anterior la salida que la adelanta por 15 minutos o menos, y con los minutos de las reglas la llevaba a las 18:09; pero las decisiones ya tomadas sobre este día (chain_review_9) resolvieron ese traslape de otra forma y el viaje anterior llega a las 17:39, así que la salida registrada cabe y se conserva."
13388,5,1412000011278,Hombres,7,Estudiante,,4,18:17,,Regresar a Casa,,Su casa,,,,1412000013217,,home,,A PIE,,4,,,,,,
13535,3,141200001454A,Hombres,27,Empleado,,1,07:30,,Trabajar,,"Comercio, mercado, tienda o centro comercial",,Su casa,,home,,1412000014535,,AUTOMÓVIL PARTICULAR,,40,,,,,,
13535,3,141200001454A,Hombres,27,Empleado,,2,17:00,,Regresar a Casa,,Su casa,,,,1412000014535,,home,,CAMIÓN O AUTOBÚS,,70 → 20,,minutos:revision,,changed,,
13535,3,141200001454A,Hombres,27,Empleado,,3,18:00 → 18:10,18:00,Trabajar,,"Comercio, mercado, tienda o centro comercial",,,,home,,1412000013611,,A PIE,,15,,hora:llegada,,changed,,"Undécima revisión: la salida vuelve a las 18:00. La regla del 26 de septiembre de 2026 recorre a la llegada del viaje anterior la salida que la adelanta por 15 minutos o menos, y con los minutos de las reglas la llevaba a las 18:10; pero las decisiones ya tomadas sobre este día (chain_review_9) resolvieron ese traslape de otra forma y el viaje anterior llega a las 17:20, así que la salida registrada cabe y se conserva."
13535,3,141200001454A,Hombres,27,Empleado,,4,19:24,,Regresar a Casa,,Su casa,,,,1412000013611,,home,,A PIE,,15,,,,,,
13548,6,1409700340373,Mujeres,9,Estudiante,,1,11:12,,Compras (comida),,"Comercio, mercado, tienda o centro comercial",,Su casa,,home,,1409700340250,,A PIE,,1,,,,,,
13548,6,1409700340373,Mujeres,9,Estudiante,,2,11:07 → 11:13,23:07,Regresar a Casa,,Su casa,,,,1409700340250,,home,,A PIE,,1,,hora:llegada,,changed,,"Corrección AM/PM: se reporta 11:07 y por la secuencia del día corresponde a 23:07. El tipo de origen pasa de “Su casa” a “Comercio, mercado, tienda o centro comercial”; el origen se encadena con el destino del viaje 1 (Comercio, mercado, tienda o centro comercial en 1409700340250): la encuesta pregunta el tipo de origen una sola vez y lo repite en todos los renglones de la persona. [Undécima revisión: la decisión de chain_review se mantiene. Se tomó contra «11:07», que las reglas del 26 de septiembre de 2026 dan ahora como «11:13».]"
13587,2,1409708634111,Mujeres,24,,,1,11:00,,Compras (comida),,"Comercio, mercado, tienda o centro comercial",,Su casa,,home,,1409800011928,,MOTOCICLETA,,100 → 45,,minutos:revision,,changed,,
13587,2,1409708634111,Mujeres,24,,,2,16:30,,Regresar a Casa,,Su casa,,,,1409800011928,,home,,MOTOCICLETA,,100 → 45,,minutos:revision,,changed,,
13587,2,1409708634111,Mujeres,24,,,3,— → 18:10,18:07,— → Compras (comida),,"— → Comercio, mercado, tienda o centro comercial",,,,home,,home,,A PIE,,14,,hora:vecinos;motivo:vecinos;hora:llegada,,changed,,"Undécima revisión: la salida vuelve a las 18:07. La regla del 26 de septiembre de 2026 recorre a la llegada del viaje anterior la salida que la adelanta por 15 minutos o menos, y con los minutos de las reglas la llevaba a las 18:10; pero las decisiones ya tomadas sobre este día (chain_review, chain_review_9) resolvieron ese traslape de otra forma y el viaje anterior llega a las 17:15, así que la salida registrada cabe y se conserva."
13587,2,1409708634111,Mujeres,24,,,4,18:21 → 18:24,18:21,Regresar a Casa,,Su casa,,,,home,,home,,A PIE,,14,,hora:llegada,,changed,,"Undécima revisión: la salida vuelve a las 18:21. La regla del 26 de septiembre de 2026 recorre a la llegada del viaje anterior la salida que la adelanta por 15 minutos o menos, y con los minutos de las reglas la llevaba a las 18:24; pero las decisiones ya tomadas sobre este día (chain_review, chain_review_9) resolvieron ese traslape de otra forma y el viaje anterior llega a las 18:21, así que la salida registrada cabe y se conserva."
13680,2,141240029,Hombres,37,Empleado,,1,05:00,,Trabajar,,Otros (especifique),,Su casa,,home,,home,,AUTOMÓVIL PARTICULAR,,120,,,,,,
13680,2,141240029,Hombres,37,Empleado,,2,13:51,,Regresar a Casa,,Su casa,,,,home,,home,,AUTOMÓVIL PARTICULAR,,120,,,,,,
13680,2,141240029,Hombres,37,Empleado,,3,15:12 → 17:12,,Trabajar,,Otros (especifique),,,,home,,home,,AUTOMÓVIL PARTICULAR,,120,,hora:-10h+12h,,changed,,
13680,2,141240029,Hombres,37,Empleado,,4,19:00 → 19:12,21:00,Regresar a Casa,,Su casa,,,,home,,home,,AUTOMÓVIL PARTICULAR,,120,,hora:llegada,,changed,,"Desfase de dos horas al capturar: 19:00 se lee como 21:00. El tipo de origen pasa de “Su casa” a “Otros (especifique)”; el origen se encadena con el destino del viaje 3 (Otros (especifique) en la zona del hogar): la encuesta pregunta el tipo de origen una sola vez y lo repite en todos los renglones de la persona. [Undécima revisión: la decisión de chain_review se mantiene. Se tomó contra «19:00», que las reglas del 26 de septiembre de 2026 dan ahora como «19:12».]"
13790,1,1409707771780,Hombres,41,Empleado,,1,19:15 → 07:15,,Trabajar,,"Comercio, mercado, tienda o centro comercial",,Su casa,,home,,99999000A,,AUTOMÓVIL PARTICULAR,,50,,hora:revision,,changed,,
13790,1,1409707771780,Hombres,41,Empleado,,2,08:00 → 20:05,18:00,Regresar a Casa,,Su casa,,,,99999000A,,home,,AUTOMÓVIL PARTICULAR,,60,,hora:+12h;hora:llegada,,changed,,"La hora de salida pasa de 20:00 a 18:00 para que el viaje ocurra después de la llegada del anterior. El tipo de origen pasa de “Su casa” a “Comercio, mercado, tienda o centro comercial”; el origen se encadena con el destino del viaje 1 (Comercio, mercado, tienda o centro comercial en 99999000A): la encuesta pregunta el tipo de origen una sola vez y lo repite en todos los renglones de la persona. [Undécima revisión: la decisión de chain_review se mantiene. Se tomó contra «20:00», que las reglas del 26 de septiembre de 2026 dan ahora como «20:05».]"
13856,1,1409700053503,Hombres,36,Trabajador independiente,,1,07:00,,Trabajar,,Fábrica o taller,,Su casa,,home,,999990005,,AUTOMÓVIL PARTICULAR,,45,,,,,,
13856,1,1409700053503,Hombres,36,Trabajador independiente,,2,17:45 → 07:45,,Regresar a Casa,,Su casa,,,,999990005,,home,,AUTOMÓVIL PARTICULAR,,50,,hora:-10h,,changed,,
13856,1,1409700053503,Hombres,36,Trabajador independiente,,3,18:14,,Trabajar,,Fábrica o taller,,,,home,,home,,A PIE,,10,,,,,,
13856,1,1409700053503,Hombres,36,Trabajador independiente,,4,18:14 → 18:24,20:14,Regresar a Casa,,Su casa,,,,home,,home,,A PIE,,10,,hora:llegada,,changed,,"Desfase de dos horas al capturar: 18:14 se lee como 20:14. El tipo de origen pasa de “Su casa” a “Fábrica o taller”; el origen se encadena con el destino del viaje 3 (Fábrica o taller en la zona del hogar): la encuesta pregunta el tipo de origen una sola vez y lo repite en todos los renglones de la persona. [Undécima revisión: la decisión de chain_review se mantiene. Se tomó contra «18:14», que las reglas del 26 de septiembre de 2026 dan ahora como «18:24».]"
13885,3,1410100011200,Mujeres,37,Hogar,,1,08:00,,Llevar o recoger a alguien,,"Comercio, mercado, tienda o centro comercial",,Su casa,,home,,1403900011359,,CAMIÓN O AUTOBÚS,,120 → 60,,minutos:revision,,changed,,
13885,3,1410100011200,Mujeres,37,Hogar,,2,12:00,,Regresar a Casa,,Su casa,,,,1403900011359,,home,,CAMIÓN O AUTOBÚS,,130 → 60,,minutos:revision,,changed,,
13885,3,1410100011200,Mujeres,37,Hogar,,3,14:00 → 14:10,14:00,"Compras (bienes, productos y servicios)",,"Comercio, mercado, tienda o centro comercial",,,,home,,1409800010991,,Mototaxi,,15,,hora:llegada,,changed,,"Undécima revisión: la salida vuelve a las 14:00. La regla del 26 de septiembre de 2026 recorre a la llegada del viaje anterior la salida que la adelanta por 15 minutos o menos, y con los minutos de las reglas la llevaba a las 14:10; pero las decisiones ya tomadas sobre este día (chain_review_9) resolvieron ese traslape de otra forma y el viaje anterior llega a las 13:00, así que la salida registrada cabe y se conserva."
13885,3,1410100011200,Mujeres,37,Hogar,,4,15:30,,Regresar a Casa,,Su casa,,,,1409800010991,,home,,Mototaxi,,15,,,,,,
13885,3,1410100011200,Mujeres,37,Hogar,,5,17:29,,Compras (comida),,Centro cultural o área recreativa,,,,home,,1410100011126,,A PIE,,6,,,,,,
13885,3,1410100011200,Mujeres,37,Hogar,,6,18:30,,Regresar a Casa,,Su casa,,,,1410100011126,,home,,A PIE,,6,,,,,,
13895,1,1412000013791,Mujeres,52,,,1,09:09,,Compras (comida),,"Comercio, mercado, tienda o centro comercial",,Su casa,,home,,home,,A PIE,,15,,,,,,
13895,1,1412000013791,Mujeres,52,,,2,09:20 → 09:24,11:20,Regresar a Casa,,Su casa,,,,home,,home,,A PIE,,15,,hora:llegada,,changed,,"Desfase de dos horas al capturar: 9:20 se lee como 11:20. El tipo de origen pasa de “Su casa” a “Comercio, mercado, tienda o centro comercial”; el origen se encadena con el destino del viaje 1 (Comercio, mercado, tienda o centro comercial en la zona del hogar): la encuesta pregunta el tipo de origen una sola vez y lo repite en todos los renglones de la persona. [Undécima revisión: la decisión de chain_review se mantiene. Se tomó contra «09:20», que las reglas del 26 de septiembre de 2026 dan ahora como «09:24».]"
13895,1,1412000013791,Mujeres,52,,,3,— → 19:00,,— → Compras (comida),,"— → Comercio, mercado, tienda o centro comercial",,,,home,,home,,A PIE,,6,,hora:vecinos;motivo:vecinos,,changed,,
13895,1,1412000013791,Mujeres,52,,,4,19:35,,Regresar a Casa,,Su casa,,,,home,,home,,A PIE,,6,,,,,,
14138,3,141240029,Hombres,37,Empleado,,1,07:15,,Trabajar,,"Comercio, mercado, tienda o centro comercial",,Su casa,,home,,1412400010175,,AUTOMÓVIL PARTICULAR,,120 → 45,,minutos:revision,,changed,,
14138,3,141240029,Hombres,37,Empleado,,2,13:34,,Regresar a Casa,,Su casa,,,,1412400010175,,home,,AUTOMÓVIL PARTICULAR,,120 → 45,,minutos:revision,,changed,,
14138,3,141240029,Hombres,37,Empleado,,3,15:20 → 15:34,15:20,Trabajar,,"Comercio, mercado, tienda o centro comercial",,,,home,,1412400010175,,AUTOMÓVIL PARTICULAR,,120 → 45,,hora:llegada;minutos:revision,,changed,,"Undécima revisión: la salida vuelve a las 15:20. La regla del 26 de septiembre de 2026 recorre a la llegada del viaje anterior la salida que la adelanta por 15 minutos o menos, y con los minutos de las reglas la llevaba a las 15:34; pero las decisiones ya tomadas sobre este día (chain_review_9) resolvieron ese traslape de otra forma y el viaje anterior llega a las 14:19, así que la salida registrada cabe y se conserva."
14138,3,141240029,Hombres,37,Empleado,,4,19:30,,Regresar a Casa,,Su casa,,,,1412400010175,,home,,AUTOMÓVIL PARTICULAR,,120 → 45,,minutos:revision,,changed,,
14183,1,141240029,Hombres,58,Empleado,,1,09:00,,Trabajar,,Oficina,,Su casa,,home,,1409800010879,,AUTOMÓVIL PARTICULAR,,120,,,,,,
14183,1,141240029,Hombres,58,Empleado,,2,13:50,,Regresar a Casa,,Su casa,,,,1409800010879,,home,,AUTOMÓVIL PARTICULAR,,25,,,,,,
14183,1,141240029,Hombres,58,Empleado,,3,15:29,,Trabajar,,Oficina,,,,home,,1409800010879,,AUTOMÓVIL PARTICULAR,,120,,,,,,
14183,1,141240029,Hombres,58,Empleado,,4,17:00 → 19:00,,Regresar a Casa,,Su casa,,,,1409800010879,,home,,AUTOMÓVIL PARTICULAR,,25,,hora:revision,,changed,,
14183,1,141240029,Hombres,58,Empleado,,5,18:09 → 20:09,,Compras (comida),,Centro cultural o área recreativa,,,,home,,home,,A PIE,,14,,hora:revision,,changed,,
14183,1,141240029,Hombres,58,Empleado,,6,18:18 → 18:23,20:23,Regresar a Casa,,Su casa,,,,home,,home,,A PIE,,14,,hora:llegada,hora_invertida,changed,,"La salida se recorre de 18:18 a 20:23, que es la hora a la que llega el viaje anterior (20:09 + 14 min de traslado): tal como estaba, el viaje empezaba antes de haber llegado. El tipo de origen pasa de “Su casa” a “Centro cultural o área recreativa”; el origen se encadena con el destino del viaje 5 (Centro cultural o área recreativa en la zona del hogar): la encuesta pregunta el tipo de origen una sola vez y lo repite en todos los renglones de la persona. [Undécima revisión: la decisión de chain_review se mantiene. Se tomó contra «18:18», que las reglas del 26 de septiembre de 2026 dan ahora como «18:23».]"
14277,4,141240029,Mujeres,21,Empleado,,1,07:20,,Trabajar,,"Comercio, mercado, tienda o centro comercial",,Su casa,,home,,1412400010298,,MOTOCICLETA,,75 → 25,,minutos:revision,,changed,,
14277,4,141240029,Mujeres,21,Empleado,,2,17:25,,Regresar a Casa,,Su casa,,,,1412400010298,,home,,MOTOCICLETA,,75 → 25,,minutos:revision,,changed,,
14277,4,141240029,Mujeres,21,Empleado,,3,18:27 → 18:40,18:27,Compras (comida),,Centro cultural o área recreativa,,,,home,,home,,A PIE,,5,,hora:llegada,,changed,,"Undécima revisión: la salida vuelve a las 18:27. La regla del 26 de septiembre de 2026 recorre a la llegada del viaje anterior la salida que la adelanta por 15 minutos o menos, y con los minutos de las reglas la llevaba a las 18:40; pero las decisiones ya tomadas sobre este día (chain_review_9) resolvieron ese traslape de otra forma y el viaje anterior llega a las 17:50, así que la salida registrada cabe y se conserva."
14277,4,141240029,Mujeres,21,Empleado,,4,19:29,,Regresar a Casa,,Su casa,,,,home,,home,,A PIE,,5,,,,,,
14307,1,1412400010156,Hombres,47,Empleado,,1,06:00,,Trabajar,,Fábrica o taller,,Su casa,,home,,1410100010946,,AUTOMÓVIL PARTICULAR,,60,,,,,,
14307,1,1412400010156,Hombres,47,Empleado,,2,12:30,,Regresar a Casa,,Su casa,,,,1410100010946,,home,,AUTOMÓVIL PARTICULAR,,90 → 45,,minutos:revision,,changed,,
14307,1,1412400010156,Hombres,47,Empleado,,3,14:15,,Trabajar,,Fábrica o taller,,,,home,,1410100010946,,AUTOMÓVIL PARTICULAR,,60,,,,,,
14307,1,1412400010156,Hombres,47,Empleado,,4,17:00,,Regresar a Casa,,Su casa,,,,1410100010946,,home,,AUTOMÓVIL PARTICULAR,,90 → 45,,minutos:revision,,changed,,
14307,1,1412400010156,Hombres,47,Empleado,,5,18:16 → 18:30,18:16,"Compras (bienes, productos y servicios)",,"Comercio, mercado, tienda o centro comercial",,,,home,,home,,A PIE,,6,,hora:llegada,,changed,,"Undécima revisión: la salida vuelve a las 18:16. La regla del 26 de septiembre de 2026 recorre a la llegada del viaje anterior la salida que la adelanta por 15 minutos o menos, y con los minutos de las reglas la llevaba a las 18:30; pero las decisiones ya tomadas sobre este día (chain_review_9) resolvieron ese traslape de otra forma y el viaje anterior llega a las 17:45, así que la salida registrada cabe y se conserva."
14307,1,1412400010156,Hombres,47,Empleado,,6,19:31,,Regresar a Casa,,Su casa,,,,home,,home,,A PIE,,6,,,,,,
14664,1,1405100020209,Mujeres,27,Hogar,,1,09:15,,Compras (comida),,"Comercio, mercado, tienda o centro comercial",,Su casa,,home,,1405100020196,,A PIE,,1,,,,,,
14664,1,1405100020209,Mujeres,27,Hogar,,2,08:20 → 18:20,,Regresar a Casa,,Su casa,,,,1405100020196,,home,,A PIE,,1,,hora:+10h,,changed,,
14664,1,1405100020209,Mujeres,27,Hogar,,3,18:17 → 18:21,20:17,Compras (comida),,Centro cultural o área recreativa,,,,home,,home,,A PIE,,1,,hora:llegada,,changed,,"Desfase de dos horas al capturar: 18:17 se lee como 20:17. [Undécima revisión: la decisión de chain_review se mantiene. Se tomó contra «18:17», que las reglas del 26 de septiembre de 2026 dan ahora como «18:21».]"
14664,1,1405100020209,Mujeres,27,Hogar,,4,19:18 → 21:18,,Regresar a Casa,,Su casa,,,,home,,home,,A PIE,,1,,hora:revision,,changed,,
15040,4,1407001211518,Hombres,6,Estudiante,,1,14:37,,Compras (comida),,"Comercio, mercado, tienda o centro comercial",,Su casa,,home,,home,,A PIE,,1,,,,,,
15040,4,1407001211518,Hombres,6,Estudiante,,2,14:34 → 14:38,16:34,Regresar a Casa,,Su casa,,,,home,,home,,A PIE,,1,,hora:llegada,,changed,,"Desfase de dos horas al capturar: 14:34 se lee como 16:34. El tipo de origen pasa de “Su casa” a “Comercio, mercado, tienda o centro comercial”; el origen se encadena con el destino del viaje 1 (Comercio, mercado, tienda o centro comercial en la zona del hogar): la encuesta pregunta el tipo de origen una sola vez y lo repite en todos los renglones de la persona. [Undécima revisión: la decisión de chain_review se mantiene. Se tomó contra «14:34», que las reglas del 26 de septiembre de 2026 dan ahora como «14:38».]"
15887,1,140700111133A,Mujeres,57,Empleado,,1,19:00 → 07:00,,Trabajar,,Oficina,,Su casa,,home,,1403900012554,,Transporte de personal,,70,,hora:revision,,changed,,
15887,1,140700111133A,Mujeres,57,Empleado,,2,08:00 → 20:10,18:00,Regresar a Casa,,Su casa,,,,1403900012554,,home,,Transporte de personal,,70,,hora:+12h;hora:llegada,,changed,,"La hora de salida pasa de 20:00 a 18:00 para que el viaje ocurra después de la llegada del anterior. El tipo de origen pasa de “Su casa” a “Oficina”; el origen se encadena con el destino del viaje 1 (Oficina en 1403900012554): la encuesta pregunta el tipo de origen una sola vez y lo repite en todos los renglones de la persona. [Undécima revisión: la decisión de chain_review se mantiene. Se tomó contra «20:00», que las reglas del 26 de septiembre de 2026 dan ahora como «20:10».]"
15909,5,140700001012A,Mujeres,14,Estudiante,,1,14:34,,Compras (comida),,"Comercio, mercado, tienda o centro comercial",,Su casa,,home,,1407000010045,,A PIE,,5,,,,,,
15909,5,140700001012A,Mujeres,14,Estudiante,,2,14:24 → 14:39,16:24,Regresar a Casa,,Su casa,,,,1407000010045,,home,,A PIE,,5,,hora:llegada,,changed,,"Desfase de dos horas al capturar: 14:24 se lee como 16:24. El tipo de origen pasa de “Su casa” a “Comercio, mercado, tienda o centro comercial”; el origen se encadena con el destino del viaje 1 (Comercio, mercado, tienda o centro comercial en 1407000010045): la encuesta pregunta el tipo de origen una sola vez y lo repite en todos los renglones de la persona. [Undécima revisión: la decisión de chain_review se mantiene. Se tomó contra «14:24», que las reglas del 26 de septiembre de 2026 dan ahora como «14:39».]"
15909,5,140700001012A,Mujeres,14,Estudiante,,3,16:24 → 16:29,,Compras (comida),,"Comercio, mercado, tienda o centro comercial",,,,home,,home,,A PIE,,2,,hora:revision,,changed,,
15909,5,140700001012A,Mujeres,14,Estudiante,,4,18:33,,Regresar a Casa,,Su casa,,,,home,,home,,A PIE,,2,,,,,,
16276,1,140970009283A,Hombres,26,Empleado,,1,06:00,,Trabajar,,"Restaurante, bar, cafetería",,Su casa,,140970005034A → home,,140970005034A,,AUTOMÓVIL PARTICULAR,,80 → 30,,origen:copia;minutos:revision,,changed,,
16276,1,140970009283A,Hombres,26,Empleado,,2,12:52,,Regresar a Casa,,Su casa,,,,140970005034A,,home,,AUTOMÓVIL PARTICULAR,,90 → 30,,minutos:revision,,changed,,
16276,1,140970009283A,Hombres,26,Empleado,,3,14:07 → 14:22,14:07,Trabajar,,"Restaurante, bar, cafetería",,,,home,,140970005034A,,AUTOMÓVIL PARTICULAR,,80 → 30,,hora:llegada;minutos:revision,,changed,,"Undécima revisión: la salida vuelve a las 14:07. La regla del 26 de septiembre de 2026 recorre a la llegada del viaje anterior la salida que la adelanta por 15 minutos o menos, y con los minutos de las reglas la llevaba a las 14:22; pero las decisiones ya tomadas sobre este día (chain_review, chain_review_9) resolvieron ese traslape de otra forma y el viaje anterior llega a las 13:22, así que la salida registrada cabe y se conserva."
16276,1,140970009283A,Hombres,26,Empleado,,4,17:00,,Regresar a Casa,,Su casa,,,,140970005034A,,home,,AUTOMÓVIL PARTICULAR,,90 → 30,,minutos:revision,,changed,,
16530,3,1404400540416,Hombres,8,Estudiante,,1,07:31,,Estudiar,,Escuela,,Su casa,,home,,home,,A PIE,,7,,,,,,
16530,3,1404400540416,Hombres,8,Estudiante,,2,02:02 → 14:02,,Estudiar,,Escuela,,,,home,,home,,A PIE,,7,,hora:revision,,changed,,
16530,3,1404400540416,Hombres,8,Estudiante,,3,10:02 → 12:09,20:02,"Compras (bienes, productos y servicios)",,"Comercio, mercado, tienda o centro comercial",,,,home,,1404400540401,,A PIE,,3,,hora:-10h+12h;hora:llegada,hora_invertida,changed,,"La hora de salida pasa de 12:02 a 20:02 para que el viaje ocurra después de la llegada del anterior. El tipo de origen pasa de “Su casa” a “Escuela”; el origen se encadena con el destino del viaje 2 (Escuela en la zona del hogar): la encuesta pregunta el tipo de origen una sola vez y lo repite en todos los renglones de la persona. [Undécima revisión: la decisión de chain_review se mantiene. Se tomó contra «12:02», que las reglas del 26 de septiembre de 2026 dan ahora como «12:09».]"
16530,3,1404400540416,Hombres,8,Estudiante,,4,18:21 → 20:21,,Estudiar,,Otros (especifique),,,,1404400540401,,home,,A PIE,,3,,hora:revision,fin_fuera_de_casa,changed,,
16617,1,1409700250369,Hombres,31,Empleado,,1,05:00,,Trabajar,,Fábrica o taller,,Su casa,,home,,1409704241761,,AUTOMÓVIL PARTICULAR,,90 → 25,,minutos:revision,,changed,,
16617,1,1409700250369,Hombres,31,Empleado,,2,11:55,,Regresar a Casa,,Su casa,,,,1409704241761,,home,,AUTOMÓVIL PARTICULAR,,90 → 25,,minutos:revision,,changed,,
16617,1,1409700250369,Hombres,31,Empleado,,3,13:12 → 13:25,13:12,Trabajar,,Fábrica o taller,,,,home,,1409704241761,,AUTOMÓVIL PARTICULAR,,90 → 25,,hora:llegada;minutos:revision,,changed,,"Undécima revisión: la salida vuelve a las 13:12. La regla del 26 de septiembre de 2026 recorre a la llegada del viaje anterior la salida que la adelanta por 15 minutos o menos, y con los minutos de las reglas la llevaba a las 13:25; pero las decisiones ya tomadas sobre este día (chain_review_9) resolvieron ese traslape de otra forma y el viaje anterior llega a las 12:20, así que la salida registrada cabe y se conserva."
16617,1,1409700250369,Hombres,31,Empleado,,4,16:00,,Regresar a Casa,,Su casa,,,,1409704241761,,home,,AUTOMÓVIL PARTICULAR,,90 → 25,,minutos:revision,,changed,,
17232,2,1404400010100,Mujeres,30,Hogar,,1,07:50,,Llevar o recoger a alguien,,Escuela,,Su casa,,home,,140440011,,AUTOMÓVIL PARTICULAR,,5,,,,,,
17232,2,1404400010100,Mujeres,30,Hogar,,2,08:10,,Regresar a Casa,,Su casa,,,,140440011,,home,,AUTOMÓVIL PARTICULAR,,5,,,,,,
17232,2,1404400010100,Mujeres,30,Hogar,,3,12:50,,Llevar o recoger a alguien,,Escuela,,,,home,,1404400010098,,AUTOMÓVIL PARTICULAR,,5,,,,,,
17232,2,1404400010100,Mujeres,30,Hogar,,4,12:40 → 12:55,14:40,Regresar a Casa,,Su casa,,,,1404400010098,,home,,AUTOMÓVIL PARTICULAR,,5,,hora:llegada,,changed,,"Desfase de dos horas al capturar: 12:40 se lee como 14:40. El tipo de origen pasa de “Su casa” a “Escuela”; el origen se encadena con el destino del viaje 3 (Escuela en 1404400010098): la encuesta pregunta el tipo de origen una sola vez y lo repite en todos los renglones de la persona. [Undécima revisión: la decisión de chain_review se mantiene. Se tomó contra «12:40», que las reglas del 26 de septiembre de 2026 dan ahora como «12:55».]"
17232,2,1404400010100,Mujeres,30,Hogar,,5,17:18,,Compras (comida),,Centro cultural o área recreativa,,,,home,,home,,A PIE,,4,,,,,,
17232,2,1404400010100,Mujeres,30,Hogar,,6,18:19,,Regresar a Casa,,Su casa,,,,home,,home,,A PIE,,4,,,,,,
17483,5,1404400010295,Mujeres,24,Hogar,yes,1,07:49,,Llevar o recoger a alguien,,Escuela,,Su casa,,home,,1404400010098,,AUTOMÓVIL PARTICULAR,,6,,,,,,
17483,5,1404400010295,Mujeres,24,Hogar,yes,2,08:05,,Regresar a Casa,,Su casa,,,,1404400010098,,home,,AUTOMÓVIL PARTICULAR,,7,,,,,,
17483,5,1404400010295,Mujeres,24,Hogar,yes,3,12:27,,Llevar o recoger a alguien,,Escuela,,,,home,,1404400010098,,AUTOMÓVIL PARTICULAR,,7,,,,,,
17483,5,1404400010295,Mujeres,24,Hogar,yes,4,12:25 → 12:34,14:25,Regresar a Casa,,Su casa,,,,1404400010098,,home,,AUTOMÓVIL PARTICULAR,,7,,hora:llegada,,changed,,"Desfase de dos horas al capturar: 12:25 se lee como 14:25. El tipo de origen pasa de “Su casa” a “Escuela”; el origen se encadena con el destino del viaje 3 (Escuela en 1404400010098): la encuesta pregunta el tipo de origen una sola vez y lo repite en todos los renglones de la persona. [Undécima revisión: la decisión de chain_review se mantiene. Se tomó contra «12:25», que las reglas del 26 de septiembre de 2026 dan ahora como «12:34».]"
17853,3,1409700150710,Hombres,29,Empleado,,1,19:00 → 07:00,,Trabajar,,Fábrica o taller,,Su casa,,home,,140970104,,MOTOCICLETA,,8,,hora:revision,,changed,,
17853,3,1409700150710,Hombres,29,Empleado,,2,07:00 → 19:08,17:00,Regresar a Casa,,Su casa,,,,140970104,,home,,MOTOCICLETA,,8,,hora:+12h;hora:llegada,,changed,,"La hora de salida pasa de 19:00 a 17:00 para que el viaje ocurra después de la llegada del anterior. El tipo de origen pasa de “Su casa” a “Fábrica o taller”; el origen se encadena con el destino del viaje 1 (Fábrica o taller en 140970104): la encuesta pregunta el tipo de origen una sola vez y lo repite en todos los renglones de la persona. [Undécima revisión: la decisión de chain_review se mantiene. Se tomó contra «19:00», que las reglas del 26 de septiembre de 2026 dan ahora como «19:08».]"
17940,1,1412000013217,Hombres,24,Empleado,,1,19:04 → 19:00,,Regresar a Casa → Trabajar,,Su casa → Fábrica o taller,,Su casa,,141200001194A → home,,home → 141200001194A,,A PIE,,1,,hora:revision;motivo:revision;tipo_destino:revision;origen:revision;destino:revision,,changed,,
17940,1,1412000013217,Hombres,24,Empleado,,2,19:00 → 19:05,19:04,— → Regresar a Casa,,— → Su casa,,,,home → 141200001194A,,141200001194A → home,,A PIE,,1,,hora:llegada;motivo:revision;tipo_destino:revision;origen:revision;destino:revision,,changed,,"Intercambiado con el viaje 1: este renglón toma el regreso de 141200001194A a casa (19:04). [Undécima revisión: la decisión de chain_review_2 se mantiene. Se tomó contra «19:00», que las reglas del 26 de septiembre de 2026 dan ahora como «19:05».]"
