household,person,home,sex,age,occupation,repeated,trip,start,new start,motive,new motive,dest. type,new dest. type,orig. type,new orig. type,origin,new origin,destination,new destination,mode,new mode,leg min,new leg min,ajustes,problemas,status,new status,note
9,2,1403900014283,Mujeres,31,Empleado,,1,09:00,,Trabajar,,Fábrica o taller,,Su casa,,home,,1403900010863,,Taxi plataforma (Uber/Didi),,30,,,,,,
9,2,1403900014283,Mujeres,31,Empleado,,2,08:52 → 20:52,,Regresar a Casa,,Su casa,,,,1403900010863,,home,,AUTOMÓVIL PARTICULAR,,30 → 15,,hora:revision;minutos:revision,,changed,,"Corrección AM/PM: se reporta 8:52 y por la secuencia del día corresponde a 20:52. El origen se encadena con el destino del viaje 1 (Fábrica o taller en 1403900010863). Novena revisión: 30 min en AUTOMÓVIL PARTICULAR para 1.9 km en línea recta es más del doble de lo que la encuesta suele reportar para ese modo a esa distancia (15 min, la mediana de 3832 viajes): los minutos son el error, no la hora. Con 15 min llega a las 21:07 y el viaje siguiente sale a las 22:14, 67 min después. Es el mismo recorrido, en el mismo modo, que otro viaje del día cuyos minutos chocaban con la salida siguiente."
9,2,1403900014283,Mujeres,31,Empleado,,3,10:14 → 22:14,,Trabajar,,Fábrica o taller,,,,home,,1403900010863,,AUTOMÓVIL PARTICULAR,,30 → 15,,hora:revision;minutos:revision,,changed,,
9,2,1403900014283,Mujeres,31,Empleado,,4,10:20 → 22:44,,Regresar a Casa,,Su casa,,,,1403900010863,,home,,AUTOMÓVIL PARTICULAR,,30 → 15,,hora:revision;minutos:revision,,changed,,"La salida se recorre de 10:20 a 22:44, que es la hora a la que llega el viaje anterior (22:14 + 30 min de traslado): tal como estaba, el viaje empezaba antes de haber llegado. El origen se encadena con el destino del viaje 3 (Fábrica o taller en 1403900010863). Novena revisión: 30 min en AUTOMÓVIL PARTICULAR para 1.9 km en línea recta es más del doble de lo que la encuesta suele reportar para ese modo a esa distancia (15 min, la mediana de 3832 viajes): los minutos son el error, no la hora. Es el último viaje del día. Es el mismo recorrido, en el mismo modo, que otro viaje del día cuyos minutos chocaban con la salida siguiente."
27,3,140390001418A,Mujeres,59,Hogar,,1,07:01,,Deportes o recreación,,Centro cultural o área recreativa,,Su casa,,home,,home,,A PIE,,4,,,,,,
27,3,140390001418A,Mujeres,59,Hogar,,2,07:06,,Regresar a Casa,,Su casa,,,,home,,home,,A PIE,,4,,,,,,
27,3,140390001418A,Mujeres,59,Hogar,,3,19:00 → 09:00,,Visitar a alguien,,Otra vivienda,,,,home,,1403900014442,,MI MACRO,,108,,hora:-10h,,changed,,
27,3,140390001418A,Mujeres,59,Hogar,,4,19:03,,Visitar a alguien,,Su casa → Otra vivienda,,,,1403900014442,,1403900011683,,MI MACRO,,100,,tipo_destino:revision,,changed,,"El origen se encadena con el destino del viaje 3 (Otra vivienda en 1403900014442). El tipo de destino “Su casa” no puede corresponder a una actividad; se sustituye por “Otra vivienda”, tomado de otros viajes de la persona con el mismo motivo o del uso habitual del motivo “Visitar a alguien”."
27,3,140390001418A,Mujeres,59,Hogar,,5,19:33 → 21:33,,Regresar a Casa,,Su casa,,,,1403900011683,,home,,TREN LIGERO,,139,,hora:-10h+12h,,changed,,
34,3,1403900014245,Mujeres,17,Estudiante,,1,08:00,,Trabajar,,"Comercio, mercado, tienda o centro comercial",,Su casa,,home,,1403900013177,,A PIE,,2,,,,,,
34,3,1403900014245,Mujeres,17,Estudiante,,2,13:00,,Regresar a Casa,,Su casa,,,,1403900013177,,home,,A PIE,,2,,,,,,
34,3,1403900014245,Mujeres,17,Estudiante,,3,13:45,,Trabajar,,"Comercio, mercado, tienda o centro comercial",,,,home,,1403900013177,,A PIE,,2,,,,,,
34,3,1403900014245,Mujeres,17,Estudiante,,4,13:45 → 15:45,,Estudiar,,Escuela,,,,1403900013177,,1403900013660,,A PIE,,10,,hora:revision,,changed,,"Desfase de dos horas al capturar: 13:45 se lee como 15:45:00. El origen se encadena con el destino del viaje 3 (Comercio, mercado, tienda o centro comercial en 1403900013177). [Undécima revisión: la decisión de chain_review se mantiene. Se tomó contra «13:45», que las reglas del 26 de septiembre de 2026 dan ahora como «13:47».]"
34,3,1403900014245,Mujeres,17,Estudiante,,5,19:47,,Regresar a Casa,,Su casa,,,,1403900013660,,home,,A PIE,,10,,,,,,
75,5,1403900015296,Mujeres,65,Hogar,,1,19:03 → 09:03,,Visitar a alguien,,Otra vivienda,,Su casa,,home,,1403900014442,,CAMIÓN O AUTOBÚS,,100,,hora:-10h,,changed,,
75,5,1403900015296,Mujeres,65,Hogar,,2,19:03,,Visitar a alguien,,Su casa → Otra vivienda,,,,1403900014442,,1403900011683,,CAMIÓN O AUTOBÚS,,100,,tipo_destino:revision,,changed,,"El origen se encadena con el destino del viaje 1 (Otra vivienda en 1403900014442). El tipo de destino “Su casa” no puede corresponder a una actividad; se sustituye por “Otra vivienda”, tomado de otros viajes de la persona con el mismo motivo o del uso habitual del motivo “Visitar a alguien”."
75,5,1403900015296,Mujeres,65,Hogar,,3,19:33 → 21:33,,Regresar a Casa,,Su casa,,,,1403900011683,,home,,CAMIÓN O AUTOBÚS,,100,,hora:-10h+12h,,changed,,
78,1,1403900014226,Mujeres,60,Empleado,,1,06:00,,Trabajar,,"Hospital, clínica, consultorio, laboratorio clínico",,Su casa,,home,,home,,CAMIÓN O AUTOBÚS,,155,,,,,,
78,1,1403900014226,Mujeres,60,Empleado,,2,08:00 → 18:00,,Trabajar,,Su casa,,,,home,,home,,AUTOMÓVIL PARTICULAR,,85,,hora:revision,actividad_en_casa,changed,,"Error de dígito en la hora: se reporta 8:00 y la cadena solo cierra con 18:00. El origen se encadena con el destino del viaje 1 (Hospital, clínica, consultorio, laboratorio clínico en la zona del hogar)."
78,1,1403900014226,Mujeres,60,Empleado,,3,18:09 → 20:09,,Llevar o recoger a alguien,,Otra vivienda,,,,home,,home,,A PIE,,13,,hora:revision,,changed,,
78,1,1403900014226,Mujeres,60,Empleado,,4,18:25 → 20:25,,Trabajar,,Fábrica o taller,,,,home,,home,,A PIE,,13,,hora:revision,fin_fuera_de_casa,changed,,Desfase de dos horas al capturar: 18:25 se lee como 20:25. El origen se encadena con el destino del viaje 3 (Otra vivienda en la zona del hogar).
78,4,1403900014226,Mujeres,57,Hogar,,1,19:03 → 09:03,,Visitar a alguien,,Otra vivienda,,Su casa,,home,,1403900014442,,MI MACRO,,105,,hora:-10h,,changed,,
78,4,1403900014226,Mujeres,57,Hogar,,2,19:01,,Visitar a alguien,,Su casa → Otra vivienda,,,,1403900014442,,1403900011683,,TREN LIGERO,,149,,tipo_destino:revision,,changed,,"El origen se encadena con el destino del viaje 1 (Otra vivienda en 1403900014442). El tipo de destino “Su casa” no puede corresponder a una actividad; se sustituye por “Otra vivienda”, tomado de otros viajes de la persona con el mismo motivo o del uso habitual del motivo “Visitar a alguien”."
78,4,1403900014226,Mujeres,57,Hogar,,3,19:35 → 21:35,,Regresar a Casa,,Su casa,,,,1403900011683,,home,,TREN LIGERO,,100,,hora:-10h+12h,,changed,,
85,2,1403900014283,Hombres,20,Estudiante,,1,14:00,,Deportes o recreación,,"Deportivo, gimnasio",,"Deportivo, gimnasio → Su casa",,1403900013872 → home,,1403900015277,,A PIE,,15,,tipo_origen:revision;origen:revision,,changed,,
85,2,1403900014283,Hombres,20,Estudiante,,2,15:00,,Regresar a Casa → Estudiar,,Escuela,,,,1403900015277,,1403900015277,,A PIE,,20,,motivo:tipo_destino;tipo_origen:revision,,changed,,
85,2,1403900014283,Hombres,20,Estudiante,,3,18:10,,Otros (especifique),,Otros (especifique),,,,1403900015277,,home,,A PIE,,14,,tipo_origen:revision,,changed,,
85,2,1403900014283,Hombres,20,Estudiante,,4,18:32,,Regresar a Casa → Estudiar,,Su casa,,,,home,,1403900015277,,A PIE,,14,,motivo:revision;tipo_origen:revision,fin_fuera_de_casa;actividad_en_casa,changed,,"El motivo pasa de Regresar a Casa a “Estudiar”: la persona ya estaba en casa y el viaje va hacia la AGEB 1403900015277, de modo que es un viaje de ida y no el regreso. El origen se encadena con el destino del viaje 3 (Otros (especifique) en la zona del hogar)."
89,3,1403900010539,Mujeres,30,Empleado,,1,08:30,,Trabajar,,Fábrica o taller,,Su casa,,home,,1407000200257,,CAMIÓN O AUTOBÚS,,90,,,,,,
89,3,1403900010539,Mujeres,30,Empleado,,2,14:00,,Regresar a Casa,,Su casa,,,,1407000200257,,home,,CAMIÓN O AUTOBÚS,,100,,,,,,
89,3,1403900010539,Mujeres,30,Empleado,,3,16:44,,Trabajar,,Fábrica o taller,,,,home,,1407000200257,,CAMIÓN O AUTOBÚS,,90,,,,,,
89,3,1403900010539,Mujeres,30,Empleado,,4,18:03 → 20:14,,Regresar a Casa,,Su casa,,,,1407000200257,,home,,CAMIÓN O AUTOBÚS,,100,,hora:revision,,changed,,"La hora de salida pasa de 18:03 a 20:14:00 para que el viaje ocurra después de la llegada del anterior. El origen se encadena con el destino del viaje 3 (Fábrica o taller en 1407000200257). [Undécima revisión: la decisión de chain_review se mantiene. Se tomó contra «18:03», que las reglas del 26 de septiembre de 2026 dan ahora como «18:14».]"
92,1,1403900010859,Mujeres,69,Hogar,,1,08:00,,Compras (comida),,"Comercio, mercado, tienda o centro comercial",,Su casa,,home,,1403900010539,,A PIE,,3,,,,,,
92,1,1403900010859,Mujeres,69,Hogar,,2,08:10,,Compras (comida) → Regresar a Casa,,"Comercio, mercado, tienda o centro comercial → Su casa",,,,1403900010539,,1403900010539 → home,,A PIE,,3,,motivo:revision;tipo_destino:revision;destino:revision,,changed,,"El motivo pasa de “Compras (comida)” a “Regresar a casa” por coherencia con el destino y con el resto de la cadena. El origen se encadena con el destino del viaje 1 (Comercio, mercado, tienda o centro comercial en 1403900010539). El tipo de destino pasa de “Comercio, mercado, tienda o centro comercial” a Su casa: el viaje es un regreso que llega a la zona del hogar. El destino pasa de 1403900010539 a la zona del hogar: esa AGEB funciona como “Su casa” dentro de la cadena, es una discrepancia de geocodificación."
100,1,1403900010539,Hombres,46,Empleado,,1,06:00,,Regresar a Casa,,Su casa,,"Comercio, mercado, tienda o centro comercial",,1403900014936,,home,,CAMIÓN O AUTOBÚS,,35,,,inicio_fuera_de_casa,,,
100,1,1403900010539,Hombres,46,Empleado,,2,19:21,,Otros (especifique),,Otros (especifique),,,,1403900014936 → home,,1403900013618,,A PIE,,12,,origen:casa,,changed,,
100,1,1403900010539,Hombres,46,Empleado,,3,19:35,,Regresar a Casa → Trabajar,,Su casa,,,,1403900013618,,1403900014936,,A PIE,,12,,motivo:revision,fin_fuera_de_casa;actividad_en_casa,changed,,"El motivo pasa de Regresar a Casa a “Trabajar”: la persona ya estaba en casa y el viaje va hacia la AGEB 1403900014936, de modo que es un viaje de ida y no el regreso. El origen se encadena con el destino del viaje 2 (Otros (especifique) en 1403900013618)."
107,3,1403900013209,Mujeres,24,Empleado,,1,10:00,,Compras (comida),,"Comercio, mercado, tienda o centro comercial",,Su casa,,home,,1403900011537,,A PIE,,15,,,,,,
107,3,1403900013209,Mujeres,24,Empleado,,2,10:20,,Regresar a Casa,,Su casa,,,,1403900011537,,home,,A PIE,,20,,,,,,
107,3,1403900013209,Mujeres,24,Empleado,,3,20:00,,Trabajar,,"Comercio, mercado, tienda o centro comercial",,,,home,,1403900012291,,AUTOMÓVIL PARTICULAR,,30,,,,,,
107,3,1403900013209,Mujeres,24,Empleado,,4,12:00 → 00:00,,Regresar a Casa,,Su casa,,,,1403900012291,,home,,AUTOMÓVIL PARTICULAR,,30,,hora:revision,hora_nocturna,changed,,"Corrección AM/PM: se reporta 12:00 y por la secuencia del día corresponde a 00:00. El origen se encadena con el destino del viaje 3 (Comercio, mercado, tienda o centro comercial en 1403900012291)."
128,3,1403900013177,Mujeres,41,Empleado,,1,07:21,,Visitar a alguien,,Otra vivienda,,Su casa,,home,,1412002315887,,CAMIÓN O AUTOBÚS,,120,,,,,,
128,3,1403900013177,Mujeres,41,Empleado,,2,08:51 → 09:21,,Regresar a Casa,,Su casa,,,,1412002315887,,home,,CAMIÓN O AUTOBÚS,,120,,hora:revision,,changed,,"La salida se recorre de 8:51 a 09:21, que es la hora a la que llega el viaje anterior (7:21 + 120 min de traslado): tal como estaba, el viaje empezaba antes de haber llegado. El origen se encadena con el destino del viaje 1 (Otra vivienda en 1412002315887)."
128,3,1403900013177,Mujeres,41,Empleado,,3,18:00,,Visitar a alguien,,Otra vivienda,,,,home,,1412002315887,,CAMIÓN O AUTOBÚS,,120,,,,,,
128,3,1403900013177,Mujeres,41,Empleado,,4,23:01,,Regresar a Casa,,Su casa,,,,1412002315887,,home,,CAMIÓN O AUTOBÚS,,120,,,hora_2301,,,
144,2,1403900015277,Hombres,50,Empleado,,1,04:30,,Trabajar,,Fábrica o taller,,Su casa,,home,,141010027236A,,Transporte de personal,,120,,,,,,
144,2,1403900015277,Hombres,50,Empleado,,2,17:00,,Regresar a Casa,,Fábrica o taller → Su casa,,,,141010027236A,,home,,Transporte de personal,,120,,tipo_destino:revision,,changed,,El origen se encadena con el destino del viaje 1 (Fábrica o taller en 141010027236A). El tipo de destino pasa de “Fábrica o taller” a Su casa: el viaje es un regreso que llega a la zona del hogar.
144,2,1403900015277,Hombres,50,Empleado,,3,19:01,,Compras (comida),,"Comercio, mercado, tienda o centro comercial",,,,home,,1403900014226,,A PIE,,13,,,,,,
144,2,1403900015277,Hombres,50,Empleado,,4,19:15,,Regresar a Casa,,Su casa,,,,1403900014226,,home,,A PIE,,13,,,,,,
147,1,1403900013177,Hombres,30,Empleado,,1,09:00,,Trabajar,,Fábrica o taller,,Su casa,,home,,999990004,,CAMIÓN O AUTOBÚS,,20,,,,,,
147,1,1403900013177,Hombres,30,Empleado,,2,10:30,,Trabajar,,Otros (especifique),,,,999990004,,1409800010879,,Taxi plataforma (Uber/Didi),,4,,,,,,
147,1,1403900013177,Hombres,30,Empleado,,3,14:00,,Visitar a alguien,,"Comercio, mercado, tienda o centro comercial",,,,1409800010879,,999990004,,AUTOMÓVIL PARTICULAR,,20,,,,,,
147,1,1403900013177,Hombres,30,Empleado,,4,12:00 → 00:00,,Regresar a Casa,,Su casa,,,,999990004,,home,,AUTOMÓVIL PARTICULAR,,3,,hora:revision,hora_nocturna,changed,,"Corrección AM/PM: se reporta 12:00 y por la secuencia del día corresponde a 00:00. El origen se encadena con el destino del viaje 3 (Comercio, mercado, tienda o centro comercial en 999990004)."
244,1,1403900012592,Hombres,50,Hogar,,1,06:00,,Trabajar,,Fábrica o taller,,Oficina → Su casa,,1403900014048 → home,,1403900014048,,CAMIÓN O AUTOBÚS,,40,,origen:copia;tipo_origen:copia,,changed,,
244,1,1403900012592,Hombres,50,Hogar,,2,14:02,,Regresar a Casa,,Su casa,,,,1403900014048,,1403900014048 → home,,CAMIÓN O AUTOBÚS,,40,,tipo_origen:copia;destino:revision,,changed,,"El origen se encadena con el destino del viaje 1 (Fábrica o taller en 1403900014048). El destino pasa de 1403900014048 a la zona del hogar: esa AGEB funciona como “Su casa” dentro de la cadena, es una discrepancia de geocodificación."
244,1,1403900012592,Hombres,50,Hogar,,3,16:33,,Trabajar,,Fábrica o taller,,,,1403900014048 → home,,1403900014048,,CAMIÓN O AUTOBÚS,,10,,tipo_origen:copia;origen:revision,,changed,,
244,1,1403900012592,Hombres,50,Hogar,,4,18:00,,Regresar a Casa,,Su casa,,,,1403900014048,,home,,CAMIÓN O AUTOBÚS,,50,,tipo_origen:copia,,changed,,
290,4,1403900012713,Mujeres,30,Empleado,,1,11:00,,Trabajar,,"Comercio, mercado, tienda o centro comercial",,Su casa,,home,,1409700201013,,TREN LIGERO,,60,,,,,,
290,4,1403900012713,Mujeres,30,Empleado,,2,08:00 → 18:00,,Regresar a Casa,,Su casa,,,,1409700201013,,home,,CAMIÓN O AUTOBÚS,,60,,hora:revision,,changed,,"Error de dígito en la hora: se reporta 8:00 y la cadena solo cierra con 18:00. El origen se encadena con el destino del viaje 1 (Comercio, mercado, tienda o centro comercial en 1409700201013)."
290,4,1403900012713,Mujeres,30,Empleado,,3,18:13 → 20:13,,Llevar o recoger a alguien,,Otra vivienda,,,,home,,home,,A PIE,,8,,hora:revision,,changed,,
290,4,1403900012713,Mujeres,30,Empleado,,4,18:22 → 20:22,,Regresar a Casa,,Su casa,,,,home,,home,,A PIE,,8,,hora:revision,,changed,,Desfase de dos horas al capturar: 18:22 se lee como 20:22. El origen se encadena con el destino del viaje 3 (Otra vivienda en la zona del hogar).
295,3,1403900014033,Mujeres,22,Hogar,,1,10:00,,"Compras (bienes, productos y servicios)",,"Comercio, mercado, tienda o centro comercial",,Su casa,,home,,home,,A PIE,,5,,,,,,
295,3,1403900014033,Mujeres,22,Hogar,,2,10:15,,Regresar a Casa,,Su casa,,,,home,,home,,A PIE,,5,,,,,,
295,3,1403900014033,Mujeres,22,Hogar,,3,17:40,,Llevar o recoger a alguien,,Escuela,,,,home,,1403900012728,,A PIE,,20,,,,,,
295,3,1403900014033,Mujeres,22,Hogar,,4,18:05,,Regresar a Casa,,Su casa,,,,1403900012728,,home,,A PIE,,20,,,,,,
295,3,1403900014033,Mujeres,22,Hogar,,5,22:00,,Visitar a alguien,,Otra vivienda,,,,home,,1409800010879,,Taxi,,20,,,,,,
295,3,1403900014033,Mujeres,22,Hogar,,6,19:57 → 22:20,,Regresar a Casa,,Su casa,,,,1409800010879,,home,,Taxi,,20,,hora:revision,,changed,,"La salida se recorre de 19:57 a 22:20, que es la hora a la que llega el viaje anterior (22:00 + 20 min de traslado): tal como estaba, el viaje empezaba antes de haber llegado. El origen se encadena con el destino del viaje 5 (Otra vivienda en 1409800010879)."
297,1,1403900015332,Mujeres,50,Trabajador independiente,,1,21:00 → 09:00,,Visitar a alguien,,Otra vivienda,,Su casa,,home,,1409708221530,,AUTOMÓVIL PARTICULAR,,90,,hora:revision,,changed,,
297,1,1403900015332,Mujeres,50,Trabajador independiente,,2,08:00 → 20:00,,Regresar a Casa,,Su casa,,,,1409708221530,,home,,AUTOMÓVIL PARTICULAR,,90,,hora:revision,,changed,,Corrección AM/PM: se reporta 8:00 y por la secuencia del día corresponde a 20:00. El origen se encadena con el destino del viaje 1 (Otra vivienda en 1409708221530).
306,3,1403900015332,Hombres,41,Empleado,,1,07:20,,Otros (especifique) → Trabajar,,Fábrica o taller,,Su casa,,home,,1403900012395,,AUTOMÓVIL PARTICULAR,,10,,motivo:revision,,changed,,
306,3,1403900015332,Hombres,41,Empleado,,2,18:15,,Otros (especifique) → Regresar a Casa,,Su casa,,,,1403900012395,,home,,AUTOMÓVIL PARTICULAR,,10,,motivo:revision,,changed,,El motivo pasa de “Otros (especifique)” a “Regresar a casa” por coherencia con el destino y con el resto de la cadena. El origen se encadena con el destino del viaje 1 (Fábrica o taller en 1403900012395).
306,3,1403900015332,Hombres,41,Empleado,,3,19:28,,Regresar a Casa,,Su casa,,,,home,,home,,AUTOMÓVIL PARTICULAR,,10,,,regreso_en_casa,,,
319,2,1403900012431,Hombres,72,Empleado,,1,13:00,,Visitar a alguien,,Otra vivienda,,Su casa,,home,,1403900011753,,AUTOMÓVIL PARTICULAR,,20,,,,,,
319,2,1403900012431,Hombres,72,Empleado,,2,16:00,,Visitar a alguien → Regresar a Casa,,Otra vivienda → Su casa,,,,1403900011753,,1403900011753 → home,,CAMIÓN O AUTOBÚS,,20,,motivo:revision;tipo_destino:revision;destino:revision,,changed,,"El motivo pasa de “Visitar a alguien” a “Regresar a casa” por coherencia con el destino y con el resto de la cadena. El origen se encadena con el destino del viaje 1 (Otra vivienda en 1403900011753). El tipo de destino pasa de “Otra vivienda” a Su casa: el viaje es un regreso que llega a la zona del hogar. El destino pasa de 1403900011753 a la zona del hogar: esa AGEB funciona como “Su casa” dentro de la cadena, es una discrepancia de geocodificación."
336,1,1403900012569,Mujeres,81,Trabajador independiente,,1,05:00,,Trabajar,,"Comercio, mercado, tienda o centro comercial",,Su casa,,home,,1403900012588,,A PIE,,10,,,,,,
336,1,1403900012569,Mujeres,81,Trabajador independiente,,2,14:00,,Trabajar → Regresar a Casa,,Su casa,,,,1403900012588,,home,,A PIE,,10,,motivo:revision,,changed,,"El motivo pasa de “Trabajar” a “Regresar a casa” por coherencia con el destino y con el resto de la cadena. El origen se encadena con el destino del viaje 1 (Comercio, mercado, tienda o centro comercial en 1403900012588)."
336,1,1403900012569,Mujeres,81,Trabajador independiente,,3,20:25,,Regresar a Casa,,Su casa,,Su casa,,home,,home,,A PIE,,10,,,,dropped,,
417,1,1403900014033,Hombres,84,Jubilado o pensionado,,1,17:00,,Deportes o recreación,,Otros (especifique) → Centro cultural o área recreativa,,Su casa,,home,,home,,A PIE,,5,,tipo_destino:revision,,changed,,
417,1,1403900014033,Hombres,84,Jubilado o pensionado,,2,18:30,,Deportes o recreación,,Centro cultural o área recreativa → Su casa,,,,home,,home,,A PIE,,5,,tipo_destino:revision,fin_fuera_de_casa;actividad_en_casa,changed,,El origen se encadena con el destino del viaje 1 (Centro cultural o área recreativa en la zona del hogar). El tipo de destino pasa de “Centro cultural o área recreativa” a Su casa: el viaje es un regreso que llega a la zona del hogar.
442,2,1403900012569,Mujeres,51,Empleado,,1,08:00,,Trabajar,,Oficina,,Su casa,,home,,1403900011359,,MI MACRO,,30,,,,,,
442,2,1403900012569,Mujeres,51,Empleado,,2,17:00,,"Compras (bienes, productos y servicios)",,"Comercio, mercado, tienda o centro comercial",,,,1403900011359,,1403900011378,,A PIE,,30,,,,,,
442,2,1403900012569,Mujeres,51,Empleado,,3,18:00,,"Compras (bienes, productos y servicios) → Regresar a Casa",,Su casa,,,,1403900011378,,home,,MI MACRO,,30,,motivo:revision,,changed,,"El motivo pasa de “Compras (bienes, productos y servicios)” a Regresar a Casa: el viaje llega a “Su casa” en la zona del hogar viniendo de otra actividad, así que es el regreso y no una actividad nueva. El origen se encadena con el destino del viaje 2 (Comercio, mercado, tienda o centro comercial en 1403900011378)."
442,2,1403900012569,Mujeres,51,Empleado,,4,19:47,,Regresar a Casa,,Su casa,,Su casa,,home,,home,,MI MACRO,,30,,,,dropped,,
465,1,1403900012713,Hombres,52,Trabajador independiente,,1,19:00,,Deportes o recreación,,"Deportivo, gimnasio",,Su casa,,home,,1403900013656,,AUTOMÓVIL PARTICULAR,,90,,,,,,
465,1,1403900012713,Hombres,52,Trabajador independiente,,2,23:15,,Deportes o recreación → Regresar a Casa,,"Deportivo, gimnasio → Su casa",,,,1403900013656,,1403900013656 → home,,AUTOMÓVIL PARTICULAR,,40,,motivo:revision;tipo_destino:revision;destino:revision,,changed,,"El origen se encadena con el destino del viaje 1 (Deportivo, gimnasio en 1403900013656). El tipo de destino pasa de “Deportivo, gimnasio” a Su casa: el viaje es un regreso que llega a la zona del hogar. El destino pasa de 1403900013656 a la zona del hogar: esa AGEB funciona como “Su casa” dentro de la cadena, es una discrepancia de geocodificación. Llega a la vivienda (el AGEB del hogar, tipo Su casa) desde 1403900013656, donde hizo la misma actividad: es el regreso a casa, registrado con el motivo de la actividad (Deportes o recreación). Al llegar a casa el propósito es casa; si el renglón siguiente repite el regreso desde casa, queda como no-viaje."
469,4,1403900015347,Mujeres,28,Empleado,,1,11:02,,Trabajar,,"Comercio, mercado, tienda o centro comercial",,Su casa,,home,,1409700201013,,TREN LIGERO,,60,,,,,,
469,4,1403900015347,Mujeres,28,Empleado,,2,08:01 → 18:01,,Regresar a Casa,,Su casa,,,,1409700201013,,home,,TREN LIGERO,,88,,hora:revision,,changed,,"Error de dígito en la hora: se reporta 8:01 y la cadena solo cierra con 18:01. El origen se encadena con el destino del viaje 1 (Comercio, mercado, tienda o centro comercial en 1409700201013)."
469,4,1403900015347,Mujeres,28,Empleado,,3,18:08 → 20:08,,Otros (especifique),,Otros (especifique),,,,home,,1403900012588,,A PIE,,4,,hora:revision,,changed,,
469,4,1403900015347,Mujeres,28,Empleado,,4,18:19 → 20:19,,Regresar a Casa,,Su casa,,,,1403900012588,,home,,A PIE,,4,,hora:revision,,changed,,Desfase de dos horas al capturar: 18:19 se lee como 20:19. El origen se encadena con el destino del viaje 3 (Otros (especifique) en 1403900012588).
493,4,1403900011170,Hombres,51,Empleado,,1,08:21,,Otros (especifique),,Otros (especifique),,Su casa,,home,,home,,A PIE,,12,,,,,,
493,4,1403900011170,Hombres,51,Empleado,,2,08:43,,Regresar a Casa,,Su casa,,,,home,,home,,A PIE,,12,,,,,,
493,4,1403900011170,Hombres,51,Empleado,,3,20:28,,Trabajar,,Fábrica o taller,,,,home,,1412000010369,,TREN LIGERO,,7,,,,,,
493,4,1403900011170,Hombres,51,Empleado,,4,17:02 → 05:02,,Regresar a Casa,,Su casa,,,,1412000010369,,home,,MI MACRO,,27,,hora:revision,hora_nocturna,changed,,Corrección AM/PM: se reporta 17:02 y por la secuencia del día corresponde a 05:02. El origen se encadena con el destino del viaje 3 (Fábrica o taller en 1412000010369).
502,2,1403900011382,Mujeres,67,Hogar,,1,09:00,,Compras (comida),,"Comercio, mercado, tienda o centro comercial",,Su casa,,home,,1403900011166,,A PIE,,20,,,,,,
502,2,1403900011382,Mujeres,67,Hogar,,2,23:30 → 11:30,,"Compras (bienes, productos y servicios)",,"Comercio, mercado, tienda o centro comercial",,,,1403900011166,,1403900011166,,A PIE,,15,,hora:revision,,changed,,"Corrección AM/PM: se reporta 23:30 y por la secuencia del día corresponde a 11:30. El origen se encadena con el destino del viaje 1 (Comercio, mercado, tienda o centro comercial en 1403900011166)."
502,2,1403900011382,Mujeres,67,Hogar,,3,12:00,,Regresar a Casa,,Su casa,,,,1403900011166,,home,,A PIE,,10,,,,,,
511,1,1403900013853,Hombres,77,Jubilado o pensionado,,1,07:00,,Al médico o atención de salud,,"Hospital, clínica, consultorio, laboratorio clínico",,Su casa,,home,,1403900012319,,CAMIÓN O AUTOBÚS,,17,,,,,,
511,1,1403900013853,Hombres,77,Jubilado o pensionado,,2,20:45 → 08:45,,Regresar a Casa,,Su casa,,,,1403900012319,,home,,A PIE,,20,,hora:revision,,changed,,"Corrección AM/PM: se reporta 20:45 y por la secuencia del día corresponde a 08:45. El origen se encadena con el destino del viaje 1 (Hospital, clínica, consultorio, laboratorio clínico en 1403900012319)."
511,1,1403900013853,Hombres,77,Jubilado o pensionado,,3,17:00,,Compras (comida),,"Comercio, mercado, tienda o centro comercial",,,,home,,home,,A PIE,,8,,,fin_fuera_de_casa,,,
527,2,1403900011414,Hombres,62,Empleado,,1,09:30,,Compras (comida),,"Comercio, mercado, tienda o centro comercial",,Su casa,,home,,home,,A PIE,,70,,,,,,
527,2,1403900011414,Hombres,62,Empleado,,2,09:40 → 10:40,,Regresar a Casa,,Su casa,,,,home,,home,,A PIE,,30,,hora:revision,,changed,,"La salida se recorre de 9:40 a 10:40, que es la hora a la que llega el viaje anterior (9:30 + 70 min de traslado): tal como estaba, el viaje empezaba antes de haber llegado. El origen se encadena con el destino del viaje 1 (Comercio, mercado, tienda o centro comercial en la zona del hogar)."
527,2,1403900011414,Hombres,62,Empleado,,3,12:30,,Trabajar,,"Hospital, clínica, consultorio, laboratorio clínico",,,,home,,1403900010929,,CAMIÓN O AUTOBÚS,,120,,,,,,
527,2,1403900011414,Hombres,62,Empleado,,4,19:57,,Regresar a Casa,,Su casa,,,,1403900010929,,home,,CAMIÓN O AUTOBÚS,,120,,,,,,
531,2,1403900011414,Hombres,33,Empleado,,1,08:00,,Trabajar,,Fábrica o taller,,Su casa,,home,,home,,A PIE,,10,,,,,,
531,2,1403900011414,Hombres,33,Empleado,,2,16:00,,Regresar a Casa,,Fábrica o taller → Su casa,,,,home,,home,,A PIE,,10,,tipo_destino:revision,,changed,,El origen se encadena con el destino del viaje 1 (Fábrica o taller en la zona del hogar). El tipo de destino pasa de “Fábrica o taller” a Su casa: el viaje es un regreso que llega a la zona del hogar.
531,2,1403900011414,Hombres,33,Empleado,,3,18:09,,Compras (comida),,"Comercio, mercado, tienda o centro comercial",,,,home,,1403900011679,,A PIE,,3,,,,,,
531,2,1403900011414,Hombres,33,Empleado,,4,18:15,,Regresar a Casa,,Su casa,,,,1403900011679,,home,,A PIE,,3,,,,,,
538,3,1403900010774,Hombres,19,Estudiante,,1,07:00,,Estudiar,,Escuela,,Su casa,,home,,1403900013641,,AUTOMÓVIL PARTICULAR,,30,,,,,,
538,3,1403900010774,Hombres,19,Estudiante,,2,17:00,,Otros (especifique) → Regresar a Casa,,Su casa,,,,1403900013641,,home,,CAMIÓN O AUTOBÚS,,30,,motivo:revision,,changed,,"El motivo pasa de “Otros (especifique)” a Regresar a Casa: el viaje llega a “Su casa” en la zona del hogar viniendo de otra actividad, así que es el regreso y no una actividad nueva. El origen se encadena con el destino del viaje 1 (Escuela en 1403900013641)."
538,3,1403900010774,Hombres,19,Estudiante,,3,20:07,,Regresar a Casa,,Su casa,,Su casa,,home,,home,,CAMIÓN O AUTOBÚS,,30,,,,dropped,,
553,4,1403900011645,Hombres,9,Estudiante,yes,1,07:00,,Estudiar,,Escuela,,Su casa,,home,,140390001101A,,AUTOMÓVIL PARTICULAR,,15,,,,,,
553,4,1403900011645,Hombres,9,Estudiante,yes,2,13:00,,Regresar a Casa,,Escuela → Su casa,,,,140390001101A,,140390001101A → home,,AUTOMÓVIL PARTICULAR,,15,,tipo_destino:revision;destino:revision,,changed,,"El origen se encadena con el destino del viaje 1 (Escuela en 140390001101A). El tipo de destino pasa de “Escuela” a Su casa: el viaje es un regreso que llega a la zona del hogar. El destino pasa de 140390001101A a la zona del hogar: esa AGEB funciona como “Su casa” dentro de la cadena, es una discrepancia de geocodificación. Llega a la vivienda (el AGEB del hogar, tipo Su casa) desde 140390001101A, donde hizo la misma actividad: es el regreso a casa, registrado con el motivo de la actividad (Estudiar). Al llegar a casa el propósito es casa; si el renglón siguiente repite el regreso desde casa, queda como no-viaje."
554,1,1403900011645,Hombres,35,Trabajador independiente,,1,06:00,,Trabajar,,Fábrica o taller,,Su casa,,home,,1403900011359,,CAMIÓN O AUTOBÚS,,60,,,,,,
554,1,1403900011645,Hombres,35,Trabajador independiente,,2,19:25,,Regresar a Casa,,Su casa,,,,1403900011359,,home,,CAMIÓN O AUTOBÚS,,30,,,,,,
554,1,1403900011645,Hombres,35,Trabajador independiente,,3,22:10 → 20:10,,Compras (comida),,"Comercio, mercado, tienda o centro comercial",,,,home,,1403900011397,,A PIE,,30,,hora:revision,,changed,,
554,1,1403900011645,Hombres,35,Trabajador independiente,,4,19:19 → 21:19,,Regresar a Casa,,Su casa,,,,1403900011397,,home,,A PIE,,30,,hora:revision,,changed,,"Desfase de dos horas al capturar: 19:19 se lee como 21:19:00. El origen se encadena con el destino del viaje 3 (Comercio, mercado, tienda o centro comercial en 1403900011397)."
556,2,1403900011645,Mujeres,51,Hogar,,1,10:00,,Pagar algún servicio o al banco,,"Comercio, mercado, tienda o centro comercial",,Su casa,,home,,1403900011626,,TREN LIGERO,,30,,,,,,
556,2,1403900011645,Mujeres,51,Hogar,,2,23:30 → 11:30,,Regresar a Casa,,Su casa,,,,1403900011626,,home,,TREN LIGERO,,30,,hora:revision,,changed,,"Corrección AM/PM: se reporta 23:30 y por la secuencia del día corresponde a 11:30. El origen se encadena con el destino del viaje 1 (Comercio, mercado, tienda o centro comercial en 1403900011626)."
556,2,1403900011645,Mujeres,51,Hogar,,3,15:00,,Compras (comida),,"Comercio, mercado, tienda o centro comercial",,,,home,,1403900011378,,A PIE,,20,,,,,,
556,2,1403900011645,Mujeres,51,Hogar,,4,20:04,,Regresar a Casa,,Su casa,,,,1403900011378,,home,,A PIE,,20,,,,,,
560,2,1403900011645,Hombres,22,Empleado,,1,07:00,,Trabajar,,"Restaurante, bar, cafetería",,Su casa,,home,,1403900012130,,Bicicleta,,30,,,,,,
560,2,1403900011645,Hombres,22,Empleado,,2,15:00,,Trabajar,,"Restaurante, bar, cafetería",,,,1403900012130,,1403900011804,,Bicicleta,,20,,,,,,
560,2,1403900011645,Hombres,22,Empleado,,3,12:00 → 00:00,,Regresar a Casa,,Su casa,,,,1403900011804,,home,,Bicicleta,,35,,hora:revision,hora_nocturna,changed,,"Corrección AM/PM: se reporta 12:00 y por la secuencia del día corresponde a 00:00. El origen se encadena con el destino del viaje 2 (Restaurante, bar, cafetería en 1403900011804)."
560,5,1403900011645,Hombres,7,Estudiante,yes,1,07:03,,Estudiar,,Escuela,,Su casa,,home,,140390001101A,,AUTOMÓVIL PARTICULAR,,15,,,,,,
560,5,1403900011645,Hombres,7,Estudiante,yes,2,13:07,,Regresar a Casa,,Escuela → Su casa,,,,140390001101A,,140390001101A → home,,AUTOMÓVIL PARTICULAR,,15,,tipo_destino:revision;destino:revision,,changed,,"El motivo pasa de “Estudiar” a Regresar a Casa: el viaje llega a “Su casa” en la zona del hogar viniendo de otra actividad, así que es el regreso y no una actividad nueva. El origen se encadena con el destino del viaje 1 (Escuela en 140390001101A). El tipo de destino pasa de “Escuela” a Su casa: el viaje es un regreso que llega a la zona del hogar. El destino pasa de 140390001101A a la zona del hogar: esa AGEB funciona como “Su casa” dentro de la cadena, es una discrepancia de geocodificación."
576,3,1403900011185,Mujeres,49,Empleado,,1,13:00,,Trabajar,,"Comercio, mercado, tienda o centro comercial",,Su casa,,home,,1403900014851,,CAMIÓN O AUTOBÚS,,15,,,,,,
576,3,1403900011185,Mujeres,49,Empleado,,2,18:00,,Compras (comida),,"Comercio, mercado, tienda o centro comercial",,,,1403900014851,,home,,A PIE,,7,,,,,,
576,3,1403900011185,Mujeres,49,Empleado,,3,18:40,,Trabajar,,"Comercio, mercado, tienda o centro comercial",,,,home,,1403900014851,,A PIE,,7,,,,,,
576,3,1403900011185,Mujeres,49,Empleado,,4,12:00 → 00:00,,Regresar a Casa,,Su casa,,,,1403900014851,,home,,Taxi plataforma (Uber/Didi),,10,,hora:revision,hora_nocturna,changed,,"Corrección AM/PM: se reporta 12:00 y por la secuencia del día corresponde a 00:00. El origen se encadena con el destino del viaje 3 (Comercio, mercado, tienda o centro comercial en 1403900014851)."
594,3,1403900011946,Hombres,34,Empleado,,1,10:00,,Trabajar,,"Comercio, mercado, tienda o centro comercial",,Su casa,,home,,1403900011359,,A PIE,,35,,,,,,
594,3,1403900011946,Hombres,34,Empleado,,2,18:30,,Trabajar → Regresar a Casa,,Su casa,,,,1403900011359,,home,,TREN LIGERO,,35,,motivo:revision,,changed,,
594,3,1403900011946,Hombres,34,Empleado,,3,22:00,,Compras (comida),,"Restaurante, bar, cafetería",,,,home,,140390001165A,,A PIE,,30,,,,,,
594,3,1403900011946,Hombres,34,Empleado,,4,19:31 → 22:30,,Regresar a Casa,,Su casa,,,,140390001165A,,home,,A PIE,,30,,hora:revision,,changed,,"La salida se recorre de 19:31 a 22:30, que es la hora a la que llega el viaje anterior (22:00 + 30 min de traslado): tal como estaba, el viaje empezaba antes de haber llegado. El origen se encadena con el destino del viaje 3 (Restaurante, bar, cafetería en 140390001165A)."
616,3,1403900014870,Mujeres,52,Empleado,,1,18:59 → 06:59,,Trabajar,,Oficina,,Su casa,,home,,1409800013214,,AUTOMÓVIL PARTICULAR,,160,,hora:revision,,changed,,
616,3,1403900014870,Mujeres,52,Empleado,,2,09:51,,Regresar a Casa,,Su casa,,,,1409800013214,,home,,AUTOMÓVIL PARTICULAR,,70,,,,,,
616,3,1403900014870,Mujeres,52,Empleado,,3,11:04,,Trabajar,,Oficina,,,,home,,1409800013214,,AUTOMÓVIL PARTICULAR,,90,,,,,,
616,3,1403900014870,Mujeres,52,Empleado,,4,08:59 → 20:59,,Regresar a Casa,,Su casa,,,,1409800013214,,home,,AUTOMÓVIL PARTICULAR,,70,,hora:revision,,changed,,Corrección AM/PM: se reporta 8:59 y por la secuencia del día corresponde a 20:59. El origen se encadena con el destino del viaje 3 (Oficina en 1409800013214).
621,3,1403900014870,Mujeres,26,Empleado,,1,08:00,,Trabajar,,"Hospital, clínica, consultorio, laboratorio clínico",,Su casa,,home,,1412000012242,,AUTOMÓVIL PARTICULAR,,40 → 20,,minutos:revision,,changed,,
621,3,1403900014870,Mujeres,26,Empleado,,2,06:38 → 16:38,,Regresar a Casa,,Su casa,,,,1412000012242,,home,,AUTOMÓVIL PARTICULAR,,45 → 20,,hora:revision;minutos:revision,,changed,,"Error de dígito en la hora: se reporta 6:38 y la cadena solo cierra con 16:38. El origen se encadena con el destino del viaje 1 (Hospital, clínica, consultorio, laboratorio clínico en 1412000012242). Novena revisión: 45 min en AUTOMÓVIL PARTICULAR para 2.3 km en línea recta es más del doble de lo que la encuesta suele reportar para ese modo a esa distancia (20 min, la mediana de 3486 viajes): los minutos son el error, no la hora. Con 20 min llega a las 16:58 y el viaje siguiente sale a las 18:16, 78 min después. Es el mismo recorrido, en el mismo modo, que otro viaje del día cuyos minutos chocaban con la salida siguiente."
621,3,1403900014870,Mujeres,26,Empleado,,3,08:16 → 18:16,,Trabajar,,"Hospital, clínica, consultorio, laboratorio clínico",,,,home,,1412000012242,,AUTOMÓVIL PARTICULAR,,40 → 20,,hora:revision;minutos:revision,,changed,,
621,3,1403900014870,Mujeres,26,Empleado,,4,08:00 → 20:00,,Regresar a Casa,,Su casa,,,,1412000012242,,home,,AUTOMÓVIL PARTICULAR,,45 → 20,,hora:revision;minutos:revision,,changed,,"Corrección AM/PM: se reporta 8:00 y por la secuencia del día corresponde a 20:00. El origen se encadena con el destino del viaje 3 (Hospital, clínica, consultorio, laboratorio clínico en 1412000012242). Novena revisión: 45 min en AUTOMÓVIL PARTICULAR para 2.3 km en línea recta es más del doble de lo que la encuesta suele reportar para ese modo a esa distancia (20 min, la mediana de 3486 viajes): los minutos son el error, no la hora. Con 20 min llega a las 20:20 y el viaje siguiente sale a las 20:45, 25 min después."
621,3,1403900014870,Mujeres,26,Empleado,,5,18:04 → 20:45,,Otros (especifique),,Otros (especifique),,,,home,,1403900010632,,A PIE,,2,,hora:revision,,changed,,
621,3,1403900014870,Mujeres,26,Empleado,,6,18:09 → 20:47,,Regresar a Casa,,Su casa,,,,1403900010632,,home,,A PIE,,2,,hora:revision,,changed,,"La salida se recorre de 18:09 a 20:47, que es la hora a la que llega el viaje anterior (20:45 + 2 min de traslado): tal como estaba, el viaje empezaba antes de haber llegado. El origen se encadena con el destino del viaje 5 (Otros (especifique) en 1403900010632)."
642,1,1403900010702,Hombres,22,Empleado,,1,06:30,,Estudiar,,Escuela,,Su casa,,home,,1403900010365,,MOTOCICLETA,,10,,,,,,
642,1,1403900010702,Hombres,22,Empleado,,2,12:30,,Deportes o recreación,,"Deportivo, gimnasio",,,,1403900010365,,1403900010365,,MOTOCICLETA,,10,,,,,,
642,1,1403900010702,Hombres,22,Empleado,,3,14:00,,Regresar a Casa,,Su casa,,,,1403900010365,,home,,MOTOCICLETA,,15,,,,,,
642,1,1403900010702,Hombres,22,Empleado,,4,15:00,,Trabajar,,"Restaurante, bar, cafetería",,,,home,,1403900011804,,MOTOCICLETA,,20,,,,,,
642,1,1403900010702,Hombres,22,Empleado,,5,12:00 → 15:20,,Regresar a Casa,,Su casa,,,,1403900011804,,home,,MOTOCICLETA,,20,,hora:revision,,changed,,"La salida se recorre de 12:00 a 15:20, que es la hora a la que llega el viaje anterior (15:00 + 20 min de traslado): tal como estaba, el viaje empezaba antes de haber llegado. El origen se encadena con el destino del viaje 4 (Restaurante, bar, cafetería en 1403900011804)."
642,1,1403900010702,Hombres,22,Empleado,,6,18:07,,Llevar o recoger a alguien,,Otra vivienda,,,,home,,home,,A PIE,,12,,,,,,
642,1,1403900010702,Hombres,22,Empleado,,7,18:26,,Regresar a Casa,,Su casa,,,,home,,home,,A PIE,,12,,,,,,
660,1,1403900014813,Mujeres,46,Empleado,,1,07:30,,Trabajar,,"Comercio, mercado, tienda o centro comercial",,Su casa,,home,,1403900014936,,A PIE,,50,,,,,,
660,1,1403900014813,Mujeres,46,Empleado,,2,18:00,,Al médico o atención de salud,,"Comercio, mercado, tienda o centro comercial → Hospital, clínica, consultorio, laboratorio clínico",,,,1403900014936,,1403900014936,,MI MACRO,,70,,tipo_destino:revision,fin_fuera_de_casa,changed,,"El origen se encadena con el destino del viaje 1 (Comercio, mercado, tienda o centro comercial en 1403900014936). El tipo de destino pasa de “Comercio, mercado, tienda o centro comercial” a “Hospital, clínica, consultorio, laboratorio clínico” por coherencia con el motivo del viaje."
689,1,1403900010115,Mujeres,49,Hogar,,1,04:20,,Trabajar,,Fábrica o taller,,Su casa,,home,,1403900011359,,CAMIÓN O AUTOBÚS,,100,,,,,,
689,1,1403900010115,Mujeres,49,Hogar,,2,19:18,,"Compras (bienes, productos y servicios)",,"Comercio, mercado, tienda o centro comercial",,,,home → 1403900011359,,home,,A PIE,,10,,origen:revision,,changed,,La AGEB de origen pasa de la zona del hogar a 1403900011359; el origen se encadena con el destino del viaje 1 (Fábrica o taller en 1403900011359).
689,1,1403900010115,Mujeres,49,Hogar,,3,19:31,,Regresar a Casa,,Su casa,,,,home,,home,,A PIE,,10,,,,,,
694,1,1403900011325,Hombres,39,Trabajador independiente,,1,10:00,,Deportes o recreación,,Otros (especifique),,Su casa,,home,,1403900011359,,Bicicleta,,120,,,,,,
694,1,1403900011325,Hombres,39,Trabajador independiente,,2,11:00 → 13:00,,Deportes o recreación → Regresar a Casa,,Su casa,,,,1403900011359,,home,,Bicicleta,,60,,hora:-10h+12h;motivo:revision,,changed,,"La hora de salida pasa de 13:00 a 13:00:00 para que el viaje ocurra después de la llegada del anterior. El motivo pasa de “Deportes o recreación” a Regresar a Casa: el viaje llega a “Su casa” en la zona del hogar viniendo de otra actividad, así que es el regreso y no una actividad nueva. El origen se encadena con el destino del viaje 1 (Otros (especifique) en 1403900011359)."
694,1,1403900011325,Hombres,39,Trabajador independiente,,3,19:05,,Regresar a Casa,,Su casa,,Su casa,,home,,home,,Bicicleta,,60,,,,dropped,,
694,2,1403900011325,Mujeres,25,Empleado,,1,10:00,,Deportes o recreación,,Otros (especifique),,Su casa,,home,,1403900011359,,Bicicleta,,120,,,,,,
694,2,1403900011325,Mujeres,25,Empleado,,2,11:00 → 13:00,,Deportes o recreación → Regresar a Casa,,Su casa,,,,1403900011359,,home,,Bicicleta,,60,,hora:-10h+12h;motivo:revision,,changed,,"La hora de salida pasa de 13:00 a 13:00:00 para que el viaje ocurra después de la llegada del anterior. El motivo pasa de “Deportes o recreación” a Regresar a Casa: el viaje llega a “Su casa” en la zona del hogar viniendo de otra actividad, así que es el regreso y no una actividad nueva. El origen se encadena con el destino del viaje 1 (Otros (especifique) en 1403900011359)."
694,2,1403900011325,Mujeres,25,Empleado,,3,20:49,,Regresar a Casa,,Su casa,,Su casa,,home,,home,,Bicicleta,,60,,,,dropped,,
697,5,1403900011325,Mujeres,22,Empleado,,1,10:07,,Deportes o recreación,,Otros (especifique),,Su casa,,home,,1403900011359,,Bicicleta,,120,,,,,,
697,5,1403900011325,Mujeres,22,Empleado,,2,11:06 → 13:06,,Deportes o recreación → Regresar a Casa,,Su casa,,,,1403900011359,,home,,Bicicleta,,60,,hora:-10h+12h;motivo:revision,,changed,,"La hora de salida pasa de 13:06 a 13:06:00 para que el viaje ocurra después de la llegada del anterior. El motivo pasa de “Deportes o recreación” a Regresar a Casa: el viaje llega a “Su casa” en la zona del hogar viniendo de otra actividad, así que es el regreso y no una actividad nueva. El origen se encadena con el destino del viaje 1 (Otros (especifique) en 1403900011359)."
697,5,1403900011325,Mujeres,22,Empleado,,3,19:56,,Regresar a Casa,,Su casa,,Su casa,,home,,home,,Bicicleta,,60,,,,dropped,,
703,5,1403900010736,Mujeres,32,Empleado,,1,10:00,,Trabajar,,Fábrica o taller,,Su casa,,home,,1403900012588,,MI MACRO,,40,,,,,,
703,5,1403900010736,Mujeres,32,Empleado,,2,18:30,,Trabajar → Regresar a Casa,,Su casa,,,,1403900012588,,home,,MI MACRO,,30,,motivo:revision,,changed,,"El motivo pasa de “Trabajar” a Regresar a Casa: el viaje llega a “Su casa” en la zona del hogar viniendo de otra actividad, así que es el regreso y no una actividad nueva. El origen se encadena con el destino del viaje 1 (Fábrica o taller en 1403900012588)."
707,1,1403900010986,Hombres,51,Empleado,yes,1,07:00,,Trabajar,,"Hospital, clínica, consultorio, laboratorio clínico",,Su casa,,home,,1403900010647,,AUTOMÓVIL PARTICULAR,,7,,,,,,
707,1,1403900010986,Hombres,51,Empleado,yes,2,07:15,,Trabajar,,Fábrica o taller,,,,1403900010647,,1403900011325,,AUTOMÓVIL PARTICULAR,,13,,,,,,
707,1,1403900010986,Hombres,51,Empleado,yes,3,14:30,,Llevar o recoger a alguien → Regresar a Casa,,Su casa,,,,1403900011325,,home,,AUTOMÓVIL PARTICULAR,,18,,motivo:revision,,changed,,"El motivo pasa de “Llevar o recoger a alguien” a Regresar a Casa: el viaje llega a “Su casa” en la zona del hogar viniendo de otra actividad, así que es el regreso y no una actividad nueva. El origen se encadena con el destino del viaje 2 (Fábrica o taller en 1403900011325)."
707,1,1403900010986,Hombres,51,Empleado,yes,4,14:45,,Regresar a Casa,,Su casa,,Su casa,,home,,home,,AUTOMÓVIL PARTICULAR,,10,,,,dropped,,
708,2,1403900010986,Mujeres,23,Empleado,,1,09:00,,Trabajar,,Escuela,,Su casa,,home,,1403900011804,,A PIE,,25,,,,,,
708,2,1403900010986,Mujeres,23,Empleado,,2,17:00,,Regresar a Casa → Estudiar,,Escuela,,,,1403900011804,,1403900011096,,CAMIÓN O AUTOBÚS,,25,,motivo:tipo_destino,,changed,,
708,2,1403900010986,Mujeres,23,Empleado,,3,18:01,,Trabajar,,Escuela,,,,home → 1403900011096,,1403900011804,,CAMIÓN O AUTOBÚS,,10,,origen:revision,,changed,,La AGEB de origen pasa de la zona del hogar a 1403900011096; el origen se encadena con el destino del viaje 2 (Escuela en 1403900011096).
708,2,1403900010986,Mujeres,23,Empleado,,4,20:38,,Regresar a Casa → Estudiar,,Escuela,,,,1403900011804,,1403900011096,,CAMIÓN O AUTOBÚS,,5,,motivo:tipo_destino,fin_fuera_de_casa,changed,,
710,4,1403900010986,Hombres,26,Empleado,,1,09:00,,Trabajar,,Escuela,,Su casa,,home,,1403900011804,,A PIE,,25,,,,,,
710,4,1403900010986,Hombres,26,Empleado,,2,17:00,,Regresar a Casa,,Escuela → Su casa,,,,1403900011804,,1403900011096 → home,,CAMIÓN O AUTOBÚS,,25,,tipo_destino:revision;destino:revision,,changed,,"El motivo pasa de “Estudiar” a Regresar a Casa: el viaje llega a “Su casa” en la zona del hogar viniendo de otra actividad, así que es el regreso y no una actividad nueva. El origen se encadena con el destino del viaje 1 (Escuela en 1403900011804). El tipo de destino pasa de “Escuela” a Su casa: el viaje es un regreso que llega a la zona del hogar. El destino pasa de 1403900011096 a la zona del hogar: esa AGEB funciona como “Su casa” dentro de la cadena, es una discrepancia de geocodificación."
711,2,1403900010986,Mujeres,45,Hogar,yes,1,07:00,,Trabajar,,"Hospital, clínica, consultorio, laboratorio clínico",,Su casa,,home,,1403900010647,,AUTOMÓVIL PARTICULAR,,7,,,,,,
711,2,1403900010986,Mujeres,45,Hogar,yes,2,07:15,,Trabajar,,Fábrica o taller,,,,1403900010647,,1403900011325,,AUTOMÓVIL PARTICULAR,,13,,,,,,
711,2,1403900010986,Mujeres,45,Hogar,yes,3,14:30,,Llevar o recoger a alguien,,Su casa → Escuela,,,,1403900011325,,home,,AUTOMÓVIL PARTICULAR,,18,,tipo_destino:revision,,changed,,"El origen se encadena con el destino del viaje 2 (Fábrica o taller en 1403900011325). El tipo de destino “Su casa” no puede corresponder a una actividad; se sustituye por “Escuela”, tomado de otros viajes de la persona con el mismo motivo o del uso habitual del motivo “Llevar o recoger a alguien”."
711,2,1403900010986,Mujeres,45,Hogar,yes,4,14:45 → 14:48,,Regresar a Casa,,Su casa,,,,home,,home,,AUTOMÓVIL PARTICULAR,,10,,hora:llegada,,changed,,
712,1,1403900010346,Mujeres,60,Empleado,,1,07:00,,Llevar o recoger a alguien,,Escuela,,Su casa,,home,,1403900013834,,A PIE,,30,,,,,,
712,1,1403900010346,Mujeres,60,Empleado,,2,12:00,,Llevar o recoger a alguien → Regresar a Casa,,Su casa,,,,1403900013834,,home,,A PIE,,30,,motivo:revision,,changed,,"El motivo pasa de “Llevar o recoger a alguien” a Regresar a Casa: el viaje llega a “Su casa” en la zona del hogar viniendo de otra actividad, así que es el regreso y no una actividad nueva. El origen se encadena con el destino del viaje 1 (Escuela en 1403900013834)."
712,3,1403900010346,Mujeres,57,Estudiante,,1,07:00,,Llevar o recoger a alguien,,Escuela,,Su casa,,home,,1403900013834,,A PIE,,60,,,,,,
712,3,1403900010346,Mujeres,57,Estudiante,,2,07:10 → 08:00,,Regresar a Casa,,Su casa,,,,1403900013834,,home,,A PIE,,15,,hora:revision,,changed,,"La salida se recorre de 7:10 a 08:00, que es la hora a la que llega el viaje anterior (7:00 + 60 min de traslado): tal como estaba, el viaje empezaba antes de haber llegado. El origen se encadena con el destino del viaje 1 (Escuela en 1403900013834)."
712,3,1403900010346,Mujeres,57,Estudiante,,3,11:45,,Llevar o recoger a alguien,,Escuela,,,,home,,1403900013834,,A PIE,,15,,,,,,
712,3,1403900010346,Mujeres,57,Estudiante,,4,12:15,,Llevar o recoger a alguien → Regresar a Casa,,Su casa,,,,1403900013834,,home,,A PIE,,15,,motivo:revision,,changed,,"El motivo pasa de “Llevar o recoger a alguien” a Regresar a Casa: el viaje llega a “Su casa” en la zona del hogar viniendo de otra actividad, así que es el regreso y no una actividad nueva. El origen se encadena con el destino del viaje 3 (Escuela en 1403900013834)."
712,3,1403900010346,Mujeres,57,Estudiante,,5,20:31,,Regresar a Casa,,Su casa,,Su casa,,home,,home,,A PIE,,15,,,,dropped,,
714,4,1403900010666,Hombres,54,Empleado,,1,08:00,,Trabajar,,Fábrica o taller,,"Comercio, mercado, tienda o centro comercial → Su casa",,1403900010365 → home,,home → 1403900010365,,CAMIÓN O AUTOBÚS,,20,,tipo_origen:revision;origen:revision;destino:revision,,changed,,
714,4,1403900010666,Hombres,54,Empleado,,2,16:00,,Regresar a Casa,,Su casa,,,,home → 1403900010365,,home,,CAMIÓN O AUTOBÚS,,20,,tipo_origen:revision;origen:revision,,changed,,La AGEB de origen pasa de la zona del hogar a 1403900010365; el origen se encadena con el destino del viaje 1 (Fábrica o taller en 1403900010365).
714,4,1403900010666,Hombres,54,Empleado,,3,19:24,,Deportes o recreación,,Centro cultural o área recreativa,,,,home,,1403900010346,,A PIE,,12,,tipo_origen:revision,,changed,,
714,4,1403900010666,Hombres,54,Empleado,,4,19:42,,Regresar a Casa,,Su casa,,,,1403900010346,,home,,A PIE,,12,,tipo_origen:revision,,changed,,
714,6,1403900010666,Mujeres,39,Empleado,,1,07:27,,Trabajar,,"Comercio, mercado, tienda o centro comercial",,Su casa,,home,,1403900014936,,CAMIÓN O AUTOBÚS,,50,,,,,,
714,6,1403900010666,Mujeres,39,Empleado,,2,18:03,,Al médico o atención de salud → Regresar a Casa,,"Comercio, mercado, tienda o centro comercial → Su casa",,,,1403900014936,,1403900014936 → home,,CAMIÓN O AUTOBÚS,,70,,motivo:revision;tipo_destino:revision;destino:revision,,changed,,"El origen se encadena con el destino del viaje 1 (Comercio, mercado, tienda o centro comercial en 1403900014936). El tipo de destino pasa de “Comercio, mercado, tienda o centro comercial” a Su casa: el viaje es un regreso que llega a la zona del hogar. El destino pasa de 1403900014936 a la zona del hogar: esa AGEB funciona como “Su casa” dentro de la cadena, es una discrepancia de geocodificación. Llega a la vivienda (el AGEB del hogar, tipo Su casa) desde 1403900014936, donde hizo una actividad: es el regreso a casa, registrado con el motivo de la actividad (Al médico o atención de salud). Al llegar a casa el propósito es casa; si el renglón siguiente repite el regreso desde casa, queda como no-viaje."
730,4,1403900010967,Hombres,56,Empleado,,1,10:00,,Trabajar,,"Comercio, mercado, tienda o centro comercial",,Otra vivienda,,1403900011448,,1403900011109,,AUTOMÓVIL PARTICULAR,,30,,,inicio_fuera_de_casa,,,
730,4,1403900010967,Hombres,56,Empleado,,2,12:32,,Regresar a Casa,,Su casa,,,,1403900011109,,home,,AUTOMÓVIL PARTICULAR,,30,,,,,,
730,4,1403900010967,Hombres,56,Empleado,,3,14:19,,Trabajar,,"Comercio, mercado, tienda o centro comercial",,,,home,,1403900011109,,AUTOMÓVIL PARTICULAR,,30,,,,,,
730,4,1403900010967,Hombres,56,Empleado,,4,15:01,,Regresar a Casa,,Su casa,,,,1403900011109,,1403900011448 → home,,AUTOMÓVIL PARTICULAR,,30,,destino:revision,,changed,,"El motivo pasa de Regresar a Casa a “Trabajar”: la persona ya estaba en casa y el viaje va hacia un lugar dentro de la zona del hogar, de modo que es un viaje de ida y no el regreso. El origen se encadena con el destino del viaje 3 (Comercio, mercado, tienda o centro comercial en 1403900011109). El destino pasa de 1403900011448 a la zona del hogar: esa AGEB funciona como “Su casa” dentro de la cadena, es una discrepancia de geocodificación."
730,4,1403900010967,Hombres,56,Empleado,,5,18:20,,Deportes o recreación,,"Deportivo, gimnasio",,,,1403900011448 → home,,1403900011217,,A PIE,,15,,origen:revision,,changed,,La AGEB de origen pasa de 1403900011448 a la zona del hogar; el origen se encadena con el destino del viaje 4 (Su casa en la zona del hogar).
730,4,1403900010967,Hombres,56,Empleado,,6,18:38,,Regresar a Casa,,Su casa,,,,1403900011217,,1403900011448 → home,,A PIE,,15,,destino:revision,,changed,,"El motivo pasa de Regresar a Casa a “Trabajar”: la persona ya estaba en casa y el viaje va hacia un lugar dentro de la zona del hogar, de modo que es un viaje de ida y no el regreso. El origen se encadena con el destino del viaje 5 (Deportivo, gimnasio en 1403900011217). El destino pasa de 1403900011448 a la zona del hogar: esa AGEB funciona como “Su casa” dentro de la cadena, es una discrepancia de geocodificación."
749,1,1403900013853,Hombres,59,Empleado,,1,09:04,,Compras (comida),,"Comercio, mercado, tienda o centro comercial",,Su casa,,home,,1403900013976,,A PIE,,5,,,,,,
749,1,1403900013853,Hombres,59,Empleado,,2,14:08,,Compras (comida) → Regresar a Casa,,"Comercio, mercado, tienda o centro comercial → Su casa",,,,1403900013976,,1403900013976 → home,,A PIE,,5,,motivo:revision;tipo_destino:revision;destino:revision,,changed,,"El origen se encadena con el destino del viaje 1 (Comercio, mercado, tienda o centro comercial en 1403900013976). El tipo de destino pasa de “Comercio, mercado, tienda o centro comercial” a Su casa: el viaje es un regreso que llega a la zona del hogar. El destino pasa de 1403900013976 a la zona del hogar: esa AGEB funciona como “Su casa” dentro de la cadena, es una discrepancia de geocodificación. Llega a la vivienda (el AGEB del hogar, tipo Su casa) desde 1403900013976, donde hizo la misma actividad: es el regreso a casa, registrado con el motivo de la actividad (Compras (comida)). Al llegar a casa el propósito es casa; si el renglón siguiente repite el regreso desde casa, queda como no-viaje."
812,3,140390001140A,Hombres,31,Empleado,,1,08:34,,Trabajar,,"Comercio, mercado, tienda o centro comercial",,Escuela,,1412000010405,,1412000010392,,AUTOMÓVIL PARTICULAR,,13,,,inicio_fuera_de_casa,,,
812,3,140390001140A,Hombres,31,Empleado,,2,19:00,,Regresar a Casa → Trabajar,,Su casa,,,,1412000010392,,1412000010405,,AUTOMÓVIL PARTICULAR,,13,,motivo:revision,actividad_en_casa,changed,,"El motivo pasa de Regresar a Casa a “Trabajar”: la persona ya estaba en casa y el viaje va hacia la AGEB 1412000010405, de modo que es un viaje de ida y no el regreso. El origen se encadena con el destino del viaje 1 (Comercio, mercado, tienda o centro comercial en 1412000010392)."
812,3,140390001140A,Hombres,31,Empleado,,3,19:26,,Regresar a Casa,,Su casa,,,,1412000010405,,home,,AUTOMÓVIL PARTICULAR,,44,,,,,,
834,1,1403900014014,Mujeres,45,Hogar,,1,08:00,,Trabajar,,Fábrica o taller,,Su casa,,home,,1403900014616,,MOTOCICLETA,,5,,,,,,
834,1,1403900014014,Mujeres,45,Hogar,,2,04:30 → 16:30,,Llevar o recoger a alguien,,Escuela,,,,1403900014616,,1403900013374,,MOTOCICLETA,,5,,hora:revision,,changed,,Corrección AM/PM: se reporta 4:30 y por la secuencia del día corresponde a 16:30. El origen se encadena con el destino del viaje 1 (Fábrica o taller en 1403900014616).
834,1,1403900014014,Mujeres,45,Hogar,,3,18:00,,Regresar a Casa,,Su casa,,,,1403900013374,,home,,MOTOCICLETA,,5,,,,,,
834,1,1403900014014,Mujeres,45,Hogar,,4,20:00,,Visitar a alguien,,Otra vivienda,,,,home,,1403900013745,,CAMIÓN O AUTOBÚS,,38,,,,,,
834,1,1403900014014,Mujeres,45,Hogar,,5,20:10 → 20:38,,Regresar a Casa,,Su casa,,,,1403900013745,,home,,CAMIÓN O AUTOBÚS,,38,,hora:revision,,changed,,"La salida se recorre de 20:10 a 20:38, que es la hora a la que llega el viaje anterior (20:00 + 38 min de traslado): tal como estaba, el viaje empezaba antes de haber llegado. El origen se encadena con el destino del viaje 4 (Otra vivienda en 1403900013745)."
858,1,1403900012802,Hombres,19,Empleado,,1,07:00,,Trabajar,,"Comercio, mercado, tienda o centro comercial",,Su casa,,home,,140390001350A,,A PIE,,125,,,,,,
858,1,1403900012802,Hombres,19,Empleado,,2,23:00 → 11:00,,"Regresar a Casa → Compras (bienes, productos y servicios)",,"Comercio, mercado, tienda o centro comercial",,,,140390001350A,,1403900014033,,A PIE,,135,,motivo:tipo_destino;hora:revision,,changed,,"Corrección AM/PM: se reporta 23:00 y por la secuencia del día corresponde a 11:00. El origen se encadena con el destino del viaje 1 (Comercio, mercado, tienda o centro comercial en 140390001350A)."
858,1,1403900012802,Hombres,19,Empleado,,3,14:00,,"Compras (bienes, productos y servicios)",,"Comercio, mercado, tienda o centro comercial",,,,1403900014033,,home,,A PIE,,105,,,,,,
858,1,1403900012802,Hombres,19,Empleado,,4,19:51,,Regresar a Casa,,Su casa,,,,home,,home,,A PIE,,105,,,,,,
879,1,1409700251418,Hombres,68,Trabajador independiente,yes,1,09:47,,Trabajar,,"Comercio, mercado, tienda o centro comercial",,Su casa,,home,,1409704241776,,AUTOMÓVIL PARTICULAR,,19,,,,,,
879,1,1409700251418,Hombres,68,Trabajador independiente,yes,2,11:10,,Compras (comida),,"Comercio, mercado, tienda o centro comercial",,,,1409704241776,,1409700250763,,AUTOMÓVIL PARTICULAR,,18,,,,,,
879,1,1409700251418,Hombres,68,Trabajador independiente,yes,3,11:15 → 11:28,,Regresar a Casa,,Su casa,,,,1409700250763,,home,,AUTOMÓVIL PARTICULAR,,11,,hora:llegada,,changed,,
879,1,1409700251418,Hombres,68,Trabajador independiente,yes,4,13:05,,Hacer un trámite,,Oficina,,,,home,,1409700250763,,AUTOMÓVIL PARTICULAR,,10,,,,,,
879,1,1409700251418,Hombres,68,Trabajador independiente,yes,5,15:02,,Regresar a Casa → Trabajar,,Su casa,,,,1409700250763,,1409700250477,,AUTOMÓVIL PARTICULAR,,11,,motivo:revision,actividad_en_casa,changed,,"El motivo pasa de Regresar a Casa a “Trabajar”: la persona ya estaba en casa y el viaje va hacia la AGEB 1409700250477, de modo que es un viaje de ida y no el regreso. El origen se encadena con el destino del viaje 4 (Oficina en 1409700250763)."
879,1,1409700251418,Hombres,68,Trabajador independiente,yes,6,16:02,,Llevar o recoger a alguien,,"Hospital, clínica, consultorio, laboratorio clínico",,,,1409700250477,,1409700250477,,AUTOMÓVIL PARTICULAR,,10,,,,,,
879,1,1409700251418,Hombres,68,Trabajador independiente,yes,7,16:45,,Regresar a Casa,,Su casa,,,,1409700250477,,home,,AUTOMÓVIL PARTICULAR,,11,,,,,,
891,6,1409800012199,Mujeres,61,Desempleado,,1,07:03,,Trabajar,,Fábrica o taller,,Su casa,,home,,1412000013664,,CAMIÓN O AUTOBÚS,,65,,,,,,
891,6,1409800012199,Mujeres,61,Desempleado,,2,13:30,,Compras (comida),,"Comercio, mercado, tienda o centro comercial",,,,1412000013664,,1412000010617,,A PIE,,10,,,,,,
891,6,1409800012199,Mujeres,61,Desempleado,,3,13:53,,Trabajar,,Fábrica o taller,,,,1412000010617,,1412000013664,,A PIE,,10,,,,,,
891,6,1409800012199,Mujeres,61,Desempleado,,4,18:01,,Regresar a Casa,,Su casa,,,,1412000013664,,home,,CAMIÓN O AUTOBÚS,,65,,,,,,
891,6,1409800012199,Mujeres,61,Desempleado,,5,21:03,,"Compras (bienes, productos y servicios)",,"Comercio, mercado, tienda o centro comercial",,,,home,,1409800010775,,A PIE,,5,,,,,,
891,6,1409800012199,Mujeres,61,Desempleado,,6,21:17,,"Compras (bienes, productos y servicios)",,"Su casa → Comercio, mercado, tienda o centro comercial",,,,1409800010775,,1409800010794,,A PIE,,5,,tipo_destino:revision,,changed,,"El origen se encadena con el destino del viaje 5 (Comercio, mercado, tienda o centro comercial en 1409800010775). El tipo de destino “Su casa” no puede corresponder a una actividad; se sustituye por “Comercio, mercado, tienda o centro comercial”, tomado de otros viajes de la persona con el mismo motivo o del uso habitual del motivo “Compras (bienes, productos y servicios)”."
891,6,1409800012199,Mujeres,61,Desempleado,,7,20:16 → 21:22,,Regresar a Casa,,Su casa,,,,1409800010794,,home,,A PIE,,5,,hora:revision,,changed,,"La salida se recorre de 20:16 a 21:22, que es la hora a la que llega el viaje anterior (21:17 + 5 min de traslado): tal como estaba, el viaje empezaba antes de haber llegado. El origen se encadena con el destino del viaje 6 (Comercio, mercado, tienda o centro comercial en 1409800010794)."
892,5,140980001135A,Hombres,26,Empleado,yes,1,20:02 → 08:02,,Trabajar,,"Hospital, clínica, consultorio, laboratorio clínico",,Su casa,,home,,1412000016599,,MI MACRO,,135,,hora:revision,,changed,,
892,5,140980001135A,Hombres,26,Empleado,yes,2,08:03 → 20:03,,Regresar a Casa,,Su casa,,,,1412000016599,,home,,MI MACRO,,140,,hora:revision,,changed,,"Corrección AM/PM: se reporta 8:03 y por la secuencia del día corresponde a 20:03. El origen se encadena con el destino del viaje 1 (Hospital, clínica, consultorio, laboratorio clínico en 1412000016599)."
909,1,140980001135A,Hombres,29,Empleado,yes,1,20:00 → 08:00,,Trabajar,,"Hospital, clínica, consultorio, laboratorio clínico",,Su casa,,home,,1412000016599,,MI MACRO,,135,,hora:revision,,changed,,
909,1,140980001135A,Hombres,29,Empleado,yes,2,08:00 → 20:00,,Regresar a Casa,,Su casa,,,,1412000016599,,home,,MI MACRO,,140,,hora:revision,,changed,,"Corrección AM/PM: se reporta 8:00 y por la secuencia del día corresponde a 20:00. El origen se encadena con el destino del viaje 1 (Hospital, clínica, consultorio, laboratorio clínico en 1412000016599)."
953,3,1403900012802,Hombres,11,Estudiante,,1,19:21,,Compras (comida),,"Comercio, mercado, tienda o centro comercial",,Escuela,,1403900012713,,1403900012728,,A PIE,,9,,,inicio_fuera_de_casa,,,
953,3,1403900012802,Hombres,11,Estudiante,,2,19:37,,Regresar a Casa → Estudiar,,Su casa,,,,1403900012728,,1403900012713,,A PIE,,9,,motivo:revision,fin_fuera_de_casa;actividad_en_casa,changed,,"El motivo pasa de Regresar a Casa a “Estudiar”: la persona ya estaba en casa y el viaje va hacia la AGEB 1403900012713, de modo que es un viaje de ida y no el regreso. El origen se encadena con el destino del viaje 1 (Comercio, mercado, tienda o centro comercial en 1403900012728)."
978,5,1403900013374,Mujeres,15,Estudiante,,1,14:03,,Visitar a alguien → Regresar a Casa,,Su casa,,"Comercio, mercado, tienda o centro comercial",,1412000012609,,home,,CAMIÓN O AUTOBÚS,,45,,motivo:revision,inicio_fuera_de_casa,changed,,
978,5,1403900013374,Mujeres,15,Estudiante,,2,19:05,,Regresar a Casa → Estudiar,,Su casa,,,,home,,1412000012609,,TREN LIGERO,,45,,motivo:revision,fin_fuera_de_casa;actividad_en_casa,changed,,"El motivo pasa de Regresar a Casa a “Estudiar”: la persona ya estaba en casa y el viaje va hacia la AGEB 1412000012609, de modo que es un viaje de ida y no el regreso. El origen se encadena con el destino del viaje 1 (Su casa en la zona del hogar)."
1006,3,1409800010794,Mujeres,6,Estudiante,,1,10:24,,"Compras (bienes, productos y servicios)",,"Comercio, mercado, tienda o centro comercial",,Su casa,,home,,1409800011171,,A PIE,,5,,,,,,
1006,3,1409800010794,Mujeres,6,Estudiante,,2,10:20 → 22:20,,Regresar a Casa,,Su casa,,,,1409800011171,,home,,A PIE,,5,,hora:revision,,changed,,"Corrección AM/PM: se reporta 10:20 y por la secuencia del día corresponde a 22:20. El origen se encadena con el destino del viaje 1 (Comercio, mercado, tienda o centro comercial en 1409800011171). [Undécima revisión: la decisión de chain_review se mantiene. Se tomó contra «10:20», que las reglas del 26 de septiembre de 2026 dan ahora como «10:29».]"
1036,2,1403900015525,Mujeres,15,Estudiante,yes,1,06:04,,Estudiar,,Escuela,,"Comercio, mercado, tienda o centro comercial → Su casa",,1409800012451 → home,,1409800012451,,CAMIÓN O AUTOBÚS,,40,,origen:copia;tipo_origen:copia,,changed,,
1036,2,1403900015525,Mujeres,15,Estudiante,yes,2,11:05,,Regresar a Casa,,Su casa,,,,1409800012451,,1409800012451 → home,,CAMIÓN O AUTOBÚS,,40,,tipo_origen:copia;destino:revision,,changed,,"El origen se encadena con el destino del viaje 1 (Escuela en 1409800012451). El destino pasa de 1409800012451 a la zona del hogar: esa AGEB funciona como “Su casa” dentro de la cadena, es una discrepancia de geocodificación."
1058,5,1403900015525,Mujeres,13,Estudiante,yes,1,06:00,,Estudiar,,Escuela,,"Comercio, mercado, tienda o centro comercial → Su casa",,1409800012451 → home,,1409800012451,,CAMIÓN O AUTOBÚS,,40,,origen:copia;tipo_origen:copia,,changed,,
1058,5,1403900015525,Mujeres,13,Estudiante,yes,2,11:01,,Regresar a Casa,,Su casa,,,,1409800012451,,1409800012451 → home,,CAMIÓN O AUTOBÚS,,40,,tipo_origen:copia;destino:revision,,changed,,"El origen se encadena con el destino del viaje 1 (Escuela en 1409800012451). El destino pasa de 1409800012451 a la zona del hogar: esa AGEB funciona como “Su casa” dentro de la cadena, es una discrepancia de geocodificación."
1069,2,1403900014014,Mujeres,54,Hogar,,1,10:00,,Visitar a alguien,,"Comercio, mercado, tienda o centro comercial",,Su casa,,home,,home,,A PIE,,25,,,,,,
1069,2,1403900014014,Mujeres,54,Hogar,,2,12:30,,Compras (comida),,"Comercio, mercado, tienda o centro comercial",,,,home,,1403900013374,,A PIE,,5,,,,,,
1069,2,1403900014014,Mujeres,54,Hogar,,3,12:20 → 14:20,,Regresar a Casa,,Su casa,,,,1403900013374,,home,,A PIE,,30,,hora:revision,,changed,,"Desfase de dos horas al capturar: 12:20 se lee como 14:20. El origen se encadena con el destino del viaje 2 (Comercio, mercado, tienda o centro comercial en 1403900013374). [Undécima revisión: la decisión de chain_review se mantiene. Se tomó contra «12:20», que las reglas del 26 de septiembre de 2026 dan ahora como «12:35».]"
1069,2,1403900014014,Mujeres,54,Hogar,,4,18:14,,Compras (comida),,"Comercio, mercado, tienda o centro comercial",,,,home,,home,,A PIE,,15,,,,,,
1069,2,1403900014014,Mujeres,54,Hogar,,5,18:34,,Regresar a Casa,,Su casa,,,,home,,home,,A PIE,,15,,,,,,
1121,2,1410100011395,Mujeres,46,Empleado,,1,07:00,,Trabajar → Regresar a Casa,,Su casa,,"Comercio, mercado, tienda o centro comercial",,1403900012554,,home,,CAMIÓN O AUTOBÚS,,20,,motivo:revision,inicio_fuera_de_casa,changed,,
1121,2,1410100011395,Mujeres,46,Empleado,,2,14:16,,Regresar a Casa → Trabajar,,Su casa,,,,home,,1403900012554,,CAMIÓN O AUTOBÚS,,25,,motivo:revision,actividad_en_casa,changed,,"El motivo pasa de Regresar a Casa a “Trabajar”: la persona ya estaba en casa y el viaje va hacia la AGEB 1403900012554, de modo que es un viaje de ida y no el regreso. El origen se encadena con el destino del viaje 1 (Su casa en la zona del hogar)."
1121,2,1410100011395,Mujeres,46,Empleado,,3,16:39,,Trabajar → Regresar a Casa,,Su casa,,,,1403900012554,,home,,CAMIÓN O AUTOBÚS,,20,,motivo:revision,,changed,,
1121,2,1410100011395,Mujeres,46,Empleado,,4,18:00,,Regresar a Casa,,Su casa,,,,home,,home,,CAMIÓN O AUTOBÚS,,25,,,regreso_en_casa,,,
1171,1,1410100011018,Hombres,56,Empleado,,1,21:00 → 09:00,,Trabajar,,"Comercio, mercado, tienda o centro comercial",,Su casa,,home,,140390001172A,,Bicicleta,,30,,hora:revision,,changed,,
1171,1,1410100011018,Hombres,56,Empleado,,2,09:00 → 21:00,,Regresar a Casa,,Su casa,,,,140390001172A,,home,,CAMIÓN O AUTOBÚS,,30,,hora:revision,,changed,,"Corrección AM/PM: se reporta 9:00 y por la secuencia del día corresponde a 21:00. El origen se encadena con el destino del viaje 1 (Comercio, mercado, tienda o centro comercial en 140390001172A)."
1211,1,1409800012428,Hombres,58,,,1,10:50,,"Compras (bienes, productos y servicios)",,"Comercio, mercado, tienda o centro comercial",,Su casa,,home,,1403900012662,,AUTOMÓVIL PARTICULAR,,10,,,,,,
1211,1,1409800012428,Hombres,58,,,2,21:12 → 11:00,,Regresar a Casa,,Su casa,,,,1403900012662,,home,,AUTOMÓVIL PARTICULAR,,10,,hora:revision,,changed,,"La salida se recorre de 21:12 a 11:00, que es la hora a la que llega el viaje anterior (10:50 + 10 min de traslado): tal como estaba, el viaje empezaba antes de haber llegado. El origen se encadena con el destino del viaje 1 (Comercio, mercado, tienda o centro comercial en 1403900012662)."
1211,1,1409800012428,Hombres,58,,,3,16:00,,"Compras (bienes, productos y servicios)",,"Comercio, mercado, tienda o centro comercial",,,,home,,1409800010031,,MOTOCICLETA,,5,,,,,,
1211,1,1409800012428,Hombres,58,,,4,16:12,,"Compras (bienes, productos y servicios)",,"Comercio, mercado, tienda o centro comercial",,,,1409800010031,,home,,MOTOCICLETA,,10,,,,,,
1211,1,1409800012428,Hombres,58,,,5,19:53,,Regresar a Casa,,Su casa,,,,home,,home,,MOTOCICLETA,,10,,,,,,
1249,2,141010001108A,Mujeres,62,Hogar,,1,10:30,,Pagar algún servicio o al banco,,Centro cultural o área recreativa,,Su casa,,home,,1410100012054,,Bicicleta,,40,,,,,,
1249,2,141010001108A,Mujeres,62,Hogar,,2,13:02,,Hacer un trámite,,Su casa → Oficina,,,,1410100012054,,1409800010506,,TREN LIGERO,,66,,tipo_destino:revision,,changed,,"El origen se encadena con el destino del viaje 1 (Centro cultural o área recreativa en 1410100012054). El tipo de destino “Su casa” no puede corresponder a una actividad; se sustituye por “Oficina”, tomado de otros viajes de la persona con el mismo motivo o del uso habitual del motivo “Hacer un trámite”."
1249,2,141010001108A,Mujeres,62,Hogar,,3,20:27,,Regresar a Casa,,Su casa,,,,1409800010506,,home,,TREN LIGERO,,35,,,,,,
1261,3,1403900012287,Hombres,29,Estudiante,,1,07:00,,Estudiar,,Escuela,,Su casa,,home,,1403900011950,,Bicicleta,,20,,,,,,
1261,3,1403900012287,Hombres,29,Estudiante,,2,15:00,,Regresar a Casa → Estudiar,,Escuela,,,,1403900011950,,1403900013641,,Bicicleta,,20,,motivo:tipo_destino,,changed,,
1261,3,1403900012287,Hombres,29,Estudiante,,3,19:09,,Compras (comida),,"Comercio, mercado, tienda o centro comercial",,,,1403900013641,,1403900013853,,A PIE,,1,,,,,,
1261,3,1403900012287,Hombres,29,Estudiante,,4,19:14,,Regresar a Casa → Estudiar,,Su casa,,,,1403900013853,,1403900013641,,A PIE,,1,,motivo:revision,fin_fuera_de_casa;actividad_en_casa,changed,,"El motivo pasa de Regresar a Casa a “Estudiar”: la persona ya estaba en casa y el viaje va hacia la AGEB 1403900013641, de modo que es un viaje de ida y no el regreso. El origen se encadena con el destino del viaje 3 (Comercio, mercado, tienda o centro comercial en 1403900013853)."
1263,2,1403900012287,Hombres,31,Estudiante,,1,07:02,,Estudiar,,Escuela,,Su casa,,home,,1403900011950,,Bicicleta,,20,,,,,,
1263,2,1403900012287,Hombres,31,Estudiante,,2,15:08,,Regresar a Casa → Estudiar,,Escuela,,,,1403900011950,,1403900013641,,Bicicleta,,20,,motivo:tipo_destino,,changed,,
1263,2,1403900012287,Hombres,31,Estudiante,,3,18:08,,Compras (comida),,"Comercio, mercado, tienda o centro comercial",,,,1403900013641,,1403900012200,,A PIE,,15,,,,,,
1263,2,1403900012287,Hombres,31,Estudiante,,4,18:32,,Regresar a Casa → Estudiar,,Su casa,,,,1403900012200,,1403900013641,,A PIE,,15,,motivo:revision,fin_fuera_de_casa;actividad_en_casa,changed,,"El motivo pasa de Regresar a Casa a “Estudiar”: la persona ya estaba en casa y el viaje va hacia la AGEB 1403900013641, de modo que es un viaje de ida y no el regreso. El origen se encadena con el destino del viaje 3 (Comercio, mercado, tienda o centro comercial en 1403900012200)."
1289,2,1403900012287,Hombres,69,Jubilado o pensionado,,1,12:00 → 00:00,,Trabajar,,"Comercio, mercado, tienda o centro comercial",,Su casa,,home,,1403900012018,,AUTOMÓVIL PARTICULAR,,5,,hora:revision,,changed,,
1289,2,1403900012287,Hombres,69,Jubilado o pensionado,,2,11:33,,Regresar a Casa,,Su casa,,,,1403900012018,,home,,AUTOMÓVIL PARTICULAR,,5,,,,,,
1289,2,1403900012287,Hombres,69,Jubilado o pensionado,,3,13:14,,Trabajar,,"Comercio, mercado, tienda o centro comercial",,,,home,,1403900012018,,AUTOMÓVIL PARTICULAR,,5,,,,,,
1289,2,1403900012287,Hombres,69,Jubilado o pensionado,,4,13:00 → 15:00,,Regresar a Casa,,Su casa,,,,1403900012018,,home,,AUTOMÓVIL PARTICULAR,,5,,hora:revision,,changed,,"Desfase de dos horas al capturar: 13:00 se lee como 15:00. El origen se encadena con el destino del viaje 3 (Comercio, mercado, tienda o centro comercial en 1403900012018)."
1303,2,1409800011345,Hombres,50,Estudiante,,1,11:15,,Compras (comida),,"Comercio, mercado, tienda o centro comercial",,"Restaurante, bar, cafetería → Su casa",,1409800010120 → home,,home → 1409800010120,,A PIE,,10,,tipo_origen:revision;origen:revision;destino:revision,,changed,,
1303,2,1409800011345,Hombres,50,Estudiante,,2,11:20 → 11:25,,"Regresar a Casa → Compras (bienes, productos y servicios)",,"Comercio, mercado, tienda o centro comercial",,,,home → 1409800010120,,1409800010120,,A PIE,,10,,motivo:tipo_destino;hora:llegada;tipo_origen:revision;origen:revision,,changed,,
1303,2,1409800011345,Hombres,50,Estudiante,,3,19:08,,Compras (comida),,"Comercio, mercado, tienda o centro comercial",,,,1409800010120,,1409800010120,,A PIE,,13,,tipo_origen:revision,,changed,,
1303,2,1409800011345,Hombres,50,Estudiante,,4,19:28,,Regresar a Casa,,Su casa,,,,1409800010120,,1409800010120 → home,,A PIE,,13,,tipo_origen:revision;destino:revision,,changed,,"El origen se encadena con el destino del viaje 3 (Comercio, mercado, tienda o centro comercial en 1409800010120). El destino pasa de 1409800010120 a la zona del hogar: esa AGEB funciona como “Su casa” dentro de la cadena, es una discrepancia de geocodificación."
1317,4,1409800011542,Mujeres,27,Trabajador independiente,,1,08:00,,Trabajar,,"Hospital, clínica, consultorio, laboratorio clínico",,Su casa,,home,,1403900011359,,CAMIÓN O AUTOBÚS,,45,,,,,,
1317,4,1409800011542,Mujeres,27,Trabajador independiente,,2,10:17,,Regresar a Casa,,Escuela → Su casa,,,,1403900011359,,home,,CAMIÓN O AUTOBÚS,,20,,tipo_destino:revision,,changed,,"El origen se encadena con el destino del viaje 1 (Hospital, clínica, consultorio, laboratorio clínico en 1403900011359). El tipo de destino pasa de “Escuela” a Su casa: el viaje es un regreso que llega a la zona del hogar."
1317,4,1409800011542,Mujeres,27,Trabajador independiente,,3,18:06,,Otros (especifique),,Otros (especifique),,,,home,,home,,A PIE,,4,,,,,,
1317,4,1409800011542,Mujeres,27,Trabajador independiente,,4,18:14,,Regresar a Casa,,Su casa,,,,home,,home,,A PIE,,4,,,,,,
1318,3,1409800011345,Hombres,31,Empleado,,1,08:00,,Trabajar,,Fábrica o taller,,Su casa,,home,,1403900014033,,CAMIÓN O AUTOBÚS,,35,,,,,,
1318,3,1409800011345,Hombres,31,Empleado,,2,08:00 → 18:00,,Regresar a Casa,,Su casa,,,,1403900014033,,home,,CAMIÓN O AUTOBÚS,,35,,hora:revision,,changed,,Error de dígito en la hora: se reporta 8:00 y la cadena solo cierra con 18:00. El origen se encadena con el destino del viaje 1 (Fábrica o taller en 1403900014033).
1318,3,1409800011345,Hombres,31,Empleado,,3,18:17 → 20:17,,"Compras (bienes, productos y servicios)",,"Comercio, mercado, tienda o centro comercial",,,,home,,1409800010120,,A PIE,,9,,hora:revision,,changed,,
1318,3,1409800011345,Hombres,31,Empleado,,4,18:32 → 20:32,,Regresar a Casa,,Su casa,,,,1409800010120,,home,,A PIE,,9,,hora:revision,,changed,,"Desfase de dos horas al capturar: 18:32 se lee como 20:32. El origen se encadena con el destino del viaje 3 (Comercio, mercado, tienda o centro comercial en 1409800010120)."
1352,4,1403900014300,Mujeres,28,Empleado,,1,20:10 → 08:10,,Trabajar,,"Comercio, mercado, tienda o centro comercial",,Su casa,,home,,1403900011645,,CAMIÓN O AUTOBÚS,,30,,hora:revision,,changed,,
1352,4,1403900014300,Mujeres,28,Empleado,,2,15:00,,Compras (comida),,"Comercio, mercado, tienda o centro comercial",,,,1403900011645,,1403900011378,,A PIE,,10,,,,,,
1352,4,1403900014300,Mujeres,28,Empleado,,3,03:40 → 15:40,,Trabajar,,"Comercio, mercado, tienda o centro comercial",,,,1403900011378,,1403900011645,,A PIE,,10,,hora:revision,,changed,,"Corrección AM/PM: se reporta 3:40 y por la secuencia del día corresponde a 15:40. El origen se encadena con el destino del viaje 2 (Comercio, mercado, tienda o centro comercial en 1403900011378)."
1352,4,1403900014300,Mujeres,28,Empleado,,4,20:00,,Regresar a Casa,,Su casa,,,,1403900011645,,home,,Taxi plataforma (Uber/Didi),,25,,,,,,
1420,2,1403900014527,Mujeres,52,Hogar,,1,08:30,,Llevar o recoger a alguien,,Escuela,,Su casa,,home,,1412000011278,,AUTOMÓVIL PARTICULAR,,45,,,,,,
1420,2,1403900014527,Mujeres,52,Hogar,,2,08:30 → 09:15,,Regresar a Casa,,Su casa,,,,1412000011278,,home,,AUTOMÓVIL PARTICULAR,,50,,hora:revision,,changed,,"La salida se recorre de 8:30 a 09:15, que es la hora a la que llega el viaje anterior (8:30 + 45 min de traslado): tal como estaba, el viaje empezaba antes de haber llegado. El origen se encadena con el destino del viaje 1 (Escuela en 1412000011278)."
1420,2,1403900014527,Mujeres,52,Hogar,,3,17:00,,Llevar o recoger a alguien,,Escuela,,,,home,,1412000011278,,AUTOMÓVIL PARTICULAR,,90,,,,,,
1420,2,1403900014527,Mujeres,52,Hogar,,4,20:26,,Regresar a Casa,,Su casa,,,,1412000011278,,home,,AUTOMÓVIL PARTICULAR,,90,,,,,,
1470,2,1403900011734,Mujeres,24,Empleado,,1,21:30 → 09:30,,Trabajar,,"Comercio, mercado, tienda o centro comercial",,Su casa,,home,,home,,A PIE,,4,,hora:revision,,changed,,
1470,2,1403900011734,Mujeres,24,Empleado,,2,08:00 → 20:00,,Regresar a Casa,,Su casa,,,,home,,home,,A PIE,,4,,hora:revision,,changed,,"Corrección AM/PM: se reporta 8:00 y por la secuencia del día corresponde a 20:00. El origen se encadena con el destino del viaje 1 (Comercio, mercado, tienda o centro comercial en la zona del hogar)."
1512,1,1403900015120,Mujeres,62,Hogar,,1,18:21,,"Compras (bienes, productos y servicios)",,"Comercio, mercado, tienda o centro comercial",,Oficina → Su casa,,1403900011378 → home,,1403900011378,,A PIE,,14,,origen:copia;tipo_origen:copia,,changed,,
1512,1,1403900015120,Mujeres,62,Hogar,,2,18:45,,Regresar a Casa,,Su casa,,,,1403900011378,,1403900011378 → home,,A PIE,,14,,tipo_origen:copia;destino:revision,,changed,,"El origen se encadena con el destino del viaje 1 (Comercio, mercado, tienda o centro comercial en 1403900011378). El destino pasa de 1403900011378 a la zona del hogar: esa AGEB funciona como “Su casa” dentro de la cadena, es una discrepancia de geocodificación."
1559,2,1410100011268,Mujeres,50,Hogar,,1,08:00,,"Compras (bienes, productos y servicios)",,"Comercio, mercado, tienda o centro comercial",,Su casa,,home,,1410100010147,,CAMIÓN O AUTOBÚS,,15,,,,,,
1559,2,1410100011268,Mujeres,50,Hogar,,2,12:00,,Regresar a Casa,,"Comercio, mercado, tienda o centro comercial → Su casa",,,,1410100010147,,home,,CAMIÓN O AUTOBÚS,,15,,tipo_destino:revision,,changed,,"El origen se encadena con el destino del viaje 1 (Comercio, mercado, tienda o centro comercial en 1410100010147). El tipo de destino pasa de “Comercio, mercado, tienda o centro comercial” a Su casa: el viaje es un regreso que llega a la zona del hogar."
1616,1,1410100011272,Mujeres,43,Empleado,,1,11:00,,Llevar o recoger a alguien,,Escuela,,Su casa,,home,,1403900014226,,CAMIÓN O AUTOBÚS,,30,,,,,,
1616,1,1410100011272,Mujeres,43,Empleado,,2,11:40,,Regresar a Casa,,Su casa,,,,1403900014226,,home,,CAMIÓN O AUTOBÚS,,40,,,,,,
1616,1,1410100011272,Mujeres,43,Empleado,,3,12:50,,Llevar o recoger a alguien,,Escuela,,,,home,,1410100010927,,CAMIÓN O AUTOBÚS,,35,,,,,,
1616,1,1410100011272,Mujeres,43,Empleado,,4,13:10 → 13:25,,Regresar a Casa,,Su casa,,,,1410100010927,,home,,A PIE,,20,,hora:llegada,,changed,,
1616,1,1410100011272,Mujeres,43,Empleado,,5,20:30,,Trabajar,,Fábrica o taller,,,,home,,141200001098A,,CAMIÓN O AUTOBÚS,,33,,,,,,
1616,1,1410100011272,Mujeres,43,Empleado,,6,17:40 → 05:40,,Regresar a Casa,,Su casa,,,,141200001098A,,home,,CAMIÓN O AUTOBÚS,,30,,hora:revision,hora_nocturna,changed,,Corrección AM/PM: se reporta 17:40 y por la secuencia del día corresponde a 05:40. El origen se encadena con el destino del viaje 5 (Fábrica o taller en 141200001098A).
1631,2,1410100011268,Mujeres,16,Estudiante,yes,1,08:45,,Llevar o recoger a alguien,,Escuela,,Su casa,,home,,home,,A PIE,,15,,,,,,
1631,2,1410100011268,Mujeres,16,Estudiante,yes,2,08:10 → 09:00,,Regresar a Casa,,Su casa,,,,home,,home,,A PIE,,15,,hora:revision,,changed,,"La salida se recorre de 8:10 a 09:00, que es la hora a la que llega el viaje anterior (8:45 + 15 min de traslado): tal como estaba, el viaje empezaba antes de haber llegado. El origen se encadena con el destino del viaje 1 (Escuela en la zona del hogar)."
1631,2,1410100011268,Mujeres,16,Estudiante,yes,3,13:30,,Estudiar,,Escuela,,,,home,,1410100010397,,Transporte escolar,,15,,,,,,
1631,2,1410100011268,Mujeres,16,Estudiante,yes,4,20:00,,Regresar a Casa,,Su casa,,,,1410100010397,,home,,Transporte escolar,,15,,,,,,
1634,6,1410100011268,Mujeres,14,Estudiante,yes,1,08:37,,Llevar o recoger a alguien,,Escuela,,Su casa,,home,,home,,A PIE,,15,,,,,,
1634,6,1410100011268,Mujeres,14,Estudiante,yes,2,08:15 → 08:52,,Regresar a Casa,,Su casa,,,,home,,home,,A PIE,,15,,hora:revision,,changed,,"La salida se recorre de 8:15 a 08:52, que es la hora a la que llega el viaje anterior (8:37 + 15 min de traslado): tal como estaba, el viaje empezaba antes de haber llegado. El origen se encadena con el destino del viaje 1 (Escuela en la zona del hogar)."
1634,6,1410100011268,Mujeres,14,Estudiante,yes,3,13:24,,Estudiar,,Escuela,,,,home,,1410100010397,,Transporte escolar,,15,,,,,,
1634,6,1410100011268,Mujeres,14,Estudiante,yes,4,20:02,,Regresar a Casa,,Su casa,,,,1410100010397,,home,,Transporte escolar,,15,,,,,,
1641,2,1410100010151,Mujeres,46,Empleado,,1,21:30 → 09:30,,Trabajar,,Fábrica o taller,,Su casa,,home,,1412000016599,,Transporte de personal,,60,,hora:revision,,changed,,
1641,2,1410100010151,Mujeres,46,Empleado,,2,09:00 → 21:00,,Regresar a Casa,,Su casa,,,,1412000016599,,home,,Transporte de personal,,45,,hora:revision,,changed,,Corrección AM/PM: se reporta 9:00 y por la secuencia del día corresponde a 21:00. El origen se encadena con el destino del viaje 1 (Fábrica o taller en 1412000016599).
1720,3,1409800011383,Mujeres,31,Empleado,,1,07:50,,Llevar o recoger a alguien,,Escuela,,Su casa,,home,,1409800011608,,A PIE,,10,,,,,,
1720,3,1409800011383,Mujeres,31,Empleado,,2,08:10,,Regresar a Casa → Trabajar,,Su casa,,,,1409800011608,,14097059A,,A PIE,,10,,motivo:revision,actividad_en_casa,changed,,"El motivo pasa de Regresar a Casa a “Trabajar”: la persona ya estaba en casa y el viaje va hacia la AGEB 14097059A, de modo que es un viaje de ida y no el regreso. El origen se encadena con el destino del viaje 1 (Escuela en 1409800011608)."
1720,3,1409800011383,Mujeres,31,Empleado,,3,12:20,,Llevar o recoger a alguien,,Escuela,,,,14097059A,,1409800011608,,A PIE,,10,,,,,,
1720,3,1409800011383,Mujeres,31,Empleado,,4,12:40,,Regresar a Casa,,Su casa,,,,1409800011608,,home,,A PIE,,10,,,,,,
1739,4,1409800011877,Hombres,31,Empleado,,1,08:00,,Trabajar → Regresar a Casa,,Su casa,,Oficina,,1409800011928,,home,,CAMIÓN O AUTOBÚS,,50,,motivo:revision,inicio_fuera_de_casa,changed,,
1739,4,1409800011877,Hombres,31,Empleado,,2,13:01,,Regresar a Casa → Trabajar,,Su casa,,,,home,,1409800011928,,CAMIÓN O AUTOBÚS,,50,,motivo:revision,fin_fuera_de_casa;actividad_en_casa,changed,,"El motivo pasa de Regresar a Casa a “Trabajar”: la persona ya estaba en casa y el viaje va hacia la AGEB 1409800011928, de modo que es un viaje de ida y no el regreso. El origen se encadena con el destino del viaje 1 (Su casa en la zona del hogar)."
1766,4,1409800011383,Mujeres,19,Hogar,yes,1,10:05,,"Compras (bienes, productos y servicios)",,"Comercio, mercado, tienda o centro comercial",,Su casa,,home,,1409800010262,,CAMIÓN O AUTOBÚS,,15,,,,,,
1766,4,1409800011383,Mujeres,19,Hogar,yes,2,11:09,,Regresar a Casa → Estudiar,,Su casa,,,,1409800010262,,1409800011576,,CAMIÓN O AUTOBÚS,,15,,motivo:revision,actividad_en_casa,changed,,"El motivo pasa de Regresar a Casa a “Estudiar”: la persona ya estaba en casa y el viaje va hacia la AGEB 1409800011576, de modo que es un viaje de ida y no el regreso. El origen se encadena con el destino del viaje 1 (Comercio, mercado, tienda o centro comercial en 1409800010262)."
1766,4,1409800011383,Mujeres,19,Hogar,yes,3,13:28,,Llevar o recoger a alguien,,Escuela,,,,1409800011576,,1409800011576,,A PIE,,20,,,,,,
1766,4,1409800011383,Mujeres,19,Hogar,yes,4,14:26,,Regresar a Casa,,Su casa,,,,1409800011576,,home,,A PIE,,20,,,,,,
1771,1,1409800011576,Hombres,36,Trabajador independiente,,1,07:07,,Compras (comida),,"Comercio, mercado, tienda o centro comercial",,Su casa,,home,,140980001181A,,A PIE,,6,,,,,,
1771,1,1409800011576,Hombres,36,Trabajador independiente,,2,07:19,,Regresar a Casa,,Su casa,,,,140980001181A,,home,,A PIE,,6,,,,,,
1771,1,1409800011576,Hombres,36,Trabajador independiente,,3,18:00,,Trabajar,,Otros (especifique),,,,home,,999990004,,AUTOMÓVIL PARTICULAR,,120,,,,,,
1771,1,1409800011576,Hombres,36,Trabajador independiente,,4,20:53,,Regresar a Casa,,Su casa,,,,999990004,,home,,AUTOMÓVIL PARTICULAR,,120,,,,,,
1771,1,1409800011576,Hombres,36,Trabajador independiente,,5,22:04 → 22:53,,Trabajar,,Otros (especifique),,,,home,,999990004,,AUTOMÓVIL PARTICULAR,,120,,hora:revision,,changed,,
1771,1,1409800011576,Hombres,36,Trabajador independiente,,6,23:01 → 00:53,,Regresar a Casa,,Su casa,,,,999990004,,home,,AUTOMÓVIL PARTICULAR,,120,,hora:revision,hora_nocturna,changed,,"La salida se recorre de 23:01 a 00:53, que es la hora a la que llega el viaje anterior (22:53 + 120 min de traslado): tal como estaba, el viaje empezaba antes de haber llegado. El origen se encadena con el destino del viaje 5 (Otros (especifique) en 999990004)."
1776,1,1409800012767,Hombres,33,Empleado,,1,21:00 → 09:00,,Trabajar,,Fábrica o taller,,Su casa,,home,,1407000200191,,Transporte de personal,,30,,hora:revision,,changed,,
1776,1,1409800012767,Hombres,33,Empleado,,2,07:00 → 19:00,,Regresar a Casa,,Su casa,,,,1407000200191,,home,,Transporte de personal,,30,,hora:revision,,changed,,Corrección AM/PM: se reporta 7:00 y por la secuencia del día corresponde a 19:00. El origen se encadena con el destino del viaje 1 (Fábrica o taller en 1407000200191).
1795,2,1409800011383,Hombres,65,Empleado,,1,10:00,,Compras (comida),,"Comercio, mercado, tienda o centro comercial",,Su casa,,home,,1409800011576,,A PIE,,7,,,,,,
1795,2,1409800011383,Hombres,65,Empleado,,2,22:15 → 10:15,,Regresar a Casa,,Su casa,,,,1409800011576,,home,,A PIE,,6,,hora:revision,,changed,,"Corrección AM/PM: se reporta 22:15 y por la secuencia del día corresponde a 10:15. El origen se encadena con el destino del viaje 1 (Comercio, mercado, tienda o centro comercial en 1409800011576)."
1795,2,1409800011383,Hombres,65,Empleado,,3,12:30,,Trabajar,,Fábrica o taller,,,,home,,1403900015347,,CAMIÓN O AUTOBÚS,,25,,,,,,
1795,2,1409800011383,Hombres,65,Empleado,,4,18:00,,Regresar a Casa,,Su casa,,,,1403900015347,,home,,CAMIÓN O AUTOBÚS,,30,,,,,,
1805,2,1409800011383,Mujeres,59,Hogar,yes,1,10:00,,"Compras (bienes, productos y servicios)",,"Comercio, mercado, tienda o centro comercial",,Su casa,,home,,1409800010262,,CAMIÓN O AUTOBÚS,,15,,,,,,
1805,2,1409800011383,Mujeres,59,Hogar,yes,2,11:00,,Regresar a Casa → Estudiar,,Su casa,,,,1409800010262,,1409800011576,,CAMIÓN O AUTOBÚS,,15,,motivo:revision,actividad_en_casa,changed,,"El motivo pasa de Regresar a Casa a “Estudiar”: la persona ya estaba en casa y el viaje va hacia la AGEB 1409800011576, de modo que es un viaje de ida y no el regreso. El origen se encadena con el destino del viaje 1 (Comercio, mercado, tienda o centro comercial en 1409800010262)."
1805,2,1409800011383,Mujeres,59,Hogar,yes,3,13:30,,Llevar o recoger a alguien,,Escuela,,,,1409800011576,,1409800011576,,A PIE,,20,,,,,,
1805,2,1409800011383,Mujeres,59,Hogar,yes,4,14:30,,Regresar a Casa,,Su casa,,,,1409800011576,,home,,A PIE,,20,,,,,,
1875,2,1409800012752,Mujeres,33,Empleado,,1,06:00,,Trabajar,,Fábrica o taller,,Su casa,,999990006 → home,,999990006,,CAMIÓN O AUTOBÚS,,135,,origen:copia,,changed,,
1875,2,1409800012752,Mujeres,33,Empleado,,2,14:20,,Regresar a Casa,,Su casa,,,,999990006,,999990006 → home,,CAMIÓN O AUTOBÚS,,80,,destino:revision,,changed,,"El origen se encadena con el destino del viaje 1 (Fábrica o taller en 999990006). El destino pasa de 999990006 a la zona del hogar: esa AGEB funciona como “Su casa” dentro de la cadena, es una discrepancia de geocodificación."
1875,2,1409800012752,Mujeres,33,Empleado,,3,16:39,,Trabajar,,Fábrica o taller,,,,999990006 → home,,999990006,,CAMIÓN O AUTOBÚS,,35,,origen:revision,,changed,,
1875,2,1409800012752,Mujeres,33,Empleado,,4,19:00,,Regresar a Casa,,Su casa,,,,999990006,,home,,CAMIÓN O AUTOBÚS,,115,,,,,,
1908,1,1409800011576,Hombres,33,Empleado,,1,08:00,,"Compras (bienes, productos y servicios)",,"Comercio, mercado, tienda o centro comercial",,Su casa,,home,,home,,Bicicleta,,3,,,,,,
1908,1,1409800011576,Hombres,33,Empleado,,2,21:10 → 09:10,,Regresar a Casa,,Su casa,,,,home,,home,,Bicicleta,,3,,hora:revision,,changed,,"Corrección AM/PM: se reporta 21:10 y por la secuencia del día corresponde a 09:10. El origen se encadena con el destino del viaje 1 (Comercio, mercado, tienda o centro comercial en la zona del hogar)."
1908,1,1409800011576,Hombres,33,Empleado,,3,10:00,,Trabajar,,Fábrica o taller,,,,home,,1409800011383,,MOTOCICLETA,,5,,,,,,
1908,1,1409800011576,Hombres,33,Empleado,,4,18:00,,Regresar a Casa,,Su casa,,,,1409800011383,,home,,MOTOCICLETA,,3,,,,,,
1919,2,1409800012911,Mujeres,48,,,1,09:00,,Regresar a Casa,,Su casa,,"Comercio, mercado, tienda o centro comercial",,1409800012131,,home,,A PIE,,20,,,inicio_fuera_de_casa,,,
1919,2,1409800012911,Mujeres,48,,,2,14:01,,Regresar a Casa,,Su casa,,"Comercio, mercado, tienda o centro comercial",,home,,1409800012131,,A PIE,,20,,,,dropped,,
1919,2,1409800012911,Mujeres,48,,,3,19:22,,Otros (especifique),,Otros (especifique),,,,1409800012131 → home,,1409800012663,,A PIE,,10,,origen:casa,,changed,,
1919,2,1409800012911,Mujeres,48,,,4,19:35,,Regresar a Casa → Estudiar,,Su casa,,,,1409800012663,,1409800012131,,A PIE,,10,,motivo:revision,fin_fuera_de_casa;actividad_en_casa,changed,,"El motivo pasa de Regresar a Casa a “Estudiar”: la persona ya estaba en casa y el viaje va hacia la AGEB 1409800012131, de modo que es un viaje de ida y no el regreso. El origen se encadena con el destino del viaje 3 (Otros (especifique) en 1409800012663)."
1962,1,140980128288A,Mujeres,31,Empleado,,1,05:20,,Trabajar,,Fábrica o taller,,Su casa,,home,,1412000016743,,CAMIÓN O AUTOBÚS,,90,,,,,,
1962,1,140980128288A,Mujeres,31,Empleado,,2,15:00,,Regresar a Casa,,Su casa,,,,1412000016743,,home,,CAMIÓN O AUTOBÚS,,90,,,,,,
1962,1,140980128288A,Mujeres,31,Empleado,,3,17:00,,Compras (comida),,"Comercio, mercado, tienda o centro comercial",,,,home,,1409801282875,,A PIE,,6,,,,,,
1962,1,140980128288A,Mujeres,31,Empleado,,4,16:20 → 18:20,,Regresar a Casa,,Su casa,,,,1409801282875,,home,,A PIE,,5,,hora:revision,,changed,,"Desfase de dos horas al capturar: 16:20 se lee como 18:20. El origen se encadena con el destino del viaje 3 (Comercio, mercado, tienda o centro comercial en 1409801282875)."
1962,1,140980128288A,Mujeres,31,Empleado,,5,18:03 → 20:03,,"Compras (bienes, productos y servicios)",,"Comercio, mercado, tienda o centro comercial",,,,home,,home,,A PIE,,11,,hora:revision,,changed,,
1962,1,140980128288A,Mujeres,31,Empleado,,6,18:17 → 20:17,,Regresar a Casa,,Su casa,,,,home,,home,,A PIE,,11,,hora:revision,,changed,,"Desfase de dos horas al capturar: 18:17 se lee como 20:17. El origen se encadena con el destino del viaje 5 (Comercio, mercado, tienda o centro comercial en la zona del hogar)."
1968,3,1409800012714,Hombres,28,Estudiante,,1,07:00,,Estudiar,,Escuela,,Su casa,,home,,140972308,,CAMIÓN O AUTOBÚS,,25,,,,,,
1968,3,1409800012714,Hombres,28,Estudiante,,2,15:15,,Regresar a Casa,,Su casa,,,,140972308,,140972308 → home,,CAMIÓN O AUTOBÚS,,30,,destino:revision,,changed,,"El origen se encadena con el destino del viaje 1 (Escuela en 140972308). El destino pasa de 140972308 a la zona del hogar: esa AGEB funciona como “Su casa” dentro de la cadena, es una discrepancia de geocodificación."
1997,4,1409800011434,Mujeres,62,Empleado,,1,21:00 → 09:00,,Trabajar,,Fábrica o taller,,Su casa,,home,,1412000016758,,Transporte de personal,,60,,hora:revision,,changed,,
1997,4,1409800011434,Mujeres,62,Empleado,,2,08:30 → 20:30,,Regresar a Casa,,Su casa,,,,1412000016758,,home,,Transporte de personal,,60,,hora:revision,,changed,,Corrección AM/PM: se reporta 8:30 y por la secuencia del día corresponde a 20:30. El origen se encadena con el destino del viaje 1 (Fábrica o taller en 1412000016758).
2015,3,1409800012131,Hombres,8,Estudiante,,1,07:45,,Estudiar,,Escuela,,Su casa,,home,,home,,A PIE,,18,,,,,,
2015,3,1409800012131,Hombres,8,Estudiante,,2,12:45,,Regresar a Casa,,Escuela → Su casa,,,,home,,home,,A PIE,,18,,tipo_destino:revision,,changed,,El origen se encadena con el destino del viaje 1 (Escuela en la zona del hogar). El tipo de destino pasa de “Escuela” a Su casa: el viaje es un regreso que llega a la zona del hogar.
2017,3,140980128288A,Hombres,28,Empleado,,1,00:52,,Trabajar,,Fábrica o taller,,Su casa,,home,,14097059A,,AUTOMÓVIL PARTICULAR,,90,,,,,,
2017,3,140980128288A,Hombres,28,Empleado,,2,00:52 → 10:52,,Regresar a Casa,,Su casa,,,,14097059A,,home,,AUTOMÓVIL PARTICULAR,,90,,hora:revision,,changed,,Error de dígito en la hora: se reporta 0:52 y la cadena solo cierra con 10:52. El origen se encadena con el destino del viaje 1 (Fábrica o taller en 14097059A).
2017,3,140980128288A,Hombres,28,Empleado,,3,00:29 → 12:29,,Trabajar,,Fábrica o taller,,,,home,,14097059A,,AUTOMÓVIL PARTICULAR,,90,,hora:revision,,changed,,
2017,3,140980128288A,Hombres,28,Empleado,,4,08:14 → 18:14,,Regresar a Casa,,Su casa,,,,14097059A,,home,,AUTOMÓVIL PARTICULAR,,90,,hora:revision,,changed,,Error de dígito en la hora: se reporta 8:14 y la cadena solo cierra con 18:14. El origen se encadena con el destino del viaje 3 (Fábrica o taller en 14097059A).
2017,3,140980128288A,Hombres,28,Empleado,,5,18:04 → 20:04,,Compras (comida),,"Comercio, mercado, tienda o centro comercial",,,,home,,1409709033912,,A PIE,,6,,hora:revision,,changed,,
2017,3,140980128288A,Hombres,28,Empleado,,6,18:14 → 20:14,,Regresar a Casa,,Su casa,,,,1409709033912,,home,,A PIE,,6,,hora:revision,,changed,,"Desfase de dos horas al capturar: 18:14 se lee como 20:14. El origen se encadena con el destino del viaje 5 (Comercio, mercado, tienda o centro comercial en 1409709033912)."
2088,1,1409800012729,Hombres,62,Empleado,,1,06:00,,Trabajar,,Fábrica o taller,,Su casa,,home,,1412002434709,,CAMIÓN O AUTOBÚS,,100,,,,,,
2088,1,1409800012729,Hombres,62,Empleado,,2,17:00,,Compras (comida),,"Comercio, mercado, tienda o centro comercial",,,,1412002434709,,1409800012714,,CAMIÓN O AUTOBÚS,,100,,,,,,
2088,1,1409800012729,Hombres,62,Empleado,,3,17:45 → 19:45,,Regresar a Casa,,Su casa,,,,1409800012714,,home,,A PIE,,12,,hora:revision,,changed,,"Desfase de dos horas al capturar: 17:45 se lee como 19:45. El origen se encadena con el destino del viaje 2 (Comercio, mercado, tienda o centro comercial en 1409800012714)."
2088,1,1409800012729,Hombres,62,Empleado,,4,19:10 → 21:10,,Compras (comida),,"Comercio, mercado, tienda o centro comercial",,,,home,,home,,A PIE,,8,,hora:revision,,changed,,
2088,1,1409800012729,Hombres,62,Empleado,,5,19:25 → 21:25,,Regresar a Casa,,Su casa,,,,home,,home,,A PIE,,8,,hora:revision,,changed,,"Desfase de dos horas al capturar: 19:25 se lee como 21:25. El origen se encadena con el destino del viaje 4 (Comercio, mercado, tienda o centro comercial en la zona del hogar)."
2099,2,1409800012733,Mujeres,26,Empleado,,1,19:40 → 09:40,,Trabajar,,Oficina,,Su casa,,home,,1409800011720,,CAMIÓN O AUTOBÚS,,35,,hora:revision,,changed,,
2099,2,1409800012733,Mujeres,26,Empleado,,2,14:30,,Pagar algún servicio o al banco,,"Comercio, mercado, tienda o centro comercial",,,,1409800011720,,1409800011720,,A PIE,,15,,,,,,
2099,2,1409800012733,Mujeres,26,Empleado,,3,15:45,,Regresar a Casa,,Su casa,,,,1409800011720,,home,,CAMIÓN O AUTOBÚS,,38,,,,,,
2099,2,1409800012733,Mujeres,26,Empleado,,4,20:30,,Compras (comida),,"Comercio, mercado, tienda o centro comercial",,,,home,,1409800012752,,CAMIÓN O AUTOBÚS,,25,,,,,,
2099,2,1409800012733,Mujeres,26,Empleado,,5,20:00 → 20:55,,Regresar a Casa,,Su casa,,,,1409800012752,,home,,CAMIÓN O AUTOBÚS,,25,,hora:revision,,changed,,"La salida se recorre de 20:00 a 20:55, que es la hora a la que llega el viaje anterior (20:30 + 25 min de traslado): tal como estaba, el viaje empezaba antes de haber llegado. El origen se encadena con el destino del viaje 4 (Comercio, mercado, tienda o centro comercial en 1409800012752)."
2141,3,1403900015559,Hombres,41,Empleado,,1,07:00,,Trabajar,,Otra vivienda,,Su casa,,home,,1409800012377,,Taxi plataforma (Uber/Didi),,6,,,,,,
2141,3,1403900015559,Hombres,41,Empleado,,2,07:10,,Trabajar,,Otra vivienda,,,,1409800012377,,1403900012569,,Taxi plataforma (Uber/Didi),,30,,,,,,
2141,3,1403900015559,Hombres,41,Empleado,,3,07:46,,Trabajar,,Otra vivienda,,,,1403900012569,,1403900014033,,Taxi plataforma (Uber/Didi),,15,,,,,,
2141,3,1403900015559,Hombres,41,Empleado,,4,08:05,,Trabajar,,"Comercio, mercado, tienda o centro comercial",,,,1403900014033,,1403900015366,,Taxi plataforma (Uber/Didi),,30,,,,,,
2141,3,1403900015559,Hombres,41,Empleado,,5,08:40,,Trabajar,,Oficina,,,,1403900015366,,1403900011359,,Taxi plataforma (Uber/Didi),,30,,,,,,
2141,3,1403900015559,Hombres,41,Empleado,,6,09:12,,"Compras (bienes, productos y servicios)",,"Comercio, mercado, tienda o centro comercial",,,,1403900011359,,1403900011359,,Taxi plataforma (Uber/Didi),,15,,,,,,
2141,3,1403900015559,Hombres,41,Empleado,,7,20:00,,Regresar a Casa,,Su casa,,,,1403900011359,,1403900013783 → home,,Taxi plataforma (Uber/Didi),,60,,destino:revision,,changed,,"El origen se encadena con el destino del viaje 6 (Comercio, mercado, tienda o centro comercial en 1403900011359). El destino pasa de 1403900013783 a la zona del hogar: esa AGEB funciona como “Su casa” dentro de la cadena, es una discrepancia de geocodificación."
2141,4,1403900015559,Mujeres,26,Empleado,,1,08:50,,Llevar o recoger a alguien,,Escuela,,Su casa,,home,,1403900013783,,A PIE,,10,,,,,,
2141,4,1403900015559,Mujeres,26,Empleado,,2,09:05,,Regresar a Casa,,Su casa,,,,1403900013783,,home,,A PIE,,10,,,,,,
2141,4,1403900015559,Mujeres,26,Empleado,,3,11:50,,Llevar o recoger a alguien,,Escuela,,,,home,,1403900013783,,A PIE,,10,,,,,,
2141,4,1403900015559,Mujeres,26,Empleado,,4,12:05,,Regresar a Casa,,Su casa,,,,1403900013783,,home,,A PIE,,10,,,,,,
2141,4,1403900015559,Mujeres,26,Empleado,,5,12:50,,Trabajar,,"Comercio, mercado, tienda o centro comercial",,,,home,,1409800011928,,TREN LIGERO,,10,,,,,,
2141,4,1403900015559,Mujeres,26,Empleado,,6,13:00,,Trabajar,,Fábrica o taller,,,,1409800011928,,1412000014516,,CAMIÓN O AUTOBÚS,,20,,,,,,
2141,4,1403900015559,Mujeres,26,Empleado,,7,21:30,,Regresar a Casa → Trabajar,,Su casa,,,,1412000014516,,1409800011928,,CAMIÓN O AUTOBÚS,,40,,motivo:revision,fin_fuera_de_casa;actividad_en_casa,changed,,"El motivo pasa de Regresar a Casa a “Trabajar”: la persona ya estaba en casa y el viaje va hacia la AGEB 1409800011928, de modo que es un viaje de ida y no el regreso. El origen se encadena con el destino del viaje 6 (Fábrica o taller en 1412000014516)."
2172,4,1409800012377,Hombres,9,Estudiante,,1,07:00,,Estudiar,,Escuela,,Escuela,,1403900012785,,1403900015402,,TREN LIGERO,,8,,,inicio_fuera_de_casa,,,
2172,4,1409800012377,Hombres,9,Estudiante,,2,12:01,,Regresar a Casa → Trabajar,,Su casa,,,,1403900015402,,1403900012785,,TREN LIGERO,,8,,motivo:revision,actividad_en_casa,changed,,
2172,4,1409800012377,Hombres,9,Estudiante,,3,18:03,,"Compras (bienes, productos y servicios)",,"Comercio, mercado, tienda o centro comercial",,,,1403900012785,,1403900012802,,A PIE,,1,,,,,,
2172,4,1409800012377,Hombres,9,Estudiante,,4,18:14,,Regresar a Casa → Trabajar,,Su casa,,,,1403900012802,,1403900012785,,A PIE,,1,,motivo:revision,fin_fuera_de_casa;actividad_en_casa,changed,,"El motivo pasa de Regresar a Casa a “Trabajar”: la persona ya estaba en casa y el viaje va hacia la AGEB 1403900012785, de modo que es un viaje de ida y no el regreso. El origen se encadena con el destino del viaje 3 (Comercio, mercado, tienda o centro comercial en 1403900012802)."
2177,2,1409800012377,Hombres,49,Empleado,,1,06:17,,Visitar a alguien,,Otra vivienda,,Su casa,,home,,1412000013274,,CAMIÓN O AUTOBÚS,,90,,,,,,
2177,2,1409800012377,Hombres,49,Empleado,,2,07:27 → 07:47,,Regresar a Casa,,Su casa,,,,1412000013274,,home,,CAMIÓN O AUTOBÚS,,90,,hora:revision,,changed,,"La salida se recorre de 7:27 a 07:47, que es la hora a la que llega el viaje anterior (6:17 + 90 min de traslado): tal como estaba, el viaje empezaba antes de haber llegado. El origen se encadena con el destino del viaje 1 (Otra vivienda en 1412000013274)."
2177,2,1409800012377,Hombres,49,Empleado,,3,13:00,,Visitar a alguien,,Otra vivienda,,,,home,,1412000013274,,CAMIÓN O AUTOBÚS,,90,,,,,,
2177,2,1409800012377,Hombres,49,Empleado,,4,20:00,,Regresar a Casa,,Su casa,,,,1412000013274,,home,,CAMIÓN O AUTOBÚS,,90,,,,,,
2187,2,1409800012377,Hombres,30,Empleado,,1,18:30 → 06:30,,Trabajar,,Otra vivienda,,Su casa,,home,,1412000014198,,TREN LIGERO,,50,,hora:revision,,changed,,
2187,2,1409800012377,Hombres,30,Empleado,,2,08:37,,Regresar a Casa,,Su casa,,,,1412000014198,,home,,AUTOMÓVIL PARTICULAR,,50,,,,,,
2187,2,1409800012377,Hombres,30,Empleado,,3,10:22,,Trabajar,,Otra vivienda,,,,home,,1412000014198,,AUTOMÓVIL PARTICULAR,,50,,,,,,
2187,2,1409800012377,Hombres,30,Empleado,,4,06:00 → 18:00,,Regresar a Casa,,Su casa,,,,1412000014198,,home,,AUTOMÓVIL PARTICULAR,,50,,hora:revision,,changed,,Corrección AM/PM: se reporta 6:00 y por la secuencia del día corresponde a 18:00. El origen se encadena con el destino del viaje 3 (Otra vivienda en 1412000014198).
2211,6,1403900015436,Mujeres,43,Empleado,,1,08:00,,Trabajar,,Otros (especifique),,Su casa,,home,,1412002434713,,CAMIÓN O AUTOBÚS,,60,,,,,,
2211,6,1403900015436,Mujeres,43,Empleado,,2,08:00 → 18:00,,Regresar a Casa,,Su casa,,,,1412002434713,,home,,CAMIÓN O AUTOBÚS,,60,,hora:revision,,changed,,Error de dígito en la hora: se reporta 8:00 y la cadena solo cierra con 18:00. El origen se encadena con el destino del viaje 1 (Otros (especifique) en 1412002434713).
2211,6,1403900015436,Mujeres,43,Empleado,,3,18:11 → 20:11,,Trabajar,,Otros (especifique),,,,home,,1412002434713,,CAMIÓN O AUTOBÚS,,60,,hora:revision,,changed,,
2211,6,1403900015436,Mujeres,43,Empleado,,4,19:44 → 21:44,,Regresar a Casa,,Su casa,,,,1412002434713,,home,,CAMIÓN O AUTOBÚS,,60,,hora:revision,,changed,,Desfase de dos horas al capturar: 19:44 se lee como 21:44. El origen se encadena con el destino del viaje 3 (Otros (especifique) en 1412002434713).
2213,2,1403900013783,Hombres,37,Estudiante,,1,09:00,,Compras (comida) → Regresar a Casa,,Su casa,,"Comercio, mercado, tienda o centro comercial",,1403900014654,,home,,A PIE,,20,,motivo:revision,inicio_fuera_de_casa,changed,,
2213,2,1403900013783,Hombres,37,Estudiante,,2,14:01,,"Regresar a Casa → Compras (bienes, productos y servicios)",,Su casa,,,,home,,1403900014654,,A PIE,,20,,motivo:revision,fin_fuera_de_casa;actividad_en_casa,changed,,"El motivo pasa de Regresar a Casa a “Compras (bienes, productos y servicios)”: la persona ya estaba en casa y el viaje va hacia la AGEB 1403900014654, de modo que es un viaje de ida y no el regreso. El origen se encadena con el destino del viaje 1 (Su casa en la zona del hogar)."
2216,4,1409800012377,Hombres,13,Estudiante,,1,06:00,,Estudiar,,Escuela,,Su casa,,home,,1403900014067,,A PIE,,5,,,,,,
2216,4,1409800012377,Hombres,13,Estudiante,,2,12:00,,"Regresar a Casa → Compras (bienes, productos y servicios)",,Su casa,,,,1403900014067,,1403900014654,,A PIE,,5,,motivo:revision,actividad_en_casa,changed,,"El motivo pasa de Regresar a Casa a “Compras (bienes, productos y servicios)”: la persona ya estaba en casa y el viaje va hacia la AGEB 1403900014654, de modo que es un viaje de ida y no el regreso. El origen se encadena con el destino del viaje 1 (Escuela en 1403900014067)."
2216,4,1409800012377,Hombres,13,Estudiante,,3,18:14,,Compras (comida),,"Comercio, mercado, tienda o centro comercial",,,,1403900014654,,1403900013783,,A PIE,,13,,,,,,
2216,4,1409800012377,Hombres,13,Estudiante,,4,18:28,,"Regresar a Casa → Compras (bienes, productos y servicios)",,Su casa,,,,1403900013783,,1403900014654,,A PIE,,13,,motivo:revision,fin_fuera_de_casa;actividad_en_casa,changed,,"El motivo pasa de Regresar a Casa a “Compras (bienes, productos y servicios)”: la persona ya estaba en casa y el viaje va hacia la AGEB 1403900014654, de modo que es un viaje de ida y no el regreso. El origen se encadena con el destino del viaje 3 (Comercio, mercado, tienda o centro comercial en 1403900013783)."
2224,6,1409800012377,Hombres,25,Trabajador independiente,,1,19:03 → 07:03,,Trabajar,,Fábrica o taller,,Su casa,,home,,1403900013783,,TREN LIGERO,,40,,hora:revision,,changed,,
2224,6,1409800012377,Hombres,25,Trabajador independiente,,2,09:01,,Trabajar,,Su casa → Fábrica o taller,,,,1403900013783,,1409800010987,,TREN LIGERO,,40,,tipo_destino:revision,,changed,,"El origen se encadena con el destino del viaje 1 (Fábrica o taller en 1403900013783). El tipo de destino “Su casa” no puede corresponder a una actividad; se sustituye por “Fábrica o taller”, tomado de otros viajes de la persona con el mismo motivo o del uso habitual del motivo “Trabajar”."
2224,6,1409800012377,Hombres,25,Trabajador independiente,,3,13:01,,Trabajar,,Otra vivienda,,,,1409800010987,,1403900013374,,AUTOMÓVIL PARTICULAR,,40,,,,,,
2224,6,1409800012377,Hombres,25,Trabajador independiente,,4,15:27,,Regresar a Casa,,Su casa,,,,1403900013374,,home,,AUTOMÓVIL PARTICULAR,,35,,,,,,
2224,6,1409800012377,Hombres,25,Trabajador independiente,,5,18:37,,Trabajar,,Otra vivienda,,,,home,,1407000131471,,CAMIÓN O AUTOBÚS,,25,,,,,,
2224,6,1409800012377,Hombres,25,Trabajador independiente,,6,21:03,,Regresar a Casa,,Su casa,,,,1407000131471,,home,,AUTOMÓVIL PARTICULAR,,35,,,,,,
2296,1,140390001464A,Hombres,33,Empleado,,1,08:23,,Compras (comida),,"Restaurante, bar, cafetería",,Su casa,,home,,home,,A PIE,,9,,,,,,
2296,1,140390001464A,Hombres,33,Empleado,,2,08:36,,Regresar a Casa,,Su casa,,,,home,,home,,A PIE,,9,,,,,,
2296,1,140390001464A,Hombres,33,Empleado,,3,21:00 → 09:00,,Compras (comida),,"Comercio, mercado, tienda o centro comercial",,,,home,,home,,A PIE,,15,,hora:revision,,changed,,
2296,1,140390001464A,Hombres,33,Empleado,,4,21:30 → 09:30,,Trabajar,,"Comercio, mercado, tienda o centro comercial",,,,home,,1409701801244,,CAMIÓN O AUTOBÚS,,40,,hora:revision,,changed,,"Corrección AM/PM: se reporta 21:30 y por la secuencia del día corresponde a 09:30. El origen se encadena con el destino del viaje 3 (Comercio, mercado, tienda o centro comercial en la zona del hogar)."
2296,1,140390001464A,Hombres,33,Empleado,,5,19:32,,Regresar a Casa,,Su casa,,,,1409701801244,,home,,CAMIÓN O AUTOBÚS,,40,,,,,,
2310,2,1403900013783,Mujeres,22,Estudiante,,1,09:05,,Compras (comida),,"Su casa → Comercio, mercado, tienda o centro comercial",,"Comercio, mercado, tienda o centro comercial",,1403900014654,,home,,A PIE,,20,,tipo_destino:revision,inicio_fuera_de_casa,changed,,
2310,2,1403900013783,Mujeres,22,Estudiante,,2,14:06,,"Regresar a Casa → Compras (bienes, productos y servicios)",,Su casa,,,,home,,1403900014654,,A PIE,,20,,motivo:revision,actividad_en_casa,changed,,
2310,2,1403900013783,Mujeres,22,Estudiante,,3,18:20,,Deportes o recreación,,Centro cultural o área recreativa,,,,1403900014654,,1403900014654,,A PIE,,2,,,,,,
2310,2,1403900013783,Mujeres,22,Estudiante,,4,18:28,,Regresar a Casa,,Su casa,,,,1403900014654,,1403900014654 → home,,A PIE,,2,,destino:revision,,changed,,"El origen se encadena con el destino del viaje 3 (Centro cultural o área recreativa en 1403900014654). El destino pasa de 1403900014654 a la zona del hogar: esa AGEB funciona como “Su casa” dentro de la cadena, es una discrepancia de geocodificación."
2333,1,1409800012841,Hombres,6,Estudiante,,1,07:21,,Compras (comida),,"Comercio, mercado, tienda o centro comercial",,Su casa,,home,,1409800012150,,A PIE,,15,,,,,,
2333,1,1409800012841,Hombres,6,Estudiante,,2,07:48,,Estudiar,,Escuela,,,,1409800012150,,1409800012150,,A PIE,,8,,,,,,
2333,1,1409800012841,Hombres,6,Estudiante,,3,06:17 → 18:17,,Compras (comida),,"Comercio, mercado, tienda o centro comercial",,,,1409800012150,,1409800012150,,A PIE,,10,,hora:+12h,,changed,,
2333,1,1409800012841,Hombres,6,Estudiante,,4,18:25 → 18:30,,Regresar a Casa,,Su casa,,,,1409800012150,,home,,A PIE,,10,,hora:revision,,changed,,"La hora de salida pasa de 18:25 a 18:30 para que el viaje ocurra después de la llegada del anterior. El origen se encadena con el destino del viaje 3 (Comercio, mercado, tienda o centro comercial en 1409800012150). [Undécima revisión: la decisión de chain_review se mantiene. Se tomó contra «18:25», que las reglas del 26 de septiembre de 2026 dan ahora como «18:27».]"
2340,1,1409800012837,Mujeres,18,Empleado,,1,08:00,,Llevar o recoger a alguien,,Otra vivienda,,Su casa,,home,,1409700350551,,MI MACRO,,35,,,,,,
2340,1,1409800012837,Mujeres,18,Empleado,,2,21:00 → 09:00,,Trabajar,,Fábrica o taller,,,,1409700350551,,1412000016758,,CAMIÓN O AUTOBÚS,,35,,hora:revision,,changed,,Corrección AM/PM: se reporta 21:00 y por la secuencia del día corresponde a 09:00. El origen se encadena con el destino del viaje 1 (Otra vivienda en 1409700350551).
2340,1,1409800012837,Mujeres,18,Empleado,,3,17:00,,Visitar a alguien,,Otra vivienda,,,,1412000016758,,1407000130083,,CAMIÓN O AUTOBÚS,,45,,,,,,
2340,1,1409800012837,Mujeres,18,Empleado,,4,20:00,,Regresar a Casa,,Su casa,,,,1407000130083,,home,,MI MACRO,,56,,,,,,
2344,2,1409800012150,Mujeres,16,Estudiante,,1,12:00,,Estudiar,,Escuela,,Su casa,,home,,1412000010617,,MI MACRO,,85,,,,,,
2344,2,1409800012150,Mujeres,16,Estudiante,,2,19:30,,Regresar a Casa,,Su casa,,,,1412000010617,,home,,MI MACRO,,80,,,,,,
2344,2,1409800012150,Mujeres,16,Estudiante,,3,09:00 → 21:00,,"Compras (bienes, productos y servicios)",,"Comercio, mercado, tienda o centro comercial",,,,home,,140390001539A,,CAMIÓN O AUTOBÚS,,30,,hora:revision,,changed,,
2344,2,1409800012150,Mujeres,16,Estudiante,,4,16:00 → 06:00,,Regresar a Casa,,Su casa,,,,140390001539A,,home,,CAMIÓN O AUTOBÚS,,30,,hora:revision,hora_nocturna,changed,,"Error de dígito en la hora: se reporta 16:00 y la cadena solo cierra con 06:00. El origen se encadena con el destino del viaje 3 (Comercio, mercado, tienda o centro comercial en 140390001539A)."
2344,4,1409800012150,Mujeres,13,Estudiante,,1,12:01 → 00:01,,Estudiar,,Escuela,,Su casa,,home,,1412000010617,,MI MACRO,,85,,hora:revision,hora_madrugada,changed,,
2344,4,1409800012150,Mujeres,13,Estudiante,,2,19:28 → 07:28,,Regresar a Casa,,Su casa,,,,1412000010617,,home,,MI MACRO,,80,,hora:revision,,changed,,Corrección AM/PM: se reporta 19:28 y por la secuencia del día corresponde a 07:28. El origen se encadena con el destino del viaje 1 (Escuela en 1412000010617).
2344,4,1409800012150,Mujeres,13,Estudiante,,3,09:07,,"Compras (bienes, productos y servicios)",,"Comercio, mercado, tienda o centro comercial",,,,home,,140390001539A,,CAMIÓN O AUTOBÚS,,30,,,,,,
2344,4,1409800012150,Mujeres,13,Estudiante,,4,16:07,,Regresar a Casa,,Su casa,,,,140390001539A,,home,,CAMIÓN O AUTOBÚS,,30,,,,,,
2347,2,1409800012837,Mujeres,20,Hogar,,1,18:10 → 08:10,,Visitar a alguien,,Otra vivienda,,Su casa,,home,,1407000130083,,MI MACRO,,10,,hora:revision,,changed,,
2347,2,1409800012837,Mujeres,20,Hogar,,2,21:05 → 09:05,,Regresar a Casa,,Su casa,,,,1407000130083,,home,,MI MACRO,,28,,hora:revision,,changed,,Corrección AM/PM: se reporta 21:05 y por la secuencia del día corresponde a 09:05. El origen se encadena con el destino del viaje 1 (Otra vivienda en 1407000130083).
2347,2,1409800012837,Mujeres,20,Hogar,,3,23:00 → 11:00,,Trabajar,,Fábrica o taller,,,,home,,1407000130083,,Taxi plataforma (Uber/Didi),,15,,hora:revision,,changed,,
2347,2,1409800012837,Mujeres,20,Hogar,,4,20:08,,Regresar a Casa,,Su casa,,,,1407000130083,,home,,Taxi plataforma (Uber/Didi),,15,,,,,,
2353,1,1409800012112,Mujeres,46,Empleado,,1,06:00,,Llevar o recoger a alguien,,"Hospital, clínica, consultorio, laboratorio clínico",,Su casa,,home,,1403900011170,,AUTOMÓVIL PARTICULAR,,60,,,,,,
2353,1,1409800012112,Mujeres,46,Empleado,,2,22:00 → 10:00,,Regresar a Casa,,Su casa,,,,1403900011170,,home,,AUTOMÓVIL PARTICULAR,,60,,hora:revision,,changed,,"Corrección AM/PM: se reporta 22:00 y por la secuencia del día corresponde a 10:00. El origen se encadena con el destino del viaje 1 (Hospital, clínica, consultorio, laboratorio clínico en 1403900011170)."
2353,1,1409800012112,Mujeres,46,Empleado,,3,12:00,,Trabajar,,Oficina,,,,home,,1403900012130,,AUTOMÓVIL PARTICULAR,,35,,,,,,
2353,1,1409800012112,Mujeres,46,Empleado,,4,20:00,,Regresar a Casa,,Su casa,,,,1403900012130,,home,,AUTOMÓVIL PARTICULAR,,35,,,,,,
2361,3,1409800010370,Mujeres,42,Desempleado,,1,10:00,,"Compras (bienes, productos y servicios)",,"Comercio, mercado, tienda o centro comercial",,Su casa,,home,,141200001066A,,CAMIÓN O AUTOBÚS,,45,,,,,,
2361,3,1409800010370,Mujeres,42,Desempleado,,2,23:00 → 11:00,,Al médico o atención de salud,,"Hospital, clínica, consultorio, laboratorio clínico",,,,141200001066A,,1403900012145,,CAMIÓN O AUTOBÚS,,20,,hora:revision,,changed,,"Corrección AM/PM: se reporta 23:00 y por la secuencia del día corresponde a 11:00. El origen se encadena con el destino del viaje 1 (Comercio, mercado, tienda o centro comercial en 141200001066A)."
2361,3,1409800010370,Mujeres,42,Desempleado,,3,13:00,,Visitar a alguien,,Otra vivienda,,,,1403900012145,,1403900011359,,CAMIÓN O AUTOBÚS,,30,,,,,,
2361,3,1409800010370,Mujeres,42,Desempleado,,4,17:00,,Regresar a Casa,,Su casa,,,,1403900011359,,home,,CAMIÓN O AUTOBÚS,,60,,,,,,
2364,1,1409800012983,Hombres,29,Trabajador independiente,,1,07:00,,Llevar o recoger a alguien,,Escuela,,Su casa,,home,,1409800012589,,A PIE,,10,,,,,,
2364,1,1409800012983,Hombres,29,Trabajador independiente,,2,07:30,,Regresar a Casa → Trabajar,,Su casa,,,,1409800012589,,140980012,,A PIE,,10,,motivo:revision,actividad_en_casa,changed,,"El motivo pasa de Regresar a Casa a “Trabajar”: la persona ya estaba en casa y el viaje va hacia la AGEB 140980012, de modo que es un viaje de ida y no el regreso. El origen se encadena con el destino del viaje 1 (Escuela en 1409800012589)."
2364,1,1409800012983,Hombres,29,Trabajador independiente,,3,11:45,,Llevar o recoger a alguien,,Escuela,,,,140980012,,1409800012589,,A PIE,,10,,,,,,
2364,1,1409800012983,Hombres,29,Trabajador independiente,,4,12:15,,Regresar a Casa,,Su casa,,,,1409800012589,,home,,A PIE,,10,,,,,,
2364,1,1409800012983,Hombres,29,Trabajador independiente,,5,12:30,,Trabajar,,"Comercio, mercado, tienda o centro comercial",,,,home,,1409800011928,,A PIE,,30,,,,,,
2364,1,1409800012983,Hombres,29,Trabajador independiente,,6,13:30,,Trabajar,,"Comercio, mercado, tienda o centro comercial",,,,1409800011928,,140980012,,AUTOMÓVIL PARTICULAR,,25,,,,,,
2364,1,1409800012983,Hombres,29,Trabajador independiente,,7,18:00,,Regresar a Casa,,Su casa,,,,140980012,,home,,AUTOMÓVIL PARTICULAR,,35,,,,,,
2421,2,1409800012841,Mujeres,44,,,1,08:30,,Guardería → Llevar o recoger a alguien,,Escuela,,Su casa,,home,,1409800012131,,A PIE,,20,,motivo:revision,,changed,,
2421,2,1409800012841,Mujeres,44,,,2,21:15 → 09:15,,Visitar a alguien,,Otra vivienda,,,,1409800012131,,1409800012150,,A PIE,,15,,hora:revision,,changed,,Corrección AM/PM: se reporta 21:15 y por la secuencia del día corresponde a 09:15. El origen se encadena con el destino del viaje 1 (Escuela en 1409800012131).
2421,2,1409800012841,Mujeres,44,,,3,10:30,,Al médico o atención de salud,,"Hospital, clínica, consultorio, laboratorio clínico",,,,1409800012150,,140390001044A,,CAMIÓN O AUTOBÚS,,80,,,,,,
2421,2,1409800012841,Mujeres,44,,,4,15:00,,"Compras (bienes, productos y servicios)",,"Comercio, mercado, tienda o centro comercial",,,,140390001044A,,1403900011359,,CAMIÓN O AUTOBÚS,,30,,,,,,
2421,2,1409800012841,Mujeres,44,,,5,17:30,,Guardería → Llevar o recoger a alguien,,"Comercio, mercado, tienda o centro comercial",,,,1403900011359,,1409800011928,,TREN LIGERO,,60,,motivo:revision,,changed,,
2421,2,1409800012841,Mujeres,44,,,6,20:36,,Regresar a Casa,,Su casa,,,,1409800011928,,home,,TREN LIGERO,,60,,,,,,
2431,5,1409800012841,Hombres,8,Estudiante,,1,08:00,,Estudiar,,Escuela,,Su casa,,home,,1409800012150,,A PIE,,20,,,,,,
2431,5,1409800012841,Hombres,8,Estudiante,,2,13:00,,Estudiar,,Escuela → Su casa,,,,1409800012150,,1409800012150,,A PIE,,20,,tipo_destino:revision,fin_fuera_de_casa;actividad_en_casa,changed,,El origen se encadena con el destino del viaje 1 (Escuela en 1409800012150). El tipo de destino pasa de “Escuela” a Su casa: el viaje es un regreso que llega a la zona del hogar.
2476,3,1409800012150,Hombres,35,Empleado,,1,09:00,,Trabajar,,"Comercio, mercado, tienda o centro comercial",,Su casa,,1403900015366 → home,,1403900015366,,CAMIÓN O AUTOBÚS,,40,,origen:copia,,changed,,
2476,3,1409800012150,Hombres,35,Empleado,,2,14:10,,Regresar a Casa,,Su casa,,,,1403900015366,,1403900015366 → home,,CAMIÓN O AUTOBÚS,,50,,destino:revision,,changed,,"El origen se encadena con el destino del viaje 1 (Comercio, mercado, tienda o centro comercial en 1403900015366). El destino pasa de 1403900015366 a la zona del hogar: esa AGEB funciona como “Su casa” dentro de la cadena, es una discrepancia de geocodificación."
2476,3,1409800012150,Hombres,35,Empleado,,3,16:44,,Trabajar,,"Comercio, mercado, tienda o centro comercial",,,,1403900015366 → home,,1403900015366,,CAMIÓN O AUTOBÚS,,40,,origen:revision,,changed,,
2476,3,1409800012150,Hombres,35,Empleado,,4,19:00,,Regresar a Casa,,Su casa,,,,1403900015366,,home,,CAMIÓN O AUTOBÚS,,50,,,,,,
2545,1,1409800010370,Hombres,39,Empleado,,1,08:30,,Trabajar,,Su casa,,Su casa,,home,,home → 1409700201013,,TREN LIGERO,,30,,destino:revision,actividad_en_casa,changed,,
2545,1,1409800010370,Hombres,39,Empleado,,2,17:30,,Compras (comida),,"Comercio, mercado, tienda o centro comercial",,,,home → 1409700201013,,1409700201013 → home,,TREN LIGERO,,30,,origen:revision;destino:revision,,changed,,
2545,1,1409800010370,Hombres,39,Empleado,,3,18:30,,Regresar a Casa,,Su casa,,,,1409700201013 → home,,home,,A PIE,,10,,origen:revision,,changed,,"La AGEB de origen pasa de 1409700201013 a la zona del hogar; el origen se encadena con el destino del viaje 2 (Comercio, mercado, tienda o centro comercial en la zona del hogar)."
2546,1,1409800010370,Hombres,63,Empleado,,1,05:00,,Trabajar,,Fábrica o taller,,Su casa,,home,,home,,AUTOMÓVIL PARTICULAR,,90,,,,,,
2546,1,1409800010370,Hombres,63,Empleado,,2,21:30 → 09:30,,Regresar a Casa,,Su casa,,,,home,,home,,AUTOMÓVIL PARTICULAR,,90,,hora:revision,,changed,,Corrección AM/PM: se reporta 21:30 y por la secuencia del día corresponde a 09:30. El origen se encadena con el destino del viaje 1 (Fábrica o taller en la zona del hogar).
2546,1,1409800010370,Hombres,63,Empleado,,3,11:00,,Trabajar,,Fábrica o taller,,,,home,,1412000011206,,AUTOMÓVIL PARTICULAR,,90,,,,,,
2546,1,1409800010370,Hombres,63,Empleado,,4,16:00,,Regresar a Casa,,Su casa,,,,1412000011206,,home,,AUTOMÓVIL PARTICULAR,,90,,,,,,
2546,3,1409800010370,Mujeres,31,Hogar,,1,07:24,,Llevar o recoger a alguien,,Escuela,,Su casa,,home,,1409800010474,,A PIE,,20,,,,,,
2546,3,1409800010370,Mujeres,31,Hogar,,2,08:01,,Compras (comida),,"Comercio, mercado, tienda o centro comercial",,,,1409800010474,,1409700201013,,A PIE,,30,,,,,,
2546,3,1409800010370,Mujeres,31,Hogar,,3,12:08,,Llevar o recoger a alguien → Regresar a Casa,,Escuela,,,,1409700201013,,home,,A PIE,,40,,motivo:revision,tipo_destino_dudoso,changed,,"El motivo pasa de “Llevar o recoger a alguien” a Regresar a Casa: el viaje llega a “Su casa” en la zona del hogar viniendo de otra actividad, así que es el regreso y no una actividad nueva. El origen se encadena con el destino del viaje 2 (Comercio, mercado, tienda o centro comercial en 1409700201013)."
2547,1,1409800010370,Hombres,48,Empleado,,1,08:30,,Trabajar,,Su casa,,Su casa,,home,,home → 1409800012837,,TREN LIGERO,,30,,destino:revision,actividad_en_casa,changed,,
2547,1,1409800010370,Hombres,48,Empleado,,2,17:00,,Regresar a Casa,,Su casa,,,,home → 1409800012837,,home,,TREN LIGERO,,30,,origen:revision,,changed,,
2547,1,1409800010370,Hombres,48,Empleado,,3,19:08,,"Compras (bienes, productos y servicios)",,"Comercio, mercado, tienda o centro comercial",,,,home,,1409800012837 → home,,A PIE,,8,,destino:revision,,changed,,
2547,1,1409800010370,Hombres,48,Empleado,,4,19:20,,Regresar a Casa,,Su casa,,,,1409800012837 → home,,home,,A PIE,,8,,origen:revision,,changed,,"La AGEB de origen pasa de 1409800012837 a la zona del hogar; el origen se encadena con el destino del viaje 3 (Comercio, mercado, tienda o centro comercial en la zona del hogar)."
2563,3,140970424098A,Hombres,36,Empleado,,1,07:49,,Trabajar,,"Comercio, mercado, tienda o centro comercial",,Fábrica o taller → Su casa,,1403900011359 → home,,home → 1403900011359,,AUTOMÓVIL PARTICULAR,,64,,tipo_origen:revision;origen:revision;destino:revision,,changed,,
2563,3,140970424098A,Hombres,36,Empleado,,2,14:00,,Regresar a Casa → Estudiar,,Su casa,,,,home → 1403900011359,,1412000012454,,AUTOMÓVIL PARTICULAR,,5,,motivo:revision;tipo_origen:revision;origen:revision,actividad_en_casa,changed,,"El motivo pasa de Regresar a Casa a “Estudiar”: la persona ya estaba en casa y el viaje va hacia la AGEB 1412000012454, de modo que es un viaje de ida y no el regreso. Sale de 1403900011359, donde terminó el viaje anterior (el registro lo daba saliendo de casa)."
2563,3,140970424098A,Hombres,36,Empleado,,3,16:00,,Trabajar,,"Comercio, mercado, tienda o centro comercial",,,,1412000012454,,home,,AUTOMÓVIL PARTICULAR,,5,,tipo_origen:revision,,changed,,
2563,3,140970424098A,Hombres,36,Empleado,,4,20:00,,Regresar a Casa,,Su casa,,,,home,,home,,AUTOMÓVIL PARTICULAR,,5,,tipo_origen:revision,,changed,,
2598,2,1412000015552,Mujeres,40,Trabajador independiente,,1,13:50,,Llevar o recoger a alguien,,Escuela,,Su casa,,home,,home,,A PIE,,5,,,,,,
2598,2,1412000015552,Mujeres,40,Trabajador independiente,,2,14:10,,Regresar a Casa,,"Restaurante, bar, cafetería → Su casa",,,,home,,home,,A PIE,,5,,tipo_destino:revision,,changed,,"El origen se encadena con el destino del viaje 1 (Escuela en la zona del hogar). El tipo de destino pasa de “Restaurante, bar, cafetería” a Su casa: el viaje es un regreso que llega a la zona del hogar."
2598,5,1412000015552,Mujeres,9,Estudiante,,1,13:50,,Estudiar,,Su casa → Escuela,,Su casa,,home,,home,,A PIE,,5,,tipo_destino:revision,,changed,,
2598,5,1412000015552,Mujeres,9,Estudiante,,2,18:00,,Regresar a Casa,,Escuela → Su casa,,,,home,,home,,A PIE,,5,,tipo_destino:revision,,changed,,El origen se encadena con el destino del viaje 1 (Escuela en la zona del hogar). El tipo de destino pasa de “Escuela” a Su casa: el viaje es un regreso que llega a la zona del hogar.
2623,2,1409800012042,Mujeres,34,Empleado,,1,07:00,,Trabajar,,"Su casa → Comercio, mercado, tienda o centro comercial",,Su casa,,home,,home → 1403900013529,,Mototaxi,,30,,tipo_destino:revision;destino:revision,,changed,,
2623,2,1409800012042,Mujeres,34,Empleado,,2,14:30,,Compras (comida),,"Su casa → Comercio, mercado, tienda o centro comercial",,,,home → 1403900013529,,home → 1412000014516,,Mototaxi,,30,,tipo_destino:revision;origen:revision;destino:revision,,changed,,"La AGEB de origen pasa de la zona del hogar a 1403900013529; el origen se encadena con el destino del viaje 1 (Comercio, mercado, tienda o centro comercial en 1403900013529). El tipo de destino “Su casa” no puede corresponder a una actividad; se sustituye por “Comercio, mercado, tienda o centro comercial”, tomado de otros viajes de la persona con el mismo motivo o del uso habitual del motivo “Compras (comida)”. El destino pasa de la zona del hogar a 1412000014516 para cerrar la continuidad con el viaje siguiente."
2623,2,1409800012042,Mujeres,34,Empleado,,3,15:00,,Trabajar,,"Comercio, mercado, tienda o centro comercial",,,,home → 1412000014516,,1412000014516 → 1403900013529,,Mototaxi,,30,,origen:revision;destino:revision,,changed,,"La AGEB de origen pasa de la zona del hogar a 1412000014516; el origen se encadena con el destino del viaje 2 (Comercio, mercado, tienda o centro comercial en 1412000014516). El destino pasa de 1412000014516 a 1403900013529 para cerrar la continuidad con el viaje siguiente."
2623,2,1409800012042,Mujeres,34,Empleado,,4,19:00,,Regresar a Casa,,Su casa,,,,1412000014516 → 1403900013529,,home,,Mototaxi,,30,,origen:revision,,changed,,"La AGEB de origen pasa de 1412000014516 a 1403900013529; el origen se encadena con el destino del viaje 3 (Comercio, mercado, tienda o centro comercial en 1403900013529)."
2639,1,1412000015552,Hombres,26,Empleado,,1,06:30,,Trabajar,,Fábrica o taller,,Su casa,,home,,1412000012562,,AUTOMÓVIL PARTICULAR,,15,,,,,,
2639,1,1412000015552,Hombres,26,Empleado,,2,18:00 → 08:00,,Regresar a Casa → Visitar a alguien,,Su casa,,,,1412000012562,,1409708331507,,AUTOMÓVIL PARTICULAR,,20,,hora:-10h;motivo:revision,actividad_en_casa,changed,,"El motivo pasa de Regresar a Casa a “Visitar a alguien”: la persona ya estaba en casa y el viaje va hacia la AGEB 1409708331507, de modo que es un viaje de ida y no el regreso. El origen se encadena con el destino del viaje 1 (Fábrica o taller en 1412000012562)."
2639,1,1412000015552,Hombres,26,Empleado,,3,14:00,,Deportes o recreación → Regresar a Casa,,Su casa,,,,1409708331507,,home,,CAMIÓN O AUTOBÚS,,50,,motivo:revision,,changed,,
2639,1,1412000015552,Hombres,26,Empleado,,4,20:02,,Regresar a Casa,,Su casa,,,,home,,home,,CAMIÓN O AUTOBÚS,,50,,,regreso_en_casa,,,
2696,4,1412000015552,Mujeres,9,Estudiante,,1,13:47,,Estudiar,,Su casa → Escuela,,Su casa,,home,,home,,A PIE,,5,,tipo_destino:revision,,changed,,
2696,4,1412000015552,Mujeres,9,Estudiante,,2,18:04,,Regresar a Casa,,Escuela → Su casa,,,,home,,home,,A PIE,,5,,tipo_destino:revision,,changed,,El origen se encadena con el destino del viaje 1 (Escuela en la zona del hogar). El tipo de destino pasa de “Escuela” a Su casa: el viaje es un regreso que llega a la zona del hogar.
2698,2,1409704241761,Mujeres,38,Empleado,,1,07:30,,Llevar o recoger a alguien,,Escuela,,Su casa,,home,,1409700201013,,AUTOMÓVIL PARTICULAR,,30 → 15,,minutos:revision,,changed,,
2698,2,1409704241761,Mujeres,38,Empleado,,2,07:40 → 08:00,,Regresar a Casa,,Su casa,,,,1409700201013,,home,,AUTOMÓVIL PARTICULAR,,30 → 15,,hora:revision;minutos:revision,,changed,,"La salida se recorre de 7:40 a 08:00, que es la hora a la que llega el viaje anterior (7:30 + 30 min de traslado): tal como estaba, el viaje empezaba antes de haber llegado. El origen se encadena con el destino del viaje 1 (Escuela en 1409700201013). Novena revisión: 30 min en AUTOMÓVIL PARTICULAR para 1.7 km en línea recta es más del doble de lo que la encuesta suele reportar para ese modo a esa distancia (15 min, la mediana de 3832 viajes): los minutos son el error, no la hora. Con 15 min llega a las 08:15 y el viaje siguiente sale a las 13:30, 315 min después. Es el mismo recorrido, en el mismo modo, que otro viaje del día cuyos minutos chocaban con la salida siguiente."
2698,2,1409704241761,Mujeres,38,Empleado,,3,13:30,,Trabajar,,"Comercio, mercado, tienda o centro comercial",,,,home,,1412000012492,,AUTOMÓVIL PARTICULAR,,50,,,,,,
2698,2,1409704241761,Mujeres,38,Empleado,,4,23:00,,Regresar a Casa,,Su casa,,,,1412000012492,,home,,AUTOMÓVIL PARTICULAR,,20,,,,,,
2714,1,1412000011526,Mujeres,27,Empleado,,1,20:00 → 08:00,,Trabajar,,Fábrica o taller,,Su casa,,home,,1409800011928,,A PIE,,35,,hora:revision,,changed,,
2714,1,1412000011526,Mujeres,27,Empleado,,2,06:30 → 18:30,,Regresar a Casa,,Su casa,,,,1409800011928,,home,,A PIE,,35,,hora:revision,,changed,,Corrección AM/PM: se reporta 6:30 y por la secuencia del día corresponde a 18:30. El origen se encadena con el destino del viaje 1 (Fábrica o taller en 1409800011928).
2714,1,1412000011526,Mujeres,27,Empleado,,3,08:50 → 20:50,,Llevar o recoger a alguien,,Escuela,,,,home,,140970424098A,,A PIE,,5,,hora:revision,,changed,,
2714,1,1412000011526,Mujeres,27,Empleado,,4,08:55 → 20:55,,Regresar a Casa,,Su casa,,,,140970424098A,,home,,A PIE,,3,,hora:revision,,changed,,"La salida se recorre de 8:55 a 20:55, que es la hora a la que llega el viaje anterior (20:50 + 5 min de traslado): tal como estaba, el viaje empezaba antes de haber llegado. El origen se encadena con el destino del viaje 3 (Escuela en 140970424098A)."
2714,4,1412000011526,Mujeres,30,Empleado,,1,21:00 → 09:00,,Trabajar,,Fábrica o taller,,Su casa,,home,,1409800010370,,A PIE,,45,,hora:revision,,changed,,
2714,4,1412000011526,Mujeres,30,Empleado,,2,07:00 → 19:00,,Regresar a Casa,,Su casa,,,,1409800010370,,home,,A PIE,,45,,hora:revision,,changed,,Corrección AM/PM: se reporta 7:00 y por la secuencia del día corresponde a 19:00. El origen se encadena con el destino del viaje 1 (Fábrica o taller en 1409800010370).
2714,4,1412000011526,Mujeres,30,Empleado,,3,11:50 → 23:50,,Llevar o recoger a alguien,,Escuela,,,,home,,140970424098A,,A PIE,,3,,hora:revision,,changed,,
2714,4,1412000011526,Mujeres,30,Empleado,,4,12:00 → 00:00,,Regresar a Casa,,Su casa,,,,140970424098A,,home,,A PIE,,5,,hora:revision,hora_nocturna,changed,,Corrección AM/PM: se reporta 12:00 y por la secuencia del día corresponde a 00:00. El origen se encadena con el destino del viaje 3 (Escuela en 140970424098A).
2769,1,1412000011526,Hombres,33,Empleado,,1,08:20,,Compras (comida),,"Comercio, mercado, tienda o centro comercial",,Su casa,,home,,1412000012454,,A PIE,,2,,,,,,
2769,1,1412000011526,Hombres,33,Empleado,,2,08:28,,Regresar a Casa,,Su casa,,,,1412000012454,,home,,A PIE,,2,,,,,,
2769,1,1412000011526,Hombres,33,Empleado,,3,21:00 → 09:00,,Trabajar,,"Comercio, mercado, tienda o centro comercial",,,,home,,1403900015366,,CAMIÓN O AUTOBÚS,,50,,hora:revision,,changed,,
2769,1,1412000011526,Hombres,33,Empleado,,4,16:00,,Compras (comida),,"Comercio, mercado, tienda o centro comercial",,,,1403900015366,,1403900015366,,A PIE,,2,,,,,,
2769,1,1412000011526,Hombres,33,Empleado,,5,15:40 → 17:40,,Trabajar,,"Comercio, mercado, tienda o centro comercial",,,,1403900015366,,1403900015366,,A PIE,,2,,hora:revision,,changed,,"Desfase de dos horas al capturar: 15:40 se lee como 17:40. El origen se encadena con el destino del viaje 4 (Comercio, mercado, tienda o centro comercial en 1403900015366)."
2769,1,1412000011526,Hombres,33,Empleado,,6,17:30 → 19:30,,Regresar a Casa,,Su casa,,,,1403900015366,,home,,CAMIÓN O AUTOBÚS,,50,,hora:revision,,changed,,"Desfase de dos horas al capturar: 17:30 se lee como 19:30. El origen se encadena con el destino del viaje 5 (Comercio, mercado, tienda o centro comercial en 1403900015366)."
2811,1,1409708441704,Hombres,56,Empleado,,1,08:30,,Trabajar,,"Comercio, mercado, tienda o centro comercial",,Su casa,,home,,1412000013166,,AUTOMÓVIL PARTICULAR,,45,,,,,,
2811,1,1409708441704,Hombres,56,Empleado,,2,05:47 → 15:47,,Regresar a Casa,,Su casa,,,,1412000013166,,home,,AUTOMÓVIL PARTICULAR,,45,,hora:+10h,,changed,,
2811,1,1409708441704,Hombres,56,Empleado,,3,07:28 → 17:28,,Trabajar,,"Comercio, mercado, tienda o centro comercial",,,,home,,1412000013166,,AUTOMÓVIL PARTICULAR,,45,,hora:+10h,,changed,,
2811,1,1409708441704,Hombres,56,Empleado,,4,06:00 → 20:00,,Regresar a Casa,,Su casa,,,,1412000013166,,home,,AUTOMÓVIL PARTICULAR,,45,,hora:revision,,changed,,"Desfase de dos horas al capturar: 18:00 se lee como 20:00. El origen se encadena con el destino del viaje 3 (Comercio, mercado, tienda o centro comercial en 1412000013166). [Undécima revisión: la decisión de chain_review se mantiene. Se tomó contra «18:00», que las reglas del 26 de septiembre de 2026 dan ahora como «18:13».]"
2820,2,1409708843965,Hombres,33,Empleado,,1,15:30 → 05:30,,Trabajar,,Otros (especifique),,Su casa,,home,,1412000015552,,CAMIÓN O AUTOBÚS,,60,,hora:revision,,changed,,
2820,2,1409708843965,Hombres,33,Empleado,,2,20:31 → 08:31,,Regresar a Casa,,Su casa,,,,1412000015552,,home,,CAMIÓN O AUTOBÚS,,60,,hora:revision,,changed,,Corrección AM/PM: se reporta 20:31 y por la secuencia del día corresponde a 08:31. El origen se encadena con el destino del viaje 1 (Otros (especifique) en 1412000015552).
2820,2,1409708843965,Hombres,33,Empleado,,3,18:00,,Trabajar,,Otros (especifique),,,,home,,1412000015552,,CAMIÓN O AUTOBÚS,,60,,,,,,
2820,2,1409708843965,Hombres,33,Empleado,,4,20:45,,Regresar a Casa,,Su casa,,,,1412000015552,,home,,CAMIÓN O AUTOBÚS,,60,,,,,,
2883,1,1409708843965,Mujeres,30,Empleado,,1,21:10 → 09:10,,Trabajar,,Otros (especifique),,Su casa,,home,,1412000015463,,AUTOMÓVIL PARTICULAR,,60,,hora:revision,,changed,,
2883,1,1409708843965,Mujeres,30,Empleado,,2,06:10 → 18:10,,Regresar a Casa,,Su casa,,,,1412000015463,,home,,AUTOMÓVIL PARTICULAR,,60,,hora:revision,,changed,,Corrección AM/PM: se reporta 6:10 y por la secuencia del día corresponde a 18:10. El origen se encadena con el destino del viaje 1 (Otros (especifique) en 1412000015463).
2893,3,1409706663950,Mujeres,15,Estudiante,,1,21:00 → 09:00,,"Compras (bienes, productos y servicios)",,"Comercio, mercado, tienda o centro comercial",,Su casa,,home,,1409800011928,,CAMIÓN O AUTOBÚS,,25,,hora:revision,,changed,,
2893,3,1409706663950,Mujeres,15,Estudiante,,2,12:00,,"Compras (bienes, productos y servicios)",,"Comercio, mercado, tienda o centro comercial",,,,1409800011928,,1403900011359,,TREN LIGERO,,20,,,,,,
2893,3,1409706663950,Mujeres,15,Estudiante,,3,15:00,,"Compras (bienes, productos y servicios)",,"Comercio, mercado, tienda o centro comercial",,,,1403900011359,,140980001007A,,CAMIÓN O AUTOBÚS,,70,,,,,,
2893,3,1409706663950,Mujeres,15,Estudiante,,4,07:00 → 19:00,,Regresar a Casa,,Su casa,,,,140980001007A,,home,,Taxi plataforma (Uber/Didi),,60,,hora:revision,,changed,,"Corrección AM/PM: se reporta 7:00 y por la secuencia del día corresponde a 19:00. El origen se encadena con el destino del viaje 3 (Comercio, mercado, tienda o centro comercial en 140980001007A)."
2931,5,140980012,Mujeres,40,Hogar,,1,08:50,,Llevar o recoger a alguien,,Escuela,,Su casa,,home,,1409800142127,,A PIE,,10,,,,,,
2931,5,140980012,Mujeres,40,Hogar,,2,09:00,,Regresar a Casa,,Su casa,,,,1409800142127,,home,,A PIE,,10,,,,,,
2931,5,140980012,Mujeres,40,Hogar,,3,12:00,,Llevar o recoger a alguien,,Escuela,,,,home,,1409800142127,,A PIE,,10,,,,,,
2931,5,140980012,Mujeres,40,Hogar,,4,12:20,,Llevar o recoger a alguien → Regresar a Casa,,Su casa,,,,1409800142127,,home,,A PIE,,10,,motivo:revision,,changed,,"El motivo pasa de “Llevar o recoger a alguien” a Regresar a Casa: el viaje llega a “Su casa” en la zona del hogar viniendo de otra actividad, así que es el regreso y no una actividad nueva. El origen se encadena con el destino del viaje 3 (Escuela en 1409800142127)."
2931,5,140980012,Mujeres,40,Hogar,,5,19:05,,Regresar a Casa,,Su casa,,,,home,,home,,A PIE,,10,,,regreso_en_casa,,,
2976,5,140970602,Hombres,12,Estudiante,,1,08:22,,Deportes o recreación,,Centro cultural o área recreativa,,Su casa,,home,,home,,A PIE,,1,,,,,,
2976,5,140970602,Hombres,12,Estudiante,,2,08:25,,Regresar a Casa,,Su casa,,,,home,,home,,A PIE,,1,,,,,,
2976,5,140970602,Hombres,12,Estudiante,,3,18:24,,Estudiar,,Escuela,,,,home,,1409800141129,,Transporte escolar,,10,,,,,,
2976,5,140970602,Hombres,12,Estudiante,,4,13:24 → 01:24,,Regresar a Casa,,Su casa,,,,1409800141129,,home,,Transporte escolar particular,,10,,hora:revision,hora_nocturna,changed,,Corrección AM/PM: se reporta 13:24 y por la secuencia del día corresponde a 01:24. El origen se encadena con el destino del viaje 3 (Escuela en 1409800141129).
2981,3,1409700320284,Mujeres,29,Empleado,,1,07:02,,Trabajar,,Fábrica o taller,,Su casa,,home,,1403900011626,,TREN LIGERO,,114,,,,,,
2981,3,1409700320284,Mujeres,29,Empleado,,2,17:10,,Otros (especifique),,Su casa → Otros (especifique),,,,1403900011626,,140980012,,TREN LIGERO,,80,,tipo_destino:revision,,changed,,"El origen se encadena con el destino del viaje 1 (Fábrica o taller en 1403900011626). El tipo de destino “Su casa” no puede corresponder a una actividad; se sustituye por “Otros (especifique)”, tomado de otros viajes de la persona con el mismo motivo o del uso habitual del motivo “Otros (especifique)”."
2981,3,1409700320284,Mujeres,29,Empleado,,3,20:22,,Regresar a Casa,,Su casa,,,,140980012,,home,,AUTOMÓVIL PARTICULAR,,80,,,,,,
2987,3,1409700320284,Hombres,26,Empleado,,1,20:00 → 08:00,,Trabajar,,Fábrica o taller,,Su casa,,home,,1409800141114,,CAMIÓN O AUTOBÚS,,15,,hora:revision,,changed,,
2987,3,1409700320284,Hombres,26,Empleado,,2,05:42 → 17:42,,Regresar a Casa,,Su casa,,,,1409800141114,,home,,AUTOMÓVIL PARTICULAR,,10,,hora:revision,,changed,,Corrección AM/PM: se reporta 5:42 y por la secuencia del día corresponde a 17:42. El origen se encadena con el destino del viaje 1 (Fábrica o taller en 1409800141114).
2987,3,1409700320284,Hombres,26,Empleado,,3,07:17 → 19:17,,Trabajar,,Fábrica o taller,,,,home,,1409800141114,,AUTOMÓVIL PARTICULAR,,15,,hora:revision,,changed,,
2987,3,1409700320284,Hombres,26,Empleado,,4,02:00 → 20:00,,Regresar a Casa,,Su casa,,,,1409800141114,,home,,AUTOMÓVIL PARTICULAR,,10,,hora:revision,,changed,,
3005,2,140970884397A,Mujeres,47,Hogar,,1,10:00,,Compras (comida),,"Comercio, mercado, tienda o centro comercial",,Su casa,,home,,1409708441687,,A PIE,,20,,,,,,
3005,2,140970884397A,Mujeres,47,Hogar,,2,12:00,,"Compras (bienes, productos y servicios) → Regresar a Casa",,"Comercio, mercado, tienda o centro comercial → Su casa",,,,1409708441687,,1409708441687 → home,,AUTOMÓVIL PARTICULAR,,20,,motivo:revision;tipo_destino:revision;destino:revision,,changed,,"El motivo pasa de “Compras (bienes, productos y servicios)” a Regresar a Casa: el viaje llega a “Su casa” en la zona del hogar viniendo de otra actividad, así que es el regreso y no una actividad nueva. El origen se encadena con el destino del viaje 1 (Comercio, mercado, tienda o centro comercial en 1409708441687). El tipo de destino pasa de “Comercio, mercado, tienda o centro comercial” a Su casa: el viaje es un regreso que llega a la zona del hogar. El destino pasa de 1409708441687 a la zona del hogar: esa AGEB funciona como “Su casa” dentro de la cadena, es una discrepancia de geocodificación."
3005,4,140970884397A,Hombres,21,Estudiante,,1,06:00,,Estudiar,,Escuela,,Su casa,,home,,1403900011626,,CAMIÓN O AUTOBÚS,,60,,,,,,
3005,4,140970884397A,Hombres,21,Estudiante,,2,14:00,,Estudiar → Regresar a Casa,,Escuela → Su casa,,,,1403900011626,,1403900011626 → home,,CAMIÓN O AUTOBÚS,,60,,motivo:revision;tipo_destino:revision;destino:revision,,changed,,"El motivo pasa de “Estudiar” a Regresar a Casa: el viaje llega a “Su casa” en la zona del hogar viniendo de otra actividad, así que es el regreso y no una actividad nueva. El origen se encadena con el destino del viaje 1 (Escuela en 1403900011626). El tipo de destino pasa de “Escuela” a Su casa: el viaje es un regreso que llega a la zona del hogar. El destino pasa de 1403900011626 a la zona del hogar: esa AGEB funciona como “Su casa” dentro de la cadena, es una discrepancia de geocodificación."
3009,3,1409700320829,Mujeres,23,Empleado,,1,07:00,,Trabajar,,Fábrica o taller,,Su casa,,home,,1403900011626,,CAMIÓN O AUTOBÚS,,80,,,,,,
3009,3,1409700320829,Mujeres,23,Empleado,,2,17:13,,Otros (especifique),,Su casa → Otros (especifique),,,,1403900011626,,140980012,,CAMIÓN O AUTOBÚS,,80,,tipo_destino:revision,,changed,,"El origen se encadena con el destino del viaje 1 (Fábrica o taller en 1403900011626). El tipo de destino “Su casa” no puede corresponder a una actividad; se sustituye por “Otros (especifique)”, tomado de otros viajes de la persona con el mismo motivo o del uso habitual del motivo “Otros (especifique)”."
3009,3,1409700320829,Mujeres,23,Empleado,,3,20:21,,Regresar a Casa,,Su casa,,,,140980012,,home,,CAMIÓN O AUTOBÚS,,80,,,,,,
3025,3,140970884397A,Mujeres,37,Empleado,,1,13:45 → 01:45,,Llevar o recoger a alguien,,Escuela,,Su casa,,home,,1409708441704,,A PIE,,10,,hora:revision,hora_madrugada,changed,,
3025,3,140970884397A,Mujeres,37,Empleado,,2,14:15 → 02:15,,Regresar a Casa,,Su casa,,,,1409708441704,,home,,A PIE,,10,,hora:revision,,changed,,Corrección AM/PM: se reporta 14:15 y por la secuencia del día corresponde a 02:15. El origen se encadena con el destino del viaje 1 (Escuela en 1409708441704).
3025,3,140970884397A,Mujeres,37,Empleado,,3,18:00 → 08:00,,Llevar o recoger a alguien,,Escuela,,,,home,,1409708441704,,A PIE,,10,,hora:revision,,changed,,
3025,3,140970884397A,Mujeres,37,Empleado,,4,18:30 → 08:30,,Regresar a Casa,,Su casa,,,,1409708441704,,home,,A PIE,,10,,hora:revision,,changed,,Error de dígito en la hora: se reporta 18:30 y la cadena solo cierra con 08:30. El origen se encadena con el destino del viaje 3 (Escuela en 1409708441704).
3025,3,140970884397A,Mujeres,37,Empleado,,5,22:00 → 10:00,,Trabajar,,Fábrica o taller,,,,home,,1409700340250,,CAMIÓN O AUTOBÚS,,35,,hora:revision,,changed,,
3025,3,140970884397A,Mujeres,37,Empleado,,6,19:06,,Regresar a Casa,,Su casa,,,,1409700340250,,home,,CAMIÓN O AUTOBÚS,,35,,,,,,
3102,2,1409708223749,Mujeres,38,Hogar,,1,07:30,,Llevar o recoger a alguien,,Su casa → Escuela,,Su casa,,home,,home → 1403900011359,,A PIE,,10,,tipo_destino:revision;destino:revision,,changed,,
3102,2,1409708223749,Mujeres,38,Hogar,,2,08:00,,Regresar a Casa,,Su casa,,,,home → 1403900011359,,home,,A PIE,,10,,origen:revision,,changed,,La AGEB de origen pasa de la zona del hogar a 1403900011359; el origen se encadena con el destino del viaje 1 (Escuela en 1403900011359).
3102,2,1409708223749,Mujeres,38,Hogar,,3,12:20,,Llevar o recoger a alguien,,Escuela,,,,home,,1403900011359,,A PIE,,10,,,,,,
3102,2,1409708223749,Mujeres,38,Hogar,,4,12:35,,Regresar a Casa,,Su casa,,,,1403900011359,,home,,A PIE,,10,,,,,,
3102,2,1409708223749,Mujeres,38,Hogar,,5,13:00,,Llevar o recoger a alguien,,Otros (especifique),,,,home,,1409800010879,,CAMIÓN O AUTOBÚS,,40,,,,,,
3102,2,1409708223749,Mujeres,38,Hogar,,6,19:00,,Regresar a Casa,,Su casa,,,,1409800010879,,home,,CAMIÓN O AUTOBÚS,,40,,,,,,
3135,3,1409708223749,Mujeres,14,Estudiante,,1,07:24,,Llevar o recoger a alguien,,Otra vivienda,,Su casa,,home,,1409708221935,,A PIE,,6,,,,,,
3135,3,1409708223749,Mujeres,14,Estudiante,,2,07:34,,Regresar a Casa,,Su casa,,,,1409708221935,,home,,A PIE,,6,,,,,,
3135,3,1409708223749,Mujeres,14,Estudiante,,3,13:00,,Estudiar,,Escuela,,,,home,,140970015,,Transporte escolar,,20,,,,,,
3135,3,1409708223749,Mujeres,14,Estudiante,,4,19:00,,Estudiar → Regresar a Casa,,Su casa,,,,140970015,,home,,Transporte escolar,,20,,motivo:revision,,changed,,"El motivo pasa de “Estudiar” a Regresar a Casa: el viaje llega a “Su casa” en la zona del hogar viniendo de otra actividad, así que es el regreso y no una actividad nueva. El origen se encadena con el destino del viaje 3 (Escuela en 140970015)."
3135,3,1409708223749,Mujeres,14,Estudiante,,5,20:13,,Regresar a Casa,,Su casa,,,,home,,home,,Transporte escolar,,20,,,regreso_en_casa,,,
3177,2,140970822358A,Hombres,39,Empleado,,1,06:20,,Trabajar,,Fábrica o taller,,Su casa,,home,,1403900015440,,CAMIÓN O AUTOBÚS,,60,,,,,,
3177,2,140970822358A,Hombres,39,Empleado,,2,17:45,,Regresar a Casa,,Su casa,,,,1403900015440,,home,,CAMIÓN O AUTOBÚS,,60,,,,,,Error de dígito en la hora: se reporta 07:45 y la cadena solo cierra con 17:45. El origen se encadena con el destino del viaje 1 (Fábrica o taller en 1403900015440).
3177,2,140970822358A,Hombres,39,Empleado,,3,18:10 → 18:45,,Llevar o recoger a alguien,,Escuela,,,,home,,140970822194A,,CAMIÓN O AUTOBÚS,,20,,hora:revision,,changed,,
3177,2,140970822358A,Hombres,39,Empleado,,4,19:10,,Llevar o recoger a alguien → Regresar a Casa,,Su casa,,,,140970822194A,,home,,Mototaxi,,15,,motivo:revision,,changed,,
3177,2,140970822358A,Hombres,39,Empleado,,5,19:15 → 19:25,,Regresar a Casa,,Su casa,,,,home,,home,,Mototaxi,,15,,hora:llegada,regreso_en_casa,changed,,
3185,3,1409708223058,Mujeres,34,Empleado,,1,20:00 → 08:00,,Trabajar,,Fábrica o taller,,Su casa,,home,,home,,Transporte escolar particular,,40,,hora:revision,,changed,,
3185,3,1409708223058,Mujeres,34,Empleado,,2,07:00 → 19:00,,Regresar a Casa,,Su casa,,,,home,,home,,Transporte de personal,,30,,hora:revision,,changed,,Corrección AM/PM: se reporta 7:00 y por la secuencia del día corresponde a 19:00. El origen se encadena con el destino del viaje 1 (Fábrica o taller en la zona del hogar).
3186,1,1409708223749,Hombres,49,Empleado,,1,05:00,,Trabajar,,Fábrica o taller,,Su casa,,home,,1412000013664,,AUTOMÓVIL PARTICULAR,,120,,,,,,
3186,1,1409708223749,Hombres,49,Empleado,,2,11:39,,Regresar a Casa,,Su casa,,,,1412000013664,,home,,AUTOMÓVIL PARTICULAR,,120,,,,,,
3186,1,1409708223749,Hombres,49,Empleado,,3,13:23 → 15:23,,Trabajar,,Fábrica o taller,,,,home,,1412000013664,,AUTOMÓVIL PARTICULAR,,120,,hora:revision,,changed,,
3186,1,1409708223749,Hombres,49,Empleado,,4,16:00 → 18:00,,Regresar a Casa,,Su casa,,,,1412000013664,,home,,AUTOMÓVIL PARTICULAR,,120,,hora:revision,,changed,,Desfase de dos horas al capturar: 16:00 se lee como 18:00. El origen se encadena con el destino del viaje 3 (Fábrica o taller en 1412000013664).
3186,1,1409708223749,Hombres,49,Empleado,,5,19:02 → 21:02,,Compras (comida),,"Comercio, mercado, tienda o centro comercial",,,,home,,home,,A PIE,,3,,hora:revision,,changed,,
3186,1,1409708223749,Hombres,49,Empleado,,6,19:12 → 21:12,,Regresar a Casa,,Su casa,,,,home,,home,,A PIE,,3,,hora:revision,,changed,,"Desfase de dos horas al capturar: 19:12 se lee como 21:12. El origen se encadena con el destino del viaje 5 (Comercio, mercado, tienda o centro comercial en la zona del hogar)."
3190,3,1409708331865,Mujeres,24,Empleado,,1,07:00,,Trabajar,,Fábrica o taller,,Su casa,,home,,140970104,,CAMIÓN O AUTOBÚS,,20,,,,,,
3190,3,1409708331865,Mujeres,24,Empleado,,2,17:00,,Regresar a Casa,,Su casa,,,,140970104,,home,,CAMIÓN O AUTOBÚS,,25,,,,,,
3190,3,1409708331865,Mujeres,24,Empleado,,3,09:30 → 21:30,,Estudiar,,Escuela,,,,home,,1409708312030,,MOTOCICLETA,,15,,hora:revision,,changed,,
3190,3,1409708331865,Mujeres,24,Empleado,,4,13:30 → 01:30,,Regresar a Casa,,Su casa,,,,1409708312030,,home,,MOTOCICLETA,,15,,hora:revision,hora_nocturna,changed,,Corrección AM/PM: se reporta 13:30 y por la secuencia del día corresponde a 01:30. El origen se encadena con el destino del viaje 3 (Escuela en 1409708312030).
3228,1,1409708221564,Mujeres,56,Jubilado o pensionado,,1,07:00,,Visitar a alguien,,Otra vivienda,,Su casa,,1409708744022 → home,,1409708744022,,AUTOMÓVIL PARTICULAR,,20,,origen:copia,,changed,,
3228,1,1409708221564,Mujeres,56,Jubilado o pensionado,,2,12:01,,Regresar a Casa,,Su casa,,,,1409708744022,,1409708744022 → home,,AUTOMÓVIL PARTICULAR,,20,,destino:revision,,changed,,"El origen se encadena con el destino del viaje 1 (Otra vivienda en 1409708744022). El destino pasa de 1409708744022 a la zona del hogar: esa AGEB funciona como “Su casa” dentro de la cadena, es una discrepancia de geocodificación."
3231,2,1409708223749,Mujeres,46,Trabajador independiente,,1,07:00,,Trabajar,,"Comercio, mercado, tienda o centro comercial",,Su casa,,home,,1409800011928,,CAMIÓN O AUTOBÚS,,55,,,,,,
3231,2,1409708223749,Mujeres,46,Trabajador independiente,,2,13:00,,Regresar a Casa → Trabajar,,Su casa,,,,1409800011928,,1409708221598,,CAMIÓN O AUTOBÚS,,45,,motivo:revision,actividad_en_casa,changed,,"El motivo pasa de Regresar a Casa a “Trabajar”: la persona ya estaba en casa y el viaje va hacia la AGEB 1409708221598, de modo que es un viaje de ida y no el regreso. El origen se encadena con el destino del viaje 1 (Comercio, mercado, tienda o centro comercial en 1409800011928)."
3231,2,1409708223749,Mujeres,46,Trabajador independiente,,3,13:50,,Llevar o recoger a alguien,,Escuela,,,,1409708221598,,1409708221598,,A PIE,,10,,,,,,
3231,2,1409708223749,Mujeres,46,Trabajador independiente,,4,14:02,,Regresar a Casa,,Su casa,,,,1409708221598,,home,,A PIE,,10,,,,,,
3231,2,1409708223749,Mujeres,46,Trabajador independiente,,5,17:50,,Llevar o recoger a alguien,,Escuela,,,,home,,1409708221598,,A PIE,,10,,,,,,
3231,2,1409708223749,Mujeres,46,Trabajador independiente,,6,18:10,,Regresar a Casa,,Su casa,,,,1409708221598,,home,,A PIE,,10,,,,,,
3255,4,1409708614075,Mujeres,23,,,1,08:00,,Llevar o recoger a alguien,,Escuela,,Su casa,,home,,1409708333537,,CAMIÓN O AUTOBÚS,,50,,,,,,
3255,4,1409708614075,Mujeres,23,,,2,09:15,,Compras (comida),,"Comercio, mercado, tienda o centro comercial",,,,1409708333537,,1409708221530,,Mototaxi,,10,,,,,,
3255,4,1409708614075,Mujeres,23,,,3,23:25 → 11:25,,Llevar o recoger a alguien,,Escuela,,,,1409708221530,,1409708333537,,Mototaxi,,15,,hora:revision,,changed,,"Corrección AM/PM: se reporta 23:25 y por la secuencia del día corresponde a 11:25. El origen se encadena con el destino del viaje 2 (Comercio, mercado, tienda o centro comercial en 1409708221530)."
3255,4,1409708614075,Mujeres,23,,,4,12:10,,Regresar a Casa,,Su casa,,,,1409708333537,,home,,CAMIÓN O AUTOBÚS,,61,,,,,,
3257,3,1409708823984,Hombres,34,Estudiante,,1,07:13,,Estudiar,,Escuela,,Su casa,,home,,1403900013919,,CAMIÓN O AUTOBÚS,,120,,,,,,
3257,3,1409708823984,Hombres,34,Estudiante,,2,08:41 → 09:13,,Regresar a Casa,,Su casa,,,,1403900013919,,home,,CAMIÓN O AUTOBÚS,,120,,hora:revision,,changed,,"La salida se recorre de 8:41 a 09:13, que es la hora a la que llega el viaje anterior (7:13 + 120 min de traslado): tal como estaba, el viaje empezaba antes de haber llegado. El origen se encadena con el destino del viaje 1 (Escuela en 1403900013919)."
3257,3,1409708823984,Hombres,34,Estudiante,,3,12:03,,Estudiar,,Escuela,,,,home,,1403900013919,,CAMIÓN O AUTOBÚS,,120,,,,,,
3257,3,1409708823984,Hombres,34,Estudiante,,4,20:03,,Regresar a Casa,,Su casa,,,,1403900013919,,home,,CAMIÓN O AUTOBÚS,,120,,,,,,
3318,1,140970822358A,Mujeres,41,Empleado,,1,02:00,,Visitar a alguien,,Otros (especifique),,Su casa,,1412000010405 → home,,1412000010405,,AUTOMÓVIL PARTICULAR,,70,,origen:copia,hora_madrugada,changed,,
3318,1,140970822358A,Mujeres,41,Empleado,,2,07:01,,Regresar a Casa,,Su casa,,,,1412000010405,,1412000010405 → home,,AUTOMÓVIL PARTICULAR,,70,,destino:revision,,changed,,"El origen se encadena con el destino del viaje 1 (Otros (especifique) en 1412000010405). El destino pasa de 1412000010405 a la zona del hogar: esa AGEB funciona como “Su casa” dentro de la cadena, es una discrepancia de geocodificación."
3323,2,1403900011429,Hombres,57,Empleado,,1,10:00,,Trabajar,,Fábrica o taller,,Su casa,,home,,140980001007A,,Taxi plataforma (Uber/Didi),,60,,,,,,
3323,2,1403900011429,Hombres,57,Empleado,,2,07:53 → 17:53,,Regresar a Casa,,Su casa,,,,140980001007A,,home,,AUTOMÓVIL PARTICULAR,,15,,hora:revision,,changed,,Error de dígito en la hora: se reporta 7:53 y la cadena solo cierra con 17:53. El origen se encadena con el destino del viaje 1 (Fábrica o taller en 140980001007A).
3323,2,1403900011429,Hombres,57,Empleado,,3,09:07 → 19:07,,Trabajar,,Fábrica o taller,,,,home,,140980001007A,,AUTOMÓVIL PARTICULAR,,60 → 25,,hora:revision;minutos:revision,,changed,,
3323,2,1403900011429,Hombres,57,Empleado,,4,08:00 → 20:07,,Regresar a Casa,,Su casa,,,,140980001007A,,home,,AUTOMÓVIL PARTICULAR,,15,,hora:revision,,changed,,"La salida se recorre de 8:00 a 20:07, que es la hora a la que llega el viaje anterior (19:07 + 60 min de traslado): tal como estaba, el viaje empezaba antes de haber llegado. El origen se encadena con el destino del viaje 3 (Fábrica o taller en 140980001007A)."
3323,2,1403900011429,Hombres,57,Empleado,,5,19:13 → 21:13,,Compras (comida),,"Comercio, mercado, tienda o centro comercial",,,,home,,1403900011217,,A PIE,,11,,hora:revision,,changed,,
3323,2,1403900011429,Hombres,57,Empleado,,6,19:34 → 21:34,,Regresar a Casa,,Su casa,,,,1403900011217,,home,,A PIE,,11,,hora:revision,,changed,,"Desfase de dos horas al capturar: 19:34 se lee como 21:34. El origen se encadena con el destino del viaje 5 (Comercio, mercado, tienda o centro comercial en 1403900011217)."
3339,2,1403900010365,Mujeres,26,,,1,07:12,,Compras (comida),,"Comercio, mercado, tienda o centro comercial",,Su casa,,home,,1403900010399,,A PIE,,5,,,,,,
3339,2,1403900010365,Mujeres,26,,,2,07:25,,Regresar a Casa,,Su casa,,,,1403900010399,,home,,A PIE,,5,,,,,,
3339,2,1403900010365,Mujeres,26,,,3,14:00,,Compras (comida),,"Comercio, mercado, tienda o centro comercial",,,,home,,140390001101A,,AUTOMÓVIL PARTICULAR,,30,,,,,,
3339,2,1403900010365,Mujeres,26,,,4,15:45,,Regresar a Casa → Trabajar,,Su casa,,,,140390001101A,,1403900010863,,CAMIÓN O AUTOBÚS,,35,,motivo:revision,actividad_en_casa,changed,,"El motivo pasa de Regresar a Casa a “Trabajar”: la persona ya estaba en casa y el viaje va hacia la AGEB 1403900010863, de modo que es un viaje de ida y no el regreso. El origen se encadena con el destino del viaje 3 (Comercio, mercado, tienda o centro comercial en 140390001101A)."
3339,2,1403900010365,Mujeres,26,,,5,18:00,,"Compras (bienes, productos y servicios)",,"Comercio, mercado, tienda o centro comercial",,,,1403900010863,,1403900010863,,AUTOMÓVIL PARTICULAR,,35,,,,,,
3339,2,1403900010365,Mujeres,26,,,6,22:00,,Regresar a Casa,,Su casa,,,,1403900010863,,home,,AUTOMÓVIL PARTICULAR,,40,,,,,,
3378,2,1403900011185,Hombres,43,,,1,10:00,,"Compras (bienes, productos y servicios)",,"Comercio, mercado, tienda o centro comercial",,Su casa,,home,,home,,CAMIÓN O AUTOBÚS,,10,,,,,,
3378,2,1403900011185,Hombres,43,,,2,15:00,,Visitar a alguien,,Otra vivienda,,,,home,,1409800012466,,CAMIÓN O AUTOBÚS,,60,,,,,,
3378,2,1403900011185,Hombres,43,,,3,18:00,,Regresar a Casa,,Su casa,,,,1409800012466,,home,,CAMIÓN O AUTOBÚS,,60,,,,,,
3378,2,1403900011185,Hombres,43,,,4,21:00,,Visitar a alguien,,Otra vivienda,,,,home,,1409800012466,,CAMIÓN O AUTOBÚS,,60,,,,,,
3378,2,1403900011185,Hombres,43,,,5,20:02 → 22:00,,Regresar a Casa,,Su casa,,,,1409800012466,,home,,CAMIÓN O AUTOBÚS,,60,,hora:revision,,changed,,"La salida se recorre de 20:02 a 22:00, que es la hora a la que llega el viaje anterior (21:00 + 60 min de traslado): tal como estaba, el viaje empezaba antes de haber llegado. El origen se encadena con el destino del viaje 4 (Otra vivienda en 1409800012466)."
3403,1,1403900011397,Mujeres,62,Empleado,,1,21:00 → 09:00,,Trabajar,,Fábrica o taller,,Su casa,,home,,1409704241761,,Transporte de personal,,60,,hora:revision,,changed,,
3403,1,1403900011397,Mujeres,62,Empleado,,2,07:00 → 19:00,,Regresar a Casa,,Su casa,,,,1409704241761,,home,,Transporte de personal,,65,,hora:revision,,changed,,Corrección AM/PM: se reporta 7:00 y por la secuencia del día corresponde a 19:00. El origen se encadena con el destino del viaje 1 (Fábrica o taller en 1409704241761).
3419,2,1403900010967,Mujeres,26,Hogar,,1,07:45,,Llevar o recoger a alguien,,Escuela,,Su casa,,home,,1403900011452,,A PIE,,10,,,,,,
3419,2,1403900010967,Mujeres,26,Hogar,,2,20:00 → 08:00,,Regresar a Casa,,Su casa,,,,1403900011452,,home,,A PIE,,10,,hora:revision,,changed,,Corrección AM/PM: se reporta 20:00 y por la secuencia del día corresponde a 08:00. El origen se encadena con el destino del viaje 1 (Escuela en 1403900011452).
3419,2,1403900010967,Mujeres,26,Hogar,,3,13:00,,Llevar o recoger a alguien,,Escuela,,,,home,,1403900011452,,A PIE,,10,,,,,,
3419,2,1403900010967,Mujeres,26,Hogar,,4,13:10,,Regresar a Casa,,Su casa,,,,1403900011452,,home,,A PIE,,10,,,,,,
3441,4,1403900010365,Mujeres,27,Empleado,,1,10:02,,Deportes o recreación,,Otros (especifique),,Su casa,,home,,1403900011359,,CAMIÓN O AUTOBÚS,,120,,,,,,
3441,4,1403900010365,Mujeres,27,Empleado,,2,11:01 → 13:01,,Deportes o recreación,,Su casa → Centro cultural o área recreativa,,,,1403900011359,,1403900011325,,Bicicleta,,60,,hora:-10h+12h;tipo_destino:revision,,changed,,"El origen se encadena con el destino del viaje 1 (Otros (especifique) en 1403900011359). El tipo de destino “Su casa” no puede corresponder a una actividad; se sustituye por “Centro cultural o área recreativa”, tomado de otros viajes de la persona con el mismo motivo o del uso habitual del motivo “Deportes o recreación”."
3441,4,1403900010365,Mujeres,27,Empleado,,3,20:49,,Regresar a Casa,,Su casa,,,,1403900011325,,home,,Bicicleta,,60,,,,,,
3460,1,1403900011081,Hombres,46,Empleado,,1,07:23,,Llevar o recoger a alguien,,Otra vivienda,,Su casa,,home,,1403900010967,,A PIE,,9,,,,,,
3460,1,1403900011081,Hombres,46,Empleado,,2,07:36,,Regresar a Casa,,Su casa,,,,1403900010967,,home,,A PIE,,9,,,,,,
3460,1,1403900011081,Hombres,46,Empleado,,3,20:00 → 08:00,,Trabajar,,Fábrica o taller,,,,1403900013923 → home,,1403900010238,,AUTOMÓVIL PARTICULAR,,45,,origen:casa;hora:revision,,changed,,
3460,1,1403900011081,Hombres,46,Empleado,,4,17:44,,Regresar a Casa,,Su casa,,,,1403900010238,,home,,AUTOMÓVIL PARTICULAR,,45,,,,,,
3460,1,1403900011081,Hombres,46,Empleado,,5,19:01,,Trabajar,,Fábrica o taller,,,,home,,1403900010238,,AUTOMÓVIL PARTICULAR,,45,,,,,,
3460,1,1403900011081,Hombres,46,Empleado,,6,18:00 → 20:00,,Regresar a Casa,,Su casa,,,,1403900010238,,home,,AUTOMÓVIL PARTICULAR,,45,,hora:revision,,changed,,Desfase de dos horas al capturar: 18:00 se lee como 20:00. El origen se encadena con el destino del viaje 5 (Fábrica o taller en 1403900010238).
3484,2,140390001489A,Mujeres,38,Hogar,,1,06:40,,Llevar o recoger a alguien,,Escuela,,Su casa,,home,,1403900011734,,CAMIÓN O AUTOBÚS,,50,,,,,,
3484,2,140390001489A,Mujeres,38,Hogar,,2,23:00 → 11:00,,Regresar a Casa,,Su casa,,,,1403900011734,,home,,CAMIÓN O AUTOBÚS,,50,,hora:revision,,changed,,Corrección AM/PM: se reporta 23:00 y por la secuencia del día corresponde a 11:00. El origen se encadena con el destino del viaje 1 (Escuela en 1403900011734).
3484,2,140390001489A,Mujeres,38,Hogar,,3,11:00 → 13:00,,Llevar o recoger a alguien,,Escuela,,,,home,,1403900014476,,CAMIÓN O AUTOBÚS,,50,,hora:revision,,changed,,
3484,2,140390001489A,Mujeres,38,Hogar,,4,12:25 → 14:25,,Regresar a Casa,,Su casa,,,,1403900014476,,home,,CAMIÓN O AUTOBÚS,,55,,hora:revision,,changed,,Desfase de dos horas al capturar: 12:25 se lee como 14:25. El origen se encadena con el destino del viaje 3 (Escuela en 1403900014476).
3561,4,1409700350138,Mujeres,40,Empleado,,1,15:00 → 05:00,,Trabajar,,"Comercio, mercado, tienda o centro comercial",,Su casa,,home,,1403900011575,,CAMIÓN O AUTOBÚS,,90,,hora:revision,,changed,,
3561,4,1409700350138,Mujeres,40,Empleado,,2,21:00 → 09:00,,Regresar a Casa,,Su casa,,,,1403900011575,,home,,CAMIÓN O AUTOBÚS,,90,,hora:revision,,changed,,"Corrección AM/PM: se reporta 21:00 y por la secuencia del día corresponde a 09:00. El origen se encadena con el destino del viaje 1 (Comercio, mercado, tienda o centro comercial en 1403900011575)."
3561,4,1409700350138,Mujeres,40,Empleado,,3,18:23,,Trabajar,,"Comercio, mercado, tienda o centro comercial",,,,home,,1403900011575,,CAMIÓN O AUTOBÚS,,60,,,,,,
3561,4,1409700350138,Mujeres,40,Empleado,,4,20:34,,Regresar a Casa,,Su casa,,,,1403900011575,,home,,CAMIÓN O AUTOBÚS,,30,,,,,,
3567,1,1409800011237,Hombres,50,Empleado,,1,10:00,,Compras (comida),,"Comercio, mercado, tienda o centro comercial",,Su casa,,home,,home,,CAMIÓN O AUTOBÚS,,10,,,,,,
3567,1,1409800011237,Hombres,50,Empleado,,2,11:30,,Regresar a Casa → Trabajar,,Su casa,,,,home,,14070140A,,CAMIÓN O AUTOBÚS,,10,,motivo:revision,actividad_en_casa,changed,,"El motivo pasa de Regresar a Casa a “Trabajar”: la persona ya estaba en casa y el viaje va hacia la AGEB 14070140A, de modo que es un viaje de ida y no el regreso. El origen se encadena con el destino del viaje 1 (Comercio, mercado, tienda o centro comercial en la zona del hogar)."
3567,1,1409800011237,Hombres,50,Empleado,,3,15:00,,Trabajar,,Fábrica o taller,,,,14070140A,,14070140A,,Transporte de personal,,50,,,,,,
3567,1,1409800011237,Hombres,50,Empleado,,4,23:10,,Regresar a Casa,,Su casa,,,,14070140A,,home,,Transporte de personal,,50,,,,,,
3575,1,140980001320A,Mujeres,49,,,1,07:15,,Compras (comida),,"Comercio, mercado, tienda o centro comercial",,Su casa,,home,,home,,A PIE,,75,,,,,,
3575,1,140980001320A,Mujeres,49,,,2,07:30 → 08:30,,Llevar o recoger a alguien,,Escuela,,,,home,,1407000131429,,A PIE,,15,,hora:revision,,changed,,"La salida se recorre de 7:30 a 08:30, que es la hora a la que llega el viaje anterior (7:15 + 75 min de traslado): tal como estaba, el viaje empezaba antes de haber llegado. El origen se encadena con el destino del viaje 1 (Comercio, mercado, tienda o centro comercial en la zona del hogar)."
3575,1,140980001320A,Mujeres,49,,,3,08:10 → 08:45,,Compras (comida),,"Comercio, mercado, tienda o centro comercial",,,,1407000131429,,1407000130327,,A PIE,,20,,hora:revision,,changed,,"La salida se recorre de 8:10 a 08:45, que es la hora a la que llega el viaje anterior (08:30 + 15 min de traslado): tal como estaba, el viaje empezaba antes de haber llegado. El origen se encadena con el destino del viaje 2 (Escuela en 1407000131429)."
3575,1,140980001320A,Mujeres,49,,,4,10:00,,Regresar a Casa,,Su casa,,,,1407000130327,,home,,Mototaxi,,16,,,,,,
3575,1,140980001320A,Mujeres,49,,,5,12:30,,Llevar o recoger a alguien,,Escuela,,,,home,,1407000131429,,A PIE,,15,,,,,,
3575,1,140980001320A,Mujeres,49,,,6,13:10,,Regresar a Casa,,Su casa,,,,1407000131429,,home,,A PIE,,15,,,,,,
3608,1,1409800013214,Hombres,39,Trabajador independiente,,1,07:00,,Trabajar,,Fábrica o taller,,Su casa,,home,,140980001053A,,CAMIÓN O AUTOBÚS,,45,,,,,,
3608,1,1409800013214,Hombres,39,Trabajador independiente,,2,21:00 → 09:00,,Trabajar,,Fábrica o taller,,,,140980001053A,,1407000140276,,AUTOMÓVIL PARTICULAR,,35,,hora:revision,,changed,,Corrección AM/PM: se reporta 21:00 y por la secuencia del día corresponde a 09:00. El origen se encadena con el destino del viaje 1 (Fábrica o taller en 140980001053A).
3608,1,1409800013214,Hombres,39,Trabajador independiente,,3,14:00,,Trabajar,,Oficina,,,,1407000140276,,99999000A,,CAMIÓN O AUTOBÚS,,45,,,,,,
3608,1,1409800013214,Hombres,39,Trabajador independiente,,4,16:00,,Regresar a Casa,,Su casa,,,,99999000A,,home,,CAMIÓN O AUTOBÚS,,50,,,,,,
3618,4,1407000131486,Hombres,24,Empleado,,1,08:30,,Trabajar,,Fábrica o taller,,Su casa,,home,,1409800011684,,Bicicleta,,70,,,,,,
3618,4,1407000131486,Hombres,24,Empleado,,2,20:00,,Regresar a Casa,,Su casa,,,,1409800011684,,home,,Bicicleta,,70,,,,,,
3618,4,1407000131486,Hombres,24,Empleado,,3,22:30,,Visitar a alguien,,Otra vivienda,,,,home,,1412000012401,,Bicicleta,,12,,,,,,
3618,4,1407000131486,Hombres,24,Empleado,,4,12:00 → 00:00,,Regresar a Casa,,Su casa,,,,1412000012401,,home,,Bicicleta,,15,,hora:revision,hora_nocturna,changed,,Corrección AM/PM: se reporta 12:00 y por la secuencia del día corresponde a 00:00. El origen se encadena con el destino del viaje 3 (Otra vivienda en 1412000012401).
3621,6,1407000131429,Hombres,22,Empleado,,1,07:11,,Trabajar → Regresar a Casa,,Su casa,,Fábrica o taller,,1409708312187,,home,,CAMIÓN O AUTOBÚS,,45,,motivo:revision,inicio_fuera_de_casa,changed,,
3621,6,1407000131429,Hombres,22,Empleado,,2,08:28,,Regresar a Casa → Trabajar,,Su casa,,,,home,,1409708312187,,CAMIÓN O AUTOBÚS,,45,,motivo:revision,actividad_en_casa,changed,,"El motivo pasa de Regresar a Casa a “Trabajar”: la persona ya estaba en casa y el viaje va hacia la AGEB 1409708312187, de modo que es un viaje de ida y no el regreso. El origen se encadena con el destino del viaje 1 (Su casa en la zona del hogar)."
3621,6,1407000131429,Hombres,22,Empleado,,3,20:00,,Trabajar → Regresar a Casa,,Su casa,,,,1409708312187,,home,,CAMIÓN O AUTOBÚS,,45,,motivo:revision,,changed,,
3621,6,1407000131429,Hombres,22,Empleado,,4,23:01,,Regresar a Casa → Trabajar,,Su casa,,,,home,,1409708312187,,CAMIÓN O AUTOBÚS,,45,,motivo:revision,fin_fuera_de_casa;actividad_en_casa;hora_2301,changed,,"El motivo pasa de Regresar a Casa a “Trabajar”: la persona ya estaba en casa y el viaje va hacia la AGEB 1409708312187, de modo que es un viaje de ida y no el regreso. El origen se encadena con el destino del viaje 3 (Su casa en la zona del hogar)."
3623,1,1409708714060,Mujeres,43,Empleado,,1,13:00 → 01:00,,Trabajar,,"Comercio, mercado, tienda o centro comercial",,Su casa,,home,,141200001550A,,CAMIÓN O AUTOBÚS,,105,,hora:revision,,changed,,
3623,1,1409708714060,Mujeres,43,Empleado,,2,19:00 → 09:00,,Regresar a Casa,,Su casa,,,,141200001550A,,home,,CAMIÓN O AUTOBÚS,,110,,hora:revision,,changed,,"Error de dígito en la hora: se reporta 19:00 y la cadena solo cierra con 09:00. El origen se encadena con el destino del viaje 1 (Comercio, mercado, tienda o centro comercial en 141200001550A)."
3623,1,1409708714060,Mujeres,43,Empleado,,3,18:21,,Trabajar,,"Comercio, mercado, tienda o centro comercial",,,,home,,141200001550A,,CAMIÓN O AUTOBÚS,,20,,,,,,
3623,1,1409708714060,Mujeres,43,Empleado,,4,19:41,,Regresar a Casa,,Su casa,,,,141200001550A,,home,,CAMIÓN O AUTOBÚS,,15,,,,,,
3660,2,1409700350138,Mujeres,34,Hogar,,1,17:30 → 05:30,,Deportes o recreación,,"Comercio, mercado, tienda o centro comercial",,Su casa,,home,,1409708312030,,CAMIÓN O AUTOBÚS,,30,,hora:revision,,changed,,
3660,2,1409700350138,Mujeres,34,Hogar,,2,19:30 → 07:30,,Regresar a Casa,,Su casa,,,,1409708312030,,home,,CAMIÓN O AUTOBÚS,,30,,hora:revision,,changed,,"Corrección AM/PM: se reporta 19:30 y por la secuencia del día corresponde a 07:30. El origen se encadena con el destino del viaje 1 (Comercio, mercado, tienda o centro comercial en 1409708312030)."
3660,2,1409700350138,Mujeres,34,Hogar,,3,21:00 → 09:00,,"Compras (bienes, productos y servicios)",,"Comercio, mercado, tienda o centro comercial",,,,home,,home,,CAMIÓN O AUTOBÚS,,30,,hora:revision,,changed,,
3660,2,1409700350138,Mujeres,34,Hogar,,4,21:10,,Regresar a Casa,,Su casa,,,,home,,home,,A PIE,,5,,,,,,
3665,1,1409800011237,Mujeres,56,Hogar,,1,07:30,,Llevar o recoger a alguien,,Escuela,,Su casa,,home,,1409800012767,,A PIE,,15,,,,,,
3665,1,1409800011237,Mujeres,56,Hogar,,2,08:00,,Regresar a Casa,,Su casa,,,,1409800012767,,1409800012767 → home,,A PIE,,15,,destino:revision,,changed,,"El origen se encadena con el destino del viaje 1 (Escuela en 1409800012767). El destino pasa de 1409800012767 a la zona del hogar: esa AGEB funciona como “Su casa” dentro de la cadena, es una discrepancia de geocodificación."
3665,1,1409800011237,Mujeres,56,Hogar,,3,12:40,,Llevar o recoger a alguien,,Escuela,,,,1409800012767 → home,,1407000130420,,A PIE,,15,,origen:revision,,changed,,
3665,1,1409800011237,Mujeres,56,Hogar,,4,14:00,,Regresar a Casa,,Su casa,,,,1407000130420,,home,,A PIE,,15,,,,,,
3678,1,1409700350138,Hombres,51,Empleado,,1,22:00 → 10:00,,Trabajar,,Fábrica o taller,,Su casa,,home,,1409800012428,,Transporte de personal,,45,,hora:revision,,changed,,
3678,1,1409700350138,Hombres,51,Empleado,,2,06:10 → 18:10,,Regresar a Casa,,Su casa,,,,1409800012428,,home,,Transporte de personal,,45,,hora:revision,,changed,,Corrección AM/PM: se reporta 6:10 y por la secuencia del día corresponde a 18:10. El origen se encadena con el destino del viaje 1 (Fábrica o taller en 1409800012428).
3724,2,1409800013214,Mujeres,22,Hogar,,1,22:30 → 10:30,,"Compras (bienes, productos y servicios)",,"Comercio, mercado, tienda o centro comercial",,Su casa,,home,,1409800012767,,A PIE,,15,,hora:revision,,changed,,
3724,2,1409800013214,Mujeres,22,Hogar,,2,12:30,,Compras (comida),,"Comercio, mercado, tienda o centro comercial",,,,1409800012767,,1409800012767,,A PIE,,20,,,,,,
3724,2,1409800013214,Mujeres,22,Hogar,,3,02:30 → 14:30,,Regresar a Casa,,Su casa,,,,1409800012767,,home,,A PIE,,30,,hora:revision,,changed,,"Corrección AM/PM: se reporta 2:30 y por la secuencia del día corresponde a 14:30. El origen se encadena con el destino del viaje 2 (Comercio, mercado, tienda o centro comercial en 1409800012767)."
3791,1,140700014083A,Mujeres,37,Empleado,,1,21:00 → 09:00,,Trabajar,,Fábrica o taller,,Su casa,,home,,1412000016758,,Transporte de personal,,65,,hora:revision,,changed,,
3791,1,140700014083A,Mujeres,37,Empleado,,2,07:00 → 19:00,,Regresar a Casa,,Su casa,,,,1412000016758,,home,,Transporte de personal,,60,,hora:revision,,changed,,Corrección AM/PM: se reporta 7:00 y por la secuencia del día corresponde a 19:00. El origen se encadena con el destino del viaje 1 (Fábrica o taller en 1412000016758).
3850,6,1407000130416,Hombres,30,Empleado,yes,1,06:09,,Trabajar,,Oficina,,Su casa,,140390001051A → home,,14097059A,,AUTOMÓVIL PARTICULAR,,60,,origen:revision,,changed,,
3850,6,1407000130416,Hombres,30,Empleado,yes,2,22:07 → 10:07,,Compras (comida),,"Comercio, mercado, tienda o centro comercial",,,,14097059A,,140390001539A,,A PIE,,10,,hora:revision,,changed,,Corrección AM/PM: se reporta 22:07 y por la secuencia del día corresponde a 10:07. El origen se encadena con el destino del viaje 1 (Oficina en 14097059A).
3850,6,1407000130416,Hombres,30,Empleado,yes,3,12:00,,Trabajar,,Oficina,,,,140390001539A,,14097059A,,A PIE,,10,,,,,,
3850,6,1407000130416,Hombres,30,Empleado,yes,4,18:01,,Regresar a Casa,,Su casa,,,,14097059A,,home,,AUTOMÓVIL PARTICULAR,,70,,,,,,
3850,6,1407000130416,Hombres,30,Empleado,yes,5,20:07,,"Compras (bienes, productos y servicios)",,"Comercio, mercado, tienda o centro comercial",,,,home,,1409800013197,,AUTOMÓVIL PARTICULAR,,10,,,,,,
3850,6,1407000130416,Hombres,30,Empleado,yes,6,22:09,,Regresar a Casa,,Su casa,,,,1409800013197,,home,,AUTOMÓVIL PARTICULAR,,10,,,,,,
3851,1,1407000130416,Hombres,34,Empleado,yes,1,06:00,,Trabajar,,Oficina,,Su casa,,140390001051A → home,,14097059A,,AUTOMÓVIL PARTICULAR,,60,,origen:revision,,changed,,
3851,1,1407000130416,Hombres,34,Empleado,yes,2,22:00 → 10:00,,Compras (comida),,"Comercio, mercado, tienda o centro comercial",,,,14097059A,,140390001539A,,A PIE,,10,,hora:revision,,changed,,Corrección AM/PM: se reporta 22:00 y por la secuencia del día corresponde a 10:00. El origen se encadena con el destino del viaje 1 (Oficina en 14097059A).
3851,1,1407000130416,Hombres,34,Empleado,yes,3,12:00,,Trabajar,,Oficina,,,,140390001539A,,14097059A,,A PIE,,10,,,,,,
3851,1,1407000130416,Hombres,34,Empleado,yes,4,18:00,,Regresar a Casa,,Su casa,,,,14097059A,,home,,AUTOMÓVIL PARTICULAR,,70,,,,,,
3851,1,1407000130416,Hombres,34,Empleado,yes,5,20:00,,"Compras (bienes, productos y servicios)",,"Comercio, mercado, tienda o centro comercial",,,,home,,1409800013197,,AUTOMÓVIL PARTICULAR,,10,,,,,,
3851,1,1407000130416,Hombres,34,Empleado,yes,6,22:00,,Regresar a Casa,,Su casa,,,,1409800013197,,home,,AUTOMÓVIL PARTICULAR,,10,,,,,,
3882,5,1407000140488,Mujeres,30,Hogar,,1,07:41,,Llevar o recoger a alguien,,Escuela,,Su casa,,home,,1407000140844,,Bicicleta,,7,,,,,,
3882,5,1407000140488,Mujeres,30,Hogar,,2,08:06,,Regresar a Casa,,Su casa,,,,1407000140844,,home,,Bicicleta,,7,,,,,,
3882,5,1407000140488,Mujeres,30,Hogar,,3,12:27,,Llevar o recoger a alguien,,Escuela,,,,home,,1407000140844,,Bicicleta,,7,,,,,,
3882,5,1407000140488,Mujeres,30,Hogar,,4,12:21 → 14:21,,Regresar a Casa,,Su casa,,,,1407000140844,,home,,Bicicleta,,7,,hora:revision,,changed,,"Desfase de dos horas al capturar: 12:21 se lee como 14:21. El origen se encadena con el destino del viaje 3 (Escuela en 1407000140844). [Undécima revisión: la decisión de chain_review se mantiene. Se tomó contra «12:21», que las reglas del 26 de septiembre de 2026 dan ahora como «12:34».]"
3882,5,1407000140488,Mujeres,30,Hogar,,5,18:04,,Deportes o recreación,,Centro cultural o área recreativa,,,,home,,1407000140859,,A PIE,,5,,,,,,
3882,5,1407000140488,Mujeres,30,Hogar,,6,18:15,,Regresar a Casa,,Su casa,,,,1407000140859,,home,,A PIE,,5,,,,,,
3913,2,1407000430295,Mujeres,36,Empleado,,1,08:00,,Trabajar,,Oficina,,Su casa,,home,,1407000140859,,MOTOCICLETA,,25,,,,,,
3913,2,1407000430295,Mujeres,36,Empleado,,2,08:00 → 18:00,,Regresar a Casa,,Su casa,,,,1407000140859,,home,,MOTOCICLETA,,25,,hora:revision,,changed,,Error de dígito en la hora: se reporta 8:00 y la cadena solo cierra con 18:00. El origen se encadena con el destino del viaje 1 (Oficina en 1407000140859).
3913,2,1407000430295,Mujeres,36,Empleado,,3,18:02 → 20:02,,Deportes o recreación,,Centro cultural o área recreativa,,,,home,,home,,A PIE,,6,,hora:revision,,changed,,
3913,2,1407000430295,Mujeres,36,Empleado,,4,18:13 → 20:13,,Regresar a Casa,,Su casa,,,,home,,home,,A PIE,,6,,hora:revision,,changed,,Desfase de dos horas al capturar: 18:13 se lee como 20:13. El origen se encadena con el destino del viaje 3 (Centro cultural o área recreativa en la zona del hogar).
4039,5,1407000140825,Hombres,13,Empleado,,1,07:15,,Deportes o recreación,,Centro cultural o área recreativa,,Su casa,,home,,140700014083A,,A PIE,,11,,,,,,
4039,5,1407000140825,Hombres,13,Empleado,,2,07:31,,Regresar a Casa,,Su casa,,,,140700014083A,,home,,A PIE,,11,,,,,,
4039,5,1407000140825,Hombres,13,Empleado,,3,20:24 → 08:24,,Trabajar,,"Comercio, mercado, tienda o centro comercial",,,,home,,1412000010547,,CAMIÓN O AUTOBÚS,,50,,hora:revision,,changed,,
4039,5,1407000140825,Hombres,13,Empleado,,4,15:09,,Compras (comida),,"Comercio, mercado, tienda o centro comercial",,,,1412000010547,,1412000010547,,A PIE,,5,,,,,,
4039,5,1407000140825,Hombres,13,Empleado,,5,15:08 → 17:08,,Trabajar,,"Comercio, mercado, tienda o centro comercial",,,,1412000010547,,1412000010547,,A PIE,,5,,hora:revision,,changed,,"Desfase de dos horas al capturar: 15:08 se lee como 17:08. El origen se encadena con el destino del viaje 4 (Comercio, mercado, tienda o centro comercial en 1412000010547). [Undécima revisión: la decisión de chain_review se mantiene. Se tomó contra «15:08», que las reglas del 26 de septiembre de 2026 dan ahora como «15:14».]"
4039,5,1407000140825,Hombres,13,Empleado,,6,18:26,,Regresar a Casa,,Su casa,,,,1412000010547,,home,,CAMIÓN O AUTOBÚS,,70,,,,,,
4079,4,140700021076A,Mujeres,13,Estudiante,,1,12:07,,Compras (comida),,"Comercio, mercado, tienda o centro comercial",,Su casa,,home,,1407000210736,,A PIE,,2,,,,,,
4079,4,140700021076A,Mujeres,13,Estudiante,,2,12:04 → 14:04,,Regresar a Casa,,Su casa,,,,1407000210736,,home,,A PIE,,2,,hora:revision,,changed,,"Desfase de dos horas al capturar: 12:04 se lee como 14:04. El origen se encadena con el destino del viaje 1 (Comercio, mercado, tienda o centro comercial en 1407000210736). [Undécima revisión: la decisión de chain_review se mantiene. Se tomó contra «12:04», que las reglas del 26 de septiembre de 2026 dan ahora como «12:09».]"
4106,2,1407000210736,Mujeres,48,Empleado,,1,08:00,,Trabajar,,Fábrica o taller,,Su casa,,14070140A → home,,14070140A,,CAMIÓN O AUTOBÚS,,25,,origen:copia,,changed,,
4106,2,1407000210736,Mujeres,48,Empleado,,2,14:18,,Regresar a Casa,,Su casa,,,,14070140A,,14070140A → home,,CAMIÓN O AUTOBÚS,,20,,destino:revision,,changed,,"El origen se encadena con el destino del viaje 1 (Fábrica o taller en 14070140A). El destino pasa de 14070140A a la zona del hogar: esa AGEB funciona como “Su casa” dentro de la cadena, es una discrepancia de geocodificación."
4106,2,1407000210736,Mujeres,48,Empleado,,3,16:47,,Trabajar,,Fábrica o taller,,,,14070140A → home,,14070140A,,CAMIÓN O AUTOBÚS,,25,,origen:revision,,changed,,
4106,2,1407000210736,Mujeres,48,Empleado,,4,20:30,,Regresar a Casa,,Su casa,,,,14070140A,,home,,CAMIÓN O AUTOBÚS,,20,,,,,,
4152,4,1407000431039,Mujeres,31,Estudiante,,1,06:01,,Estudiar,,Escuela,,Su casa,,home,,1412000010994,,MI MACRO,,103,,,,,,
4152,4,1407000431039,Mujeres,31,Estudiante,,2,15:03,,Estudiar,,Su casa → Escuela,,,,1412000010994,,1407000210755,,MI MACRO,,70,,tipo_destino:revision,,changed,,"El origen se encadena con el destino del viaje 1 (Escuela en 1412000010994). El tipo de destino “Su casa” no puede corresponder a una actividad; se sustituye por “Escuela”, tomado de otros viajes de la persona con el mismo motivo o del uso habitual del motivo “Estudiar”."
4152,4,1407000431039,Mujeres,31,Estudiante,,3,19:00,,Regresar a Casa,,Su casa,,,,1407000210755,,home,,Bicicleta,,70,,,,,,
4158,1,1407000431024,Hombres,38,Empleado,,1,21:00 → 09:00,,Trabajar,,"Comercio, mercado, tienda o centro comercial",,Su casa,,home,,1407000201255,,CAMIÓN O AUTOBÚS,,30,,hora:revision,,changed,,
4158,1,1407000431024,Hombres,38,Empleado,,2,09:00 → 21:00,,Regresar a Casa,,Su casa,,,,1407000201255,,home,,Transporte de personal,,10,,hora:revision,,changed,,"Corrección AM/PM: se reporta 9:00 y por la secuencia del día corresponde a 21:00. El origen se encadena con el destino del viaje 1 (Comercio, mercado, tienda o centro comercial en 1407000201255)."
4161,3,140980243,Hombres,31,Estudiante,,1,07:00,,Estudiar,,Escuela,,Su casa,,home,,1403900011359,,CAMIÓN O AUTOBÚS,,30,,,,,,
4161,3,140980243,Hombres,31,Estudiante,,2,15:00,,Estudiar,,Escuela,,,,1403900011359,,1403900011359,,CAMIÓN O AUTOBÚS,,30,,,,,,
4161,3,140980243,Hombres,31,Estudiante,,3,19:19,,Estudiar,,Escuela,,,,home → 1403900011359,,1403900011359,,CAMIÓN O AUTOBÚS,,30,,origen:revision,,changed,,La AGEB de origen pasa de la zona del hogar a 1403900011359; el origen se encadena con el destino del viaje 2 (Escuela en 1403900011359).
4161,3,140980243,Hombres,31,Estudiante,,4,21:36,,Estudiar,,Escuela,,,,1403900011359,,1403900011359,,CAMIÓN O AUTOBÚS,,30,,,fin_fuera_de_casa,,,
4173,1,1407000210736,Mujeres,63,Hogar,,1,07:40,,Compras (comida),,"Comercio, mercado, tienda o centro comercial",,Su casa,,home,,home,,A PIE,,2,,,,,,
4173,1,1407000210736,Mujeres,63,Hogar,,2,08:00,,Regresar a Casa → Trabajar,,Su casa,,,,home,,140700021101A,,A PIE,,2,,motivo:revision,actividad_en_casa,changed,,"El motivo pasa de Regresar a Casa a “Trabajar”: la persona ya estaba en casa y el viaje va hacia la AGEB 140700021101A, de modo que es un viaje de ida y no el regreso. El origen se encadena con el destino del viaje 1 (Comercio, mercado, tienda o centro comercial en la zona del hogar)."
4173,1,1407000210736,Mujeres,63,Hogar,,3,15:00,,"Compras (bienes, productos y servicios)",,"Comercio, mercado, tienda o centro comercial",,,,140700021101A,,140700021101A,,CAMIÓN O AUTOBÚS,,5,,,,,,
4173,1,1407000210736,Mujeres,63,Hogar,,4,17:00,,Regresar a Casa,,Su casa,,,,140700021101A,,home,,CAMIÓN O AUTOBÚS,,5,,,,,,
4173,1,1407000210736,Mujeres,63,Hogar,,5,18:18,,"Compras (bienes, productos y servicios)",,"Comercio, mercado, tienda o centro comercial",,,,home,,home,,A PIE,,5,,,,,,
4173,1,1407000210736,Mujeres,63,Hogar,,6,18:27,,Regresar a Casa,,Su casa,,,,home,,home,,A PIE,,5,,,,,,
4216,1,140980243,Mujeres,26,Hogar,,1,13:30,,Llevar o recoger a alguien,,Escuela,,Su casa,,home,,1407000210736,,A PIE,,20,,,,,,
4216,1,140980243,Mujeres,26,Hogar,,2,14:00,,Regresar a Casa,,Su casa,,,,1407000210736,,1407000210736 → home,,A PIE,,15,,destino:revision,,changed,,"El origen se encadena con el destino del viaje 1 (Escuela en 1407000210736). El destino pasa de 1407000210736 a la zona del hogar: esa AGEB funciona como “Su casa” dentro de la cadena, es una discrepancia de geocodificación."
4216,1,140980243,Mujeres,26,Hogar,,3,17:50,,Llevar o recoger a alguien,,Escuela,,,,1407000210736 → home,,1407000210736,,A PIE,,15,,origen:revision,,changed,,
4216,1,140980243,Mujeres,26,Hogar,,4,18:10,,Regresar a Casa,,Su casa,,,,1407000210736,,home,,A PIE,,15,,,,,,
4230,3,140980243,Hombres,43,Empleado,,1,22:00 → 10:00,,Trabajar,,Otros (especifique),,Su casa,,home,,14070140A,,AUTOMÓVIL PARTICULAR,,20,,hora:revision,,changed,,
4230,3,140980243,Hombres,43,Empleado,,2,19:40,,Regresar a Casa,,Su casa,,,,14070140A,,home,,AUTOMÓVIL PARTICULAR,,20,,,,,,
4230,3,140980243,Hombres,43,Empleado,,3,21:04,,Trabajar,,Otros (especifique),,,,home,,14070140A,,AUTOMÓVIL PARTICULAR,,20,,,,,,
4230,3,140980243,Hombres,43,Empleado,,4,21:00 → 21:24,,Regresar a Casa,,Su casa,,,,14070140A,,home,,AUTOMÓVIL PARTICULAR,,20,,hora:revision,,changed,,"La salida se recorre de 21:00 a 21:24, que es la hora a la que llega el viaje anterior (21:04 + 20 min de traslado): tal como estaba, el viaje empezaba antes de haber llegado. El origen se encadena con el destino del viaje 3 (Otros (especifique) en 14070140A)."
4251,1,1407000211005,Mujeres,48,Hogar,,1,07:00,,Llevar o recoger a alguien,,Escuela,,Su casa,,home,,140700021101A,,A PIE,,30,,,,,,
4251,1,1407000211005,Mujeres,48,Hogar,,2,07:05 → 07:30,,Regresar a Casa,,Su casa,,,,140700021101A,,home,,A PIE,,30,,hora:revision,,changed,,"La salida se recorre de 7:05 a 07:30, que es la hora a la que llega el viaje anterior (7:00 + 30 min de traslado): tal como estaba, el viaje empezaba antes de haber llegado. El origen se encadena con el destino del viaje 1 (Escuela en 140700021101A)."
4251,1,1407000211005,Mujeres,48,Hogar,,3,13:30,,Llevar o recoger a alguien,,Escuela,,,,home,,140700021101A,,A PIE,,30,,,,,,
4251,1,1407000211005,Mujeres,48,Hogar,,4,13:35 → 15:35,,Regresar a Casa,,Su casa,,,,140700021101A,,home,,A PIE,,30,,hora:revision,,changed,,Desfase de dos horas al capturar: 13:35 se lee como 15:35. El origen se encadena con el destino del viaje 3 (Escuela en 140700021101A).
4264,5,1407000431147,Mujeres,20,Estudiante,,1,06:01,,Estudiar,,Escuela,,Su casa,,home,,1412000010994,,CAMIÓN O AUTOBÚS,,70,,,,,,
4264,5,1407000431147,Mujeres,20,Estudiante,,2,15:01,,Estudiar,,Su casa → Escuela,,,,1412000010994,,1407000210755,,CAMIÓN O AUTOBÚS,,70,,tipo_destino:revision,,changed,,"El origen se encadena con el destino del viaje 1 (Escuela en 1412000010994). El tipo de destino “Su casa” no puede corresponder a una actividad; se sustituye por “Escuela”, tomado de otros viajes de la persona con el mismo motivo o del uso habitual del motivo “Estudiar”."
4264,5,1407000431147,Mujeres,20,Estudiante,,3,19:03,,Regresar a Casa,,Su casa,,,,1407000210755,,home,,CAMIÓN O AUTOBÚS,,70,,,,,,
4271,2,1407000430806,Mujeres,46,Hogar,,1,08:00,,Compras (comida),,"Comercio, mercado, tienda o centro comercial",,Su casa,,home,,1407000431024,,A PIE,,4,,,,,,
4271,2,1407000430806,Mujeres,46,Hogar,,2,08:10,,Regresar a Casa → Trabajar,,Su casa,,,,1407000431024,,140700021101A,,A PIE,,5,,motivo:revision,actividad_en_casa,changed,,"El motivo pasa de Regresar a Casa a “Trabajar”: la persona ya estaba en casa y el viaje va hacia la AGEB 140700021101A, de modo que es un viaje de ida y no el regreso. El origen se encadena con el destino del viaje 1 (Comercio, mercado, tienda o centro comercial en 1407000431024)."
4271,2,1407000430806,Mujeres,46,Hogar,,3,19:00,,"Compras (bienes, productos y servicios)",,"Comercio, mercado, tienda o centro comercial",,,,140700021101A,,140700021101A,,AUTOMÓVIL PARTICULAR,,7,,,,,,
4271,2,1407000430806,Mujeres,46,Hogar,,4,19:30,,Regresar a Casa,,Su casa,,,,140700021101A,,home,,AUTOMÓVIL PARTICULAR,,5,,,,,,
4271,3,1407000430806,Hombres,17,Estudiante,,1,10:00,,Compras (comida),,"Comercio, mercado, tienda o centro comercial",,Su casa,,home,,1407000431024,,A PIE,,4,,,,,,
4271,3,1407000430806,Hombres,17,Estudiante,,2,10:08,,Regresar a Casa,,Su casa,,,,1407000431024,,home,,A PIE,,4,,,,,,
4271,3,1407000430806,Hombres,17,Estudiante,,3,12:30,,Estudiar,,Escuela,,,,home,,1409800010671,,CAMIÓN O AUTOBÚS,,40,,,,,,
4271,3,1407000430806,Hombres,17,Estudiante,,4,12:10 → 14:10,,Compras (comida),,"Comercio, mercado, tienda o centro comercial",,,,1409800010671,,1409800010671,,A PIE,,3,,hora:revision,,changed,,Desfase de dos horas al capturar: 12:10 se lee como 14:10. El origen se encadena con el destino del viaje 3 (Escuela en 1409800010671).
4271,3,1407000430806,Hombres,17,Estudiante,,5,13:00 → 15:00,,Estudiar,,Escuela,,,,1409800010671,,1409800010671,,A PIE,,3,,hora:revision,,changed,,"Desfase de dos horas al capturar: 13:00 se lee como 15:00. El origen se encadena con el destino del viaje 4 (Comercio, mercado, tienda o centro comercial en 1409800010671)."
4271,3,1407000430806,Hombres,17,Estudiante,,6,14:15 → 16:15,,Regresar a Casa,,Su casa,,,,1409800010671,,home,,CAMIÓN O AUTOBÚS,,50,,hora:revision,,changed,,Desfase de dos horas al capturar: 14:15 se lee como 16:15. El origen se encadena con el destino del viaje 5 (Escuela en 1409800010671).
4294,1,1409800011097,Hombres,64,Empleado,,1,20:00 → 08:00,,Trabajar,,"Comercio, mercado, tienda o centro comercial",,Su casa,,home,,1403900012662,,AUTOMÓVIL PARTICULAR,,20,,hora:revision,,changed,,
4294,1,1409800011097,Hombres,64,Empleado,,2,15:47,,Regresar a Casa,,Su casa,,,,1403900012662,,home,,AUTOMÓVIL PARTICULAR,,25,,,,,,
4294,1,1409800011097,Hombres,64,Empleado,,3,17:23,,Trabajar,,"Comercio, mercado, tienda o centro comercial",,,,home,,1403900012662,,AUTOMÓVIL PARTICULAR,,20,,,,,,
4294,1,1409800011097,Hombres,64,Empleado,,4,16:00 → 18:00,,Regresar a Casa,,Su casa,,,,1403900012662,,home,,AUTOMÓVIL PARTICULAR,,25,,hora:revision,,changed,,"Desfase de dos horas al capturar: 16:00 se lee como 18:00. El origen se encadena con el destino del viaje 3 (Comercio, mercado, tienda o centro comercial en 1403900012662)."
4305,2,1409800011379,Hombres,49,Empleado,,1,23:00 → 11:00,,Trabajar,,Fábrica o taller,,Su casa,,1412000016599 → home,,1412000016599,,AUTOMÓVIL PARTICULAR,,50,,origen:copia;hora:revision,,changed,,
4305,2,1409800011379,Hombres,49,Empleado,,2,23:01,,Regresar a Casa,,Su casa,,,,1412000016599,,1412000016599 → home,,AUTOMÓVIL PARTICULAR,,50,,destino:revision,hora_2301,changed,,"El origen se encadena con el destino del viaje 1 (Fábrica o taller en 1412000016599). El destino pasa de 1412000016599 a la zona del hogar: esa AGEB funciona como “Su casa” dentro de la cadena, es una discrepancia de geocodificación."
4371,4,140980001110A,Hombres,42,Empleado,,1,07:18,,Compras (comida),,"Comercio, mercado, tienda o centro comercial",,Su casa,,home,,home,,A PIE,,12,,,,,,
4371,4,140980001110A,Hombres,42,Empleado,,2,07:36,,Regresar a Casa,,Su casa,,,,home,,home,,A PIE,,12,,,,,,
4371,4,140980001110A,Hombres,42,Empleado,,3,21:20,,Trabajar,,Fábrica o taller,,,,1407000140276 → home,,1407000140276,,AUTOMÓVIL PARTICULAR,,40,,origen:casa,,changed,,
4371,4,140980001110A,Hombres,42,Empleado,,4,23:21,,Regresar a Casa,,Su casa,,,,1407000140276,,1407000140276 → home,,AUTOMÓVIL PARTICULAR,,40,,destino:revision,,changed,,"El origen se encadena con el destino del viaje 3 (Fábrica o taller en 1407000140276). El destino pasa de 1407000140276 a la zona del hogar: esa AGEB funciona como “Su casa” dentro de la cadena, es una discrepancia de geocodificación."
4372,2,1409800011078,Mujeres,19,Trabajador independiente,,1,14:00 → 02:00,,Trabajar,,"Comercio, mercado, tienda o centro comercial",,Su casa,,home,,141200001066A,,CAMIÓN O AUTOBÚS,,135,,hora:revision,,changed,,
4372,2,1409800011078,Mujeres,19,Trabajador independiente,,2,19:00 → 09:00,,Regresar a Casa,,Su casa,,,,141200001066A,,home,,CAMIÓN O AUTOBÚS,,135,,hora:revision,,changed,,"Error de dígito en la hora: se reporta 19:00 y la cadena solo cierra con 09:00. El origen se encadena con el destino del viaje 1 (Comercio, mercado, tienda o centro comercial en 141200001066A)."
4372,2,1409800011078,Mujeres,19,Trabajador independiente,,3,18:08,,Trabajar,,"Comercio, mercado, tienda o centro comercial",,,,home,,141200001066A,,CAMIÓN O AUTOBÚS,,20,,,,,,
4372,2,1409800011078,Mujeres,19,Trabajador independiente,,4,19:48,,Regresar a Casa,,Su casa,,,,141200001066A,,home,,CAMIÓN O AUTOBÚS,,40,,,,,,
4384,3,1409800012625,Hombres,24,Empleado,,1,19:08 → 07:08,,Regresar a Casa,,Su casa,,Fábrica o taller,,14097059A,,home,,Transporte de personal,,40,,hora:revision,inicio_fuera_de_casa,changed,,
4384,3,1409800012625,Hombres,24,Empleado,,2,21:03 → 09:03,,Trabajar,,Fábrica o taller,,,,home,,14097059A,,Transporte de personal,,60,,hora:revision,,changed,,Corrección AM/PM: se reporta 21:03 y por la secuencia del día corresponde a 09:03. El origen se encadena con el destino del viaje 1 (Su casa en la zona del hogar).
4384,3,1409800012625,Hombres,24,Empleado,,3,20:17,,Regresar a Casa,,Su casa,,,,14097059A,,home,,Transporte de personal,,60,,,,,,
4400,2,1409800012625,Hombres,21,Empleado,,1,19:00 → 07:00,,Regresar a Casa,,Su casa,,Fábrica o taller,,14097059A,,home,,Transporte de personal,,40,,hora:revision,inicio_fuera_de_casa,changed,,
4400,2,1409800012625,Hombres,21,Empleado,,2,21:00 → 09:00,,Trabajar,,Fábrica o taller,,,,home,,99999000A,,Transporte de personal,,60,,hora:revision,,changed,,Corrección AM/PM: se reporta 21:00 y por la secuencia del día corresponde a 09:00. El origen se encadena con el destino del viaje 1 (Su casa en la zona del hogar).
4400,2,1409800012625,Hombres,21,Empleado,,3,20:00,,Regresar a Casa,,Su casa,,,,99999000A,,home,,Transporte de personal,,60,,,,,,
4431,3,1409800012786,Hombres,42,Empleado,,1,16:30 → 04:30,,Trabajar,,Otros (especifique),,Su casa,,home,,99999000A,,AUTOMÓVIL PARTICULAR,,30,,hora:revision,,changed,,
4431,3,1409800012786,Hombres,42,Empleado,,2,04:52 → 05:00,,Regresar a Casa,,Su casa,,,,99999000A,,home,,AUTOMÓVIL PARTICULAR,,30,,hora:revision,,changed,,"La salida se recorre de 4:52 a 05:00, que es la hora a la que llega el viaje anterior (04:30 + 30 min de traslado): tal como estaba, el viaje empezaba antes de haber llegado. El origen se encadena con el destino del viaje 1 (Otros (especifique) en 99999000A)."
4431,3,1409800012786,Hombres,42,Empleado,,3,06:21,,Trabajar,,Otros (especifique),,,,home,,99999000A,,AUTOMÓVIL PARTICULAR,,30,,,,,,
4431,3,1409800012786,Hombres,42,Empleado,,4,01:00 → 13:00,,Regresar a Casa,,Su casa,,,,99999000A,,home,,AUTOMÓVIL PARTICULAR,,30,,hora:revision,,changed,,Corrección AM/PM: se reporta 1:00 y por la secuencia del día corresponde a 13:00. El origen se encadena con el destino del viaje 3 (Otros (especifique) en 99999000A).
4431,3,1409800012786,Hombres,42,Empleado,,5,19:14,,Llevar o recoger a alguien,,Otra vivienda,,,,home,,1409800011044,,A PIE,,8,,,,,,
4431,3,1409800012786,Hombres,42,Empleado,,6,19:24,,Regresar a Casa,,Su casa,,,,1409800011044,,home,,A PIE,,8,,,,,,
4447,1,140980001110A,Mujeres,30,Empleado,,1,06:00,,Trabajar,,Fábrica o taller,,Su casa,,home,,1409800012220,,A PIE,,15,,,,,,
4447,1,140980001110A,Mujeres,30,Empleado,,2,15:00,,Regresar a Casa,,Su casa,,,,1409800012220,,1409800011735 → home,,A PIE,,15,,destino:revision,,changed,,"El origen se encadena con el destino del viaje 1 (Fábrica o taller en 1409800012220). El destino pasa de 1409800011735 a la zona del hogar: esa AGEB funciona como “Su casa” dentro de la cadena, es una discrepancia de geocodificación."
4447,2,140980001110A,Hombres,33,Empleado,yes,1,21:30 → 09:30,,Trabajar,,Fábrica o taller,,Su casa,,home,,1407000130401,,Transporte de personal,,30,,hora:revision,,changed,,
4447,2,140980001110A,Hombres,33,Empleado,yes,2,07:00 → 19:00,,Regresar a Casa,,Su casa,,,,1407000130401,,home,,Transporte de personal,,30,,hora:revision,,changed,,Corrección AM/PM: se reporta 7:00 y por la secuencia del día corresponde a 19:00. El origen se encadena con el destino del viaje 1 (Fábrica o taller en 1407000130401).
4486,2,1409800013182,Mujeres,37,Hogar,,1,08:30,,Llevar o recoger a alguien,,Escuela,,Su casa,,home,,1409800012273,,A PIE,,20,,,,,,
4486,2,1409800013182,Mujeres,37,Hogar,,2,21:30 → 09:30,,Regresar a Casa,,Su casa,,,,1409800012273,,home,,A PIE,,20,,hora:revision,,changed,,Corrección AM/PM: se reporta 21:30 y por la secuencia del día corresponde a 09:30. El origen se encadena con el destino del viaje 1 (Escuela en 1409800012273).
4486,2,1409800013182,Mujeres,37,Hogar,,3,11:30,,Llevar o recoger a alguien,,Escuela,,,,home,,1409800012273,,A PIE,,20,,,,,,
4486,2,1409800013182,Mujeres,37,Hogar,,4,12:30,,Regresar a Casa,,Su casa,,,,1409800012273,,home,,A PIE,,20,,,,,,
4501,2,1409800010953,Mujeres,46,Hogar,,1,21:00 → 09:00,,"Compras (bienes, productos y servicios)",,"Comercio, mercado, tienda o centro comercial",,Su casa,,home,,1409800012273,,A PIE,,3,,hora:revision,,changed,,
4501,2,1409800010953,Mujeres,46,Hogar,,2,21:05 → 09:05,,Regresar a Casa,,Su casa,,,,1409800012273,,home,,A PIE,,3,,hora:revision,,changed,,"Corrección AM/PM: se reporta 21:05 y por la secuencia del día corresponde a 09:05. El origen se encadena con el destino del viaje 1 (Comercio, mercado, tienda o centro comercial en 1409800012273)."
4501,2,1409800010953,Mujeres,46,Hogar,,3,13:30,,Compras (comida),,"Comercio, mercado, tienda o centro comercial",,,,home,,1409800012273,,A PIE,,15,,,,,,
4501,2,1409800010953,Mujeres,46,Hogar,,4,13:50,,Regresar a Casa,,Su casa,,,,1409800012273,,home,,A PIE,,15,,,,,,
4552,3,140510001004A,Hombres,27,Empleado,,1,20:50 → 08:50,,Trabajar,,Fábrica o taller,,Su casa,,home,,14070140A,,Transporte de personal,,40,,hora:revision,,changed,,
4552,3,140510001004A,Hombres,27,Empleado,,2,06:40 → 18:40,,Regresar a Casa,,Su casa,,,,14070140A,,home,,Transporte de personal,,40,,hora:revision,,changed,,Corrección AM/PM: se reporta 6:40 y por la secuencia del día corresponde a 18:40. El origen se encadena con el destino del viaje 1 (Fábrica o taller en 14070140A).
4559,2,140510001004A,Hombres,30,Empleado,,1,06:00,,Trabajar,,"Deportivo, gimnasio",,Su casa,,home,,140510016,,AUTOMÓVIL PARTICULAR,,10,,,,,,
4559,2,140510001004A,Hombres,30,Empleado,,2,10:00,,Trabajar,,Oficina,,,,140510016,,1403900011378,,AUTOMÓVIL PARTICULAR,,60,,,,,,
4559,2,140510001004A,Hombres,30,Empleado,,3,17:00,,Regresar a Casa,,Su casa,,,,1403900011378,,home,,AUTOMÓVIL PARTICULAR,,90,,,,,,
4559,2,140510001004A,Hombres,30,Empleado,,4,21:00,,Otros (especifique),,Otra vivienda,,,,home,,1407000200257,,AUTOMÓVIL PARTICULAR,,10,,,,,,
4559,2,140510001004A,Hombres,30,Empleado,,5,12:00 → 00:00,,Regresar a Casa,,Su casa,,,,1407000200257,,home,,AUTOMÓVIL PARTICULAR,,15,,hora:revision,hora_nocturna,changed,,Corrección AM/PM: se reporta 12:00 y por la secuencia del día corresponde a 00:00. El origen se encadena con el destino del viaje 4 (Otra vivienda en 1407000200257).
4569,3,140510001004A,Mujeres,38,,,1,06:20,,Llevar o recoger a alguien,,Escuela,,Su casa,,home,,1405100010054,,A PIE,,10,,,,,,
4569,3,140510001004A,Mujeres,38,,,2,13:00,,Regresar a Casa,,Su casa,,,,1405100010054,,home,,A PIE,,10,,,,,,
4569,3,140510001004A,Mujeres,38,,,3,07:30 → 19:30,,Llevar o recoger a alguien,,Escuela,,,,home,,1405100010069,,A PIE,,15,,hora:revision,,changed,,
4569,3,140510001004A,Mujeres,38,,,4,08:00 → 20:00,,Regresar a Casa,,Su casa,,,,1405100010069,,home,,A PIE,,10,,hora:revision,,changed,,Corrección AM/PM: se reporta 8:00 y por la secuencia del día corresponde a 20:00. El origen se encadena con el destino del viaje 3 (Escuela en 1405100010069).
4569,3,140510001004A,Mujeres,38,,,5,12:15 → 00:15,,Llevar o recoger a alguien,,Escuela,,,,home,,1405100010069,,A PIE,,15,,hora:revision,hora_nocturna,changed,,
4569,3,140510001004A,Mujeres,38,,,6,13:00 → 01:00,,Llevar o recoger a alguien,,Escuela,,,,1405100010069,,1405100010054,,A PIE,,10,,hora:revision,,changed,,Corrección AM/PM: se reporta 13:00 y por la secuencia del día corresponde a 01:00. El origen se encadena con el destino del viaje 5 (Escuela en 1405100010069).
4569,3,140510001004A,Mujeres,38,,,7,13:10 → 01:10,,Regresar a Casa,,Su casa,,,,1405100010054,,home,,A PIE,,10,,hora:revision,,changed,,"La salida se recorre de 13:10 a 01:10, que es la hora a la que llega el viaje anterior (01:00 + 10 min de traslado): tal como estaba, el viaje empezaba antes de haber llegado. El origen se encadena con el destino del viaje 6 (Escuela en 1405100010054)."
4606,3,140510001004A,Hombres,20,Trabajador independiente,,1,07:00,,Trabajar,,Fábrica o taller,,Su casa,,home,,1407000200257,,CAMIÓN O AUTOBÚS,,40,,,,,,
4606,3,140510001004A,Hombres,20,Trabajador independiente,,2,17:30,,Regresar a Casa → Trabajar,,Su casa,,,,1407000200257,,1405100010054,,CAMIÓN O AUTOBÚS,,40,,motivo:revision,actividad_en_casa,changed,,"El motivo pasa de Regresar a Casa a “Trabajar”: la persona ya estaba en casa y el viaje va hacia la AGEB 1405100010054, de modo que es un viaje de ida y no el regreso. El origen se encadena con el destino del viaje 1 (Fábrica o taller en 1407000200257)."
4606,3,140510001004A,Hombres,20,Trabajador independiente,,3,21:00,,Compras (comida),,"Comercio, mercado, tienda o centro comercial",,,,1405100010054,,home,,A PIE,,5,,,,,,
4606,3,140510001004A,Hombres,20,Trabajador independiente,,4,21:10,,Regresar a Casa,,Su casa,,,,home,,home,,A PIE,,5,,,,,,
4621,5,1403900010346,Mujeres,44,Trabajador independiente,,1,10:03,,Deportes o recreación,,Otros (especifique),,Su casa,,home,,1403900011359,,CAMIÓN O AUTOBÚS,,120,,,,,,
4621,5,1403900010346,Mujeres,44,Trabajador independiente,,2,11:01 → 13:01,,Deportes o recreación,,Su casa → Centro cultural o área recreativa,,,,1403900011359,,1403900011325,,Bicicleta,,60,,hora:-10h+12h;tipo_destino:revision,,changed,,"El origen se encadena con el destino del viaje 1 (Otros (especifique) en 1403900011359). El tipo de destino “Su casa” no puede corresponder a una actividad; se sustituye por “Centro cultural o área recreativa”, tomado de otros viajes de la persona con el mismo motivo o del uso habitual del motivo “Deportes o recreación”."
4621,5,1403900010346,Mujeres,44,Trabajador independiente,,3,19:05,,Regresar a Casa,,Su casa,,,,1403900011325,,home,,Bicicleta,,60,,,,,,
4663,1,140510001004A,Hombres,59,Empleado,,1,06:00,,Trabajar,,"Hospital, clínica, consultorio, laboratorio clínico",,Su casa,,home,,140390001101A,,AUTOMÓVIL PARTICULAR,,90,,,,,,
4663,1,140510001004A,Hombres,59,Empleado,,2,05:44 → 15:44,,Regresar a Casa,,Su casa,,,,140390001101A,,home,,AUTOMÓVIL PARTICULAR,,90,,hora:revision,,changed,,"Error de dígito en la hora: se reporta 5:44 y la cadena solo cierra con 15:44. El origen se encadena con el destino del viaje 1 (Hospital, clínica, consultorio, laboratorio clínico en 140390001101A)."
4663,1,140510001004A,Hombres,59,Empleado,,3,07:25 → 17:25,,Trabajar,,"Hospital, clínica, consultorio, laboratorio clínico",,,,home,,140390001101A,,AUTOMÓVIL PARTICULAR,,90,,hora:revision,,changed,,
4663,1,140510001004A,Hombres,59,Empleado,,4,08:00 → 20:00,,Regresar a Casa,,Su casa,,,,140390001101A,,home,,AUTOMÓVIL PARTICULAR,,90,,hora:revision,,changed,,"Corrección AM/PM: se reporta 8:00 y por la secuencia del día corresponde a 20:00. El origen se encadena con el destino del viaje 3 (Hospital, clínica, consultorio, laboratorio clínico en 140390001101A)."
4663,1,140510001004A,Hombres,59,Empleado,,5,19:04 → 21:30,,Deportes o recreación,,Centro cultural o área recreativa,,,,home,,home,,A PIE,,4,,hora:revision,,changed,,
4663,1,140510001004A,Hombres,59,Empleado,,6,19:16 → 21:34,,Regresar a Casa,,Su casa,,,,home,,home,,A PIE,,4,,hora:revision,,changed,,"La salida se recorre de 19:16 a 21:34, que es la hora a la que llega el viaje anterior (21:30 + 4 min de traslado): tal como estaba, el viaje empezaba antes de haber llegado. El origen se encadena con el destino del viaje 5 (Centro cultural o área recreativa en la zona del hogar)."
4693,1,140510001004A,Mujeres,26,Hogar,,1,08:10,,Llevar o recoger a alguien,,Escuela,,Su casa,,home,,1407000010100,,CAMIÓN O AUTOBÚS,,8,,,,,,
4693,1,140510001004A,Mujeres,26,Hogar,,2,09:00,,Regresar a Casa,,Su casa,,,,1407000010100,,home,,CAMIÓN O AUTOBÚS,,8,,,,,,
4693,1,140510001004A,Mujeres,26,Hogar,,3,21:50 → 09:50,,Trabajar,,Fábrica o taller,,,,home,,1407000010045,,CAMIÓN O AUTOBÚS,,10,,hora:revision,,changed,,
4693,1,140510001004A,Mujeres,26,Hogar,,4,07:00 → 19:00,,Regresar a Casa,,Su casa,,,,1407000010045,,home,,CAMIÓN O AUTOBÚS,,10,,hora:revision,,changed,,Corrección AM/PM: se reporta 7:00 y por la secuencia del día corresponde a 19:00. El origen se encadena con el destino del viaje 3 (Fábrica o taller en 1407000010045).
4711,1,1405100010139,Mujeres,22,Empleado,,1,07:00,,Trabajar,,Fábrica o taller,,Su casa,,home,,140510001004A,,A PIE,,15,,,,,,
4711,1,1405100010139,Mujeres,22,Empleado,,2,15:00,,Regresar a Casa,,Su casa,,,,140510001004A,,140510001004A → home,,A PIE,,15,,destino:revision,,changed,,"El origen se encadena con el destino del viaje 1 (Fábrica o taller en 140510001004A). El destino pasa de 140510001004A a la zona del hogar: esa AGEB funciona como “Su casa” dentro de la cadena, es una discrepancia de geocodificación."
4714,3,1405100010139,Mujeres,25,Empleado,,1,07:00,,Regresar a Casa,,Su casa,,Fábrica o taller,,140510001004A,,140510001004A → home,,A PIE,,15,,destino:revision,inicio_fuera_de_casa,changed,,
4714,3,1405100010139,Mujeres,25,Empleado,,2,22:00,,Trabajar,,Fábrica o taller,,,,140510001004A → home,,140510001004A,,A PIE,,15,,origen:revision,fin_fuera_de_casa,changed,,La AGEB de origen pasa de 140510001004A a la zona del hogar; el origen se encadena con el destino del viaje 1 (Su casa en la zona del hogar).
4718,2,140510001004A,Mujeres,28,Hogar,,1,09:30,,Al médico o atención de salud,,"Hospital, clínica, consultorio, laboratorio clínico",,Su casa,,home,,1407001111359,,AUTOMÓVIL PARTICULAR,,7,,,,,,
4718,2,140510001004A,Mujeres,28,Hogar,,2,23:20 → 11:20,,Compras (comida),,"Comercio, mercado, tienda o centro comercial",,,,1407001111359,,1405100010069,,AUTOMÓVIL PARTICULAR,,5,,hora:revision,,changed,,"Corrección AM/PM: se reporta 23:20 y por la secuencia del día corresponde a 11:20. El origen se encadena con el destino del viaje 1 (Hospital, clínica, consultorio, laboratorio clínico en 1407001111359)."
4718,2,140510001004A,Mujeres,28,Hogar,,3,20:23,,Regresar a Casa,,Su casa,,,,1405100010069,,home,,AUTOMÓVIL PARTICULAR,,5,,,,,,
4731,3,1403900010346,Mujeres,24,Empleado,,1,10:08,,Deportes o recreación,,Otros (especifique),,Su casa,,home,,1403900011359,,CAMIÓN O AUTOBÚS,,120,,,,,,
4731,3,1403900010346,Mujeres,24,Empleado,,2,11:06 → 13:06,,Deportes o recreación,,Su casa → Centro cultural o área recreativa,,,,1403900011359,,1403900011325,,Bicicleta,,60,,hora:-10h+12h;tipo_destino:revision,,changed,,"El origen se encadena con el destino del viaje 1 (Otros (especifique) en 1403900011359). El tipo de destino “Su casa” no puede corresponder a una actividad; se sustituye por “Centro cultural o área recreativa”, tomado de otros viajes de la persona con el mismo motivo o del uso habitual del motivo “Deportes o recreación”."
4731,3,1403900010346,Mujeres,24,Empleado,,3,19:54,,Regresar a Casa,,Su casa,,,,1403900011325,,home,,Bicicleta,,60,,,,,,
4788,1,1410100010787,Mujeres,71,Hogar,,1,10:00,,Compras (comida),,"Comercio, mercado, tienda o centro comercial",,Su casa,,home,,1403900011359,,CAMIÓN O AUTOBÚS,,45,,,,,,
4788,1,1410100010787,Mujeres,71,Hogar,,2,12:00,,Compras (comida),,"Su casa → Comercio, mercado, tienda o centro comercial",,,,1403900011359,,home,,CAMIÓN O AUTOBÚS,,60,,tipo_destino:revision,,changed,,"El origen se encadena con el destino del viaje 1 (Comercio, mercado, tienda o centro comercial en 1403900011359). El tipo de destino “Su casa” no puede corresponder a una actividad; se sustituye por “Comercio, mercado, tienda o centro comercial”, tomado de otros viajes de la persona con el mismo motivo o del uso habitual del motivo “Compras (comida)”."
4788,1,1410100010787,Mujeres,71,Hogar,,3,15:00,,Compras (comida),,"Su casa → Comercio, mercado, tienda o centro comercial",,,,home,,home,,A PIE,,15,,tipo_destino:revision,,changed,,"El origen se encadena con el destino del viaje 2 (Comercio, mercado, tienda o centro comercial en la zona del hogar). El tipo de destino “Su casa” no puede corresponder a una actividad; se sustituye por “Comercio, mercado, tienda o centro comercial”, tomado de otros viajes de la persona con el mismo motivo o del uso habitual del motivo “Compras (comida)”."
4788,1,1410100010787,Mujeres,71,Hogar,,4,15:25,,Regresar a Casa,,"Comercio, mercado, tienda o centro comercial → Su casa",,,,home,,home,,A PIE,,15,,tipo_destino:revision,,changed,,"El origen se encadena con el destino del viaje 3 (Comercio, mercado, tienda o centro comercial en la zona del hogar). El tipo de destino pasa de “Comercio, mercado, tienda o centro comercial” a Su casa: el viaje es un regreso que llega a la zona del hogar."
4788,1,1410100010787,Mujeres,71,Hogar,,5,20:00,,"Compras (bienes, productos y servicios)",,"Comercio, mercado, tienda o centro comercial",,,,home,,home,,A PIE,,15,,,,,,
4788,1,1410100010787,Mujeres,71,Hogar,,6,20:35,,Regresar a Casa,,Su casa,,,,home,,home,,A PIE,,15,,,,,,
4804,1,1410100010378,Mujeres,30,Empleado,,1,07:00,,Llevar o recoger a alguien,,Otra vivienda,,Su casa,,home,,home,,A PIE,,8,,,,,,
4804,1,1410100010378,Mujeres,30,Empleado,,2,07:30,,Trabajar,,"Comercio, mercado, tienda o centro comercial",,,,home,,1403900011645,,CAMIÓN O AUTOBÚS,,45,,,,,,
4804,1,1410100010378,Mujeres,30,Empleado,,3,18:00,,Regresar a Casa,,Otra vivienda → Su casa,,,,1403900011645,,home,,CAMIÓN O AUTOBÚS,,25,,tipo_destino:revision,,changed,,"El origen se encadena con el destino del viaje 2 (Comercio, mercado, tienda o centro comercial en 1403900011645). El tipo de destino pasa de “Otra vivienda” a Su casa: el viaje es un regreso que llega a la zona del hogar."
4804,1,1410100010378,Mujeres,30,Empleado,,4,19:30,,Regresar a Casa,,Su casa,,Su casa,,home,,home,,A PIE,,10,,,,dropped,,
4829,3,1403900012056,Hombres,37,Empleado,,1,08:00,,Trabajar,,Fábrica o taller,,Su casa,,home,,141010001108A,,MOTOCICLETA,,30,,,,,,
4829,3,1403900012056,Hombres,37,Empleado,,2,08:00 → 18:00,,Regresar a Casa,,Su casa,,,,141010001108A,,home,,MOTOCICLETA,,30,,hora:revision,,changed,,Error de dígito en la hora: se reporta 8:00 y la cadena solo cierra con 18:00. El origen se encadena con el destino del viaje 1 (Fábrica o taller en 141010001108A).
4829,3,1403900012056,Hombres,37,Empleado,,3,18:09 → 20:09,,"Compras (bienes, productos y servicios)",,"Comercio, mercado, tienda o centro comercial",,,,home,,1403900014527,,A PIE,,12,,hora:revision,,changed,,
4829,3,1403900012056,Hombres,37,Empleado,,4,18:22 → 20:22,,Regresar a Casa,,Su casa,,,,1403900014527,,home,,A PIE,,12,,hora:revision,,changed,,"Desfase de dos horas al capturar: 18:22 se lee como 20:22. El origen se encadena con el destino del viaje 3 (Comercio, mercado, tienda o centro comercial en 1403900014527)."
4849,1,1409800011824,Mujeres,51,Hogar,,1,13:30,,Llevar o recoger a alguien,,Su casa → Otros (especifique),,Su casa,,home,,home,,A PIE,,20,,tipo_destino:revision,,changed,,
4849,1,1409800011824,Mujeres,51,Hogar,,2,13:00 → 13:50,,Regresar a Casa,,Su casa,,,,home,,home,,A PIE,,20,,hora:revision,,changed,,"La salida se recorre de 15:00 a 13:50, que es la hora a la que llega el viaje anterior (13:30 + 20 min de traslado): tal como estaba, el viaje empezaba antes de haber llegado. El origen se encadena con el destino del viaje 1 (Otros (especifique) en la zona del hogar)."
4849,1,1409800011824,Mujeres,51,Hogar,,3,17:00,,Llevar o recoger a alguien,,Escuela,,,,home,,1409800011576,,A PIE,,20,,,,,,
4849,1,1409800011824,Mujeres,51,Hogar,,4,17:05 → 17:20,,Regresar a Casa,,Su casa,,,,1409800011576,,home,,A PIE,,20,,hora:llegada,,changed,,
4855,1,140980001053A,Hombres,31,Empleado,,1,21:00 → 09:00,,Trabajar,,Fábrica o taller,,Su casa,,home,,1407000130401,,Transporte de personal,,20,,hora:revision,,changed,,
4855,1,140980001053A,Hombres,31,Empleado,,2,07:00 → 19:00,,Regresar a Casa,,Su casa,,,,1407000130401,,home,,Transporte de personal,,20,,hora:revision,,changed,,Corrección AM/PM: se reporta 7:00 y por la secuencia del día corresponde a 19:00. El origen se encadena con el destino del viaje 1 (Fábrica o taller en 1407000130401).
4915,3,1410100010768,Hombres,15,Estudiante,,1,06:45,,Estudiar,,Escuela,,Su casa,,home,,home,,A PIE,,15,,,,,,
4915,3,1410100010768,Hombres,15,Estudiante,,2,13:10,,Otros (especifique),,Su casa → Otros (especifique),,,,home,,home,,A PIE,,15,,tipo_destino:revision,,changed,,"El origen se encadena con el destino del viaje 1 (Escuela en la zona del hogar). El tipo de destino “Su casa” no puede corresponder a una actividad; se sustituye por “Otros (especifique)”, tomado de otros viajes de la persona con el mismo motivo o del uso habitual del motivo “Otros (especifique)”."
4915,3,1410100010768,Hombres,15,Estudiante,,3,21:30,,Regresar a Casa,,Su casa,,,,home,,home,,A PIE,,5,,,,,,
4915,3,1410100010768,Hombres,15,Estudiante,,4,21:50,,Regresar a Casa,,Su casa,,Su casa,,home,,home,,A PIE,,15,,,,dropped,,
4922,2,1403900012728,Hombres,19,Empleado,,1,07:03,,Llevar o recoger a alguien,,Otra vivienda,,Su casa,,home,,1403900012713,,A PIE,,8,,,,,,
4922,2,1403900012728,Hombres,19,Empleado,,2,07:16,,Regresar a Casa,,Su casa,,,,1403900012713,,home,,A PIE,,8,,,,,,
4922,2,1403900012728,Hombres,19,Empleado,,3,17:15 → 07:24,,Trabajar,,"Comercio, mercado, tienda o centro comercial",,,,home,,1403900012569,,Bicicleta,,15,,hora:-10h;hora:llegada,,changed,,
4922,2,1403900012728,Hombres,19,Empleado,,4,15:15 → 17:30,,Regresar a Casa,,Su casa,,,,1403900012569,,home,,Bicicleta,,15,,hora:revision,,changed,,"La hora de salida pasa de 15:15 a 17:30 para que el viaje ocurra después de la llegada del anterior. El origen se encadena con el destino del viaje 3 (Comercio, mercado, tienda o centro comercial en 1403900012569)."
4922,2,1403900012728,Hombres,19,Empleado,,5,16:30 → 18:30,,"Compras (bienes, productos y servicios)",,"Comercio, mercado, tienda o centro comercial",,,,home,,1403900012427,,TREN LIGERO,,25,,hora:revision,,changed,,
4922,2,1403900012728,Hombres,19,Empleado,,6,20:00,,Regresar a Casa,,Su casa,,,,1403900012427,,home,,Taxi,,10,,,,,,
4949,2,1409800011222,Mujeres,66,Empleado,,1,06:45,,Regresar a Casa,,Su casa,,"Hospital, clínica, consultorio, laboratorio clínico",,140390001101A,,home,,AUTOMÓVIL PARTICULAR,,45,,,inicio_fuera_de_casa,,,
4949,2,1409800011222,Mujeres,66,Empleado,,2,11:46,,Regresar a Casa,,Su casa,,"Hospital, clínica, consultorio, laboratorio clínico",,home,,140390001101A,,AUTOMÓVIL PARTICULAR,,45,,,,dropped,,
4949,2,1409800011222,Mujeres,66,Empleado,,3,19:14,,Compras (comida),,"Comercio, mercado, tienda o centro comercial",,,,140390001101A → home,,140390001101A,,A PIE,,8,,origen:casa,,changed,,
4949,2,1409800011222,Mujeres,66,Empleado,,4,19:26,,Regresar a Casa,,Su casa,,,,140390001101A,,140390001101A → home,,A PIE,,8,,destino:revision,,changed,,"El origen se encadena con el destino del viaje 3 (Comercio, mercado, tienda o centro comercial en 140390001101A). El destino pasa de 140390001101A a la zona del hogar: esa AGEB funciona como “Su casa” dentro de la cadena, es una discrepancia de geocodificación."
4962,1,1403900013707,Hombres,78,Trabajador independiente,,1,09:00,,Trabajar,,Otra vivienda,,Su casa,,home,,1407000130401,,AUTOMÓVIL PARTICULAR,,40,,,,,,
4962,1,1403900013707,Hombres,78,Trabajador independiente,,2,23:00 → 11:00,,Trabajar,,"Comercio, mercado, tienda o centro comercial",,,,1407000130401,,1409800011928,,AUTOMÓVIL PARTICULAR,,30,,hora:revision,,changed,,Corrección AM/PM: se reporta 23:00 y por la secuencia del día corresponde a 11:00. El origen se encadena con el destino del viaje 1 (Otra vivienda en 1407000130401).
4962,1,1403900013707,Hombres,78,Trabajador independiente,,3,13:00,,Trabajar,,Fábrica o taller,,,,1409800011928,,1403900012569,,AUTOMÓVIL PARTICULAR,,40,,,,,,
4962,1,1403900013707,Hombres,78,Trabajador independiente,,4,15:20,,Trabajar,,Centro cultural o área recreativa,,,,1403900012569,,1403900013641,,AUTOMÓVIL PARTICULAR,,40,,,,,,
4962,1,1403900013707,Hombres,78,Trabajador independiente,,5,17:20,,Regresar a Casa,,Su casa,,,,1403900013641,,home,,AUTOMÓVIL PARTICULAR,,50,,,,,,
4968,2,1403900012304,Hombres,53,Empleado,,1,07:00,,Trabajar,,"Comercio, mercado, tienda o centro comercial",,Su casa,,home,,1409800010879,,TREN LIGERO,,12,,,,,,
4968,2,1403900012304,Hombres,53,Empleado,,2,19:00,,Trabajar → Regresar a Casa,,Su casa,,,,1409800010879,,home,,CAMIÓN O AUTOBÚS,,20,,motivo:revision,,changed,,"El motivo pasa de “Trabajar” a Regresar a Casa: el viaje llega a “Su casa” en la zona del hogar viniendo de otra actividad, así que es el regreso y no una actividad nueva. El origen se encadena con el destino del viaje 1 (Comercio, mercado, tienda o centro comercial en 1409800010879)."
4968,2,1403900012304,Hombres,53,Empleado,,3,20:38,,Regresar a Casa,,Su casa,,,,home,,home,,CAMIÓN O AUTOBÚS,,20,,,regreso_en_casa,,,
4977,4,1410100010768,Hombres,15,Estudiante,,1,06:40,,Estudiar,,Escuela,,Su casa,,home,,home,,A PIE,,15,,,,,,
4977,4,1410100010768,Hombres,15,Estudiante,,2,13:12,,Otros (especifique),,Su casa → Otros (especifique),,,,home,,home,,A PIE,,15,,tipo_destino:revision,,changed,,"El origen se encadena con el destino del viaje 1 (Escuela en la zona del hogar). El tipo de destino “Su casa” no puede corresponder a una actividad; se sustituye por “Otros (especifique)”, tomado de otros viajes de la persona con el mismo motivo o del uso habitual del motivo “Otros (especifique)”."
4977,4,1410100010768,Hombres,15,Estudiante,,3,21:26,,Regresar a Casa,,Su casa,,,,home,,home,,A PIE,,5,,,,,,
4977,4,1410100010768,Hombres,15,Estudiante,,4,21:42,,Regresar a Casa,,Su casa,,Su casa,,home,,home,,A PIE,,15,,,,dropped,,
4978,2,1410100010768,Hombres,36,Empleado,,1,12:30,,Trabajar,,Fábrica o taller,,Su casa,,home,,1407000130401,,Transporte de personal,,60,,,,,,
4978,2,1410100010768,Hombres,36,Empleado,,2,16:10,,Compras (comida),,"Su casa → Comercio, mercado, tienda o centro comercial",,,,1407000130401,,home,,Transporte de personal,,60,,tipo_destino:revision,,changed,,"El origen se encadena con el destino del viaje 1 (Fábrica o taller en 1407000130401). El tipo de destino “Su casa” no puede corresponder a una actividad; se sustituye por “Comercio, mercado, tienda o centro comercial”, tomado de otros viajes de la persona con el mismo motivo o del uso habitual del motivo “Compras (comida)”."
4978,2,1410100010768,Hombres,36,Empleado,,3,18:00,,Compras (comida),,Otra vivienda,,,,home,,1403900014211,,CAMIÓN O AUTOBÚS,,10,,,,,,
4978,2,1410100010768,Hombres,36,Empleado,,4,19:20,,Regresar a Casa,,Su casa,,,,1403900014211,,home,,CAMIÓN O AUTOBÚS,,10,,,,,,
4978,2,1410100010768,Hombres,36,Empleado,,5,20:45,,Compras (comida),,"Comercio, mercado, tienda o centro comercial",,,,home,,home,,A PIE,,3,,,,,,
4978,2,1410100010768,Hombres,36,Empleado,,6,20:55,,Regresar a Casa,,Su casa,,,,home,,home,,A PIE,,3,,,,,,
4980,2,1403900012728,Mujeres,28,Hogar,,1,10:00,,Compras (comida),,"Comercio, mercado, tienda o centro comercial",,Su casa,,home,,home,,AUTOMÓVIL PARTICULAR,,10,,,,,,
4980,2,1403900012728,Mujeres,28,Hogar,,2,23:15 → 11:15,,"Compras (bienes, productos y servicios)",,"Comercio, mercado, tienda o centro comercial",,,,home,,1403900011359,,AUTOMÓVIL PARTICULAR,,25,,hora:revision,,changed,,"Corrección AM/PM: se reporta 23:15 y por la secuencia del día corresponde a 11:15. El origen se encadena con el destino del viaje 1 (Comercio, mercado, tienda o centro comercial en la zona del hogar)."
4980,2,1403900012728,Mujeres,28,Hogar,,3,13:30,,Regresar a Casa,,Su casa,,,,1403900011359,,home,,AUTOMÓVIL PARTICULAR,,30,,,,,,
4980,2,1403900012728,Mujeres,28,Hogar,,4,16:30,,Visitar a alguien,,Otra vivienda,,,,home,,1403900015328,,AUTOMÓVIL PARTICULAR,,25,,,,,,
4980,2,1403900012728,Mujeres,28,Hogar,,5,21:00,,Regresar a Casa,,Su casa,,,,1403900015328,,home,,AUTOMÓVIL PARTICULAR,,30,,,,,,
4992,2,1410100011592,Mujeres,51,Hogar,,1,10:00,,"Compras (bienes, productos y servicios)",,"Comercio, mercado, tienda o centro comercial",,Su casa,,home,,home,,A PIE,,5,,,,,,
4992,2,1410100011592,Mujeres,51,Hogar,,2,10:20,,"Regresar a Casa → Compras (bienes, productos y servicios)",,Su casa,,,,home,,1410100010679,,A PIE,,5,,motivo:revision,actividad_en_casa,changed,,"El motivo pasa de Regresar a Casa a “Compras (bienes, productos y servicios)”: la persona ya estaba en casa y el viaje va hacia la AGEB 1410100010679, de modo que es un viaje de ida y no el regreso. El origen se encadena con el destino del viaje 1 (Comercio, mercado, tienda o centro comercial en la zona del hogar)."
4992,2,1410100011592,Mujeres,51,Hogar,,3,14:00,,"Compras (bienes, productos y servicios)",,"Comercio, mercado, tienda o centro comercial",,,,1410100010679,,1410100010679,,CAMIÓN O AUTOBÚS,,15,,,,,,
4992,2,1410100011592,Mujeres,51,Hogar,,4,16:00,,Regresar a Casa,,Su casa,,,,1410100010679,,home,,CAMIÓN O AUTOBÚS,,15,,,,,,
4992,2,1410100011592,Mujeres,51,Hogar,,5,19:07,,Compras (comida),,"Comercio, mercado, tienda o centro comercial",,,,home,,home,,A PIE,,14,,,,,,
4992,2,1410100011592,Mujeres,51,Hogar,,6,19:27,,Regresar a Casa,,Su casa,,,,home,,home,,A PIE,,14,,,,,,
5029,1,1409800013394,Hombres,53,Empleado,,1,07:00,,Trabajar,,Oficina,,Su casa,,1409800010879 → home,,1409800010879,,CAMIÓN O AUTOBÚS,,50,,origen:copia,,changed,,
5029,1,1409800013394,Hombres,53,Empleado,,2,06:43 → 16:43,,Regresar a Casa,,Su casa,,,,1409800010879,,home,,AUTOMÓVIL PARTICULAR,,50,,hora:revision,,changed,,Error de dígito en la hora: se reporta 6:43 y la cadena solo cierra con 16:43. El origen se encadena con el destino del viaje 1 (Oficina en 1409800010879).
5029,1,1409800013394,Hombres,53,Empleado,,3,08:18 → 18:18,,Trabajar,,Oficina,,,,home,,1409800010879,,AUTOMÓVIL PARTICULAR,,50,,hora:revision,,changed,,
5029,1,1409800013394,Hombres,53,Empleado,,4,08:00 → 20:00,,Regresar a Casa,,Su casa,,,,1409800010879,,home,,AUTOMÓVIL PARTICULAR,,50,,hora:revision,,changed,,Corrección AM/PM: se reporta 8:00 y por la secuencia del día corresponde a 20:00. El origen se encadena con el destino del viaje 3 (Oficina en 1409800010879).
5029,1,1409800013394,Hombres,53,Empleado,,5,18:04 → 20:50,,Compras (comida),,"Comercio, mercado, tienda o centro comercial",,,,home,,1409800013055,,A PIE,,1,,hora:revision,,changed,,
5029,1,1409800013394,Hombres,53,Empleado,,6,18:06 → 20:51,,Regresar a Casa,,Su casa,,,,1409800013055,,home,,A PIE,,1,,hora:revision,,changed,,"La salida se recorre de 18:06 a 20:51, que es la hora a la que llega el viaje anterior (20:50 + 1 min de traslado): tal como estaba, el viaje empezaba antes de haber llegado. El origen se encadena con el destino del viaje 5 (Comercio, mercado, tienda o centro comercial en 1409800013055)."
5086,1,1410100011130,Mujeres,40,Empleado,,1,07:30,,Llevar o recoger a alguien,,Escuela,,Su casa,,home,,1410100010471,,A PIE,,10,,,,,,
5086,1,1410100011130,Mujeres,40,Empleado,,2,08:00,,Regresar a Casa,,Su casa,,,,1410100010471,,home,,A PIE,,10,,,,,,
5086,1,1410100011130,Mujeres,40,Empleado,,3,12:30,,Llevar o recoger a alguien,,Escuela,,,,home,,1410100010471,,A PIE,,10,,,,,,
5086,1,1410100011130,Mujeres,40,Empleado,,4,12:45,,Regresar a Casa → Trabajar,,Su casa,,,,1410100010471,,1412000016758,,A PIE,,10,,motivo:revision,actividad_en_casa,changed,,"El motivo pasa de Regresar a Casa a “Trabajar”: la persona ya estaba en casa y el viaje va hacia la AGEB 1412000016758, de modo que es un viaje de ida y no el regreso. El origen se encadena con el destino del viaje 3 (Escuela en 1410100010471)."
5086,1,1410100011130,Mujeres,40,Empleado,,5,12:55,,Trabajar,,Fábrica o taller,,,,1412000016758,,1412000016758,,Transporte de personal,,100,,,,,,
5086,1,1410100011130,Mujeres,40,Empleado,,6,23:10,,Regresar a Casa,,Su casa,,,,1412000016758,,home,,Transporte de personal,,100,,,,,,
5169,3,1410100010679,Mujeres,22,Empleado,,1,06:00,,Trabajar,,Fábrica o taller,,Su casa,,home,,1409800010262,,CAMIÓN O AUTOBÚS,,30,,,,,,
5169,3,1410100010679,Mujeres,22,Empleado,,2,15:00,,Guardería → Llevar o recoger a alguien,,Escuela,,,,1409800010262,,1410100010946,,CAMIÓN O AUTOBÚS,,40,,motivo:revision,,changed,,El motivo “Guardería” se registra como acompañamiento: la encuesta lo usa tanto para quien asiste como para quien lleva o recoge. El origen se encadena con el destino del viaje 1 (Fábrica o taller en 1409800010262).
5169,3,1410100010679,Mujeres,22,Empleado,,3,16:30,,Regresar a Casa,,Su casa,,,,1410100010946,,home,,CAMIÓN O AUTOBÚS,,25,,,,,,
5203,1,1410100010471,Hombres,53,Empleado,,1,06:00,,Trabajar,,"Comercio, mercado, tienda o centro comercial",,Su casa,,1403900010929 → home,,1403900010929,,CAMIÓN O AUTOBÚS,,75,,origen:copia,,changed,,
5203,1,1410100010471,Hombres,53,Empleado,,2,14:23,,Regresar a Casa,,Su casa,,,,1403900010929,,1403900010929 → home,,CAMIÓN O AUTOBÚS,,35,,destino:revision,,changed,,"El origen se encadena con el destino del viaje 1 (Comercio, mercado, tienda o centro comercial en 1403900010929). El destino pasa de 1403900010929 a la zona del hogar: esa AGEB funciona como “Su casa” dentro de la cadena, es una discrepancia de geocodificación."
5203,1,1410100010471,Hombres,53,Empleado,,3,16:47,,Trabajar,,"Comercio, mercado, tienda o centro comercial",,,,1403900010929 → home,,1403900010929,,CAMIÓN O AUTOBÚS,,40,,origen:revision,,changed,,
5203,1,1410100010471,Hombres,53,Empleado,,4,18:00,,Regresar a Casa,,Su casa,,,,1403900010929,,home,,CAMIÓN O AUTOBÚS,,85,,,,,,
5233,2,1410100341978,Hombres,23,Estudiante,,1,08:00,,Estudiar,,Oficina,,Su casa,,home,,1403900011359,,AUTOMÓVIL PARTICULAR,,30,,,,,,
5233,2,1410100341978,Hombres,23,Estudiante,,2,13:30,,Regresar a Casa → Estudiar,,Su casa,,,,1403900011359,,1409800010506,,AUTOMÓVIL PARTICULAR,,30,,motivo:revision,actividad_en_casa,changed,,"El motivo pasa de Regresar a Casa a “Estudiar”: la persona ya estaba en casa y el viaje va hacia la AGEB 1409800010506, de modo que es un viaje de ida y no el regreso. El origen se encadena con el destino del viaje 1 (Oficina en 1403900011359)."
5233,2,1410100341978,Hombres,23,Estudiante,,3,18:00,,Estudiar,,Escuela,,,,1409800010506,,1409800010506,,AUTOMÓVIL PARTICULAR,,20,,,,,,
5233,2,1410100341978,Hombres,23,Estudiante,,4,21:30,,Regresar a Casa,,Su casa,,,,1409800010506,,home,,AUTOMÓVIL PARTICULAR,,20,,,,,,
5265,3,141011963,Hombres,22,Empleado,,1,07:29,,Trabajar,,Fábrica o taller,,Su casa,,home,,1403900013976,,TREN LIGERO,,69,,,,,,
5265,3,141011963,Hombres,22,Empleado,,2,18:13 → 08:38,,Regresar a Casa,,Su casa,,,,1403900013976,,home,,TREN LIGERO,,75,,hora:revision,,changed,,"La salida se recorre de 18:13 a 08:38, que es la hora a la que llega el viaje anterior (7:29 + 69 min de traslado): tal como estaba, el viaje empezaba antes de haber llegado. El origen se encadena con el destino del viaje 1 (Fábrica o taller en 1403900013976)."
5265,3,141011963,Hombres,22,Empleado,,3,15:03,,Trabajar,,Fábrica o taller,,,,home,,1403900013976,,AUTOMÓVIL PARTICULAR,,40,,,,,,
5265,3,141011963,Hombres,22,Empleado,,4,16:27,,Regresar a Casa,,Su casa,,,,1403900013976,,home,,AUTOMÓVIL PARTICULAR,,60,,,,,,
5265,3,141011963,Hombres,22,Empleado,,5,17:21 → 17:27,,Llevar o recoger a alguien,,Escuela,,,,home,,1410100342463,,A PIE,,10,,hora:llegada,,changed,,
5265,3,141011963,Hombres,22,Empleado,,6,17:33 → 17:37,,Regresar a Casa,,Su casa,,,,1410100342463,,home,,A PIE,,10,,hora:llegada,,changed,,
5272,1,1410100010912,Hombres,69,Empleado,,1,06:00,,Trabajar,,Otros (especifique),,Su casa,,home,,141240029,,AUTOMÓVIL PARTICULAR,,30,,,,,,
5272,1,1410100010912,Hombres,69,Empleado,,2,09:15,,"Compras (bienes, productos y servicios)",,"Su casa → Comercio, mercado, tienda o centro comercial",,,,141240029,,1410100010927,,AUTOMÓVIL PARTICULAR,,30,,tipo_destino:revision,,changed,,"El origen se encadena con el destino del viaje 1 (Otros (especifique) en 141240029). El tipo de destino “Su casa” no puede corresponder a una actividad; se sustituye por “Comercio, mercado, tienda o centro comercial”, tomado de otros viajes de la persona con el mismo motivo o del uso habitual del motivo “Compras (bienes, productos y servicios)”."
5272,1,1410100010912,Hombres,69,Empleado,,3,19:00,,Regresar a Casa,,Su casa,,,,1410100010927,,home,,AUTOMÓVIL PARTICULAR,,30,,,,,,
5301,4,1410100011164,Mujeres,60,Hogar,,1,08:00,,Compras (comida),,"Comercio, mercado, tienda o centro comercial",,Su casa,,home,,home,,A PIE,,5,,,,,,
5301,4,1410100011164,Mujeres,60,Hogar,,2,09:00,,Compras (comida),,Su casa → Otros (especifique),,,,home,,home,,A PIE,,10,,tipo_destino:revision,fin_fuera_de_casa,changed,,"El origen se encadena con el destino del viaje 1 (Comercio, mercado, tienda o centro comercial en la zona del hogar). El tipo de destino “Su casa” no puede corresponder a una actividad; se sustituye por “Otros (especifique)”, tomado de otros viajes de la persona con el mismo motivo o del uso habitual del motivo “Compras (comida)”."
5365,2,1410100220113,Hombres,42,Empleado,,1,07:07,,Deportes o recreación,,"Deportivo, gimnasio",,Su casa,,home,,home,,A PIE,,10,,,,,,
5365,2,1410100220113,Hombres,42,Empleado,,2,07:24,,Regresar a Casa,,Su casa,,,,home,,home,,A PIE,,10,,,,,,
5365,2,1410100220113,Hombres,42,Empleado,,3,20:00 → 08:00,,Trabajar,,Otros (especifique),,,,home,,141240090,,AUTOMÓVIL PARTICULAR,,10,,hora:revision,,changed,,
5365,2,1410100220113,Hombres,42,Empleado,,4,15:35,,Regresar a Casa,,Su casa,,,,141240090,,home,,AUTOMÓVIL PARTICULAR,,10,,,,,,
5365,2,1410100220113,Hombres,42,Empleado,,5,17:25,,Trabajar,,Otros (especifique),,,,home,,141240090,,AUTOMÓVIL PARTICULAR,,10,,,,,,
5365,2,1410100220113,Hombres,42,Empleado,,6,16:00 → 18:00,,Regresar a Casa,,Su casa,,,,141240090,,home,,AUTOMÓVIL PARTICULAR,,10,,hora:revision,,changed,,Desfase de dos horas al capturar: 16:00 se lee como 18:00. El origen se encadena con el destino del viaje 5 (Otros (especifique) en 141240090).
5443,1,1410100010950,Mujeres,41,Hogar,,1,17:30,,Deportes o recreación,,"Comercio, mercado, tienda o centro comercial",,Su casa,,1410100010927 → home,,1410100010927,,CAMIÓN O AUTOBÚS,,5,,origen:copia,,changed,,
5443,1,1410100010950,Mujeres,41,Hogar,,2,18:10,,Regresar a Casa,,Su casa,,,,1410100010927,,home,,CAMIÓN O AUTOBÚS,,5,,,,,,
5443,1,1410100010950,Mujeres,41,Hogar,,3,21:30,,Compras (comida),,"Comercio, mercado, tienda o centro comercial",,,,home,,1410100010927,,A PIE,,2,,,,,,
5443,1,1410100010950,Mujeres,41,Hogar,,4,21:35,,Hacer un trámite,,Su casa → Otros (especifique),,,,1410100010927,,home,,A PIE,,2,,tipo_destino:revision,,changed,,"El origen se encadena con el destino del viaje 3 (Comercio, mercado, tienda o centro comercial en 1410100010927). El tipo de destino “Su casa” no puede corresponder a una actividad; se sustituye por “Otros (especifique)”, tomado de otros viajes de la persona con el mismo motivo o del uso habitual del motivo “Hacer un trámite”."
5443,1,1410100010950,Mujeres,41,Hogar,,5,19:51 → 21:51,,Regresar a Casa,,Su casa,,,,home,,home,,A PIE,,2,,hora:-10h+12h,,changed,,
5444,2,1410100010950,Mujeres,25,Hogar,,1,10:00,,Compras (comida),,"Comercio, mercado, tienda o centro comercial",,Su casa,,home,,1410100010927,,Mototaxi,,10,,,,,,
5444,2,1410100010950,Mujeres,25,Hogar,,2,13:00,,Regresar a Casa,,Su casa,,,,1410100010927,,home,,Mototaxi,,10,,,,,,
5444,2,1410100010950,Mujeres,25,Hogar,,3,16:00,,Compras (comida),,"Comercio, mercado, tienda o centro comercial",,,,home,,home,,A PIE,,5,,,,,,
5444,2,1410100010950,Mujeres,25,Hogar,,4,16:15,,Regresar a Casa,,Su casa,,,,home,,home,,A PIE,,5,,,,,,
5444,2,1410100010950,Mujeres,25,Hogar,,5,20:30,,Compras (comida),,"Comercio, mercado, tienda o centro comercial",,,,home,,home,,A PIE,,5,,,,,,
5444,2,1410100010950,Mujeres,25,Hogar,,6,20:15 → 20:35,,Regresar a Casa,,Su casa,,,,home,,home,,A PIE,,5,,hora:revision,,changed,,"La salida se recorre de 20:15 a 20:35, que es la hora a la que llega el viaje anterior (20:30 + 5 min de traslado): tal como estaba, el viaje empezaba antes de haber llegado. El origen se encadena con el destino del viaje 5 (Comercio, mercado, tienda o centro comercial en la zona del hogar)."
5469,1,1410100092213,Hombres,38,Trabajador independiente,,1,08:00,,Trabajar,,"Comercio, mercado, tienda o centro comercial",,Su casa,,home,,1403900013656,,AUTOMÓVIL PARTICULAR,,50,,,,,,
5469,1,1410100092213,Hombres,38,Trabajador independiente,,2,08:00 → 18:00,,Regresar a Casa,,Su casa,,,,1403900013656,,home,,AUTOMÓVIL PARTICULAR,,50,,hora:revision,,changed,,"Error de dígito en la hora: se reporta 8:00 y la cadena solo cierra con 18:00. El origen se encadena con el destino del viaje 1 (Comercio, mercado, tienda o centro comercial en 1403900013656)."
5469,1,1410100092213,Hombres,38,Trabajador independiente,,3,18:20 → 20:20,,Llevar o recoger a alguien,,Otra vivienda,,,,home,,home,,A PIE,,13,,hora:revision,,changed,,
5469,1,1410100092213,Hombres,38,Trabajador independiente,,4,18:42 → 20:42,,Regresar a Casa,,Su casa,,,,home,,home,,A PIE,,13,,hora:revision,,changed,,Desfase de dos horas al capturar: 18:42 se lee como 20:42. El origen se encadena con el destino del viaje 3 (Otra vivienda en la zona del hogar).
5481,1,1410100091677,Mujeres,33,Trabajador independiente,,1,07:00,,Estudiar,,Escuela,,Su casa,,home,,1410100010147,,AUTOMÓVIL PARTICULAR,,25,,,,,,
5481,1,1410100091677,Mujeres,33,Trabajador independiente,,2,12:00,,Regresar a Casa,,Su casa,,,,1410100010147,,home,,AUTOMÓVIL PARTICULAR,,25,,,,,,
5481,1,1410100091677,Mujeres,33,Trabajador independiente,,3,16:00,,Compras (comida),,"Comercio, mercado, tienda o centro comercial",,,,home,,1410100092124,,A PIE,,5,,,,,,
5481,1,1410100091677,Mujeres,33,Trabajador independiente,,4,16:10,,Regresar a Casa → Compras (comida),,Su casa,,,,1410100092124,,1410100092196,,A PIE,,5,,motivo:revision,actividad_en_casa,changed,,"El motivo pasa de Regresar a Casa a “Compras (comida)”: la persona ya estaba en casa y el viaje va hacia la AGEB 1410100092196, de modo que es un viaje de ida y no el regreso. El origen se encadena con el destino del viaje 3 (Comercio, mercado, tienda o centro comercial en 1410100092124)."
5481,1,1410100091677,Mujeres,33,Trabajador independiente,,5,18:24,,Compras (comida),,"Comercio, mercado, tienda o centro comercial",,,,1410100092196,,1410100092196,,A PIE,,1,,,,,,
5481,1,1410100091677,Mujeres,33,Trabajador independiente,,6,18:33,,Regresar a Casa,,Su casa,,,,1410100092196,,1410100092196 → home,,A PIE,,1,,destino:revision,,changed,,"El origen se encadena con el destino del viaje 5 (Comercio, mercado, tienda o centro comercial en 1410100092196). El destino pasa de 1410100092196 a la zona del hogar: esa AGEB funciona como “Su casa” dentro de la cadena, es una discrepancia de geocodificación."
5506,2,1410100010630,Hombres,46,Empleado,,1,07:00,,Trabajar,,"Comercio, mercado, tienda o centro comercial",,Su casa,,1403900011397 → home,,1412000011009,,CAMIÓN O AUTOBÚS,,40,,origen:revision,,changed,,
5506,2,1410100010630,Hombres,46,Empleado,,2,14:22,,Regresar a Casa → Trabajar,,Su casa,,,,1412000011009,,1403900011397,,CAMIÓN O AUTOBÚS,,45,,motivo:revision,actividad_en_casa,changed,,"El motivo pasa de Regresar a Casa a “Trabajar”: la persona ya estaba en casa y el viaje va hacia la AGEB 1403900011397, de modo que es un viaje de ida y no el regreso. El origen se encadena con el destino del viaje 1 (Comercio, mercado, tienda o centro comercial en 1412000011009)."
5506,2,1410100010630,Hombres,46,Empleado,,3,16:58,,Trabajar,,"Comercio, mercado, tienda o centro comercial",,,,1403900011397,,1412000011009,,CAMIÓN O AUTOBÚS,,40,,,,,,
5506,2,1410100010630,Hombres,46,Empleado,,4,18:00,,Regresar a Casa,,Su casa,,,,1412000011009,,home,,CAMIÓN O AUTOBÚS,,45,,,,,,
5521,4,1410100010594,Mujeres,20,Hogar,,1,07:50,,Llevar o recoger a alguien,,Escuela,,Su casa,,home,,1410100011997,,A PIE,,5,,,,,,
5521,4,1410100010594,Mujeres,20,Hogar,,2,08:00,,Regresar a Casa,,Su casa,,,,1410100011997,,1410100011997 → home,,A PIE,,5,,destino:revision,,changed,,"El origen se encadena con el destino del viaje 1 (Escuela en 1410100011997). El destino pasa de 1410100011997 a la zona del hogar: esa AGEB funciona como “Su casa” dentro de la cadena, es una discrepancia de geocodificación."
5521,4,1410100010594,Mujeres,20,Hogar,,3,12:00,,Llevar o recoger a alguien,,Escuela,,,,1410100011997 → home,,1410100011997,,A PIE,,5,,origen:revision,,changed,,
5521,4,1410100010594,Mujeres,20,Hogar,,4,12:20,,Regresar a Casa,,Su casa,,,,1410100011997,,home,,A PIE,,5,,,,,,
5523,2,1410100092393,Mujeres,27,Hogar,,1,07:30,,Guardería → Llevar o recoger a alguien,,Escuela,,Su casa,,home,,1410100010927,,AUTOMÓVIL PARTICULAR,,20,,motivo:revision,,changed,,
5523,2,1410100092393,Mujeres,27,Hogar,,2,08:15,,Trabajar,,"Comercio, mercado, tienda o centro comercial",,,,1410100010927,,1409800010879,,AUTOMÓVIL PARTICULAR,,40,,,,,,
5523,2,1410100092393,Mujeres,27,Hogar,,3,17:00,,Guardería → Llevar o recoger a alguien,,Escuela,,,,1409800010879,,1410100010927,,AUTOMÓVIL PARTICULAR,,45,,motivo:revision,,changed,,"El motivo “Guardería” se registra como acompañamiento: la encuesta lo usa tanto para quien asiste como para quien lleva o recoge. El origen se encadena con el destino del viaje 2 (Comercio, mercado, tienda o centro comercial en 1409800010879)."
5523,2,1410100092393,Mujeres,27,Hogar,,4,19:00,,Regresar a Casa,,Su casa,,,,1410100010927,,home,,AUTOMÓVIL PARTICULAR,,20,,,,,,
5531,4,1410100010611,Hombres,40,,,1,08:00,,Regresar a Casa,,Su casa,,Oficina,,1403900011537,,home,,MOTOCICLETA,,15,,,inicio_fuera_de_casa,,,
5531,4,1410100010611,Hombres,40,,,2,13:01,,Regresar a Casa,,Su casa,,Oficina,,home,,1403900011537,,MOTOCICLETA,,15,,,,dropped,,
5531,4,1410100010611,Hombres,40,,,3,18:00,,Llevar o recoger a alguien,,Otra vivienda,,,,1403900011537 → home,,1410100010202,,A PIE,,8,,origen:casa,,changed,,
5531,4,1410100010611,Hombres,40,,,4,18:18,,Regresar a Casa → Trabajar,,Su casa,,,,1410100010202,,1403900011537,,A PIE,,8,,motivo:revision,fin_fuera_de_casa;actividad_en_casa,changed,,"El motivo pasa de Regresar a Casa a “Trabajar”: la persona ya estaba en casa y el viaje va hacia la AGEB 1403900011537, de modo que es un viaje de ida y no el regreso. El origen se encadena con el destino del viaje 3 (Otra vivienda en 1410100010202)."
5568,1,1410100091677,Mujeres,70,Jubilado o pensionado,,1,11:10,,"Compras (bienes, productos y servicios)",,"Comercio, mercado, tienda o centro comercial",,Su casa,,home,,1410100092196,,A PIE,,5,,,,,,
5568,1,1410100091677,Mujeres,70,Jubilado o pensionado,,2,11:20,,Regresar a Casa,,Su casa,,,,1410100092196,,home,,A PIE,,5,,,,,,
5568,1,1410100091677,Mujeres,70,Jubilado o pensionado,,3,14:00,,Compras (comida),,"Comercio, mercado, tienda o centro comercial",,,,home,,1410100092196,,A PIE,,5,,,,,,
5568,1,1410100091677,Mujeres,70,Jubilado o pensionado,,4,14:15,,Regresar a Casa,,Su casa,,,,1410100092196,,1410100092124 → home,,A PIE,,5,,destino:revision,,changed,,"El origen se encadena con el destino del viaje 3 (Comercio, mercado, tienda o centro comercial en 1410100092196). El destino pasa de 1410100092124 a la zona del hogar: esa AGEB funciona como “Su casa” dentro de la cadena, es una discrepancia de geocodificación."
5569,6,1410100010594,Mujeres,20,Trabajador independiente,,1,07:33,,Trabajar,,"Comercio, mercado, tienda o centro comercial",,Su casa,,home,,1410100011997,,AUTOMÓVIL PARTICULAR,,20,,,,,,
5569,6,1410100010594,Mujeres,20,Trabajador independiente,,2,19:24,,Compras (comida),,"Comercio, mercado, tienda o centro comercial",,,,1410100011997,,1410100011997,,A PIE,,10,,,,,,
5569,6,1410100010594,Mujeres,20,Trabajador independiente,,3,19:41,,Regresar a Casa,,Su casa,,,,1410100011997,,1410100011997 → home,,A PIE,,10,,destino:revision,,changed,,"El origen se encadena con el destino del viaje 2 (Comercio, mercado, tienda o centro comercial en 1410100011997). El destino pasa de 1410100011997 a la zona del hogar: esa AGEB funciona como “Su casa” dentro de la cadena, es una discrepancia de geocodificación."
5578,1,1410100091802,Mujeres,42,Hogar,,1,11:00,,"Compras (bienes, productos y servicios)",,Otros (especifique),,Su casa,,home,,1410100091450,,A PIE,,5,,,,,,
5578,1,1410100091802,Mujeres,42,Hogar,,2,11:10,,Pagar algún servicio o al banco,,"Comercio, mercado, tienda o centro comercial",,,,1410100091450,,1410100010912,,CAMIÓN O AUTOBÚS,,15,,,,,,
5578,1,1410100091802,Mujeres,42,Hogar,,3,14:00,,Regresar a Casa → Otros (especifique),,Otros (especifique),,,,1410100010912,,1410100091450,,A PIE,,10,,motivo:tipo_destino,,changed,,
5578,1,1410100091802,Mujeres,42,Hogar,,4,14:15,,Regresar a Casa,,Su casa,,,,1410100091450,,home,,CAMIÓN O AUTOBÚS,,15,,,,,,
5578,1,1410100091802,Mujeres,42,Hogar,,5,14:35,,Regresar a Casa → Otros (especifique),,Otros (especifique),,,,home,,1410100091450,,A PIE,,5,,motivo:tipo_destino,,changed,,
5578,1,1410100091802,Mujeres,42,Hogar,,6,18:03,,Compras (comida),,"Restaurante, bar, cafetería",,,,1410100091450,,1410100091450,,A PIE,,9,,,,,,
5578,1,1410100091802,Mujeres,42,Hogar,,7,18:13,,Regresar a Casa,,Su casa,,,,1410100091450,,1410100091450 → home,,A PIE,,9,,destino:revision,,changed,,"El origen se encadena con el destino del viaje 6 (Restaurante, bar, cafetería en 1410100091450). El destino pasa de 1410100091450 a la zona del hogar: esa AGEB funciona como “Su casa” dentro de la cadena, es una discrepancia de geocodificación."
5581,3,1410100010594,Hombres,34,Empleado,,1,21:00 → 09:00,,Trabajar,,"Hospital, clínica, consultorio, laboratorio clínico",,Su casa,,home,,1403900011359,,MOTOCICLETA,,30,,hora:revision,,changed,,
5581,3,1410100010594,Hombres,34,Empleado,,2,09:00 → 21:00,,Regresar a Casa,,Su casa,,,,1403900011359,,home,,MOTOCICLETA,,30,,hora:revision,,changed,,"Corrección AM/PM: se reporta 9:00 y por la secuencia del día corresponde a 21:00. El origen se encadena con el destino del viaje 1 (Hospital, clínica, consultorio, laboratorio clínico en 1403900011359)."
5617,1,1410100091910,Mujeres,66,Trabajador del campo,,1,06:45,,Hacer un trámite,,"Hospital, clínica, consultorio, laboratorio clínico",,Su casa,,141010001097A → home,,141010001097A,,AUTOMÓVIL PARTICULAR,,16,,origen:copia,,changed,,
5617,1,1410100091910,Mujeres,66,Trabajador del campo,,2,08:00,,Visitar a alguien,,Otra vivienda,,,,141010001097A,,1403900014476,,AUTOMÓVIL PARTICULAR,,40,,,,,,
5617,1,1410100091910,Mujeres,66,Trabajador del campo,,3,18:50,,Visitar a alguien,,Su casa → Otra vivienda,,,,1403900014476,,home,,AUTOMÓVIL PARTICULAR,,55,,tipo_destino:revision,,changed,,"El origen se encadena con el destino del viaje 2 (Otra vivienda en 1403900014476). El tipo de destino “Su casa” no puede corresponder a una actividad; se sustituye por “Otra vivienda”, tomado de otros viajes de la persona con el mismo motivo o del uso habitual del motivo “Visitar a alguien”."
5617,1,1410100091910,Mujeres,66,Trabajador del campo,,4,19:57,,Regresar a Casa,,Su casa,,,,home,,home,,AUTOMÓVIL PARTICULAR,,55,,,,,,
5633,2,1410100091677,Mujeres,29,Hogar,,1,08:12,,"Compras (bienes, productos y servicios)",,"Comercio, mercado, tienda o centro comercial",,Su casa,,home,,home,,A PIE,,9,,,,,,
5633,2,1410100091677,Mujeres,29,Hogar,,2,08:29,,Regresar a Casa,,Su casa,,,,home,,home,,A PIE,,9,,,,,,
5633,2,1410100091677,Mujeres,29,Hogar,,3,23:00 → 11:00,,Compras (comida),,"Comercio, mercado, tienda o centro comercial",,,,home,,1410100091465,,AUTOMÓVIL PARTICULAR,,10,,hora:revision,,changed,,
5633,2,1410100091677,Mujeres,29,Hogar,,4,23:45 → 11:45,,Compras (comida),,"Comercio, mercado, tienda o centro comercial",,,,1410100091465,,home,,AUTOMÓVIL PARTICULAR,,10,,hora:revision,,changed,,"Corrección AM/PM: se reporta 23:45 y por la secuencia del día corresponde a 11:45. El origen se encadena con el destino del viaje 3 (Comercio, mercado, tienda o centro comercial en 1410100091465)."
5633,2,1410100091677,Mujeres,29,Hogar,,5,12:50,,Regresar a Casa,,Su casa,,,,home,,home,,AUTOMÓVIL PARTICULAR,,15,,,,,,
5649,3,1410100091677,Mujeres,30,Hogar,,1,23:07 → 11:07,,Compras (comida),,"Comercio, mercado, tienda o centro comercial",,Su casa,,home,,1410100091465,,AUTOMÓVIL PARTICULAR,,10,,hora:revision,,changed,,
5649,3,1410100091677,Mujeres,30,Hogar,,2,23:36 → 11:36,,Compras (comida),,"Comercio, mercado, tienda o centro comercial",,,,1410100091465,,home,,AUTOMÓVIL PARTICULAR,,10,,hora:revision,,changed,,"Corrección AM/PM: se reporta 23:36 y por la secuencia del día corresponde a 11:36. El origen se encadena con el destino del viaje 1 (Comercio, mercado, tienda o centro comercial en 1410100091465)."
5649,3,1410100091677,Mujeres,30,Hogar,,3,12:46,,Regresar a Casa,,Su casa,,,,home,,home,,AUTOMÓVIL PARTICULAR,,15,,,,,,
5684,4,1410100092586,Mujeres,16,Desempleado,,1,11:00,,"Compras (bienes, productos y servicios)",,Otra vivienda,,Su casa,,home,,1410100091465,,CAMIÓN O AUTOBÚS,,5,,,,,,
5684,4,1410100092586,Mujeres,16,Desempleado,,2,23:45 → 11:45,,Regresar a Casa,,Su casa,,,,1410100091465,,home,,CAMIÓN O AUTOBÚS,,5,,hora:revision,,changed,,Corrección AM/PM: se reporta 23:45 y por la secuencia del día corresponde a 11:45. El origen se encadena con el destino del viaje 1 (Otra vivienda en 1410100091465).
5684,4,1410100092586,Mujeres,16,Desempleado,,3,20:30,,"Compras (bienes, productos y servicios)",,"Comercio, mercado, tienda o centro comercial",,,,home,,1410100092196,,A PIE,,4,,,,,,
5684,4,1410100092586,Mujeres,16,Desempleado,,4,20:37,,Regresar a Casa,,Su casa,,,,1410100092196,,home,,A PIE,,4,,,,,,
5710,5,1403900010204,Hombres,22,Empleado,,1,20:32 → 08:32,,Trabajar,,Fábrica o taller,,Su casa,,home,,1403900012605,,AUTOMÓVIL PARTICULAR,,35,,hora:revision,,changed,,
5710,5,1403900010204,Hombres,22,Empleado,,2,20:43 → 21:07,,Regresar a Casa,,Su casa,,,,1403900012605,,home,,AUTOMÓVIL PARTICULAR,,35,,hora:revision,,changed,,La hora de salida pasa de 20:43 a 21:07 para que el viaje ocurra después de la llegada del anterior. El origen se encadena con el destino del viaje 1 (Fábrica o taller en 1403900012605).
5710,5,1403900010204,Hombres,22,Empleado,,3,22:22 → 21:42,,Trabajar,,Fábrica o taller,,,,home,,1403900012605,,AUTOMÓVIL PARTICULAR,,35,,hora:revision,,changed,,
5710,5,1403900010204,Hombres,22,Empleado,,4,23:33,,Regresar a Casa,,Su casa,,,,1403900012605,,home,,AUTOMÓVIL PARTICULAR,,35,,,,,,
5734,2,1403900010204,Hombres,44,Empleado,,1,10:00,,Trabajar,,"Comercio, mercado, tienda o centro comercial",,Su casa,,home,,1403900010223,,AUTOMÓVIL PARTICULAR,,15,,,,,,
5734,2,1403900010204,Hombres,44,Empleado,,2,02:46 → 12:46,,Regresar a Casa,,Su casa,,,,1403900010223,,home,,AUTOMÓVIL PARTICULAR,,15,,hora:revision,,changed,,"Error de dígito en la hora: se reporta 2:46 y la cadena solo cierra con 12:46. El origen se encadena con el destino del viaje 1 (Comercio, mercado, tienda o centro comercial en 1403900010223)."
5734,2,1403900010204,Hombres,44,Empleado,,3,04:21 → 14:21,,Trabajar,,"Comercio, mercado, tienda o centro comercial",,,,home,,1403900010223,,AUTOMÓVIL PARTICULAR,,15,,hora:revision,,changed,,
5734,2,1403900010204,Hombres,44,Empleado,,4,01:00 → 16:36,,Regresar a Casa,,Su casa,,,,1403900010223,,home,,AUTOMÓVIL PARTICULAR,,15,,hora:revision,,changed,,"La hora de salida pasa de 1:00 a 16:36 para que el viaje ocurra después de la llegada del anterior. El origen se encadena con el destino del viaje 3 (Comercio, mercado, tienda o centro comercial en 1403900010223)."
5734,2,1403900010204,Hombres,44,Empleado,,5,18:10,,Deportes o recreación,,Centro cultural o área recreativa,,,,home,,home,,A PIE,,10,,,,,,
5734,2,1403900010204,Hombres,44,Empleado,,6,18:29,,Regresar a Casa,,Su casa,,,,home,,home,,A PIE,,10,,,,,,
5745,1,1403900013798,Mujeres,53,Empleado,,1,20:30 → 08:30,,Trabajar,,Fábrica o taller,,Su casa,,home,,1403900015328,,TREN LIGERO,,41,,hora:revision,,changed,,
5745,1,1403900013798,Mujeres,53,Empleado,,2,06:30 → 18:30,,Regresar a Casa,,Su casa,,,,1403900015328,,home,,CAMIÓN O AUTOBÚS,,30,,hora:revision,,changed,,Corrección AM/PM: se reporta 6:30 y por la secuencia del día corresponde a 18:30. El origen se encadena con el destino del viaje 1 (Fábrica o taller en 1403900015328).
5750,1,1403900013891,Hombres,68,Jubilado o pensionado,,1,08:00,,Trabajar,,Oficina,,Su casa,,1403900015597 → home,,home,,CAMIÓN O AUTOBÚS,,15,,origen:revision,,changed,,
5750,1,1403900013891,Hombres,68,Jubilado o pensionado,,2,14:00,,"Regresar a Casa → Compras (bienes, productos y servicios)",,Su casa,,,,home,,1403900015597,,CAMIÓN O AUTOBÚS,,15,,motivo:revision,actividad_en_casa,changed,,"El motivo pasa de Regresar a Casa a “Compras (bienes, productos y servicios)”: la persona ya estaba en casa y el viaje va hacia la AGEB 1403900015597, de modo que es un viaje de ida y no el regreso. El origen se encadena con el destino del viaje 1 (Oficina en la zona del hogar)."
5750,1,1403900013891,Hombres,68,Jubilado o pensionado,,3,18:11,,Trabajar,,Oficina,,,,1403900015597,,home,,CAMIÓN O AUTOBÚS,,15,,,,,,
5750,1,1403900013891,Hombres,68,Jubilado o pensionado,,4,20:41,,"Regresar a Casa → Compras (bienes, productos y servicios)",,Su casa,,,,home,,1403900015597,,CAMIÓN O AUTOBÚS,,15,,motivo:revision,fin_fuera_de_casa;actividad_en_casa,changed,,"El motivo pasa de Regresar a Casa a “Compras (bienes, productos y servicios)”: la persona ya estaba en casa y el viaje va hacia la AGEB 1403900015597, de modo que es un viaje de ida y no el regreso. El origen se encadena con el destino del viaje 3 (Oficina en la zona del hogar)."
5795,1,1403900013798,Hombres,83,Desempleado,,1,10:00,,"Compras (bienes, productos y servicios)",,"Comercio, mercado, tienda o centro comercial",,Su casa,,home,,1410100010931,,CAMIÓN O AUTOBÚS,,30,,,,,,
5795,1,1403900013798,Hombres,83,Desempleado,,2,14:00,,Regresar a Casa,,Su casa,,,,1410100010931,,1410100010931 → home,,CAMIÓN O AUTOBÚS,,20,,destino:revision,,changed,,"El origen se encadena con el destino del viaje 1 (Comercio, mercado, tienda o centro comercial en 1410100010931). El destino pasa de 1410100010931 a la zona del hogar: esa AGEB funciona como “Su casa” dentro de la cadena, es una discrepancia de geocodificación."
5833,1,1403900013482,Mujeres,38,Empleado,,1,07:55,,Llevar o recoger a alguien,,Escuela,,Su casa,,home,,1403900013923,,MI MACRO,,50 → 20,,minutos:revision,,changed,,
5833,1,1403900013482,Mujeres,38,Empleado,,2,08:05 → 08:45,,Regresar a Casa,,Su casa,,,,1403900013923,,home,,CAMIÓN O AUTOBÚS,,20,,hora:revision,,changed,,"La salida se recorre de 8:05 a 08:45, que es la hora a la que llega el viaje anterior (7:55 + 50 min de traslado): tal como estaba, el viaje empezaba antes de haber llegado. El origen se encadena con el destino del viaje 1 (Escuela en 1403900013923)."
5833,1,1403900013482,Mujeres,38,Empleado,,3,12:25,,Llevar o recoger a alguien,,Escuela,,,,home,,1403900013923,,A PIE,,5,,,,,,
5833,1,1403900013482,Mujeres,38,Empleado,,4,12:35,,Regresar a Casa,,Su casa,,,,1403900013923,,home,,A PIE,,5,,,,,,
5833,1,1403900013482,Mujeres,38,Empleado,,5,16:00,,Trabajar,,"Comercio, mercado, tienda o centro comercial",,,,home,,1403900011359,,MI MACRO,,60,,,,,,
5833,1,1403900013482,Mujeres,38,Empleado,,6,21:00,,Regresar a Casa,,Su casa,,,,1403900011359,,home,,MI MACRO,,60,,,,,,
5834,2,1403900010238,Hombres,33,Empleado,,1,13:00 → 01:00,,Trabajar,,"Restaurante, bar, cafetería",,Su casa,,140390001158A → home,,140390001158A,,AUTOMÓVIL PARTICULAR,,50,,origen:copia;hora:revision,,changed,,
5834,2,1403900010238,Hombres,33,Empleado,,2,10:45,,Regresar a Casa,,Su casa,,,,140390001158A,,home,,AUTOMÓVIL PARTICULAR,,40,,,,,,
5834,2,1403900010238,Hombres,33,Empleado,,3,12:15,,Trabajar,,"Restaurante, bar, cafetería",,,,home,,140390001158A,,AUTOMÓVIL PARTICULAR,,50,,,,,,
5834,2,1403900010238,Hombres,33,Empleado,,4,12:00 → 14:00,,Regresar a Casa,,Su casa,,,,140390001158A,,home,,AUTOMÓVIL PARTICULAR,,40,,hora:revision,,changed,,"Desfase de dos horas al capturar: 12:00 se lee como 14:00. El origen se encadena con el destino del viaje 3 (Restaurante, bar, cafetería en 140390001158A)."
5834,3,1403900010238,Hombres,27,Empleado,,1,13:07 → 01:07,,Trabajar,,"Restaurante, bar, cafetería",,Su casa,,140390001158A → home,,140390001158A,,AUTOMÓVIL PARTICULAR,,50,,origen:copia;hora:revision,,changed,,
5834,3,1403900010238,Hombres,27,Empleado,,2,10:47,,Regresar a Casa,,Su casa,,,,140390001158A,,home,,AUTOMÓVIL PARTICULAR,,40,,,,,,
5834,3,1403900010238,Hombres,27,Empleado,,3,12:03,,Trabajar,,"Restaurante, bar, cafetería",,,,home,,140390001158A,,AUTOMÓVIL PARTICULAR,,50,,,,,,
5834,3,1403900010238,Hombres,27,Empleado,,4,12:05 → 14:05,,Regresar a Casa,,Su casa,,,,140390001158A,,home,,AUTOMÓVIL PARTICULAR,,40,,hora:revision,,changed,,"Desfase de dos horas al capturar: 12:05 se lee como 14:05. El origen se encadena con el destino del viaje 3 (Restaurante, bar, cafetería en 140390001158A)."
5840,5,1403900014404,Mujeres,43,Empleado,,1,07:52,,Llevar o recoger a alguien,,Escuela,,Su casa,,home,,1403900013923,,MI MACRO,,50 → 20,,minutos:revision,,changed,,
5840,5,1403900014404,Mujeres,43,Empleado,,2,08:06 → 08:42,,Regresar a Casa,,Su casa,,,,1403900013923,,home,,CAMIÓN O AUTOBÚS,,20,,hora:revision,,changed,,"La salida se recorre de 8:06 a 08:42, que es la hora a la que llega el viaje anterior (7:52 + 50 min de traslado): tal como estaba, el viaje empezaba antes de haber llegado. El origen se encadena con el destino del viaje 1 (Escuela en 1403900013923)."
5840,5,1403900014404,Mujeres,43,Empleado,,3,12:25,,Llevar o recoger a alguien,,Escuela,,,,home,,1403900013923,,A PIE,,5,,,,,,
5840,5,1403900014404,Mujeres,43,Empleado,,4,12:35,,Regresar a Casa,,Su casa,,,,1403900013923,,home,,A PIE,,5,,,,,,
5840,5,1403900014404,Mujeres,43,Empleado,,5,16:02,,Trabajar,,"Comercio, mercado, tienda o centro comercial",,,,home,,1403900011359,,MI MACRO,,60,,,,,,
5840,5,1403900014404,Mujeres,43,Empleado,,6,21:00,,Regresar a Casa,,Su casa,,,,1403900011359,,home,,MI MACRO,,60,,,,,,
5882,3,1403900010505,Mujeres,18,Empleado,,1,07:03,,Trabajar,,"Comercio, mercado, tienda o centro comercial",,Su casa,,home,,1403900010948,,CAMIÓN O AUTOBÚS,,60,,,,,,
5882,3,1403900010505,Mujeres,18,Empleado,,2,13:55,,Regresar a Casa,,Su casa,,,,1403900010948,,home,,AUTOMÓVIL PARTICULAR,,60,,,,,,
5882,3,1403900010505,Mujeres,18,Empleado,,3,15:28,,Trabajar,,"Comercio, mercado, tienda o centro comercial",,,,home,,home,,AUTOMÓVIL PARTICULAR,,60,,,,,,
5882,3,1403900010505,Mujeres,18,Empleado,,4,18:06,,Regresar a Casa,,Su casa,,,,1403900010948 → home,,home,,AUTOMÓVIL PARTICULAR,,60,,origen:revision,,changed,,"La AGEB de origen pasa de 1403900010948 a la zona del hogar; el origen se encadena con el destino del viaje 3 (Comercio, mercado, tienda o centro comercial en la zona del hogar)."
5908,4,1403900013590,Mujeres,41,Empleado,,1,07:54,,Llevar o recoger a alguien,,Escuela,,Su casa,,home,,1403900013923,,MI MACRO,,50 → 20,,minutos:revision,,changed,,
5908,4,1403900013590,Mujeres,41,Empleado,,2,08:07 → 08:44,,Regresar a Casa,,Su casa,,,,1403900013923,,home,,CAMIÓN O AUTOBÚS,,20,,hora:revision,,changed,,"La salida se recorre de 8:07 a 08:44, que es la hora a la que llega el viaje anterior (7:54 + 50 min de traslado): tal como estaba, el viaje empezaba antes de haber llegado. El origen se encadena con el destino del viaje 1 (Escuela en 1403900013923)."
5908,4,1403900013590,Mujeres,41,Empleado,,3,12:28,,Llevar o recoger a alguien,,Escuela,,,,home,,1403900013923,,A PIE,,5,,,,,,
5908,4,1403900013590,Mujeres,41,Empleado,,4,12:33,,Regresar a Casa,,Su casa,,,,1403900013923,,home,,A PIE,,5,,,,,,
5908,4,1403900013590,Mujeres,41,Empleado,,5,16:00,,Trabajar,,"Comercio, mercado, tienda o centro comercial",,,,home,,1403900011359,,CAMIÓN O AUTOBÚS,,60,,,,,,
5908,4,1403900013590,Mujeres,41,Empleado,,6,21:03,,Regresar a Casa,,Su casa,,,,1403900011359,,home,,CAMIÓN O AUTOBÚS,,60,,,,,,
5935,3,1403900013618,Mujeres,56,,,1,08:11,,Compras (comida),,"Comercio, mercado, tienda o centro comercial",,Su casa,,home,,1403900014936,,A PIE,,2,,,,,,
5935,3,1403900013618,Mujeres,56,,,2,08:19,,Regresar a Casa,,Su casa,,,,1403900014936,,home,,A PIE,,2,,,,,,
5935,3,1403900013618,Mujeres,56,,,3,11:00,,"Compras (bienes, productos y servicios)",,"Comercio, mercado, tienda o centro comercial",,,,home,,1403900014936,,CAMIÓN O AUTOBÚS,,10,,,,,,
5935,3,1403900013618,Mujeres,56,,,4,12:00,,Visitar a alguien,,Su casa → Otros (especifique),,,,1403900014936,,home,,CAMIÓN O AUTOBÚS,,10,,tipo_destino:revision,,changed,,"El origen se encadena con el destino del viaje 3 (Comercio, mercado, tienda o centro comercial en 1403900014936). El tipo de destino “Su casa” no puede corresponder a una actividad; se sustituye por “Otros (especifique)”, tomado de otros viajes de la persona con el mismo motivo o del uso habitual del motivo “Visitar a alguien”."
5935,3,1403900013618,Mujeres,56,,,5,20:11,,Regresar a Casa,,Su casa,,,,home,,home,,CAMIÓN O AUTOBÚS,,10,,,,,,
5965,2,141200001422A,Mujeres,57,Empleado,,1,12:30,,Trabajar,,"Comercio, mercado, tienda o centro comercial",,Su casa,,home,,1403900012376,,CAMIÓN O AUTOBÚS,,60,,,,,,
5965,2,141200001422A,Mujeres,57,Empleado,,2,17:00,,Compras (comida),,"Comercio, mercado, tienda o centro comercial",,,,1403900012376,,1403900012376,,A PIE,,7,,,,,,
5965,2,141200001422A,Mujeres,57,Empleado,,3,17:40,,Compras (comida),,"Comercio, mercado, tienda o centro comercial",,,,1403900012376,,1403900012376,,A PIE,,7,,,,,,
5965,2,141200001422A,Mujeres,57,Empleado,,4,18:15,,Trabajar → Regresar a Casa,,"Comercio, mercado, tienda o centro comercial → Su casa",,,,1403900012376,,1403900012376 → home,,A PIE,,7,,motivo:revision;tipo_destino:revision;destino:revision,,changed,,"El motivo pasa de “Trabajar” a Regresar a Casa: el viaje llega a “Su casa” en la zona del hogar viniendo de otra actividad, así que es el regreso y no una actividad nueva. El origen se encadena con el destino del viaje 3 (Comercio, mercado, tienda o centro comercial en 1403900012376). El tipo de destino pasa de “Comercio, mercado, tienda o centro comercial” a Su casa: el viaje es un regreso que llega a la zona del hogar. El destino pasa de 1403900012376 a la zona del hogar: esa AGEB funciona como “Su casa” dentro de la cadena, es una discrepancia de geocodificación."
5965,3,141200001422A,Mujeres,29,Estudiante,,1,13:00,,Estudiar,,Escuela,,Su casa,,home,,141200001098A,,CAMIÓN O AUTOBÚS,,25,,,,,,
5965,3,141200001422A,Mujeres,29,Estudiante,,2,19:00,,Regresar a Casa,,Su casa,,,,141200001098A,,home,,CAMIÓN O AUTOBÚS,,25,,,,,,
5965,3,141200001422A,Mujeres,29,Estudiante,,3,22:30,,Compras (comida),,"Comercio, mercado, tienda o centro comercial",,,,home,,1412000012929,,A PIE,,5,,,,,,
5965,3,141200001422A,Mujeres,29,Estudiante,,4,10:40 → 22:40,,Regresar a Casa,,Su casa,,,,1412000012929,,1412000012929 → home,,A PIE,,3,,hora:+12h;destino:revision,,changed,,"El origen se encadena con el destino del viaje 3 (Comercio, mercado, tienda o centro comercial en 1412000012929). El destino pasa de 1412000012929 a la zona del hogar: esa AGEB funciona como “Su casa” dentro de la cadena, es una discrepancia de geocodificación."
6019,1,1412000010369,Hombres,31,Empleado,,1,06:30,,Trabajar,,"Comercio, mercado, tienda o centro comercial",,Su casa,,home,,1412000010373,,A PIE,,10,,,,,,
6019,1,1412000010369,Hombres,31,Empleado,,2,10:00,,"Compras (bienes, productos y servicios)",,"Comercio, mercado, tienda o centro comercial",,,,1412000010373,,1403900014071,,A PIE,,8,,,,,,
6019,1,1412000010369,Hombres,31,Empleado,,3,23:00 → 11:00,,Trabajar,,"Comercio, mercado, tienda o centro comercial",,,,1403900014071,,1412000010373,,A PIE,,8,,hora:revision,,changed,,"Corrección AM/PM: se reporta 23:00 y por la secuencia del día corresponde a 11:00. El origen se encadena con el destino del viaje 2 (Comercio, mercado, tienda o centro comercial en 1403900014071)."
6019,1,1412000010369,Hombres,31,Empleado,,4,18:00,,Regresar a Casa,,Su casa,,,,1412000010373,,home,,A PIE,,10,,,,,,
6035,1,1412000011634,Mujeres,31,Hogar,,1,07:45,,Llevar o recoger a alguien,,Escuela,,Su casa,,home,,1412000011649,,A PIE,,10,,,,,,
6035,1,1412000011634,Mujeres,31,Hogar,,2,08:00,,Regresar a Casa,,Su casa,,,,1412000011649,,1412000011649 → home,,A PIE,,10,,destino:revision,,changed,,"El origen se encadena con el destino del viaje 1 (Escuela en 1412000011649). El destino pasa de 1412000011649 a la zona del hogar: esa AGEB funciona como “Su casa” dentro de la cadena, es una discrepancia de geocodificación."
6035,1,1412000011634,Mujeres,31,Hogar,,3,12:20,,Llevar o recoger a alguien,,Escuela,,,,1412000011649 → home,,1412000011649,,A PIE,,10,,origen:revision,,changed,,
6035,1,1412000011634,Mujeres,31,Hogar,,4,12:45,,Regresar a Casa,,Su casa,,,,1412000011649,,home,,A PIE,,10,,,,,,
6052,3,1412000010937,Hombres,22,Estudiante,,1,07:00,,Estudiar,,Escuela,,Su casa,,home,,1412000011278,,CAMIÓN O AUTOBÚS,,20,,,,,,
6052,3,1412000010937,Hombres,22,Estudiante,,2,15:00,,Estudiar → Regresar a Casa,,Escuela → Su casa,,,,1412000011278,,1412000011278 → home,,CAMIÓN O AUTOBÚS,,20,,motivo:revision;tipo_destino:revision;destino:revision,,changed,,"El motivo pasa de “Estudiar” a Regresar a Casa: el viaje llega a “Su casa” en la zona del hogar viniendo de otra actividad, así que es el regreso y no una actividad nueva. El origen se encadena con el destino del viaje 1 (Escuela en 1412000011278). El tipo de destino pasa de “Escuela” a Su casa: el viaje es un regreso que llega a la zona del hogar. El destino pasa de 1412000011278 a la zona del hogar: esa AGEB funciona como “Su casa” dentro de la cadena, es una discrepancia de geocodificación."
6064,3,141200001422A,Hombres,22,Desempleado,,1,11:00,,"Compras (bienes, productos y servicios)",,"Comercio, mercado, tienda o centro comercial",,Su casa,,home,,home,,A PIE,,7,,,,,,
6064,3,141200001422A,Hombres,22,Desempleado,,2,09:15 → 19:15,,Regresar a Casa,,Su casa,,,,home,,home,,A PIE,,7,,hora:revision,,changed,,"Error de dígito en la hora: se reporta 9:15 y la cadena solo cierra con 19:15. El origen se encadena con el destino del viaje 1 (Comercio, mercado, tienda o centro comercial en la zona del hogar)."
6064,3,141200001422A,Hombres,22,Desempleado,,3,17:15 → 19:22,,Visitar a alguien,,Otra vivienda,,,,home,,1412000014249,,A PIE,,13,,hora:revision,,changed,,
6064,3,141200001422A,Hombres,22,Desempleado,,4,19:00 → 21:00,,Regresar a Casa,,Su casa,,,,1412000014249,,home,,A PIE,,13,,hora:revision,,changed,,Desfase de dos horas al capturar: 19:00 se lee como 21:00. El origen se encadena con el destino del viaje 3 (Otra vivienda en 1412000014249).
6064,4,141200001422A,Mujeres,19,Empleado,,1,06:30,,Trabajar,,Oficina,,Su casa,,home,,1412000013664,,CAMIÓN O AUTOBÚS,,75,,,,,,
6064,4,141200001422A,Mujeres,19,Empleado,,2,16:30,,"Compras (bienes, productos y servicios)",,"Comercio, mercado, tienda o centro comercial",,,,1412000013664,,1412000013664,,A PIE,,7,,,,,,
6064,4,141200001422A,Mujeres,19,Empleado,,3,17:10,,Guardería → Llevar o recoger a alguien,,Escuela,,,,1412000013664,,1412000014249,,A PIE,,4,,motivo:revision,,changed,,"El motivo “Guardería” se registra como acompañamiento: la encuesta lo usa tanto para quien asiste como para quien lleva o recoge. El origen se encadena con el destino del viaje 2 (Comercio, mercado, tienda o centro comercial en 1412000013664)."
6064,4,141200001422A,Mujeres,19,Empleado,,4,17:25,,Regresar a Casa,,Su casa,,,,1412000014249,,home,,A PIE,,4,,,,,,
6064,4,141200001422A,Mujeres,19,Empleado,,5,19:15,,Compras (comida),,"Comercio, mercado, tienda o centro comercial",,,,home,,home,,A PIE,,6,,,,,,
6064,4,141200001422A,Mujeres,19,Empleado,,6,19:26,,Regresar a Casa,,Su casa,,,,home,,home,,A PIE,,6,,,,,,
6139,1,1412000011032,Hombres,26,Empleado,,1,08:00,,Trabajar,,Otros (especifique),,Su casa,,home,,1412000013772,,A PIE,,20,,,,,,
6139,1,1412000011032,Hombres,26,Empleado,,2,09:30,,Trabajar,,"Comercio, mercado, tienda o centro comercial",,,,1412000013772,,1412000013772,,AUTOMÓVIL PARTICULAR,,45,,,,,,
6139,1,1412000011032,Hombres,26,Empleado,,3,21:40,,Regresar a Casa → Trabajar,,Fábrica o taller,,,,1412000013772,,1412000013772,,AUTOMÓVIL PARTICULAR,,45,,motivo:tipo_destino,,changed,,
6139,1,1412000011032,Hombres,26,Empleado,,4,21:50 → 22:25,,Regresar a Casa,,Su casa,,,,1412000013772,,home,,A PIE,,20,,hora:revision,,changed,,"La salida se recorre de 21:50 a 22:25, que es la hora a la que llega el viaje anterior (21:40 + 45 min de traslado): tal como estaba, el viaje empezaba antes de haber llegado. El origen se encadena con el destino del viaje 3 (Fábrica o taller en 1412000013772)."
6213,3,1410100010490,Mujeres,19,Estudiante,,1,08:00,,Estudiar,,Escuela,,Su casa,,home,,1410100010645,,CAMIÓN O AUTOBÚS,,20,,,,,,
6213,3,1410100010490,Mujeres,19,Estudiante,,2,15:00,,Regresar a Casa,,Su casa,,,,1410100010645,,home,,CAMIÓN O AUTOBÚS,,20,,,,,,
6213,3,1410100010490,Mujeres,19,Estudiante,,3,18:00,,Trabajar,,"Comercio, mercado, tienda o centro comercial",,,,home,,home,,A PIE,,15,,,,,,
6213,3,1410100010490,Mujeres,19,Estudiante,,4,12:00 → 00:00,,Regresar a Casa,,Su casa,,,,home,,home,,A PIE,,15,,hora:revision,hora_nocturna,changed,,"Corrección AM/PM: se reporta 12:00 y por la secuencia del día corresponde a 00:00. El origen se encadena con el destino del viaje 3 (Comercio, mercado, tienda o centro comercial en la zona del hogar)."
6289,4,141011963,Hombres,49,Patrón o empresario,,1,04:00,,Trabajar,,"Comercio, mercado, tienda o centro comercial",,Su casa,,home,,999990005,,AUTOMÓVIL PARTICULAR,,120,,,,,,
6289,4,141011963,Hombres,49,Patrón o empresario,,2,06:51,,Regresar a Casa,,Su casa,,,,999990005,,home,,AUTOMÓVIL PARTICULAR,,120,,,,,,
6289,4,141011963,Hombres,49,Patrón o empresario,,3,08:11 → 08:51,,Trabajar,,"Comercio, mercado, tienda o centro comercial",,,,home,,999990005,,AUTOMÓVIL PARTICULAR,,120,,hora:revision,,changed,,
6289,4,141011963,Hombres,49,Patrón o empresario,,4,09:01 → 19:01,,Regresar a Casa,,Su casa,,,,999990005,,home,,AUTOMÓVIL PARTICULAR,,120,,hora:revision,,changed,,"Error de dígito en la hora: se reporta 9:01 y la cadena solo cierra con 19:01. El origen se encadena con el destino del viaje 3 (Comercio, mercado, tienda o centro comercial en 999990005)."
6289,4,141011963,Hombres,49,Patrón o empresario,,5,19:12 → 21:12,,Otros (especifique),,Otros (especifique),,,,home,,home,,A PIE,,5,,hora:revision,,changed,,
6289,4,141011963,Hombres,49,Patrón o empresario,,6,19:19 → 21:19,,Regresar a Casa,,Su casa,,,,home,,home,,A PIE,,5,,hora:revision,,changed,,Desfase de dos horas al capturar: 19:19 se lee como 21:19. El origen se encadena con el destino del viaje 5 (Otros (especifique) en la zona del hogar).
6291,1,1410100010490,Hombres,50,,,1,09:30,,Compras (comida),,"Comercio, mercado, tienda o centro comercial",,Su casa,,home,,1410100010503,,AUTOMÓVIL PARTICULAR,,15,,,,,,
6291,1,1410100010490,Hombres,50,,,2,23:10 → 11:10,,Regresar a Casa,,Su casa,,,,1410100010503,,home,,AUTOMÓVIL PARTICULAR,,15,,hora:revision,,changed,,"Corrección AM/PM: se reporta 23:10 y por la secuencia del día corresponde a 11:10. El origen se encadena con el destino del viaje 1 (Comercio, mercado, tienda o centro comercial en 1410100010503)."
6291,1,1410100010490,Hombres,50,,,3,13:30,,Llevar o recoger a alguien,,Centro cultural o área recreativa,,,,home,,1403900011537,,AUTOMÓVIL PARTICULAR,,20,,,,,,
6291,1,1410100010490,Hombres,50,,,4,16:00,,Regresar a Casa,,Su casa,,,,1403900011537,,home,,AUTOMÓVIL PARTICULAR,,20,,,,,,
6358,3,1410100010202,Hombres,32,Trabajador independiente,,1,23:40 → 11:40,,Trabajar,,Fábrica o taller,,Su casa,,home,,1403900015243,,AUTOMÓVIL PARTICULAR,,4,,hora:revision,,changed,,
6358,3,1410100010202,Hombres,32,Trabajador independiente,,2,18:41,,Regresar a Casa,,Su casa,,,,1403900015243,,home,,AUTOMÓVIL PARTICULAR,,5,,,,,,
6358,3,1410100010202,Hombres,32,Trabajador independiente,,3,20:05,,Trabajar,,Fábrica o taller,,,,home,,1403900015243,,AUTOMÓVIL PARTICULAR,,4,,,,,,
6358,3,1410100010202,Hombres,32,Trabajador independiente,,4,19:00 → 21:00,,Regresar a Casa,,Su casa,,,,1403900015243,,home,,AUTOMÓVIL PARTICULAR,,5,,hora:revision,,changed,,Desfase de dos horas al capturar: 19:00 se lee como 21:00. El origen se encadena con el destino del viaje 3 (Fábrica o taller en 1403900015243).
6409,3,1412000010227,Mujeres,30,Empleado,,1,07:00,,Trabajar,,Oficina,,Su casa,,1403900010308 → home,,1403900010308,,CAMIÓN O AUTOBÚS,,40,,origen:copia,,changed,,
6409,3,1412000010227,Mujeres,30,Empleado,,2,14:07,,Regresar a Casa,,Su casa,,,,1403900010308,,1403900010308 → home,,CAMIÓN O AUTOBÚS,,50,,destino:revision,,changed,,"El origen se encadena con el destino del viaje 1 (Oficina en 1403900010308). El destino pasa de 1403900010308 a la zona del hogar: esa AGEB funciona como “Su casa” dentro de la cadena, es una discrepancia de geocodificación."
6409,3,1412000010227,Mujeres,30,Empleado,,3,16:45,,Trabajar,,Oficina,,,,1403900010308 → home,,1403900010308,,CAMIÓN O AUTOBÚS,,40,,origen:revision,,changed,,
6409,3,1412000010227,Mujeres,30,Empleado,,4,19:00,,Regresar a Casa,,Su casa,,,,1403900010308,,home,,CAMIÓN O AUTOBÚS,,50,,,,,,
6420,2,1412000012666,Mujeres,39,Hogar,,1,07:50,,Llevar o recoger a alguien,,Escuela,,Su casa,,home,,1412000013310,,A PIE,,5,,,,,,
6420,2,1412000012666,Mujeres,39,Hogar,,2,08:00,,Regresar a Casa,,Su casa,,,,1412000013310,,1412000013310 → home,,A PIE,,5,,destino:revision,,changed,,"El origen se encadena con el destino del viaje 1 (Escuela en 1412000013310). El destino pasa de 1412000013310 a la zona del hogar: esa AGEB funciona como “Su casa” dentro de la cadena, es una discrepancia de geocodificación."
6420,2,1412000012666,Mujeres,39,Hogar,,3,12:40,,Llevar o recoger a alguien,,Escuela,,,,1412000013310 → home,,1412000013310,,A PIE,,5,,origen:revision,,changed,,
6420,2,1412000012666,Mujeres,39,Hogar,,4,13:00,,Regresar a Casa,,Su casa,,,,1412000013310,,home,,A PIE,,5,,,,,,
6420,2,1412000012666,Mujeres,39,Hogar,,5,19:19,,"Compras (bienes, productos y servicios)",,"Comercio, mercado, tienda o centro comercial",,,,home,,home,,A PIE,,15,,,,,,
6420,2,1412000012666,Mujeres,39,Hogar,,6,19:43,,Regresar a Casa,,Su casa,,,,home,,home,,A PIE,,15,,,,,,
6423,1,141200001319A,Hombres,31,Empleado,,1,06:15,,Trabajar,,Fábrica o taller,,Su casa,,1412000016546 → home,,1412000016546,,CAMIÓN O AUTOBÚS,,45,,origen:copia,,changed,,
6423,1,141200001319A,Hombres,31,Empleado,,2,14:25,,Regresar a Casa,,Su casa,,,,1412000016546,,1412000016546 → home,,CAMIÓN O AUTOBÚS,,50,,destino:revision,,changed,,"El origen se encadena con el destino del viaje 1 (Fábrica o taller en 1412000016546). El destino pasa de 1412000016546 a la zona del hogar: esa AGEB funciona como “Su casa” dentro de la cadena, es una discrepancia de geocodificación."
6423,1,141200001319A,Hombres,31,Empleado,,3,16:34,,Trabajar,,Fábrica o taller,,,,1412000016546 → home,,1412000016546,,CAMIÓN O AUTOBÚS,,45,,origen:revision,,changed,,
6423,1,141200001319A,Hombres,31,Empleado,,4,18:00,,Regresar a Casa,,Su casa,,,,1412000016546,,home,,CAMIÓN O AUTOBÚS,,50,,,,,,
6431,1,1412000012613,Hombres,30,Empleado,,1,13:00,,Trabajar,,Su casa → Otros (especifique),,Otros (especifique),,1403900014936 → home,,home,,Taxi,,90,,tipo_destino:revision;origen:revision,inicio_fuera_de_casa,changed,,
6431,1,1412000012613,Hombres,30,Empleado,,2,16:00,,Hacer un trámite,,"Comercio, mercado, tienda o centro comercial",,,,home,,1412000016550,,AUTOMÓVIL PARTICULAR,,25,,,,,,
6431,1,1412000012613,Hombres,30,Empleado,,3,16:30,,Otros (especifique),,Su casa → Otros (especifique),,,,1412000016550,,home,,AUTOMÓVIL PARTICULAR,,10,,tipo_destino:revision,,changed,,"El origen se encadena con el destino del viaje 2 (Comercio, mercado, tienda o centro comercial en 1412000016550). El tipo de destino “Su casa” no puede corresponder a una actividad; se sustituye por “Otros (especifique)”, tomado de otros viajes de la persona con el mismo motivo o del uso habitual del motivo “Otros (especifique)”."
6431,1,1412000012613,Hombres,30,Empleado,,4,20:28,,Regresar a Casa,,Su casa,,,,home,,home,,AUTOMÓVIL PARTICULAR,,10,,,,,,
6455,6,1412000012613,Hombres,33,Trabajador independiente,,1,13:25,,Llevar o recoger a alguien,,Escuela,,Su casa,,home,,1412000016067,,AUTOMÓVIL PARTICULAR,,15,,,,,,
6455,6,1412000012613,Hombres,33,Trabajador independiente,,2,13:34 → 13:40,,Llevar o recoger a alguien,,Escuela,,,,1412000016067,,1412000010617,,AUTOMÓVIL PARTICULAR,,20,,hora:llegada,,changed,,
6455,6,1412000012613,Hombres,33,Trabajador independiente,,3,14:06,,Trabajar,,Escuela,,,,1412000010617,,1412000010617,,AUTOMÓVIL PARTICULAR,,30,,,,,,
6455,6,1412000012613,Hombres,33,Trabajador independiente,,4,20:21,,Llevar o recoger a alguien,,Su casa → Otros (especifique),,,,1412000010617,,home,,AUTOMÓVIL PARTICULAR,,15,,tipo_destino:revision,,changed,,"El origen se encadena con el destino del viaje 3 (Escuela en 1412000010617). El tipo de destino “Su casa” no puede corresponder a una actividad; se sustituye por “Otros (especifique)”, tomado de otros viajes de la persona con el mismo motivo o del uso habitual del motivo “Llevar o recoger a alguien”."
6455,6,1412000012613,Hombres,33,Trabajador independiente,,5,20:49,,Regresar a Casa,,Su casa,,,,home,,home,,AUTOMÓVIL PARTICULAR,,15,,,,,,
6458,3,1412000013397,Mujeres,43,Empleado,,1,06:00,,Trabajar,,"Comercio, mercado, tienda o centro comercial",,Su casa,,1412000010706 → home,,1412000010706,,CAMIÓN O AUTOBÚS,,120,,origen:copia,,changed,,
6458,3,1412000013397,Mujeres,43,Empleado,,2,14:09,,Regresar a Casa,,Su casa,,,,1412000010706,,1412000010706 → home,,CAMIÓN O AUTOBÚS,,120,,destino:revision,,changed,,"El origen se encadena con el destino del viaje 1 (Comercio, mercado, tienda o centro comercial en 1412000010706). El destino pasa de 1412000010706 a la zona del hogar: esa AGEB funciona como “Su casa” dentro de la cadena, es una discrepancia de geocodificación."
6458,3,1412000013397,Mujeres,43,Empleado,,3,16:43,,Trabajar,,"Comercio, mercado, tienda o centro comercial",,,,1412000010706 → home,,1412000010706,,CAMIÓN O AUTOBÚS,,120,,origen:revision,,changed,,
6458,3,1412000013397,Mujeres,43,Empleado,,4,18:00 → 20:00,,Regresar a Casa,,Su casa,,,,1412000010706,,home,,CAMIÓN O AUTOBÚS,,120,,hora:-10h+12h,,changed,,
6467,5,1412000011850,Mujeres,28,Estudiante,,1,06:44,,Estudiar,,Escuela,,Su casa,,home,,1409800011928,,TREN LIGERO,,30,,,,,,
6467,5,1412000011850,Mujeres,28,Estudiante,,2,15:01,,Estudiar → Regresar a Casa,,Escuela → Su casa,,,,1409800011928,,1409800011928 → home,,TREN LIGERO,,40,,motivo:revision;tipo_destino:revision;destino:revision,,changed,,"El motivo pasa de “Estudiar” a Regresar a Casa: el viaje llega a “Su casa” en la zona del hogar viniendo de otra actividad, así que es el regreso y no una actividad nueva. El origen se encadena con el destino del viaje 1 (Escuela en 1409800011928). El tipo de destino pasa de “Escuela” a Su casa: el viaje es un regreso que llega a la zona del hogar. El destino pasa de 1409800011928 a la zona del hogar: esa AGEB funciona como “Su casa” dentro de la cadena, es una discrepancia de geocodificación."
6488,3,1412000010231,Mujeres,54,Empleado,,1,08:00,,Trabajar,,Oficina,,Su casa,,home,,1412000013293,,Taxi plataforma (Uber/Didi),,20,,,,,,
6488,3,1412000010231,Mujeres,54,Empleado,,2,18:00,,Compras (comida),,"Comercio, mercado, tienda o centro comercial",,,,1412000013293,,1412000012702,,AUTOMÓVIL PARTICULAR,,25,,,,,,
6488,3,1412000010231,Mujeres,54,Empleado,,3,20:00,,Regresar a Casa,,Su casa,,,,1412000012702,,1412000011210 → home,,AUTOMÓVIL PARTICULAR,,15,,destino:revision,,changed,,"El origen se encadena con el destino del viaje 2 (Comercio, mercado, tienda o centro comercial en 1412000012702). El destino pasa de 1412000011210 a la zona del hogar: esa AGEB funciona como “Su casa” dentro de la cadena, es una discrepancia de geocodificación."
6505,1,1412000011850,Mujeres,46,Empleado,,1,08:00,,Trabajar,,"Comercio, mercado, tienda o centro comercial",,Su casa,,home,,1403900010666,,AUTOMÓVIL PARTICULAR,,30,,,,,,
6505,1,1412000011850,Mujeres,46,Empleado,,2,15:30,,"Compras (bienes, productos y servicios)",,"Comercio, mercado, tienda o centro comercial",,,,1403900010666,,1409700250763,,AUTOMÓVIL PARTICULAR,,70,,,,,,
6505,1,1412000011850,Mujeres,46,Empleado,,3,20:00,,Compras (comida),,"Comercio, mercado, tienda o centro comercial",,,,1409700250763,,1412000012609,,AUTOMÓVIL PARTICULAR,,85,,,,,,
6505,1,1412000011850,Mujeres,46,Empleado,,4,20:25 → 21:25,,Regresar a Casa,,Su casa,,,,1412000012609,,home,,AUTOMÓVIL PARTICULAR,,3,,hora:revision,,changed,,"La salida se recorre de 20:25 a 21:25, que es la hora a la que llega el viaje anterior (20:00 + 85 min de traslado): tal como estaba, el viaje empezaba antes de haber llegado. El origen se encadena con el destino del viaje 3 (Comercio, mercado, tienda o centro comercial en 1412000012609)."
6530,1,1412000013185,Mujeres,58,Empleado,,1,07:00,,Trabajar,,Oficina,,Su casa,,home,,1409800011294,,CAMIÓN O AUTOBÚS,,55,,,,,,
6530,1,1412000013185,Mujeres,58,Empleado,,2,17:00,,Regresar a Casa,,Su casa,,,,1409800011294,,1409800011294 → home,,CAMIÓN O AUTOBÚS,,60,,destino:revision,,changed,,"El origen se encadena con el destino del viaje 1 (Oficina en 1409800011294). El destino pasa de 1409800011294 a la zona del hogar: esa AGEB funciona como “Su casa” dentro de la cadena, es una discrepancia de geocodificación."
6625,3,1403900010929,Mujeres,21,Hogar,,1,08:03,,Compras (comida),,"Comercio, mercado, tienda o centro comercial",,Su casa,,home,,1403900010308,,AUTOMÓVIL PARTICULAR,,10,,,,,,
6625,3,1403900010929,Mujeres,21,Hogar,,2,08:22,,Regresar a Casa,,Su casa,,,,1403900010308,,home,,AUTOMÓVIL PARTICULAR,,10,,,,,,
6625,3,1403900010929,Mujeres,21,Hogar,,3,17:01,,Deportes o recreación,,"Deportivo, gimnasio",,,,home,,1403900011043,,AUTOMÓVIL PARTICULAR,,4,,,,,,
6625,3,1403900010929,Mujeres,21,Hogar,,4,18:29,,Guardería → Llevar o recoger a alguien,,Su casa → Otros (especifique),,,,1403900011043,,home,,AUTOMÓVIL PARTICULAR,,4,,motivo:revision;tipo_destino:revision,,changed,,"El motivo “Guardería” se registra como acompañamiento: la encuesta lo usa tanto para quien asiste como para quien lleva o recoge. El origen se encadena con el destino del viaje 3 (Deportivo, gimnasio en 1403900011043). El tipo de destino “Su casa” no puede corresponder a una actividad; se sustituye por “Otros (especifique)”, tomado de otros viajes de la persona con el mismo motivo o del uso habitual del motivo “Llevar o recoger a alguien”."
6625,3,1403900010929,Mujeres,21,Hogar,,5,20:03,,Regresar a Casa,,Su casa,,,,home,,home,,AUTOMÓVIL PARTICULAR,,4,,,,,,
6650,2,1403900010929,Mujeres,58,Hogar,,1,09:00,,Visitar a alguien,,Otra vivienda,,Su casa,,home,,1403900010030,,AUTOMÓVIL PARTICULAR,,15,,,,,,
6650,2,1403900010929,Mujeres,58,Hogar,,2,10:15,,Compras (comida),,"Restaurante, bar, cafetería",,,,1403900010030,,1412000014198,,AUTOMÓVIL PARTICULAR,,15,,,,,,
6650,2,1403900010929,Mujeres,58,Hogar,,3,11:40,,Visitar a alguien,,Otra vivienda,,,,1412000014198,,1403900010030,,AUTOMÓVIL PARTICULAR,,15,,,,,,
6650,2,1403900010929,Mujeres,58,Hogar,,4,13:30,,Regresar a Casa,,Su casa,,,,1403900010030,,home,,AUTOMÓVIL PARTICULAR,,25,,,,,,
6650,2,1403900010929,Mujeres,58,Hogar,,5,20:30,,Deportes o recreación,,"Comercio, mercado, tienda o centro comercial",,,,home,,1403900011043,,AUTOMÓVIL PARTICULAR,,10,,,,,,
6650,2,1403900010929,Mujeres,58,Hogar,,6,12:00 → 00:00,,Regresar a Casa,,Su casa,,,,1403900011043,,home,,AUTOMÓVIL PARTICULAR,,10,,hora:revision,hora_nocturna,changed,,"Corrección AM/PM: se reporta 12:00 y por la secuencia del día corresponde a 00:00. El origen se encadena con el destino del viaje 5 (Comercio, mercado, tienda o centro comercial en 1403900011043)."
6661,2,1403900010280,Mujeres,49,Hogar,yes,1,07:00,,Llevar o recoger a alguien,,Oficina,,Su casa,,home,,1403900010596,,AUTOMÓVIL PARTICULAR,,30 → 10,,minutos:revision,,changed,,
6661,2,1403900010280,Mujeres,49,Hogar,yes,2,07:30,,Regresar a Casa,,Su casa,,,,1403900010596,,home,,AUTOMÓVIL PARTICULAR,,30 → 10,,minutos:revision,,changed,,
6661,2,1403900010280,Mujeres,49,Hogar,yes,3,07:35 → 08:00,,Llevar o recoger a alguien,,Escuela,,,,home,,1409800011928,,AUTOMÓVIL PARTICULAR,,65,,hora:revision,,changed,,
6661,2,1403900010280,Mujeres,49,Hogar,yes,4,08:40 → 09:05,,Regresar a Casa,,Su casa,,,,1409800011928,,home,,AUTOMÓVIL PARTICULAR,,45,,hora:revision,,changed,,"La salida se recorre de 8:40 a 09:05, que es la hora a la que llega el viaje anterior (08:00 + 65 min de traslado): tal como estaba, el viaje empezaba antes de haber llegado. El origen se encadena con el destino del viaje 3 (Escuela en 1409800011928)."
6661,2,1403900010280,Mujeres,49,Hogar,yes,5,15:00,,Llevar o recoger a alguien,,Escuela,,,,home,,1409800011928,,AUTOMÓVIL PARTICULAR,,65,,,,,,
6661,2,1403900010280,Mujeres,49,Hogar,yes,6,16:30,,Regresar a Casa,,Su casa,,,,1409800011928,,home,,AUTOMÓVIL PARTICULAR,,45,,,,,,
6739,2,1403900010280,Hombres,45,Trabajador independiente,,1,09:00,,Visitar a alguien,,Otra vivienda,,Su casa,,home,,1412000012702,,AUTOMÓVIL PARTICULAR,,30,,,,,,
6739,2,1403900010280,Hombres,45,Trabajador independiente,,2,11:20,,Pagar algún servicio o al banco,,Su casa → Otros (especifique),,,,1412000012702,,home,,AUTOMÓVIL PARTICULAR,,30,,tipo_destino:revision,,changed,,"El origen se encadena con el destino del viaje 1 (Otra vivienda en 1412000012702). El tipo de destino “Su casa” no puede corresponder a una actividad; se sustituye por “Otros (especifique)”, tomado de otros viajes de la persona con el mismo motivo o del uso habitual del motivo “Pagar algún servicio o al banco”."
6739,2,1403900010280,Hombres,45,Trabajador independiente,,3,20:21,,Regresar a Casa,,Su casa,,,,home,,home,,AUTOMÓVIL PARTICULAR,,30,,,,,,
6766,1,1403900010933,Hombres,25,Estudiante,,1,08:24,,Compras (comida),,"Comercio, mercado, tienda o centro comercial",,Su casa,,home,,home,,A PIE,,2,,,,,,
6766,1,1403900010933,Hombres,25,Estudiante,,2,08:35,,Regresar a Casa,,Su casa,,,,home,,home,,A PIE,,2,,,,,,
6766,1,1403900010933,Hombres,25,Estudiante,,3,19:30 → 09:30,,Estudiar,,Escuela,,,,home,,141200001098A,,MOTOCICLETA,,20,,hora:revision,,changed,,
6766,1,1403900010933,Hombres,25,Estudiante,,4,14:40,,Regresar a Casa,,Su casa,,,,141200001098A,,home,,MOTOCICLETA,,25,,,,,,
6766,1,1403900010933,Hombres,25,Estudiante,,5,18:30,,"Compras (bienes, productos y servicios)",,"Comercio, mercado, tienda o centro comercial",,,,home,,1403900011310,,MOTOCICLETA,,15,,,,,,
6766,1,1403900010933,Hombres,25,Estudiante,,6,12:00 → 00:00,,Regresar a Casa,,Su casa,,,,1403900011310,,home,,MOTOCICLETA,,25,,hora:revision,hora_nocturna,changed,,"Corrección AM/PM: se reporta 12:00 y por la secuencia del día corresponde a 00:00. El origen se encadena con el destino del viaje 5 (Comercio, mercado, tienda o centro comercial en 1403900011310)."
6821,1,1412000011155,Hombres,53,Empleado,,1,20:00 → 08:00,,Trabajar,,Oficina,,Su casa,,home,,1403900011147,,AUTOMÓVIL PARTICULAR,,35,,hora:revision,,changed,,
6821,1,1412000011155,Hombres,53,Empleado,,2,16:47,,Regresar a Casa,,Su casa,,,,1403900011147,,home,,AUTOMÓVIL PARTICULAR,,40,,,,,,
6821,1,1412000011155,Hombres,53,Empleado,,3,18:26 → 17:27,,Trabajar,,Oficina,,,,home,,1403900011147,,AUTOMÓVIL PARTICULAR,,35,,hora:revision,,changed,,
6821,1,1412000011155,Hombres,53,Empleado,,4,17:00 → 19:01,,Regresar a Casa,,Su casa,,,,1403900011147,,home,,AUTOMÓVIL PARTICULAR,,40,,hora:revision,,changed,,La hora de salida pasa de 17:00 a 19:01 para que el viaje ocurra después de la llegada del anterior. El origen se encadena con el destino del viaje 3 (Oficina en 1403900011147).
6859,3,1412000011193,Mujeres,31,Empleado,,1,05:00,,Trabajar,,Otra vivienda,,Su casa,,home,,999990005,,AUTOMÓVIL PARTICULAR,,120,,,,,,
6859,3,1412000011193,Mujeres,31,Empleado,,2,07:47,,Regresar a Casa,,Su casa,,,,999990005,,home,,AUTOMÓVIL PARTICULAR,,120,,,,,,
6859,3,1412000011193,Mujeres,31,Empleado,,3,09:27 → 09:47,,Trabajar,,Otra vivienda,,,,home,,999990005,,AUTOMÓVIL PARTICULAR,,120,,hora:revision,,changed,,
6859,3,1412000011193,Mujeres,31,Empleado,,4,10:01 → 12:01,,Regresar a Casa,,Su casa,,,,999990005,,home,,AUTOMÓVIL PARTICULAR,,120,,hora:revision,,changed,,Desfase de dos horas al capturar: 10:01 se lee como 12:01. El origen se encadena con el destino del viaje 3 (Otra vivienda en 999990005).
6859,3,1412000011193,Mujeres,31,Empleado,,5,19:18,,Deportes o recreación,,"Deportivo, gimnasio",,,,home,,home,,A PIE,,7,,,,,,
6859,3,1412000011193,Mujeres,31,Empleado,,6,19:35,,Regresar a Casa,,Su casa,,,,home,,home,,A PIE,,7,,,,,,
6907,1,1412000012914,Hombres,46,Empleado,,1,07:00,,Trabajar,,Oficina,,Su casa,,home,,1412000013293,,AUTOMÓVIL PARTICULAR,,20,,,,,,
6907,1,1412000012914,Hombres,46,Empleado,,2,14:00,,Compras (comida),,"Su casa → Comercio, mercado, tienda o centro comercial",,,,1412000013293,,home,,AUTOMÓVIL PARTICULAR,,35,,tipo_destino:revision,,changed,,"El origen se encadena con el destino del viaje 1 (Oficina en 1412000013293). El tipo de destino “Su casa” no puede corresponder a una actividad; se sustituye por “Comercio, mercado, tienda o centro comercial”, tomado de otros viajes de la persona con el mismo motivo o del uso habitual del motivo “Compras (comida)”."
6907,1,1412000012914,Hombres,46,Empleado,,3,15:30,,Trabajar,,Oficina,,,,home,,1412000013293,,AUTOMÓVIL PARTICULAR,,30,,,,,,
6907,1,1412000012914,Hombres,46,Empleado,,4,18:11,,Regresar a Casa,,Su casa,,,,1412000013293,,home,,AUTOMÓVIL PARTICULAR,,25,,,,,,
6911,2,141200001290A,Hombres,61,Empleado,,1,14:00 → 02:00,,Trabajar,,Fábrica o taller,,Su casa,,home,,1403900011289,,CAMIÓN O AUTOBÚS,,30,,hora:revision,,changed,,
6911,2,141200001290A,Hombres,61,Empleado,,2,21:00 → 09:00,,Regresar a Casa,,Su casa,,,,1403900011289,,home,,CAMIÓN O AUTOBÚS,,30,,hora:revision,,changed,,Corrección AM/PM: se reporta 21:00 y por la secuencia del día corresponde a 09:00. El origen se encadena con el destino del viaje 1 (Fábrica o taller en 1403900011289).
6911,2,141200001290A,Hombres,61,Empleado,,3,21:00,,Compras (comida),,"Comercio, mercado, tienda o centro comercial",,,,home,,1412000011210,,A PIE,,5,,,,,,
6911,2,141200001290A,Hombres,61,Empleado,,4,21:15,,Regresar a Casa,,Su casa,,,,1412000011210,,home,,A PIE,,5,,,,,,
6911,4,141200001290A,Hombres,23,Empleado,,1,07:23,,Deportes o recreación,,Centro cultural o área recreativa,,Su casa,,home,,1412000013984,,A PIE,,11,,,,,,
6911,4,141200001290A,Hombres,23,Empleado,,2,07:40,,Regresar a Casa,,Su casa,,,,1412000013984,,home,,A PIE,,11,,,,,,
6911,4,141200001290A,Hombres,23,Empleado,,3,20:00 → 08:00,,Trabajar,,Oficina,,,,home,,1412000013306,,AUTOMÓVIL PARTICULAR,,30,,hora:revision,,changed,,
6911,4,141200001290A,Hombres,23,Empleado,,4,15:32,,Regresar a Casa,,Su casa,,,,1412000013306,,home,,AUTOMÓVIL PARTICULAR,,15,,,,,,
6911,4,141200001290A,Hombres,23,Empleado,,5,17:17,,Trabajar,,Oficina,,,,home,,1412000013306,,AUTOMÓVIL PARTICULAR,,30,,,,,,
6911,4,141200001290A,Hombres,23,Empleado,,6,16:30 → 18:30,,Regresar a Casa,,Su casa,,,,1412000013306,,home,,AUTOMÓVIL PARTICULAR,,15,,hora:revision,,changed,,Desfase de dos horas al capturar: 16:30 se lee como 18:30. El origen se encadena con el destino del viaje 5 (Oficina en 1412000013306).
6916,1,1412000011155,Mujeres,33,Patrón o empresario,,1,10:00,,Trabajar,,"Comercio, mercado, tienda o centro comercial",,Su casa,,home,,1412000013293,,AUTOMÓVIL PARTICULAR,,20,,,,,,
6916,1,1412000011155,Mujeres,33,Patrón o empresario,,2,23:15 → 11:15,,Llevar o recoger a alguien,,Otra vivienda,,,,1412000013293,,1403900014917,,AUTOMÓVIL PARTICULAR,,20,,hora:revision,,changed,,"Corrección AM/PM: se reporta 23:15 y por la secuencia del día corresponde a 11:15. El origen se encadena con el destino del viaje 1 (Comercio, mercado, tienda o centro comercial en 1412000013293)."
6916,1,1412000011155,Mujeres,33,Patrón o empresario,,3,13:00,,Compras (comida),,"Comercio, mercado, tienda o centro comercial",,,,1403900014917,,1412000014198,,AUTOMÓVIL PARTICULAR,,30,,,,,,
6916,1,1412000011155,Mujeres,33,Patrón o empresario,,4,20:00,,Regresar a Casa,,Su casa,,,,1412000014198,,home,,AUTOMÓVIL PARTICULAR,,30,,,,,,
6920,2,141200001290A,Hombres,27,Empleado,,1,07:00,,"Compras (bienes, productos y servicios)",,"Comercio, mercado, tienda o centro comercial",,Su casa,,home,,1412000013397,,CAMIÓN O AUTOBÚS,,30,,,,,,
6920,2,141200001290A,Hombres,27,Empleado,,2,20:10 → 08:10,,Regresar a Casa,,Su casa,,,,1412000013397,,home,,CAMIÓN O AUTOBÚS,,30,,hora:revision,,changed,,"Corrección AM/PM: se reporta 20:10 y por la secuencia del día corresponde a 08:10. El origen se encadena con el destino del viaje 1 (Comercio, mercado, tienda o centro comercial en 1412000013397)."
6920,2,141200001290A,Hombres,27,Empleado,,3,13:10,,Trabajar,,Fábrica o taller,,,,home,,1412000015105,,CAMIÓN O AUTOBÚS,,40,,,,,,
6920,2,141200001290A,Hombres,27,Empleado,,4,21:30,,Regresar a Casa,,Su casa,,,,1412000015105,,home,,CAMIÓN O AUTOBÚS,,40,,,,,,
6929,3,1412000012914,Hombres,21,Empleado,,1,22:00 → 10:00,,Trabajar,,Otra vivienda,,Su casa,,home,,1407000130238,,AUTOMÓVIL PARTICULAR,,30,,hora:revision,,changed,,
6929,3,1412000012914,Hombres,21,Empleado,,2,08:00 → 20:00,,Estudiar,,Escuela,,,,1407000130238,,1403900014546,,AUTOMÓVIL PARTICULAR,,30,,hora:revision,,changed,,Corrección AM/PM: se reporta 8:00 y por la secuencia del día corresponde a 20:00. El origen se encadena con el destino del viaje 1 (Otra vivienda en 1407000130238).
6929,3,1412000012914,Hombres,21,Empleado,,3,15:00 → 05:00,,Regresar a Casa,,Su casa,,,,1403900014546,,home,,AUTOMÓVIL PARTICULAR,,30,,hora:revision,hora_nocturna,changed,,Error de dígito en la hora: se reporta 15:00 y la cadena solo cierra con 05:00. El origen se encadena con el destino del viaje 2 (Escuela en 1403900014546).
6981,2,1412000011193,Hombres,32,Empleado,,1,16:00,,Trabajar,,"Comercio, mercado, tienda o centro comercial",,Su casa,,home,,1412000011210,,A PIE,,5,,,,,,
6981,2,1412000011193,Hombres,32,Empleado,,2,21:00,,Trabajar → Regresar a Casa,,"Comercio, mercado, tienda o centro comercial → Su casa",,,,1412000011210,,1412000011210 → home,,A PIE,,5,,motivo:revision;tipo_destino:revision;destino:revision,,changed,,"El motivo pasa de “Trabajar” a Regresar a Casa: el viaje llega a “Su casa” en la zona del hogar viniendo de otra actividad, así que es el regreso y no una actividad nueva. El origen se encadena con el destino del viaje 1 (Comercio, mercado, tienda o centro comercial en 1412000011210). El tipo de destino pasa de “Comercio, mercado, tienda o centro comercial” a Su casa: el viaje es un regreso que llega a la zona del hogar. El destino pasa de 1412000011210 a la zona del hogar: esa AGEB funciona como “Su casa” dentro de la cadena, es una discrepancia de geocodificación."
7002,2,1412000012914,Mujeres,61,Hogar,,1,07:00,,Al médico o atención de salud,,"Hospital, clínica, consultorio, laboratorio clínico",,Su casa,,home,,1412000014605,,AUTOMÓVIL PARTICULAR,,35,,,,,,
7002,2,1412000012914,Mujeres,61,Hogar,,2,09:00,,Compras (comida),,"Comercio, mercado, tienda o centro comercial",,,,1412000014605,,1412000014376,,AUTOMÓVIL PARTICULAR,,35,,,,,,
7002,2,1412000012914,Mujeres,61,Hogar,,3,12:00,,Regresar a Casa,,Su casa,,,,1412000014376,,home,,AUTOMÓVIL PARTICULAR,,30,,,,,,
7002,2,1412000012914,Mujeres,61,Hogar,,4,19:00,,Deportes o recreación,,"Comercio, mercado, tienda o centro comercial",,,,home,,1412000013293,,Taxi plataforma (Uber/Didi),,20,,,,,,
7002,2,1412000012914,Mujeres,61,Hogar,,5,12:00 → 00:00,,Regresar a Casa,,Su casa,,,,1412000013293,,home,,Taxi plataforma (Uber/Didi),,25,,hora:revision,hora_nocturna,changed,,"Corrección AM/PM: se reporta 12:00 y por la secuencia del día corresponde a 00:00. El origen se encadena con el destino del viaje 4 (Comercio, mercado, tienda o centro comercial en 1412000013293)."
7002,4,1412000012914,Mujeres,41,Hogar,,1,10:40,,Visitar a alguien,,"Comercio, mercado, tienda o centro comercial",,Su casa,,home,,1403900011293,,Taxi plataforma (Uber/Didi),,25,,,,,,
7002,4,1412000012914,Mujeres,41,Hogar,,2,11:30,,Regresar a Casa,,Su casa,,,,1403900011293,,home,,Taxi plataforma (Uber/Didi),,30,,,,,,
7002,4,1412000012914,Mujeres,41,Hogar,,3,19:00,,Deportes o recreación,,"Comercio, mercado, tienda o centro comercial",,,,home,,1412000013293,,Taxi plataforma (Uber/Didi),,20,,,,,,
7002,4,1412000012914,Mujeres,41,Hogar,,4,12:00 → 00:00,,Regresar a Casa,,Su casa,,,,1412000013293,,home,,Taxi plataforma (Uber/Didi),,25,,hora:revision,hora_nocturna,changed,,"Corrección AM/PM: se reporta 12:00 y por la secuencia del día corresponde a 00:00. El origen se encadena con el destino del viaje 3 (Comercio, mercado, tienda o centro comercial en 1412000013293)."
7017,3,141200001290A,Mujeres,38,Empleado,,1,06:30,,Trabajar,,"Deportivo, gimnasio",,Su casa,,home,,1412000011206,,AUTOMÓVIL PARTICULAR,,8,,,,,,
7017,3,141200001290A,Mujeres,38,Empleado,,2,20:30 → 08:30,,Regresar a Casa,,Su casa,,,,1412000011206,,home,,AUTOMÓVIL PARTICULAR,,8,,hora:revision,,changed,,"Corrección AM/PM: se reporta 20:30 y por la secuencia del día corresponde a 08:30. El origen se encadena con el destino del viaje 1 (Deportivo, gimnasio en 1412000011206)."
7017,3,141200001290A,Mujeres,38,Empleado,,3,10:00,,Trabajar,,Oficina,,,,home,,141205567,,AUTOMÓVIL PARTICULAR,,12,,,,,,
7017,3,141200001290A,Mujeres,38,Empleado,,4,18:00,,Regresar a Casa,,Su casa,,,,141205567,,home,,AUTOMÓVIL PARTICULAR,,18,,,,,,
7017,3,141200001290A,Mujeres,38,Empleado,,5,19:30,,Compras (comida),,"Comercio, mercado, tienda o centro comercial",,,,home,,1412000013984,,AUTOMÓVIL PARTICULAR,,10,,,,,,
7017,3,141200001290A,Mujeres,38,Empleado,,6,20:05,,Regresar a Casa,,Su casa,,,,1412000013984,,home,,AUTOMÓVIL PARTICULAR,,10,,,,,,
7037,1,1412000013575,Hombres,53,Empleado,,1,09:00,,Trabajar,,Otra vivienda,,Su casa,,home,,1412000010405,,AUTOMÓVIL PARTICULAR,,10,,,,,,
7037,1,1412000013575,Hombres,53,Empleado,,2,22:00 → 10:00,,Trabajar,,Otra vivienda,,,,1412000010405,,1412000014836,,AUTOMÓVIL PARTICULAR,,15,,hora:revision,,changed,,Corrección AM/PM: se reporta 22:00 y por la secuencia del día corresponde a 10:00. El origen se encadena con el destino del viaje 1 (Otra vivienda en 1412000010405).
7037,1,1412000013575,Hombres,53,Empleado,,3,15:00,,Compras (comida),,"Comercio, mercado, tienda o centro comercial",,,,1412000014836,,1412000014836,,AUTOMÓVIL PARTICULAR,,10,,,,,,
7037,1,1412000013575,Hombres,53,Empleado,,4,18:00,,Regresar a Casa,,Su casa,,,,1412000014836,,home,,AUTOMÓVIL PARTICULAR,,15,,,,,,
7037,5,1412000013575,Mujeres,21,Estudiante,,1,15:00 → 05:00,,Estudiar,,Escuela,,Su casa,,home,,1403900014546,,CAMIÓN O AUTOBÚS,,30,,hora:revision,,changed,,
7037,5,1412000013575,Mujeres,21,Estudiante,,2,20:00 → 08:00,,Regresar a Casa,,Su casa,,,,1403900014546,,home,,CAMIÓN O AUTOBÚS,,30,,hora:revision,,changed,,Corrección AM/PM: se reporta 20:00 y por la secuencia del día corresponde a 08:00. El origen se encadena con el destino del viaje 1 (Escuela en 1403900014546).
7037,5,1412000013575,Mujeres,21,Estudiante,,3,18:03,,Estudiar,,Escuela,,,,home,,1403900014546,,CAMIÓN O AUTOBÚS,,30,,,,,,
7037,5,1412000013575,Mujeres,21,Estudiante,,4,20:49,,Regresar a Casa,,Su casa,,,,1403900014546,,home,,CAMIÓN O AUTOBÚS,,30,,,,,,
7053,2,1412000013575,Mujeres,44,Hogar,,1,07:30,,Llevar o recoger a alguien,,Escuela,,Su casa,,home,,1412000011206,,AUTOMÓVIL PARTICULAR,,20,,,,,,
7053,2,1412000013575,Mujeres,44,Hogar,,2,08:00,,Regresar a Casa,,Su casa,,,,1412000011206,,home,,AUTOMÓVIL PARTICULAR,,20,,,,,,
7053,2,1412000013575,Mujeres,44,Hogar,,3,12:25,,Llevar o recoger a alguien,,Escuela,,,,home,,1412000011206,,AUTOMÓVIL PARTICULAR,,20,,,,,,
7053,2,1412000013575,Mujeres,44,Hogar,,4,13:00,,Regresar a Casa → Trabajar,,Su casa,,,,1412000011206,,1412000011225,,AUTOMÓVIL PARTICULAR,,25,,motivo:revision,actividad_en_casa,changed,,"El motivo pasa de Regresar a Casa a “Trabajar”: la persona ya estaba en casa y el viaje va hacia la AGEB 1412000011225, de modo que es un viaje de ida y no el regreso. El origen se encadena con el destino del viaje 3 (Escuela en 1412000011206)."
7053,2,1412000013575,Mujeres,44,Hogar,,5,16:30,,"Compras (bienes, productos y servicios)",,"Comercio, mercado, tienda o centro comercial",,,,1412000011225,,1412000011225,,AUTOMÓVIL PARTICULAR,,30,,,,,,
7053,2,1412000013575,Mujeres,44,Hogar,,6,19:00,,Regresar a Casa,,Su casa,,,,1412000011225,,home,,AUTOMÓVIL PARTICULAR,,30,,,,,,
7101,1,141200157,Hombres,66,Jubilado o pensionado,,1,07:30,,Trabajar,,"Comercio, mercado, tienda o centro comercial",,Su casa,,home,,1403900014565,,AUTOMÓVIL PARTICULAR,,30,,,,,,
7101,1,141200157,Hombres,66,Jubilado o pensionado,,2,07:44 → 08:00,,Regresar a Casa,,Su casa,,,,1403900014565,,home,,AUTOMÓVIL PARTICULAR,,15,,hora:revision,,changed,,"La salida se recorre de 7:44 a 08:00, que es la hora a la que llega el viaje anterior (7:30 + 30 min de traslado): tal como estaba, el viaje empezaba antes de haber llegado. El origen se encadena con el destino del viaje 1 (Comercio, mercado, tienda o centro comercial en 1403900014565)."
7101,1,141200157,Hombres,66,Jubilado o pensionado,,3,09:16,,Trabajar,,"Comercio, mercado, tienda o centro comercial",,,,home,,1403900014565,,AUTOMÓVIL PARTICULAR,,30,,,,,,
7101,1,141200157,Hombres,66,Jubilado o pensionado,,4,10:00,,Regresar a Casa,,Su casa,,,,1403900014565,,home,,AUTOMÓVIL PARTICULAR,,15,,,,,,
7101,1,141200157,Hombres,66,Jubilado o pensionado,,5,18:14,,Otros (especifique),,Otros (especifique),,,,home,,home,,A PIE,,5,,,,,,
7101,1,141200157,Hombres,66,Jubilado o pensionado,,6,18:20,,Regresar a Casa,,Su casa,,,,home,,home,,A PIE,,5,,,,,,
7122,2,1412000011206,Mujeres,43,Empleado,,1,20:00 → 08:00,,Trabajar,,Oficina,,Su casa,,home,,1412000013664,,AUTOMÓVIL PARTICULAR,,15,,hora:revision,,changed,,
7122,2,1412000011206,Mujeres,43,Empleado,,2,09:43,,Regresar a Casa,,Su casa,,,,1412000013664,,home,,AUTOMÓVIL PARTICULAR,,10,,,,,,
7122,2,1412000011206,Mujeres,43,Empleado,,3,11:26,,Trabajar,,Oficina,,,,home,,1412000013664,,AUTOMÓVIL PARTICULAR,,15,,,,,,
7122,2,1412000011206,Mujeres,43,Empleado,,4,07:00 → 19:00,,Regresar a Casa,,Su casa,,,,1412000013664,,home,,AUTOMÓVIL PARTICULAR,,10,,hora:revision,,changed,,Corrección AM/PM: se reporta 7:00 y por la secuencia del día corresponde a 19:00. El origen se encadena con el destino del viaje 3 (Oficina en 1412000013664).
7181,4,1412000012863,Mujeres,7,Estudiante,,1,07:39,,Estudiar,,Escuela,,Su casa,,home,,1412000013518,,A PIE,,8,,,,,,
7181,4,1412000012863,Mujeres,7,Estudiante,,2,13:06,,Regresar a Casa,,Su casa,,,,1412000013518,,home,,A PIE,,8,,,,,,
7181,4,1412000012863,Mujeres,7,Estudiante,,3,15:09,,Compras (comida),,"Comercio, mercado, tienda o centro comercial",,,,home,,home,,A PIE,,2,,,,,,
7181,4,1412000012863,Mujeres,7,Estudiante,,4,15:06 → 17:06,,Regresar a Casa,,Su casa,,,,home,,home,,A PIE,,2,,hora:revision,,changed,,"Desfase de dos horas al capturar: 15:06 se lee como 17:06. El origen se encadena con el destino del viaje 3 (Comercio, mercado, tienda o centro comercial en la zona del hogar). [Undécima revisión: la decisión de chain_review se mantiene. Se tomó contra «15:06», que las reglas del 26 de septiembre de 2026 dan ahora como «15:11».]"
7193,1,1412000013575,Hombres,74,Empleado,,1,18:00 → 06:00,,Trabajar,,Fábrica o taller,,Su casa,,home,,1409700010941,,AUTOMÓVIL PARTICULAR,,100,,hora:revision,,changed,,
7193,1,1412000013575,Hombres,74,Empleado,,2,08:36,,Regresar a Casa,,Su casa,,,,1409700010941,,home,,AUTOMÓVIL PARTICULAR,,100,,,,,,
7193,1,1412000013575,Hombres,74,Empleado,,3,10:04 → 10:16,,Trabajar,,Fábrica o taller,,,,home,,1409700010941,,AUTOMÓVIL PARTICULAR,,100,,hora:llegada,,changed,,
7193,1,1412000013575,Hombres,74,Empleado,,4,07:00 → 19:00,,Regresar a Casa,,Su casa,,,,1409700010941,,home,,AUTOMÓVIL PARTICULAR,,100,,hora:revision,,changed,,Corrección AM/PM: se reporta 7:00 y por la secuencia del día corresponde a 19:00. El origen se encadena con el destino del viaje 3 (Fábrica o taller en 1409700010941).
7239,1,1412000013575,Hombres,57,,,1,10:00,,Compras (comida),,"Comercio, mercado, tienda o centro comercial",,Su casa,,home,,1412000014376,,AUTOMÓVIL PARTICULAR,,35,,,,,,
7239,1,1412000013575,Hombres,57,,,2,11:40,,"Compras (bienes, productos y servicios)",,"Comercio, mercado, tienda o centro comercial",,,,1412000014376,,1403900013321,,AUTOMÓVIL PARTICULAR,,15,,,,,,
7239,1,1412000013575,Hombres,57,,,3,14:00,,Regresar a Casa,,Su casa,,,,1403900013321,,home,,AUTOMÓVIL PARTICULAR,,30,,,,,,
7239,1,1412000013575,Hombres,57,,,4,19:00,,Deportes o recreación,,"Comercio, mercado, tienda o centro comercial",,,,home,,1403900011043,,AUTOMÓVIL PARTICULAR,,30,,,,,,
7239,1,1412000013575,Hombres,57,,,5,12:00 → 00:00,,Regresar a Casa,,Su casa,,,,1403900011043,,home,,AUTOMÓVIL PARTICULAR,,25,,hora:revision,hora_nocturna,changed,,"Corrección AM/PM: se reporta 12:00 y por la secuencia del día corresponde a 00:00. El origen se encadena con el destino del viaje 4 (Comercio, mercado, tienda o centro comercial en 1403900011043)."
7239,2,1412000013575,Mujeres,53,Hogar,,1,10:00,,Compras (comida),,"Comercio, mercado, tienda o centro comercial",,Su casa,,home,,1412000014376,,AUTOMÓVIL PARTICULAR,,30,,,,,,
7239,2,1412000013575,Mujeres,53,Hogar,,2,11:40,,"Compras (bienes, productos y servicios)",,"Comercio, mercado, tienda o centro comercial",,,,1412000014376,,1403900013321,,AUTOMÓVIL PARTICULAR,,15,,,,,,
7239,2,1412000013575,Mujeres,53,Hogar,,3,14:00,,Regresar a Casa,,Su casa,,,,1403900013321,,home,,AUTOMÓVIL PARTICULAR,,30,,,,,,
7239,2,1412000013575,Mujeres,53,Hogar,,4,19:00,,Deportes o recreación,,"Comercio, mercado, tienda o centro comercial",,,,home,,1403900011043,,AUTOMÓVIL PARTICULAR,,25,,,,,,
7239,2,1412000013575,Mujeres,53,Hogar,,5,12:00 → 00:00,,Regresar a Casa,,Su casa,,,,1403900011043,,home,,AUTOMÓVIL PARTICULAR,,30,,hora:revision,hora_nocturna,changed,,"Corrección AM/PM: se reporta 12:00 y por la secuencia del día corresponde a 00:00. El origen se encadena con el destino del viaje 4 (Comercio, mercado, tienda o centro comercial en 1403900011043)."
7382,3,1412000010814,Mujeres,33,Empleado,,1,20:00 → 08:00,,Trabajar,,Oficina,,Su casa,,home,,1403900010596,,AUTOMÓVIL PARTICULAR,,45,,hora:revision,,changed,,
7382,3,1412000010814,Mujeres,33,Empleado,,2,17:34,,Regresar a Casa,,Su casa,,,,1403900010596,,home,,AUTOMÓVIL PARTICULAR,,45,,,,,,
7382,3,1412000010814,Mujeres,33,Empleado,,3,19:29 → 18:30,,Trabajar,,Oficina,,,,home,,1403900010596,,AUTOMÓVIL PARTICULAR,,45,,hora:revision,,changed,,
7382,3,1412000010814,Mujeres,33,Empleado,,4,18:30 → 20:30,,Regresar a Casa,,Su casa,,,,1403900010596,,home,,AUTOMÓVIL PARTICULAR,,45,,hora:revision,,changed,,Desfase de dos horas al capturar: 18:30 se lee como 20:30. El origen se encadena con el destino del viaje 3 (Oficina en 1403900010596).
7389,2,1412000013274,Mujeres,58,,,1,10:10,,Compras (comida),,"Comercio, mercado, tienda o centro comercial",,Su casa,,home,,141200001326A,,A PIE,,2,,,,,,
7389,2,1412000013274,Mujeres,58,,,2,10:08 → 12:08,,Regresar a Casa,,Su casa,,,,141200001326A,,home,,A PIE,,2,,hora:revision,,changed,,"Desfase de dos horas al capturar: 10:08 se lee como 12:08. El origen se encadena con el destino del viaje 1 (Comercio, mercado, tienda o centro comercial en 141200001326A). [Undécima revisión: la decisión de chain_review se mantiene. Se tomó contra «10:08», que las reglas del 26 de septiembre de 2026 dan ahora como «10:12».]"
7389,2,1412000013274,Mujeres,58,,,3,19:13,,Llevar o recoger a alguien,,Otra vivienda,,,,home,,141200001326A,,A PIE,,8,,,,,,
7389,2,1412000013274,Mujeres,58,,,4,19:22,,Regresar a Casa,,Su casa,,,,141200001326A,,home,,A PIE,,8,,,,,,
7420,1,1412000015285,Mujeres,28,Trabajador independiente,,1,16:00 → 04:00,,Trabajar,,"Comercio, mercado, tienda o centro comercial",,Su casa,,home,,1412000013382,,A PIE,,15,,hora:revision,,changed,,
7420,1,1412000015285,Mujeres,28,Trabajador independiente,,2,04:43,,Regresar a Casa,,Su casa,,,,1412000013382,,home,,AUTOMÓVIL PARTICULAR,,5,,,,,,
7420,1,1412000015285,Mujeres,28,Trabajador independiente,,3,06:23,,Trabajar,,"Comercio, mercado, tienda o centro comercial",,,,home,,1412000013382,,AUTOMÓVIL PARTICULAR,,15,,,,,,
7420,1,1412000015285,Mujeres,28,Trabajador independiente,,4,02:30 → 14:30,,Regresar a Casa,,Su casa,,,,1412000013382,,home,,AUTOMÓVIL PARTICULAR,,5,,hora:revision,,changed,,"Corrección AM/PM: se reporta 2:30 y por la secuencia del día corresponde a 14:30. El origen se encadena con el destino del viaje 3 (Comercio, mercado, tienda o centro comercial en 1412000013382)."
7420,1,1412000015285,Mujeres,28,Trabajador independiente,,5,19:15,,"Compras (bienes, productos y servicios)",,"Comercio, mercado, tienda o centro comercial",,,,home,,1412000016512,,A PIE,,7,,,,,,
7420,1,1412000015285,Mujeres,28,Trabajador independiente,,6,19:29,,Regresar a Casa,,Su casa,,,,1412000016512,,home,,A PIE,,7,,,,,,
7427,2,1412000010617,Hombres,28,Empleado,,1,18:00 → 05:39,,Trabajar,,Fábrica o taller,,Su casa,,home,,1412000016743,,AUTOMÓVIL PARTICULAR,,5,,hora:revision,,changed,,
7427,2,1412000010617,Hombres,28,Empleado,,2,05:39 → 07:10,,Regresar a Casa,,Su casa,,,,1412000016743,,home,,AUTOMÓVIL PARTICULAR,,5,,hora:revision,,changed,,La hora de salida pasa de 5:39 a 7:10 para que el viaje ocurra después de la llegada del anterior. El origen se encadena con el destino del viaje 1 (Fábrica o taller en 1412000016743).
7427,2,1412000010617,Hombres,28,Empleado,,3,07:10 → 14:30,,Trabajar,,Fábrica o taller,,,,home,,1412000016743,,AUTOMÓVIL PARTICULAR,,5,,hora:revision,,changed,,
7427,2,1412000010617,Hombres,28,Empleado,,4,02:30 → 18:00,,Regresar a Casa,,Su casa,,,,1412000016743,,home,,AUTOMÓVIL PARTICULAR,,5,,hora:revision,,changed,,La hora de salida pasa de 14:30 a 18:00 para que el viaje ocurra después de la llegada del anterior. El origen se encadena con el destino del viaje 3 (Fábrica o taller en 1412000016743).
7444,3,1412000010212,Mujeres,65,Hogar,,1,07:30,,Llevar o recoger a alguien,,Escuela,,Su casa,,home,,1412000012632,,A PIE,,10,,,,,,
7444,3,1412000010212,Mujeres,65,Hogar,,2,08:00,,Regresar a Casa,,Su casa,,,,1412000012632,,home,,A PIE,,10,,,,,,
7444,3,1412000010212,Mujeres,65,Hogar,,3,12:30,,Llevar o recoger a alguien,,Escuela,,,,home,,1412000012632,,A PIE,,10,,,,,,
7444,3,1412000010212,Mujeres,65,Hogar,,4,12:50,,Regresar a Casa → Trabajar,,Su casa,,,,1412000012632,,1403900011325,,CAMIÓN O AUTOBÚS,,30,,motivo:revision,actividad_en_casa,changed,,"El motivo pasa de Regresar a Casa a “Trabajar”: la persona ya estaba en casa y el viaje va hacia la AGEB 1403900011325, de modo que es un viaje de ida y no el regreso. El origen se encadena con el destino del viaje 3 (Escuela en 1412000012632)."
7444,3,1412000010212,Mujeres,65,Hogar,,5,15:00,,Llevar o recoger a alguien,,"Hospital, clínica, consultorio, laboratorio clínico",,,,1403900011325,,1403900011325,,CAMIÓN O AUTOBÚS,,40,,,,,,
7444,3,1412000010212,Mujeres,65,Hogar,,6,17:30,,Regresar a Casa,,Su casa,,,,1403900011325,,home,,CAMIÓN O AUTOBÚS,,40,,,,,,
7460,1,1412000013378,Mujeres,36,Empleado,,1,07:00,,Llevar o recoger a alguien,,Escuela,,Su casa,,home,,1412000016635,,AUTOMÓVIL PARTICULAR,,10,,,,,,
7460,1,1412000013378,Mujeres,36,Empleado,,2,07:30,,Trabajar,,Oficina,,,,1412000016635,,1403900013656,,AUTOMÓVIL PARTICULAR,,40,,,,,,
7460,1,1412000013378,Mujeres,36,Empleado,,3,13:30,,Llevar o recoger a alguien,,Escuela,,,,1403900013656,,1412000016635,,AUTOMÓVIL PARTICULAR,,55,,,,,,
7460,1,1412000013378,Mujeres,36,Empleado,,4,02:00 → 14:25,,Regresar a Casa,,Su casa,,,,1412000016635,,home,,AUTOMÓVIL PARTICULAR,,40,,hora:revision,,changed,,"La salida se recorre de 2:00 a 14:25, que es la hora a la que llega el viaje anterior (13:30 + 55 min de traslado): tal como estaba, el viaje empezaba antes de haber llegado. El origen se encadena con el destino del viaje 3 (Escuela en 1412000016635)."
7460,1,1412000013378,Mujeres,36,Empleado,,5,16:20,,Deportes o recreación,,Escuela,,,,home,,1412000014215,,AUTOMÓVIL PARTICULAR,,35,,,,,,
7460,1,1412000013378,Mujeres,36,Empleado,,6,20:00,,Regresar a Casa,,Su casa,,,,1412000014215,,home,,AUTOMÓVIL PARTICULAR,,60,,,,,,
7498,2,141200001326A,Mujeres,53,Hogar,,1,10:30,,Pagar algún servicio o al banco,,"Comercio, mercado, tienda o centro comercial",,Su casa,,home,,home,,A PIE,,10,,,,,,
7498,2,141200001326A,Mujeres,53,Hogar,,2,10:40,,Regresar a Casa → Trabajar,,Su casa,,,,home,,1412000010405,,A PIE,,10,,motivo:revision,actividad_en_casa,changed,,"El motivo pasa de Regresar a Casa a “Trabajar”: la persona ya estaba en casa y el viaje va hacia la AGEB 1412000010405, de modo que es un viaje de ida y no el regreso. El origen se encadena con el destino del viaje 1 (Comercio, mercado, tienda o centro comercial en la zona del hogar)."
7498,2,141200001326A,Mujeres,53,Hogar,,3,14:00,,Compras (comida),,"Comercio, mercado, tienda o centro comercial",,,,1412000010405,,1412000010405,,AUTOMÓVIL PARTICULAR,,20,,,,,,
7498,2,141200001326A,Mujeres,53,Hogar,,4,15:30,,Regresar a Casa,,Su casa,,,,1412000010405,,home,,AUTOMÓVIL PARTICULAR,,20,,,,,,
7511,1,1412000013274,Hombres,29,Empleado,,1,07:00,,Trabajar,,Oficina,,Su casa,,home,,1412000016550,,MOTOCICLETA,,20,,,,,,
7511,1,1412000013274,Hombres,29,Empleado,,2,14:00,,Regresar a Casa,,Su casa,,,,1412000016550,,home,,MOTOCICLETA,,20,,,,,,
7511,1,1412000013274,Hombres,29,Empleado,,3,15:00,,Trabajar,,"Restaurante, bar, cafetería",,,,home,,1412000017046,,MOTOCICLETA,,15,,,,,,
7511,1,1412000013274,Hombres,29,Empleado,,4,12:00 → 00:00,,Regresar a Casa,,Su casa,,,,1412000017046,,home,,MOTOCICLETA,,15,,hora:revision,hora_nocturna,changed,,"Corrección AM/PM: se reporta 12:00 y por la secuencia del día corresponde a 00:00. El origen se encadena con el destino del viaje 3 (Restaurante, bar, cafetería en 1412000017046)."
7539,6,1409800012150,Mujeres,22,Empleado,,1,09:00,,Trabajar,,Su casa → Fábrica o taller,,Otra vivienda,,1412000010373,,1409800012841,,TREN LIGERO,,80,,tipo_destino:revision,inicio_fuera_de_casa,changed,,
7539,6,1409800012150,Mujeres,22,Empleado,,2,20:04,,Trabajar,,Otros (especifique),,,,1409800012841,,1409800010879,,A PIE,,79,,,,,,
7539,6,1409800012150,Mujeres,22,Empleado,,3,20:49 → 21:23,,Regresar a Casa,,Su casa,,,,1409800010879,,home,,A PIE,,79,,hora:revision,,changed,,"La salida se recorre de 20:49 a 21:23, que es la hora a la que llega el viaje anterior (20:04 + 79 min de traslado): tal como estaba, el viaje empezaba antes de haber llegado. El origen se encadena con el destino del viaje 2 (Otros (especifique) en 1409800010879)."
7546,5,1409800010370,Mujeres,32,Empleado,,1,09:00,,Trabajar,,Su casa → Fábrica o taller,,"Comercio, mercado, tienda o centro comercial",,1412000010373,,1409800012841,,CAMIÓN O AUTOBÚS,,80,,tipo_destino:revision,inicio_fuera_de_casa,changed,,
7546,5,1409800010370,Mujeres,32,Empleado,,2,20:01,,Trabajar,,Otros (especifique),,,,1409800012841,,1409800010879,,CAMIÓN O AUTOBÚS,,79,,,,,,
7546,5,1409800010370,Mujeres,32,Empleado,,3,20:49 → 21:20,,Regresar a Casa,,Su casa,,,,1409800010879,,home,,CAMIÓN O AUTOBÚS,,79,,hora:revision,,changed,,"La salida se recorre de 20:49 a 21:20, que es la hora a la que llega el viaje anterior (20:01 + 79 min de traslado): tal como estaba, el viaje empezaba antes de haber llegado. El origen se encadena con el destino del viaje 2 (Otros (especifique) en 1409800010879)."
7549,2,1409800012150,Hombres,60,Empleado,,1,06:30,,Trabajar,,Fábrica o taller,,Su casa,,home,,1412000010617,,AUTOMÓVIL PARTICULAR,,60,,,,,,
7549,2,1409800012150,Hombres,60,Empleado,,2,06:44 → 07:30,,Regresar a Casa,,Su casa,,,,1412000010617,,home,,AUTOMÓVIL PARTICULAR,,60,,hora:revision,,changed,,"La salida se recorre de 6:44 a 07:30, que es la hora a la que llega el viaje anterior (6:30 + 60 min de traslado): tal como estaba, el viaje empezaba antes de haber llegado. El origen se encadena con el destino del viaje 1 (Fábrica o taller en 1412000010617)."
7549,2,1409800012150,Hombres,60,Empleado,,3,08:27 → 08:30,,Trabajar,,Fábrica o taller,,,,home,,1412000010617,,AUTOMÓVIL PARTICULAR,,60,,hora:revision,,changed,,
7549,2,1409800012150,Hombres,60,Empleado,,4,09:00 → 19:00,,Regresar a Casa,,Su casa,,,,1412000010617,,home,,AUTOMÓVIL PARTICULAR,,60,,hora:revision,,changed,,Error de dígito en la hora: se reporta 9:00 y la cadena solo cierra con 19:00. El origen se encadena con el destino del viaje 3 (Fábrica o taller en 1412000010617).
7549,2,1409800012150,Hombres,60,Empleado,,5,19:17 → 21:17,,Otros (especifique),,Otros (especifique),,,,home,,home,,A PIE,,13,,hora:revision,,changed,,
7549,2,1409800012150,Hombres,60,Empleado,,6,19:31 → 21:31,,Regresar a Casa,,Su casa,,,,home,,home,,A PIE,,13,,hora:revision,,changed,,Desfase de dos horas al capturar: 19:31 se lee como 21:31. El origen se encadena con el destino del viaje 5 (Otros (especifique) en la zona del hogar).
7556,2,1409800011398,Hombres,51,Empleado,,1,20:45 → 08:45,,Trabajar,,"Comercio, mercado, tienda o centro comercial",,Su casa,,home,,99999000A,,Transporte de personal,,50,,hora:revision,,changed,,
7556,2,1409800011398,Hombres,51,Empleado,,2,07:45 → 19:45,,Regresar a Casa,,Su casa,,,,99999000A,,home,,Transporte de personal,,50,,hora:revision,,changed,,"Corrección AM/PM: se reporta 7:45 y por la secuencia del día corresponde a 19:45. El origen se encadena con el destino del viaje 1 (Comercio, mercado, tienda o centro comercial en 99999000A)."
7608,2,1409800011684,Mujeres,16,Estudiante,,1,16:00,,Estudiar,,Escuela,,Su casa,,home,,1409800011256,,A PIE,,30,,,,,,
7608,2,1409800011684,Mujeres,16,Estudiante,,2,20:00,,Regresar a Casa,,Su casa,,,,1409800011256,,1409800011256 → home,,A PIE,,30,,destino:revision,,changed,,"El origen se encadena con el destino del viaje 1 (Escuela en 1409800011256). El destino pasa de 1409800011256 a la zona del hogar: esa AGEB funciona como “Su casa” dentro de la cadena, es una discrepancia de geocodificación."
7612,3,1409800011684,Mujeres,17,Estudiante,,1,16:07,,Estudiar,,Escuela,,Su casa,,home,,1409800011256,,A PIE,,30,,,,,,
7612,3,1409800011684,Mujeres,17,Estudiante,,2,20:08,,Regresar a Casa,,Su casa,,,,1409800011256,,1409800011256 → home,,A PIE,,30,,destino:revision,,changed,,"El origen se encadena con el destino del viaje 1 (Escuela en 1409800011256). El destino pasa de 1409800011256 a la zona del hogar: esa AGEB funciona como “Su casa” dentro de la cadena, es una discrepancia de geocodificación."
7614,1,1409709033908,Hombres,57,Empleado,,1,07:00,,Trabajar,,"Comercio, mercado, tienda o centro comercial",,Su casa,,home,,1409700010918,,A PIE,,10,,,,,,
7614,1,1409709033908,Hombres,57,Empleado,,2,07:00 → 19:00,,Regresar a Casa,,Su casa,,,,1409700010918,,home,,A PIE,,10,,hora:revision,,changed,,"Corrección AM/PM: se reporta 7:00 y por la secuencia del día corresponde a 19:00. El origen se encadena con el destino del viaje 1 (Comercio, mercado, tienda o centro comercial en 1409700010918). [Undécima revisión: la decisión de chain_review se mantiene. Se tomó contra «07:00», que las reglas del 26 de septiembre de 2026 dan ahora como «07:10».]"
7614,1,1409709033908,Hombres,57,Empleado,,3,19:12,,Llevar o recoger a alguien,,Otra vivienda,,,,home,,1409801282875,,A PIE,,5,,,,,,
7614,1,1409709033908,Hombres,57,Empleado,,4,19:27,,Regresar a Casa,,Su casa,,,,1409801282875,,home,,A PIE,,5,,,,,,
7639,1,1409800012555,Mujeres,30,Empleado,,1,21:01 → 09:01,,Trabajar,,Otra vivienda,,Su casa,,home,,1403900014067,,TREN LIGERO,,57,,hora:revision,,changed,,
7639,1,1409800012555,Mujeres,30,Empleado,,2,07:00 → 19:00,,Regresar a Casa,,Su casa,,,,1403900014067,,home,,TREN LIGERO,,30,,hora:revision,,changed,,Corrección AM/PM: se reporta 7:00 y por la secuencia del día corresponde a 19:00. El origen se encadena con el destino del viaje 1 (Otra vivienda en 1403900014067).
7641,2,1409800012150,Mujeres,29,Empleado,,1,09:02,,Trabajar,,Su casa → Fábrica o taller,,Otra vivienda,,1412000010373,,1409800012841,,A PIE,,80,,tipo_destino:revision,inicio_fuera_de_casa,changed,,
7641,2,1409800012150,Mujeres,29,Empleado,,2,20:02,,Trabajar,,Otros (especifique),,,,1409800012841,,1409800010879,,MI MACRO,,79,,,,,,
7641,2,1409800012150,Mujeres,29,Empleado,,3,20:48 → 21:21,,Regresar a Casa,,Su casa,,,,1409800010879,,home,,MI MACRO,,79,,hora:revision,,changed,,"La salida se recorre de 20:48 a 21:21, que es la hora a la que llega el viaje anterior (20:02 + 79 min de traslado): tal como estaba, el viaje empezaba antes de haber llegado. El origen se encadena con el destino del viaje 2 (Otros (especifique) en 1409800010879)."
7694,2,1409800012589,Mujeres,71,Hogar,,1,09:00,,"Compras (bienes, productos y servicios)",,"Comercio, mercado, tienda o centro comercial",,Su casa,,home,,1409800012767,,AUTOMÓVIL PARTICULAR,,10,,,,,,
7694,2,1409800012589,Mujeres,71,Hogar,,2,21:25 → 09:25,,Visitar a alguien,,Otra vivienda,,,,1409800012767,,1409709033908,,AUTOMÓVIL PARTICULAR,,20,,hora:revision,,changed,,"Corrección AM/PM: se reporta 21:25 y por la secuencia del día corresponde a 09:25. El origen se encadena con el destino del viaje 1 (Comercio, mercado, tienda o centro comercial en 1409800012767)."
7694,2,1409800012589,Mujeres,71,Hogar,,3,18:00,,Regresar a Casa,,Su casa,,,,1409709033908,,home,,AUTOMÓVIL PARTICULAR,,25,,,,,,
7715,2,1409800012555,Hombres,38,Empleado,,1,08:19,,Compras (comida),,"Comercio, mercado, tienda o centro comercial",,Su casa,,home,,1412000012469,,A PIE,,1,,,,,,
7715,2,1409800012555,Hombres,38,Empleado,,2,08:23,,Regresar a Casa,,Su casa,,,,1412000012469,,home,,A PIE,,1,,,,,,
7715,2,1409800012555,Hombres,38,Empleado,,3,18:00,,Trabajar,,Fábrica o taller,,,,home,,1403900012427,,AUTOMÓVIL PARTICULAR,,35,,,,,,
7715,2,1409800012555,Hombres,38,Empleado,,4,16:00 → 20:00,,Llevar o recoger a alguien,,Otra vivienda,,,,1403900012427,,1409800012362,,AUTOMÓVIL PARTICULAR,,20,,hora:revision,,changed,,La hora de salida pasa de 16:00 a 20:00 para que el viaje ocurra después de la llegada del anterior. El origen se encadena con el destino del viaje 3 (Fábrica o taller en 1403900012427).
7715,2,1409800012555,Hombres,38,Empleado,,5,20:00 → 20:20,,Regresar a Casa,,Su casa,,,,1409800012362,,home,,AUTOMÓVIL PARTICULAR,,20,,hora:revision,,changed,,"La salida se recorre de 20:00 a 20:20, que es la hora a la que llega el viaje anterior (20:00 + 20 min de traslado): tal como estaba, el viaje empezaba antes de haber llegado. El origen se encadena con el destino del viaje 4 (Otra vivienda en 1409800012362)."
7718,2,1409800013267,Mujeres,22,Empleado,,1,19:20 → 09:20,,Regresar a Casa,,Su casa,,Fábrica o taller,,1412000016758,,home,,Transporte de personal,,40,,hora:revision,inicio_fuera_de_casa,changed,,
7718,2,1409800013267,Mujeres,22,Empleado,,2,15:00,,Compras (comida),,"Comercio, mercado, tienda o centro comercial",,,,home,,1409800011468,,A PIE,,20,,,,,,
7718,2,1409800013267,Mujeres,22,Empleado,,3,16:00,,Regresar a Casa,,Su casa,,,,1409800011468,,home,,A PIE,,20,,,,,,
7718,2,1409800013267,Mujeres,22,Empleado,,4,21:00 → 20:16,,Trabajar,,Fábrica o taller,,,,home,,1412000016758,,Transporte de personal,,40,,hora:revision,,changed,,La hora de salida pasa de 21:00 a 20:16 para que el viaje ocurra después de la llegada del anterior. El origen se encadena con el destino del viaje 3 (Su casa en la zona del hogar).
7718,2,1409800013267,Mujeres,22,Empleado,,5,20:16 → 21:40,,Regresar a Casa,,Su casa,,,,1412000016758,,home,,Transporte de personal,,40,,hora:revision,,changed,,
7741,3,1412000010636,Hombres,33,Empleado,,1,12:03 → 00:03,,Trabajar,,Fábrica o taller,,Su casa,,home,,1409700340250,,AUTOMÓVIL PARTICULAR,,90,,hora:revision,,changed,,
7741,3,1412000010636,Hombres,33,Empleado,,2,21:28 → 09:28,,Regresar a Casa,,Su casa,,,,1409700340250,,home,,AUTOMÓVIL PARTICULAR,,70,,hora:revision,,changed,,Corrección AM/PM: se reporta 21:28 y por la secuencia del día corresponde a 09:28. El origen se encadena con el destino del viaje 1 (Fábrica o taller en 1409700340250).
7741,3,1412000010636,Hombres,33,Empleado,,3,16:42,,"Compras (bienes, productos y servicios)",,"Comercio, mercado, tienda o centro comercial",,,,home,,1412000014732,,Mi Bici,,5,,,,,,
7741,3,1412000010636,Hombres,33,Empleado,,4,20:26,,Regresar a Casa,,Su casa,,,,1412000014732,,home,,Mi Bici,,5,,,,,,
7742,2,1412000014732,Mujeres,39,Hogar,,1,07:30,,Llevar o recoger a alguien,,Escuela,,Su casa,,home,,1412000010636,,AUTOMÓVIL PARTICULAR,,20,,,,,,
7742,2,1412000014732,Mujeres,39,Hogar,,2,20:00 → 08:00,,Regresar a Casa,,Su casa,,,,1412000010636,,home,,AUTOMÓVIL PARTICULAR,,20,,hora:revision,,changed,,Corrección AM/PM: se reporta 20:00 y por la secuencia del día corresponde a 08:00. El origen se encadena con el destino del viaje 1 (Escuela en 1412000010636).
7742,2,1412000014732,Mujeres,39,Hogar,,3,09:00,,Deportes o recreación,,"Deportivo, gimnasio",,,,home,,1403900015652,,AUTOMÓVIL PARTICULAR,,10,,,,,,
7742,2,1412000014732,Mujeres,39,Hogar,,4,11:00,,Regresar a Casa,,Su casa,,,,1403900015652,,home,,AUTOMÓVIL PARTICULAR,,10,,,,,,
7742,2,1412000014732,Mujeres,39,Hogar,,5,12:00,,Llevar o recoger a alguien,,Escuela,,,,home,,1412000010636,,AUTOMÓVIL PARTICULAR,,20,,,,,,
7742,2,1412000014732,Mujeres,39,Hogar,,6,12:45,,Compras (comida),,"Comercio, mercado, tienda o centro comercial",,,,1412000010636,,1412000011189,,AUTOMÓVIL PARTICULAR,,20,,,,,,
7742,2,1412000014732,Mujeres,39,Hogar,,7,15:15,,Pagar algún servicio o al banco,,"Comercio, mercado, tienda o centro comercial",,,,1412000011189,,1403900011556,,AUTOMÓVIL PARTICULAR,,15,,,fin_fuera_de_casa,,,
7774,2,1412000013170,Hombres,59,Trabajador independiente,,1,06:30,,Llevar o recoger a alguien,,Escuela,,Su casa,,home,,1403900011359,,AUTOMÓVIL PARTICULAR,,17,,,,,,
7774,2,1412000013170,Hombres,59,Trabajador independiente,,2,08:00,,Regresar a Casa,,Su casa,,,,1403900011359,,home,,AUTOMÓVIL PARTICULAR,,55,,,,,,
7774,2,1412000013170,Hombres,59,Trabajador independiente,,3,09:30,,Trabajar,,"Comercio, mercado, tienda o centro comercial",,,,home,,1403900011359,,AUTOMÓVIL PARTICULAR,,45,,,,,,
7774,2,1412000013170,Hombres,59,Trabajador independiente,,4,20:00,,Regresar a Casa,,Su casa,,,,1403900011359,,home,,AUTOMÓVIL PARTICULAR,,60 → 30,,minutos:revision,,changed,,
7774,2,1412000013170,Hombres,59,Trabajador independiente,,5,21:00,,"Compras (bienes, productos y servicios)",,"Comercio, mercado, tienda o centro comercial",,,,home,,1403900015525,,AUTOMÓVIL PARTICULAR,,5,,,,,,
7774,2,1412000013170,Hombres,59,Trabajador independiente,,6,20:47 → 21:05,,Regresar a Casa,,Su casa,,,,1403900015525,,home,,AUTOMÓVIL PARTICULAR,,5,,hora:revision,,changed,,"La salida se recorre de 20:47 a 21:05, que es la hora a la que llega el viaje anterior (21:00 + 5 min de traslado): tal como estaba, el viaje empezaba antes de haber llegado. El origen se encadena con el destino del viaje 5 (Comercio, mercado, tienda o centro comercial en 1403900015525)."
7776,3,1412000010636,Mujeres,25,Empleado,,1,07:30,,Trabajar,,Oficina,,Su casa,,home,,1409700201013,,AUTOMÓVIL PARTICULAR,,45,,,,,,
7776,3,1412000010636,Mujeres,25,Empleado,,2,18:00,,Regresar a Casa,,Su casa,,,,1409700201013,,home,,AUTOMÓVIL PARTICULAR,,45,,,,,,
7776,3,1412000010636,Mujeres,25,Empleado,,3,07:37 → 19:37,,Trabajar,,Fábrica o taller,,,,home,,1403900011359,,Mi Bici,,7,,hora:revision,,changed,,
7776,3,1412000010636,Mujeres,25,Empleado,,4,13:18 → 01:18,,Regresar a Casa,,Su casa,,,,1403900011359,,home,,Mi Bici,,7,,hora:revision,hora_nocturna,changed,,Corrección AM/PM: se reporta 13:18 y por la secuencia del día corresponde a 01:18. El origen se encadena con el destino del viaje 3 (Fábrica o taller en 1403900011359).
7788,4,1412000014732,Hombres,25,Empleado,,1,08:00,,Trabajar,,"Comercio, mercado, tienda o centro comercial",,Su casa,,home,,1403900011274,,AUTOMÓVIL PARTICULAR,,25,,,,,,
7788,4,1412000014732,Hombres,25,Empleado,,2,14:45,,Llevar o recoger a alguien,,Su casa → Escuela,,,,1403900011274,,1412000011189,,AUTOMÓVIL PARTICULAR,,25,,tipo_destino:revision,,changed,,"El origen se encadena con el destino del viaje 1 (Comercio, mercado, tienda o centro comercial en 1403900011274). El tipo de destino “Su casa” no puede corresponder a una actividad; se sustituye por “Escuela”, tomado de otros viajes de la persona con el mismo motivo o del uso habitual del motivo “Llevar o recoger a alguien”."
7788,4,1412000014732,Hombres,25,Empleado,,3,15:30,,Compras (comida),,"Comercio, mercado, tienda o centro comercial",,,,1412000011189,,1412000011189,,AUTOMÓVIL PARTICULAR,,20,,,,,,
7788,4,1412000014732,Hombres,25,Empleado,,4,19:00,,Regresar a Casa,,Su casa,,,,1412000011189,,home,,AUTOMÓVIL PARTICULAR,,20,,,,,,
7791,4,1412000015266,Hombres,12,Empleado,yes,1,20:03 → 08:03,,Trabajar,,Otra vivienda,,Su casa,,home,,999990001,,AUTOMÓVIL PARTICULAR,,60,,hora:revision,,changed,,
7791,4,1412000015266,Hombres,12,Empleado,yes,2,17:43 → 19:13,,Regresar a Casa,,Su casa,,,,999990001,,home,,AUTOMÓVIL PARTICULAR,,90,,hora:revision,,changed,,La hora de salida pasa de 17:43 a 19:13 para que el viaje ocurra después de la llegada del anterior. El origen se encadena con el destino del viaje 1 (Otra vivienda en 999990001).
7791,4,1412000015266,Hombres,12,Empleado,yes,3,19:26 → 20:43,,Trabajar,,Otra vivienda,,,,home,,999990001,,AUTOMÓVIL PARTICULAR,,60,,hora:revision,,changed,,
7791,4,1412000015266,Hombres,12,Empleado,yes,4,18:30 → 22:13,,Regresar a Casa,,Su casa,,,,999990001,,home,,AUTOMÓVIL PARTICULAR,,90,,hora:revision,,changed,,La hora de salida se fija en 22.13. El origen se encadena con el destino del viaje 3 (Otra vivienda en 999990001).
7935,1,1412000011282,Hombres,33,Empleado,,1,08:00,,Trabajar,,Oficina,,Su casa,,home,,1403900011804,,AUTOMÓVIL PARTICULAR,,40,,,,,,
7935,1,1412000011282,Hombres,33,Empleado,,2,20:00 → 08:40,,Regresar a Casa,,Su casa,,,,1403900011804,,home,,AUTOMÓVIL PARTICULAR,,50,,hora:revision,,changed,,"La salida se recorre de 20:00 a 08:40, que es la hora a la que llega el viaje anterior (8:00 + 40 min de traslado): tal como estaba, el viaje empezaba antes de haber llegado. El origen se encadena con el destino del viaje 1 (Oficina en 1403900011804)."
7935,1,1412000011282,Hombres,33,Empleado,,3,06:14 → 18:14,,Trabajar,,Fábrica o taller,,,,home,,1403900011325,,Mi Bici,,12,,hora:revision,,changed,,
7935,1,1412000011282,Hombres,33,Empleado,,4,11:09 → 23:09,,Regresar a Casa,,Su casa,,,,1403900011325,,home,,Mi Bici,,12,,hora:revision,,changed,,Corrección AM/PM: se reporta 11:09 y por la secuencia del día corresponde a 23:09. El origen se encadena con el destino del viaje 3 (Fábrica o taller en 1403900011325).
7991,1,1403900012376,Hombres,44,Empleado,,1,20:15 → 08:15,,Trabajar,,Fábrica o taller,,Su casa,,home,,1407000130401,,Transporte de personal,,35,,hora:revision,,changed,,
7991,1,1403900012376,Hombres,44,Empleado,,2,06:30 → 18:30,,Regresar a Casa,,Su casa,,,,1407000130401,,home,,Transporte de personal,,35,,hora:revision,,changed,,Corrección AM/PM: se reporta 6:30 y por la secuencia del día corresponde a 18:30. El origen se encadena con el destino del viaje 1 (Fábrica o taller en 1407000130401).
8068,5,1403900012501,Mujeres,41,Empleado,,1,07:30,,Trabajar,,Fábrica o taller,,Su casa,,home,,1409800011684,,TREN LIGERO,,46,,,,,,
8068,5,1403900012501,Mujeres,41,Empleado,,2,20:00,,Otros (especifique) → Regresar a Casa,,Su casa,,,,1409800011684,,home,,TREN LIGERO,,30,,motivo:revision,,changed,,"El motivo pasa de “Otros (especifique)” a Regresar a Casa: el viaje llega a “Su casa” en la zona del hogar viniendo de otra actividad, así que es el regreso y no una actividad nueva. El origen se encadena con el destino del viaje 1 (Fábrica o taller en 1409800011684)."
8130,2,1403900015648,Mujeres,26,Trabajador independiente,,1,07:40,,Llevar o recoger a alguien,,Escuela,,Su casa,,home,,1403900011556,,A PIE,,15,,,,,,
8130,2,1403900015648,Mujeres,26,Trabajador independiente,,2,16:00 → 07:55,,Regresar a Casa,,Su casa,,,,1403900011556,,home,,A PIE,,15,,hora:revision,,changed,,"La salida se recorre de 16:00 a 07:55, que es la hora a la que llega el viaje anterior (7:40 + 15 min de traslado): tal como estaba, el viaje empezaba antes de haber llegado. El origen se encadena con el destino del viaje 1 (Escuela en 1403900011556)."
8130,2,1403900015648,Mujeres,26,Trabajador independiente,,3,11:30,,Llevar o recoger a alguien,,Escuela,,,,home,,1403900011556,,A PIE,,20,,,,,,
8130,2,1403900015648,Mujeres,26,Trabajador independiente,,4,12:10,,Regresar a Casa,,Su casa,,,,1403900011556,,home,,A PIE,,20,,,,,,
8130,2,1403900015648,Mujeres,26,Trabajador independiente,,5,19:21,,Otros (especifique),,Otros (especifique),,,,home,,1403900011753,,A PIE,,14,,,,,,
8130,2,1403900015648,Mujeres,26,Trabajador independiente,,6,19:41,,Regresar a Casa,,Su casa,,,,1403900011753,,home,,A PIE,,14,,,,,,
8135,1,1403900012709,Mujeres,50,Empleado,,1,07:15,,Guardería → Llevar o recoger a alguien,,Otros (especifique),,Su casa,,home,,1403900012696,,A PIE,,9,,motivo:revision,,changed,,
8135,1,1403900012709,Mujeres,50,Empleado,,2,07:31,,Regresar a Casa,,Su casa,,,,1403900012696,,home,,A PIE,,9,,,,,,
8135,1,1403900012709,Mujeres,50,Empleado,,3,17:00,,Trabajar,,Centro cultural o área recreativa,,,,home,,1403900012713,,AUTOMÓVIL PARTICULAR,,15,,,,,,
8135,1,1403900012709,Mujeres,50,Empleado,,4,16:55 → 18:55,,Regresar a Casa,,Su casa,,,,1403900012713,,home,,AUTOMÓVIL PARTICULAR,,15,,hora:revision,,changed,,Desfase de dos horas al capturar: 16:55 se lee como 18:55. El origen se encadena con el destino del viaje 3 (Centro cultural o área recreativa en 1403900012713).
8135,1,1403900012709,Mujeres,50,Empleado,,5,18:11 → 20:11,,Trabajar,,Centro cultural o área recreativa,,,,home,,1403900012713,,AUTOMÓVIL PARTICULAR,,15,,hora:revision,,changed,,
8135,1,1403900012709,Mujeres,50,Empleado,,6,19:00 → 21:00,,Regresar a Casa,,Su casa,,,,1403900012713,,home,,AUTOMÓVIL PARTICULAR,,15,,hora:revision,,changed,,Desfase de dos horas al capturar: 19:00 se lee como 21:00. El origen se encadena con el destino del viaje 5 (Centro cultural o área recreativa en 1403900012713).
8142,6,1403900012709,Mujeres,42,Empleado,,1,07:27,,Trabajar,,Fábrica o taller,,Su casa,,home,,1409800011684,,CAMIÓN O AUTOBÚS,,30,,,,,,
8142,6,1403900012709,Mujeres,42,Empleado,,2,20:02 → 08:02,,Otros (especifique),,Su casa → Otros (especifique),,,,1409800011684,,1403900012501,,CAMIÓN O AUTOBÚS,,30,,hora:revision;tipo_destino:revision,,changed,,"Corrección AM/PM: se reporta 20:02 y por la secuencia del día corresponde a 08:02. El origen se encadena con el destino del viaje 1 (Fábrica o taller en 1409800011684). El tipo de destino “Su casa” no puede corresponder a una actividad; se sustituye por “Otros (especifique)”, tomado de otros viajes de la persona con el mismo motivo o del uso habitual del motivo “Otros (especifique)”."
8142,6,1403900012709,Mujeres,42,Empleado,,3,20:10,,Regresar a Casa,,Su casa,,,,1403900012501,,home,,CAMIÓN O AUTOBÚS,,30,,,,,,
8148,1,1403900012357,Hombres,61,,,1,09:00,,Al médico o atención de salud,,"Hospital, clínica, consultorio, laboratorio clínico",,"Hospital, clínica, consultorio, laboratorio clínico → Su casa",,1403900012569 → home,,1403900012569,,CAMIÓN O AUTOBÚS,,25,,origen:copia;tipo_origen:copia,,changed,,
8148,1,1403900012357,Hombres,61,,,2,11:30,,Regresar a Casa,,Su casa,,,,1403900012569,,home,,CAMIÓN O AUTOBÚS,,25,,tipo_origen:copia,,changed,,
8148,1,1403900012357,Hombres,61,,,3,13:30,,Llevar o recoger a alguien,,Escuela,,,,home,,1403900012408,,A PIE,,10,,tipo_origen:copia,,changed,,
8148,1,1403900012357,Hombres,61,,,4,17:40,,Llevar o recoger a alguien → Regresar a Casa,,Escuela → Su casa,,,,1403900012408,,1403900012408 → home,,A PIE,,10,,tipo_origen:copia;motivo:revision;tipo_destino:revision;destino:revision,,changed,,"El motivo pasa de “Llevar o recoger a alguien” a Regresar a Casa: el viaje llega a “Su casa” en la zona del hogar viniendo de otra actividad, así que es el regreso y no una actividad nueva. El origen se encadena con el destino del viaje 3 (Escuela en 1403900012408). El tipo de destino pasa de “Escuela” a Su casa: el viaje es un regreso que llega a la zona del hogar. El destino pasa de 1403900012408 a la zona del hogar: esa AGEB funciona como “Su casa” dentro de la cadena, es una discrepancia de geocodificación."
8164,4,1403900012357,Mujeres,22,,,1,07:40,,Llevar o recoger a alguien,,Escuela,,Su casa,,home,,1403900012408,,A PIE,,10,,,,,,
8164,4,1403900012357,Mujeres,22,,,2,08:00,,Regresar a Casa,,Su casa,,,,1403900012408,,home,,A PIE,,10,,,,,,
8164,4,1403900012357,Mujeres,22,,,3,09:45,,"Compras (bienes, productos y servicios)",,"Comercio, mercado, tienda o centro comercial",,,,home,,home,,A PIE,,20,,,,,,
8164,4,1403900012357,Mujeres,22,,,4,23:40 → 11:40,,Regresar a Casa,,Su casa,,,,home,,home,,Taxi,,10,,hora:revision,,changed,,"Corrección AM/PM: se reporta 23:40 y por la secuencia del día corresponde a 11:40. El origen se encadena con el destino del viaje 3 (Comercio, mercado, tienda o centro comercial en la zona del hogar)."
8164,4,1403900012357,Mujeres,22,,,5,12:30,,Llevar o recoger a alguien,,Escuela,,,,home,,1403900012408,,A PIE,,10,,,,,,
8164,4,1403900012357,Mujeres,22,,,6,13:00,,Regresar a Casa,,Su casa,,,,1403900012408,,home,,A PIE,,10,,,,,,
8187,3,1403900014052,Mujeres,36,Hogar,,1,08:30,,Guardería → Llevar o recoger a alguien,,Escuela,,Su casa,,home,,1409800012377,,Taxi plataforma (Uber/Didi),,8,,motivo:revision,,changed,,
8187,3,1403900014052,Mujeres,36,Hogar,,2,20:50 → 08:50,,Regresar a Casa,,Su casa,,,,1409800012377,,home,,TREN LIGERO,,8,,hora:revision,,changed,,Corrección AM/PM: se reporta 20:50 y por la secuencia del día corresponde a 08:50. El origen se encadena con el destino del viaje 1 (Escuela en 1409800012377).
8187,3,1403900014052,Mujeres,36,Hogar,,3,17:30,,Guardería → Llevar o recoger a alguien,,Escuela,,,,home,,1409800012377,,AUTOMÓVIL PARTICULAR,,5,,motivo:revision,,changed,,
8187,3,1403900014052,Mujeres,36,Hogar,,4,17:40,,Regresar a Casa,,Su casa,,,,1409800012377,,home,,AUTOMÓVIL PARTICULAR,,5,,,,,,
8187,5,1403900014052,Mujeres,50,Empleado,,1,07:28,,Trabajar,,Fábrica o taller,,Su casa,,home,,1409800011684,,TREN LIGERO,,30,,,,,,
8187,5,1403900014052,Mujeres,50,Empleado,,2,20:00 → 08:00,,Otros (especifique),,Su casa → Otros (especifique),,,,1409800011684,,1403900012501,,TREN LIGERO,,55,,hora:revision;tipo_destino:revision,,changed,,"Corrección AM/PM: se reporta 20:00 y por la secuencia del día corresponde a 08:00. El origen se encadena con el destino del viaje 1 (Fábrica o taller en 1409800011684). El tipo de destino “Su casa” no puede corresponder a una actividad; se sustituye por “Otros (especifique)”, tomado de otros viajes de la persona con el mismo motivo o del uso habitual del motivo “Otros (especifique)”."
8187,5,1403900014052,Mujeres,50,Empleado,,3,20:08,,Regresar a Casa,,Su casa,,,,1403900012501,,home,,TREN LIGERO,,36,,,,,,
8201,1,1412000015459,Hombres,51,Empleado,,1,19:00 → 09:00,,Trabajar,,Oficina,,Su casa,,home,,999990005,,AUTOMÓVIL PARTICULAR,,90,,hora:revision,,changed,,
8201,1,1412000015459,Hombres,51,Empleado,,2,16:39,,Regresar a Casa,,Su casa,,,,999990005,,home,,AUTOMÓVIL PARTICULAR,,120,,,,,,
8201,1,1412000015459,Hombres,51,Empleado,,3,18:23 → 20:23,,Trabajar,,Oficina,,,,home,,999990005,,AUTOMÓVIL PARTICULAR,,90,,hora:revision,,changed,,
8201,1,1412000015459,Hombres,51,Empleado,,4,18:00 → 06:00,,Regresar a Casa,,Su casa,,,,999990005,,home,,AUTOMÓVIL PARTICULAR,,120,,hora:revision,hora_nocturna,changed,,Corrección AM/PM: se reporta 18:00 y por la secuencia del día corresponde a 06:00. El origen se encadena con el destino del viaje 3 (Oficina en 999990005).
8217,2,1412000014535,Mujeres,35,Hogar,,1,07:40,,Llevar o recoger a alguien,,Escuela,,Su casa,,home,,1412000013518,,A PIE,,10,,,,,,
8217,2,1412000014535,Mujeres,35,Hogar,,2,08:00,,Regresar a Casa,,Su casa,,,,1412000013518,,home,,A PIE,,10,,,,,,
8217,2,1412000014535,Mujeres,35,Hogar,,3,09:30,,"Compras (bienes, productos y servicios)",,"Comercio, mercado, tienda o centro comercial",,,,home,,1412000012863,,Mototaxi,,15,,,,,,
8217,2,1412000014535,Mujeres,35,Hogar,,4,11:00,,Otros (especifique) → Regresar a Casa,,Su casa,,,,1412000012863,,home,,Mototaxi,,15,,motivo:revision,,changed,,"El motivo pasa de “Otros (especifique)” a Regresar a Casa: el viaje llega a “Su casa” en la zona del hogar viniendo de otra actividad, así que es el regreso y no una actividad nueva. El origen se encadena con el destino del viaje 3 (Comercio, mercado, tienda o centro comercial en 1412000012863)."
8217,2,1412000014535,Mujeres,35,Hogar,,5,12:30,,Llevar o recoger a alguien,,Escuela,,,,home,,1412000013518,,A PIE,,15,,,,,,
8217,2,1412000014535,Mujeres,35,Hogar,,6,13:10,,Regresar a Casa,,Su casa,,,,1412000013518,,home,,A PIE,,15,,,,,,
8272,3,141200001251A,Hombres,27,Empleado,,1,08:02,,Compras (comida),,"Comercio, mercado, tienda o centro comercial",,Su casa,,home,,1412000011460,,A PIE,,13,,,,,,
8272,3,141200001251A,Hombres,27,Empleado,,2,08:19,,Regresar a Casa,,Su casa,,,,1412000011460,,home,,A PIE,,13,,,,,,
8272,3,141200001251A,Hombres,27,Empleado,,3,14:00,,Trabajar,,"Restaurante, bar, cafetería",,,,home,,1409800012381,,CAMIÓN O AUTOBÚS,,30,,,,,,
8272,3,141200001251A,Hombres,27,Empleado,,4,18:44,,Regresar a Casa,,Su casa,,,,1409800012381,,home,,AUTOMÓVIL PARTICULAR,,15,,,,,,
8272,3,141200001251A,Hombres,27,Empleado,,5,20:21,,Trabajar,,"Restaurante, bar, cafetería",,,,home,,home,,AUTOMÓVIL PARTICULAR,,30,,,,,,
8272,3,141200001251A,Hombres,27,Empleado,,6,23:00,,Regresar a Casa,,Su casa,,,,1409800012381 → home,,home,,AUTOMÓVIL PARTICULAR,,15,,origen:revision,,changed,,"La AGEB de origen pasa de 1409800012381 a la zona del hogar; el origen se encadena con el destino del viaje 5 (Restaurante, bar, cafetería en la zona del hogar)."
8293,1,1412000012721,Hombres,30,Trabajador independiente,,1,08:10,,"Compras (bienes, productos y servicios)",,"Comercio, mercado, tienda o centro comercial",,Su casa,,home,,1412000014380,,A PIE,,7,,,,,,
8293,1,1412000012721,Hombres,30,Trabajador independiente,,2,08:24,,Regresar a Casa,,Su casa,,,,1412000014380,,home,,A PIE,,7,,,,,,
8293,1,1412000012721,Hombres,30,Trabajador independiente,,3,16:00,,Trabajar,,Otra vivienda,,,,home,,1403900011359,,AUTOMÓVIL PARTICULAR,,120,,,,,,
8293,1,1412000012721,Hombres,30,Trabajador independiente,,4,16:50 → 18:50,,Regresar a Casa,,Su casa,,,,1403900011359,,home,,AUTOMÓVIL PARTICULAR,,60,,hora:revision,,changed,,Desfase de dos horas al capturar: 16:50 se lee como 18:50. El origen se encadena con el destino del viaje 3 (Otra vivienda en 1403900011359).
8293,1,1412000012721,Hombres,30,Trabajador independiente,,5,18:25 → 20:25,,Trabajar,,Otra vivienda,,,,home,,1403900011359,,AUTOMÓVIL PARTICULAR,,120,,hora:revision,,changed,,
8293,1,1412000012721,Hombres,30,Trabajador independiente,,6,19:09 → 23:09,,Regresar a Casa,,Su casa,,,,1403900011359,,home,,AUTOMÓVIL PARTICULAR,,60,,hora:revision,,changed,,
8293,2,1412000012721,Hombres,26,Trabajador independiente,,1,12:00 → 00:00,,Trabajar,,Otra vivienda,,Su casa,,home,,1412000010710,,AUTOMÓVIL PARTICULAR,,60,,hora:revision,,changed,,
8293,2,1412000012721,Hombres,26,Trabajador independiente,,2,11:30,,Regresar a Casa,,Su casa,,,,1412000010710,,home,,AUTOMÓVIL PARTICULAR,,60,,,,,,
8293,2,1412000012721,Hombres,26,Trabajador independiente,,3,13:18,,Trabajar,,Otra vivienda,,,,home,,1412000010710,,AUTOMÓVIL PARTICULAR,,60,,,,,,
8293,2,1412000012721,Hombres,26,Trabajador independiente,,4,13:00 → 23:00,,Regresar a Casa,,Su casa,,,,1412000010710,,home,,AUTOMÓVIL PARTICULAR,,60,,hora:revision,,changed,,Error de dígito en la hora: se reporta 13:00 y la cadena solo cierra con 23:00. El origen se encadena con el destino del viaje 3 (Otra vivienda en 1412000010710).
8328,3,1412000012562,Hombres,25,Empleado,,1,09:00,,Trabajar,,Otra vivienda,,Su casa,,home,,1412000014431,,MI MACRO,,10,,,,,,
8328,3,1412000012562,Hombres,25,Empleado,,2,14:00,,Trabajar → Regresar a Casa,,Su casa,,,,1412000014431,,home,,CAMIÓN O AUTOBÚS,,10,,motivo:revision,,changed,,"El motivo pasa de “Trabajar” a Regresar a Casa: el viaje llega a “Su casa” en la zona del hogar viniendo de otra actividad, así que es el regreso y no una actividad nueva. El origen se encadena con el destino del viaje 1 (Otra vivienda en 1412000014431)."
8328,3,1412000012562,Hombres,25,Empleado,,3,16:00,,Regresar a Casa,,Su casa,,,,home,,home,,CAMIÓN O AUTOBÚS,,12,,,regreso_en_casa,,,
8328,3,1412000012562,Hombres,25,Empleado,,4,19:00,,Regresar a Casa,,Su casa,,Su casa,,home,,home,,MI MACRO,,15,,,,dropped,,
8412,3,141200001194A,Hombres,12,Empleado,yes,1,07:06,,Trabajar,,Fábrica o taller,,Su casa,,home,,1409700350138,,CAMIÓN O AUTOBÚS,,105,,,,,,
8412,3,141200001194A,Hombres,12,Empleado,yes,2,11:01,,Compras (comida),,"Comercio, mercado, tienda o centro comercial",,,,1409700350138,,1409700350138,,A PIE,,5,,,,,,
8412,3,141200001194A,Hombres,12,Empleado,yes,3,11:26,,Regresar a Casa,,Su casa → Otros (especifique),,,,1409700350138,,home,,A PIE,,5,,tipo_destino:revision,tipo_destino_dudoso,changed,,"El origen se encadena con el destino del viaje 2 (Comercio, mercado, tienda o centro comercial en 1409700350138). El tipo de destino “Su casa” no puede corresponder a una actividad; se sustituye por “Otros (especifique)”, tomado de otros viajes de la persona con el mismo motivo o del uso habitual del motivo “Regresar a Casa”."
8412,3,141200001194A,Hombres,12,Empleado,yes,4,17:02,,Regresar a Casa,,Su casa,,Su casa,,home,,home,,CAMIÓN O AUTOBÚS,,100,,,,dropped,,
8426,4,141200001194A,Hombres,15,Empleado,yes,1,07:00,,Trabajar,,Fábrica o taller,,Su casa,,home,,1409700350138,,CAMIÓN O AUTOBÚS,,105,,,,,,
8426,4,141200001194A,Hombres,15,Empleado,yes,2,11:00,,Compras (comida),,"Comercio, mercado, tienda o centro comercial",,,,1409700350138,,1409700350138,,A PIE,,5,,,,,,
8426,4,141200001194A,Hombres,15,Empleado,yes,3,11:30,,Regresar a Casa,,Su casa → Otros (especifique),,,,1409700350138,,home,,A PIE,,5,,tipo_destino:revision,tipo_destino_dudoso,changed,,"El origen se encadena con el destino del viaje 2 (Comercio, mercado, tienda o centro comercial en 1409700350138). El tipo de destino “Su casa” no puede corresponder a una actividad; se sustituye por “Otros (especifique)”, tomado de otros viajes de la persona con el mismo motivo o del uso habitual del motivo “Regresar a Casa”."
8426,4,141200001194A,Hombres,15,Empleado,yes,4,17:00,,Regresar a Casa,,Su casa,,Su casa,,home,,home,,CAMIÓN O AUTOBÚS,,100,,,,dropped,,
8435,1,141200001582A,Mujeres,41,Trabajador independiente,,1,08:00,,Deportes o recreación,,"Deportivo, gimnasio",,Su casa,,1412000015815 → home,,1412000015815,,A PIE,,10,,origen:copia,,changed,,
8435,1,141200001582A,Mujeres,41,Trabajador independiente,,2,10:00,,Regresar a Casa → Trabajar,,Su casa,,,,1412000015815,,1412000011225,,A PIE,,15,,motivo:revision,actividad_en_casa,changed,,"El motivo pasa de Regresar a Casa a “Trabajar”: la persona ya estaba en casa y el viaje va hacia la AGEB 1412000011225, de modo que es un viaje de ida y no el regreso. El origen se encadena con el destino del viaje 1 (Deportivo, gimnasio en 1412000015815)."
8435,1,141200001582A,Mujeres,41,Trabajador independiente,,3,18:30,,"Compras (bienes, productos y servicios)",,"Comercio, mercado, tienda o centro comercial",,,,1412000011225,,1412000011225,,AUTOMÓVIL PARTICULAR,,15,,,,,,
8435,1,141200001582A,Mujeres,41,Trabajador independiente,,4,20:30,,Regresar a Casa,,Su casa,,,,1412000011225,,home,,AUTOMÓVIL PARTICULAR,,15,,,,,,
8454,3,141200001657A,Hombres,28,Empleado,,1,07:00,,Trabajar,,"Comercio, mercado, tienda o centro comercial",,Su casa,,home,,999990001,,AUTOMÓVIL PARTICULAR,,120,,,,,,
8454,3,141200001657A,Hombres,28,Empleado,,2,12:38,,Regresar a Casa,,Su casa,,,,999990001,,home,,AUTOMÓVIL PARTICULAR,,120,,,,,,
8454,3,141200001657A,Hombres,28,Empleado,,3,14:19 → 16:19,,Trabajar,,"Comercio, mercado, tienda o centro comercial",,,,home,,999990001,,AUTOMÓVIL PARTICULAR,,120,,hora:revision,,changed,,
8454,3,141200001657A,Hombres,28,Empleado,,4,17:00 → 19:00,,Regresar a Casa,,Su casa,,,,999990001,,home,,AUTOMÓVIL PARTICULAR,,120,,hora:revision,,changed,,"Desfase de dos horas al capturar: 17:00 se lee como 19:00. El origen se encadena con el destino del viaje 3 (Comercio, mercado, tienda o centro comercial en 999990001)."
8454,3,141200001657A,Hombres,28,Empleado,,5,19:21 → 21:21,,Deportes o recreación,,"Deportivo, gimnasio",,,,home,,1412000016141,,A PIE,,14,,hora:revision,,changed,,
8454,3,141200001657A,Hombres,28,Empleado,,6,19:39 → 21:39,,Regresar a Casa,,Su casa,,,,1412000016141,,home,,A PIE,,14,,hora:revision,,changed,,"Desfase de dos horas al capturar: 19:39 se lee como 21:39. El origen se encadena con el destino del viaje 5 (Deportivo, gimnasio en 1412000016141)."
8511,1,1409701800301,Hombres,54,Empleado,,1,05:30,,Trabajar,,Oficina,,Su casa,,home,,99999000A,,AUTOMÓVIL PARTICULAR,,90,,,,,,
8511,1,1409701800301,Hombres,54,Empleado,,2,11:53,,Regresar a Casa,,Su casa,,,,99999000A,,home,,AUTOMÓVIL PARTICULAR,,90,,,,,,
8511,1,1409701800301,Hombres,54,Empleado,,3,13:02 → 15:02,,Trabajar,,Oficina,,,,home,,99999000A,,AUTOMÓVIL PARTICULAR,,90,,hora:revision,,changed,,
8511,1,1409701800301,Hombres,54,Empleado,,4,16:00 → 18:00,,Regresar a Casa,,Su casa,,,,99999000A,,home,,AUTOMÓVIL PARTICULAR,,90,,hora:revision,,changed,,Desfase de dos horas al capturar: 16:00 se lee como 18:00. El origen se encadena con el destino del viaje 3 (Oficina en 99999000A).
8511,1,1409701800301,Hombres,54,Empleado,,5,18:24 → 20:24,,Llevar o recoger a alguien,,Otra vivienda,,,,home,,1412000015181,,A PIE,,6,,hora:revision,,changed,,
8511,1,1409701800301,Hombres,54,Empleado,,6,18:31 → 20:31,,Regresar a Casa,,Su casa,,,,1412000015181,,home,,A PIE,,6,,hora:revision,,changed,,Desfase de dos horas al capturar: 18:31 se lee como 20:31. El origen se encadena con el destino del viaje 5 (Otra vivienda en 1412000015181).
8546,1,1412000012505,Hombres,39,Empleado,,1,10:00,,"Compras (bienes, productos y servicios)",,"Comercio, mercado, tienda o centro comercial",,Su casa,,home,,1412000012492,,AUTOMÓVIL PARTICULAR,,20,,,,,,
8546,1,1412000012505,Hombres,39,Empleado,,2,11:30,,Trabajar,,Fábrica o taller,,,,1412000012492,,1409700201013,,AUTOMÓVIL PARTICULAR,,35,,,,,,
8546,1,1412000012505,Hombres,39,Empleado,,3,14:00,,Compras (comida) → Regresar a Casa,,Su casa,,,,1409700201013,,home,,AUTOMÓVIL PARTICULAR,,35,,motivo:revision,,changed,,"El motivo pasa de “Compras (comida)” a Regresar a Casa: el viaje llega a “Su casa” en la zona del hogar viniendo de otra actividad, así que es el regreso y no una actividad nueva. El origen se encadena con el destino del viaje 2 (Fábrica o taller en 1409700201013)."
8546,1,1412000012505,Hombres,39,Empleado,,4,16:30,,Trabajar,,Fábrica o taller,,,,home,,1409700201013,,AUTOMÓVIL PARTICULAR,,35,,,,,,
8546,1,1412000012505,Hombres,39,Empleado,,5,18:00,,Regresar a Casa,,Su casa,,,,1409700201013,,home,,AUTOMÓVIL PARTICULAR,,35,,,,,,
8556,1,1412000012492,Hombres,70,,,1,09:00,,Compras (comida),,"Comercio, mercado, tienda o centro comercial",,Su casa,,home,,home,,AUTOMÓVIL PARTICULAR,,10,,,,,,
8556,1,1412000012492,Hombres,70,,,2,23:30 → 11:30,,Al médico o atención de salud,,"Hospital, clínica, consultorio, laboratorio clínico",,,,home,,1412000013306,,AUTOMÓVIL PARTICULAR,,30,,hora:revision,,changed,,"Corrección AM/PM: se reporta 23:30 y por la secuencia del día corresponde a 11:30. El origen se encadena con el destino del viaje 1 (Comercio, mercado, tienda o centro comercial en la zona del hogar)."
8556,1,1412000012492,Hombres,70,,,3,13:30,,Regresar a Casa,,Su casa,,,,1412000013306,,home,,AUTOMÓVIL PARTICULAR,,35,,,,,,
8564,1,1412000012488,Mujeres,38,Hogar,,1,09:00,,Compras (comida),,"Comercio, mercado, tienda o centro comercial",,Su casa,,home,,home,,A PIE,,5,,,,,,
8564,1,1412000012488,Mujeres,38,Hogar,,2,09:15,,Regresar a Casa,,Su casa,,,,home,,home,,A PIE,,5,,,,,,
8564,1,1412000012488,Mujeres,38,Hogar,,3,17:00,,Visitar a alguien,,Otra vivienda,,,,home,,1412000012505,,A PIE,,15,,,,,,
8564,1,1412000012488,Mujeres,38,Hogar,,4,07:00 → 17:15,,Regresar a Casa,,Su casa,,,,1412000012505,,home,,A PIE,,15,,hora:+10h;hora:llegada,,changed,,
8564,1,1412000012488,Mujeres,38,Hogar,,5,18:05,,Llevar o recoger a alguien,,Otra vivienda,,,,home,,1412000014501,,A PIE,,5,,,,,,
8564,1,1412000012488,Mujeres,38,Hogar,,6,18:14 → 20:14,,Regresar a Casa,,Su casa,,,,1412000014501,,home,,A PIE,,5,,hora:revision,,changed,,Desfase de dos horas al capturar: 18:14 se lee como 20:14. El origen se encadena con el destino del viaje 5 (Otra vivienda en 1412000014501).
8582,1,1412000012505,Hombres,61,,,1,10:00,,"Compras (bienes, productos y servicios)",,"Comercio, mercado, tienda o centro comercial",,Su casa,,home,,1412000012492,,AUTOMÓVIL PARTICULAR,,10,,,,,,
8582,1,1412000012505,Hombres,61,,,2,12:00,,Visitar a alguien,,Otra vivienda,,,,1412000012492,,1412000010706,,AUTOMÓVIL PARTICULAR,,40,,,,,,
8582,1,1412000012505,Hombres,61,,,3,15:00,,Regresar a Casa,,Su casa,,,,1412000010706,,home,,AUTOMÓVIL PARTICULAR,,40,,,,,,
8582,1,1412000012505,Hombres,61,,,4,20:30,,Visitar a alguien,,Otra vivienda,,,,home,,1403900011043,,AUTOMÓVIL PARTICULAR,,40,,,,,,
8582,1,1412000012505,Hombres,61,,,5,12:00 → 00:00,,Regresar a Casa,,Su casa,,,,1403900011043,,home,,AUTOMÓVIL PARTICULAR,,40,,hora:revision,hora_nocturna,changed,,Corrección AM/PM: se reporta 12:00 y por la secuencia del día corresponde a 00:00. El origen se encadena con el destino del viaje 4 (Otra vivienda en 1403900011043).
8582,2,1412000012505,Mujeres,59,Hogar,,1,10:00,,"Compras (bienes, productos y servicios)",,"Comercio, mercado, tienda o centro comercial",,Su casa,,home,,1412000012492,,AUTOMÓVIL PARTICULAR,,10,,,,,,
8582,2,1412000012505,Mujeres,59,Hogar,,2,12:00,,Visitar a alguien,,Otra vivienda,,,,1412000012492,,1412000010706,,AUTOMÓVIL PARTICULAR,,40,,,,,,
8582,2,1412000012505,Mujeres,59,Hogar,,3,15:00,,Regresar a Casa,,Su casa,,,,1412000010706,,home,,AUTOMÓVIL PARTICULAR,,40,,,,,,
8582,2,1412000012505,Mujeres,59,Hogar,,4,20:30,,Visitar a alguien,,Otra vivienda,,,,home,,1403900011043,,AUTOMÓVIL PARTICULAR,,40,,,,,,
8582,2,1412000012505,Mujeres,59,Hogar,,5,12:00 → 00:00,,Regresar a Casa,,Su casa,,,,1403900011043,,home,,AUTOMÓVIL PARTICULAR,,40,,hora:revision,hora_nocturna,changed,,Corrección AM/PM: se reporta 12:00 y por la secuencia del día corresponde a 00:00. El origen se encadena con el destino del viaje 4 (Otra vivienda en 1403900011043).
8663,2,1412000010602,Mujeres,55,Trabajador independiente,,1,11:01,,"Compras (bienes, productos y servicios)",,"Comercio, mercado, tienda o centro comercial",,Su casa,,home,,1412000010369,,TREN LIGERO,,87,,,,,,
8663,2,1412000010602,Mujeres,55,Trabajador independiente,,2,14:01,,Regresar a Casa,,Su casa,,,,1412000010369,,home,,TREN LIGERO,,65,,,,,,
8663,2,1412000010602,Mujeres,55,Trabajador independiente,,3,16:28,,Compras (comida),,"Comercio, mercado, tienda o centro comercial",,,,home,,1412000015444,,A PIE,,3,,,,,,
8663,2,1412000010602,Mujeres,55,Trabajador independiente,,4,17:00,,Compras (comida),,"Su casa → Comercio, mercado, tienda o centro comercial",,,,1412000015444,,1412000015444,,A PIE,,3,,tipo_destino:revision,,changed,,"El origen se encadena con el destino del viaje 3 (Comercio, mercado, tienda o centro comercial en 1412000015444). El tipo de destino “Su casa” no puede corresponder a una actividad; se sustituye por “Comercio, mercado, tienda o centro comercial”, tomado de otros viajes de la persona con el mismo motivo o del uso habitual del motivo “Compras (comida)”."
8663,2,1412000010602,Mujeres,55,Trabajador independiente,,5,20:29,,Compras (comida),,"Comercio, mercado, tienda o centro comercial",,,,1412000015444,,1412000015444,,A PIE,,7,,,,,,
8663,2,1412000010602,Mujeres,55,Trabajador independiente,,6,20:49,,Regresar a Casa,,Su casa,,,,1412000015444,,home,,A PIE,,7,,,,,,
8699,2,1412000015444,Hombres,19,Estudiante,,1,09:00,,Trabajar,,"Comercio, mercado, tienda o centro comercial",,Su casa,,home,,1412000014643,,CAMIÓN O AUTOBÚS,,30,,,,,,
8699,2,1412000015444,Hombres,19,Estudiante,,2,19:30 → 09:30,,Regresar a Casa,,Su casa,,,,1412000014643,,home,,CAMIÓN O AUTOBÚS,,40,,hora:revision,,changed,,"La salida se recorre de 19:30 a 09:30, que es la hora a la que llega el viaje anterior (9:00 + 30 min de traslado): tal como estaba, el viaje empezaba antes de haber llegado. El origen se encadena con el destino del viaje 1 (Comercio, mercado, tienda o centro comercial en 1412000014643)."
8699,2,1412000015444,Hombres,19,Estudiante,,3,07:40 → 19:40,,Estudiar,,Escuela,,,,home,,1412000014677,,A PIE,,15,,hora:revision,,changed,,
8699,2,1412000015444,Hombres,19,Estudiante,,4,12:30 → 00:30,,Regresar a Casa,,Su casa,,,,1412000014677,,home,,A PIE,,15,,hora:revision,hora_nocturna,changed,,Corrección AM/PM: se reporta 12:30 y por la secuencia del día corresponde a 00:30. El origen se encadena con el destino del viaje 3 (Escuela en 1412000014677).
8705,4,1412000010602,Mujeres,56,Trabajador independiente,,1,11:03,,"Compras (bienes, productos y servicios)",,"Comercio, mercado, tienda o centro comercial",,Su casa,,home,,1412000010369,,CAMIÓN O AUTOBÚS,,55,,,,,,
8705,4,1412000010602,Mujeres,56,Trabajador independiente,,2,14:00,,Regresar a Casa,,Su casa,,,,1412000010369,,home,,CAMIÓN O AUTOBÚS,,65,,,,,,
8705,4,1412000010602,Mujeres,56,Trabajador independiente,,3,16:27,,Compras (comida),,"Comercio, mercado, tienda o centro comercial",,,,home,,1412000015444,,A PIE,,3,,,,,,
8705,4,1412000010602,Mujeres,56,Trabajador independiente,,4,17:00,,Compras (comida),,"Su casa → Comercio, mercado, tienda o centro comercial",,,,1412000015444,,1412000015444,,A PIE,,3,,tipo_destino:revision,,changed,,"El origen se encadena con el destino del viaje 3 (Comercio, mercado, tienda o centro comercial en 1412000015444). El tipo de destino “Su casa” no puede corresponder a una actividad; se sustituye por “Comercio, mercado, tienda o centro comercial”, tomado de otros viajes de la persona con el mismo motivo o del uso habitual del motivo “Compras (comida)”."
8705,4,1412000010602,Mujeres,56,Trabajador independiente,,5,20:29,,Compras (comida),,"Comercio, mercado, tienda o centro comercial",,,,1412000015444,,1412000015444,,A PIE,,7,,,,,,
8705,4,1412000010602,Mujeres,56,Trabajador independiente,,6,20:49,,Regresar a Casa,,Su casa,,,,1412000015444,,home,,A PIE,,7,,,,,,
8740,4,1412000015444,Mujeres,32,Hogar,,1,04:00,,Visitar a alguien,,Otra vivienda,,Su casa,,home,,1403900014743,,CAMIÓN O AUTOBÚS,,120,,,hora_madrugada,,,
8740,4,1412000015444,Mujeres,32,Hogar,,2,20:00 → 08:00,,Regresar a Casa,,Su casa,,,,1403900014743,,home,,CAMIÓN O AUTOBÚS,,115,,hora:revision,,changed,,Corrección AM/PM: se reporta 20:00 y por la secuencia del día corresponde a 08:00. El origen se encadena con el destino del viaje 1 (Otra vivienda en 1403900014743).
8740,4,1412000015444,Mujeres,32,Hogar,,3,21:30,,"Compras (bienes, productos y servicios)",,"Comercio, mercado, tienda o centro comercial",,,,home,,home,,A PIE,,4,,,,,,
8740,4,1412000015444,Mujeres,32,Hogar,,4,21:40,,Regresar a Casa,,Su casa,,,,home,,home,,A PIE,,4,,,,,,
8748,1,1412000016141,Hombres,36,Empleado,,1,07:23,,Compras (comida),,"Comercio, mercado, tienda o centro comercial",,Su casa,,home,,1412000013630,,A PIE,,1,,,,,,
8748,1,1412000016141,Hombres,36,Empleado,,2,07:27,,Regresar a Casa,,Su casa,,,,1412000013630,,home,,A PIE,,1,,,,,,
8748,1,1412000016141,Hombres,36,Empleado,,3,22:00 → 10:00,,Trabajar,,Oficina,,,,home,,1412000013293,,AUTOMÓVIL PARTICULAR,,45,,hora:revision,,changed,,
8748,1,1412000016141,Hombres,36,Empleado,,4,17:36,,Regresar a Casa,,Su casa,,,,1412000013293,,home,,AUTOMÓVIL PARTICULAR,,45,,,,,,
8748,1,1412000016141,Hombres,36,Empleado,,5,19:09,,Trabajar,,Oficina,,,,home,,1412000013293,,AUTOMÓVIL PARTICULAR,,45,,,,,,
8748,1,1412000016141,Hombres,36,Empleado,,6,18:00 → 20:00,,Regresar a Casa,,Su casa,,,,1412000013293,,home,,AUTOMÓVIL PARTICULAR,,45,,hora:revision,,changed,,Desfase de dos horas al capturar: 18:00 se lee como 20:00. El origen se encadena con el destino del viaje 5 (Oficina en 1412000013293).
8752,1,1412000016438,Hombres,43,Trabajador independiente,,1,08:00,,Trabajar,,Oficina,,Su casa,,home,,1403900011908,,AUTOMÓVIL PARTICULAR,,90 → 45,,minutos:revision,,changed,,
8752,1,1412000016438,Hombres,43,Trabajador independiente,,2,19:00,,Regresar a Casa,,Su casa,,,,1403900011908,,home,,AUTOMÓVIL PARTICULAR,,120 → 45,,minutos:revision,,changed,,
8752,1,1412000016438,Hombres,43,Trabajador independiente,,3,20:00,,Compras (comida),,"Restaurante, bar, cafetería",,,,home,,1412000016902,,AUTOMÓVIL PARTICULAR,,10,,,,,,
8752,1,1412000016438,Hombres,43,Trabajador independiente,,4,21:00,,Al médico o atención de salud,,"Hospital, clínica, consultorio, laboratorio clínico",,,,1412000016902,,1412000016902,,AUTOMÓVIL PARTICULAR,,10,,,,,,
8752,1,1412000016438,Hombres,43,Trabajador independiente,,5,21:10 → 22:10,,Visitar a alguien,,Su casa → Otra vivienda,,,,1412000016902,,home,,AUTOMÓVIL PARTICULAR,,7,,hora:revision;tipo_destino:revision,,changed,,"La salida se recorre de 21:10 a 22:10, que es la hora a la que llega el viaje anterior (22:00 + 10 min de traslado): tal como estaba, el viaje empezaba antes de haber llegado. El origen se encadena con el destino del viaje 4 (Hospital, clínica, consultorio, laboratorio clínico en 1412000016902). El tipo de destino “Su casa” no puede corresponder a una actividad; se sustituye por “Otra vivienda”, tomado de otros viajes de la persona con el mismo motivo o del uso habitual del motivo “Visitar a alguien”."
8752,1,1412000016438,Hombres,43,Trabajador independiente,,6,19:42 → 22:42,,Regresar a Casa,,Su casa,,,,home,,home,,AUTOMÓVIL PARTICULAR,,7,,hora:revision,,changed,,
8791,1,1412000016141,Hombres,27,Empleado,,1,08:06,,Compras (comida),,"Comercio, mercado, tienda o centro comercial",,Su casa,,home,,home,,A PIE,,10,,,,,,
8791,1,1412000016141,Hombres,27,Empleado,,2,08:18,,Regresar a Casa,,Su casa,,,,home,,home,,A PIE,,10,,,,,,
8791,1,1412000016141,Hombres,27,Empleado,,3,20:00 → 08:28,,Trabajar,,Oficina,,,,home,,140980001007A,,AUTOMÓVIL PARTICULAR,,20,,hora:revision,,changed,,
8791,1,1412000016141,Hombres,27,Empleado,,4,17:47,,Regresar a Casa,,Su casa,,,,140980001007A,,home,,AUTOMÓVIL PARTICULAR,,20,,,,,,
8791,1,1412000016141,Hombres,27,Empleado,,5,19:10,,Trabajar,,Oficina,,,,home,,140980001007A,,AUTOMÓVIL PARTICULAR,,20,,,,,,
8791,1,1412000016141,Hombres,27,Empleado,,6,18:00 → 20:00,,Regresar a Casa,,Su casa,,,,140980001007A,,home,,AUTOMÓVIL PARTICULAR,,20,,hora:revision,,changed,,Desfase de dos horas al capturar: 18:00 se lee como 20:00. El origen se encadena con el destino del viaje 5 (Oficina en 140980001007A).
8805,2,1412000015209,Mujeres,28,Empleado,,1,08:00,,Trabajar,,Oficina,,Su casa,,home,,1409800011928,,CAMIÓN O AUTOBÚS,,120,,,,,,
8805,2,1412000015209,Mujeres,28,Empleado,,2,17:00,,Regresar a Casa,,Su casa,,,,1409800011928,,home,,CAMIÓN O AUTOBÚS,,120,,,,,,
8805,2,1412000015209,Mujeres,28,Empleado,,3,18:22 → 20:22,,Trabajar,,Oficina,,,,home,,1409800011928,,CAMIÓN O AUTOBÚS,,120,,hora:revision,,changed,,
8805,2,1412000015209,Mujeres,28,Empleado,,4,20:52 → 22:52,,Regresar a Casa,,Su casa,,,,1409800011928,,home,,CAMIÓN O AUTOBÚS,,120,,hora:revision,,changed,,Desfase de dos horas al capturar: 20:52 se lee como 22:52. El origen se encadena con el destino del viaje 3 (Oficina en 1409800011928).
8873,1,1412000015209,Hombres,71,,,1,09:00,,"Compras (bienes, productos y servicios)",,"Comercio, mercado, tienda o centro comercial",,Su casa,,1412000015340 → home,,1412000015340,,A PIE,,10,,origen:copia,,changed,,
8873,1,1412000015209,Hombres,71,,,2,11:00,,"Compras (bienes, productos y servicios) → Regresar a Casa",,Su casa,,,,1412000015340,,home,,A PIE,,8,,motivo:revision,,changed,,"El motivo pasa de “Compras (bienes, productos y servicios)” a Regresar a Casa: el viaje llega a “Su casa” en la zona del hogar viniendo de otra actividad, así que es el regreso y no una actividad nueva. El origen se encadena con el destino del viaje 1 (Comercio, mercado, tienda o centro comercial en 1412000015340)."
8873,1,1412000015209,Hombres,71,,,3,20:22,,Regresar a Casa,,Su casa,,,,home,,home,,A PIE,,8,,,regreso_en_casa,,,
8874,3,1412000015444,Mujeres,24,Empleado,,1,20:00 → 08:00,,Trabajar,,Otra vivienda,,Su casa,,home,,141200001447A,,Transporte de personal,,40,,hora:revision,,changed,,
8874,3,1412000015444,Mujeres,24,Empleado,,2,08:00 → 20:00,,Regresar a Casa,,Su casa,,,,141200001447A,,home,,Transporte de personal,,60,,hora:revision,,changed,,Corrección AM/PM: se reporta 8:00 y por la secuencia del día corresponde a 20:00. El origen se encadena con el destino del viaje 1 (Otra vivienda en 141200001447A).
8898,1,1409800012004,Mujeres,27,,,1,08:45,,Llevar o recoger a alguien,,Escuela,,Su casa,,home,,1410100011075,,Bicicleta,,5,,,,,,
8898,1,1409800012004,Mujeres,27,,,2,21:00 → 09:00,,Regresar a Casa,,Su casa,,,,1410100011075,,home,,Bicicleta,,5,,hora:revision,,changed,,Corrección AM/PM: se reporta 21:00 y por la secuencia del día corresponde a 09:00. El origen se encadena con el destino del viaje 1 (Escuela en 1410100011075).
8898,1,1409800012004,Mujeres,27,,,3,12:00,,Llevar o recoger a alguien,,Escuela,,,,home,,1410100011075,,Bicicleta,,5,,,,,,
8898,1,1409800012004,Mujeres,27,,,4,12:10,,Regresar a Casa,,Su casa,,,,1410100011075,,home,,Bicicleta,,5,,,,,,
8915,3,1409800012574,Mujeres,36,Persona trabajadora del hogar,,1,10:00,,Trabajar,,"Comercio, mercado, tienda o centro comercial",,Su casa,,home,,1409800012381,,AUTOMÓVIL PARTICULAR,,35 → 15,,minutos:revision,,changed,,
8915,3,1409800012574,Mujeres,36,Persona trabajadora del hogar,,2,09:55 → 10:35,,Regresar a Casa,,Su casa,,,,1409800012381,,home,,AUTOMÓVIL PARTICULAR,,35 → 15,,hora:revision;minutos:revision,,changed,,"La salida se recorre de 9:55 a 10:35, que es la hora a la que llega el viaje anterior (10:00 + 35 min de traslado): tal como estaba, el viaje empezaba antes de haber llegado. El origen se encadena con el destino del viaje 1 (Comercio, mercado, tienda o centro comercial en 1409800012381). Novena revisión: 35 min en AUTOMÓVIL PARTICULAR para 1.5 km en línea recta es más del doble de lo que la encuesta suele reportar para ese modo a esa distancia (15 min, la mediana de 3832 viajes): los minutos son el error, no la hora. Con 15 min llega a las 10:50 y el viaje siguiente sale a las 11:23, 33 min después. Es el mismo recorrido, en el mismo modo, que otro viaje del día cuyos minutos chocaban con la salida siguiente."
8915,3,1409800012574,Mujeres,36,Persona trabajadora del hogar,,3,11:23,,Trabajar,,"Comercio, mercado, tienda o centro comercial",,,,home,,1409800012381,,AUTOMÓVIL PARTICULAR,,35 → 15,,minutos:revision,,changed,,
8915,3,1409800012574,Mujeres,36,Persona trabajadora del hogar,,4,12:00,,Regresar a Casa,,Su casa,,,,1409800012381,,home,,AUTOMÓVIL PARTICULAR,,35 → 15,,minutos:revision,,changed,,
8915,3,1409800012574,Mujeres,36,Persona trabajadora del hogar,,5,18:24,,Llevar o recoger a alguien,,Otra vivienda,,,,home,,1409800012589,,A PIE,,10,,,,,,
8915,3,1409800012574,Mujeres,36,Persona trabajadora del hogar,,6,18:38,,Regresar a Casa,,Su casa,,,,1409800012589,,home,,A PIE,,10,,,,,,
8915,4,1409800012574,Mujeres,6,Estudiante,yes,1,13:32 → 01:32,,Estudiar,,Escuela,,Su casa,,home,,1409800010370,,A PIE,,20,,hora:revision,hora_madrugada,changed,,
8915,4,1409800012574,Mujeres,6,Estudiante,yes,2,18:22 → 08:22,,Regresar a Casa,,Su casa,,,,1409800010370,,home,,A PIE,,20,,hora:revision,,changed,,Error de dígito en la hora: se reporta 18:22 y la cadena solo cierra con 08:22. El origen se encadena con el destino del viaje 1 (Escuela en 1409800010370).
8915,4,1409800012574,Mujeres,6,Estudiante,yes,3,18:05,,Deportes o recreación,,"Comercio, mercado, tienda o centro comercial",,,,home,,1409800011928,,MOTOCICLETA,,7,,,,,,
8915,4,1409800012574,Mujeres,6,Estudiante,yes,4,20:03,,Regresar a Casa,,Su casa,,,,1409800011928,,home,,MOTOCICLETA,,7,,,,,,
8975,2,1410100010679,Hombres,43,Empleado,,1,08:10,,Guardería → Llevar o recoger a alguien,,Otros (especifique),,Su casa,,home,,home,,A PIE,,10,,motivo:revision,,changed,,
8975,2,1410100010679,Hombres,43,Empleado,,2,08:30,,Regresar a Casa,,Su casa,,,,home,,home,,A PIE,,10,,,,,,
8975,2,1410100010679,Hombres,43,Empleado,,3,20:00 → 10:00,,Trabajar,,Oficina,,,,home,,141010001097A,,AUTOMÓVIL PARTICULAR,,40,,hora:revision,,changed,,
8975,2,1410100010679,Hombres,43,Empleado,,4,17:30,,Regresar a Casa,,Su casa,,,,141010001097A,,home,,AUTOMÓVIL PARTICULAR,,40,,,,,,
8975,2,1410100010679,Hombres,43,Empleado,,5,19:11,,Trabajar,,Oficina,,,,home,,141010001097A,,AUTOMÓVIL PARTICULAR,,40,,,,,,
8975,2,1410100010679,Hombres,43,Empleado,,6,19:00 → 21:00,,Regresar a Casa,,Su casa,,,,141010001097A,,home,,AUTOMÓVIL PARTICULAR,,40,,hora:revision,,changed,,Desfase de dos horas al capturar: 19:00 se lee como 21:00. El origen se encadena con el destino del viaje 5 (Oficina en 141010001097A).
9006,3,1407000140223,Mujeres,33,Empleado,,1,08:18,,Llevar o recoger a alguien,,Otra vivienda,,Su casa,,home,,1407000140844,,A PIE,,6,,,,,,
9006,3,1407000140223,Mujeres,33,Empleado,,2,08:34,,Regresar a Casa,,Su casa,,,,1407000140844,,home,,A PIE,,6,,,,,,
9006,3,1407000140223,Mujeres,33,Empleado,,3,11:30,,Trabajar,,"Restaurante, bar, cafetería",,,,14097059A → home,,14097059A,,CAMIÓN O AUTOBÚS,,20,,origen:casa,,changed,,
9006,3,1407000140223,Mujeres,33,Empleado,,4,18:13,,Regresar a Casa,,Su casa,,,,14097059A,,14097059A → home,,CAMIÓN O AUTOBÚS,,15,,destino:revision,,changed,,"El origen se encadena con el destino del viaje 3 (Restaurante, bar, cafetería en 14097059A). El destino pasa de 14097059A a la zona del hogar: esa AGEB funciona como “Su casa” dentro de la cadena, es una discrepancia de geocodificación."
9006,3,1407000140223,Mujeres,33,Empleado,,5,19:49,,Trabajar,,"Restaurante, bar, cafetería",,,,14097059A → home,,14097059A,,CAMIÓN O AUTOBÚS,,20,,origen:revision,,changed,,
9006,3,1407000140223,Mujeres,33,Empleado,,6,21:00,,Regresar a Casa,,Su casa,,,,14097059A,,home,,CAMIÓN O AUTOBÚS,,15,,,,,,
9031,1,140980012,Hombres,68,Patrón o empresario,,1,21:00 → 09:00,,Trabajar,,"Comercio, mercado, tienda o centro comercial",,Su casa,,home,,1409800140027,,AUTOMÓVIL PARTICULAR,,25,,hora:revision,,changed,,
9031,1,140980012,Hombres,68,Patrón o empresario,,2,18:43,,Regresar a Casa,,Su casa,,,,1409800140027,,home,,AUTOMÓVIL PARTICULAR,,20,,,,,,
9031,1,140980012,Hombres,68,Patrón o empresario,,3,20:11,,Trabajar,,"Comercio, mercado, tienda o centro comercial",,,,home,,1409800140027,,AUTOMÓVIL PARTICULAR,,25,,,,,,
9031,1,140980012,Hombres,68,Patrón o empresario,,4,19:00 → 21:00,,Regresar a Casa,,Su casa,,,,1409800140027,,home,,AUTOMÓVIL PARTICULAR,,20,,hora:revision,,changed,,"Desfase de dos horas al capturar: 19:00 se lee como 21:00. El origen se encadena con el destino del viaje 3 (Comercio, mercado, tienda o centro comercial en 1409800140027)."
9040,3,1409800012822,Mujeres,37,Empleado,,1,21:30 → 09:30,,Trabajar,,Fábrica o taller,,Su casa,,home,,14097059A,,Transporte de personal,,60,,hora:revision,,changed,,
9040,3,1409800012822,Mujeres,37,Empleado,,2,07:00 → 19:00,,Regresar a Casa,,Su casa,,,,99999000A → 14097059A,,home,,Transporte de personal,,60,,hora:revision;origen:revision,,changed,,Corrección AM/PM: se reporta 7:00 y por la secuencia del día corresponde a 19:00. La AGEB de origen pasa de 99999000A a 14097059A; el origen se encadena con el destino del viaje 1 (Fábrica o taller en 14097059A).
9052,3,1410100011126,Mujeres,13,Estudiante,,1,12:40,,Estudiar,,Escuela,,Su casa,,home,,1409800011769,,A PIE,,25,,,,,,
9052,3,1410100011126,Mujeres,13,Estudiante,,2,19:15,,Estudiar → Regresar a Casa,,Su casa,,,,1409800011769,,home,,A PIE,,25,,motivo:revision,,changed,,"El motivo pasa de “Estudiar” a Regresar a Casa: el viaje llega a “Su casa” en la zona del hogar viniendo de otra actividad, así que es el regreso y no una actividad nueva. El origen se encadena con el destino del viaje 1 (Escuela en 1409800011769)."
9052,3,1410100011126,Mujeres,13,Estudiante,,3,20:08,,Regresar a Casa,,Su casa,,,,home,,home,,A PIE,,25,,,regreso_en_casa,,,
9093,2,140980001256A,Mujeres,25,Trabajador independiente,,1,19:00 → 07:00,,Trabajar,,Fábrica o taller,,Su casa,,home,,1403900013783,,MI MACRO,,40,,hora:revision,,changed,,
9093,2,140980001256A,Mujeres,25,Trabajador independiente,,2,09:02,,Trabajar,,Su casa → Fábrica o taller,,,,1403900013783,,1409800010987,,TREN LIGERO,,71,,tipo_destino:revision,,changed,,"El origen se encadena con el destino del viaje 1 (Fábrica o taller en 1403900013783). El tipo de destino “Su casa” no puede corresponder a una actividad; se sustituye por “Fábrica o taller”, tomado de otros viajes de la persona con el mismo motivo o del uso habitual del motivo “Trabajar”."
9093,2,140980001256A,Mujeres,25,Trabajador independiente,,3,13:00,,Trabajar,,Otra vivienda,,,,1409800010987,,1403900013374,,AUTOMÓVIL PARTICULAR,,40,,,,,,
9093,2,140980001256A,Mujeres,25,Trabajador independiente,,4,15:30,,Regresar a Casa → Compras (comida),,Su casa,,,,1403900013374,,1407000131471,,AUTOMÓVIL PARTICULAR,,35,,motivo:revision,actividad_en_casa,changed,,"El motivo pasa de Regresar a Casa a “Compras (comida)”: la persona ya estaba en casa y el viaje va hacia la AGEB 1407000131471, de modo que es un viaje de ida y no el regreso. El origen se encadena con el destino del viaje 3 (Otra vivienda en 1403900013374)."
9093,2,140980001256A,Mujeres,25,Trabajador independiente,,5,18:00,,Regresar a Casa,,Su casa,,,,1407000131471,,home,,AUTOMÓVIL PARTICULAR,,35,,,,,,
9093,2,140980001256A,Mujeres,25,Trabajador independiente,,6,21:40,,Trabajar,,Otra vivienda,,,,home,,1407000131471,,CAMIÓN O AUTOBÚS,,25,,,fin_fuera_de_casa,,,
9101,1,1407000210967,Hombres,31,Empleado,,1,08:00,,Trabajar,,Oficina,,Su casa,,home,,141200001066A,,CAMIÓN O AUTOBÚS,,120,,,,,,
9101,1,1407000210967,Hombres,31,Empleado,,2,08:00 → 18:00,,Regresar a Casa,,Su casa,,,,141200001066A,,home,,CAMIÓN O AUTOBÚS,,120,,hora:revision,,changed,,Error de dígito en la hora: se reporta 8:00 y la cadena solo cierra con 18:00. El origen se encadena con el destino del viaje 1 (Oficina en 141200001066A).
9101,1,1407000210967,Hombres,31,Empleado,,3,18:10 → 20:10,,Trabajar,,Oficina,,,,home,,141200001066A,,CAMIÓN O AUTOBÚS,,60,,hora:revision,,changed,,
9101,1,1407000210967,Hombres,31,Empleado,,4,19:49 → 21:49,,Regresar a Casa,,Su casa,,,,141200001066A,,home,,CAMIÓN O AUTOBÚS,,60,,hora:revision,,changed,,Desfase de dos horas al capturar: 19:49 se lee como 21:49. El origen se encadena con el destino del viaje 3 (Oficina en 141200001066A).
9123,2,1407000210967,Hombres,24,Empleado,,1,03:30,,Trabajar,,"Comercio, mercado, tienda o centro comercial",,Su casa,,home,,1403900015366,,AUTOMÓVIL PARTICULAR,,90 → 45,,minutos:revision,,changed,,
9123,2,1407000210967,Hombres,24,Empleado,,2,05:32,,Regresar a Casa,,Su casa,,,,1403900015366,,home,,AUTOMÓVIL PARTICULAR,,90 → 45,,minutos:revision,,changed,,
9123,2,1407000210967,Hombres,24,Empleado,,3,07:02,,Trabajar,,"Comercio, mercado, tienda o centro comercial",,,,home,,1403900015366,,AUTOMÓVIL PARTICULAR,,90 → 45,,minutos:revision,,changed,,
9123,2,1407000210967,Hombres,24,Empleado,,4,08:00 → 18:00,,Regresar a Casa,,Su casa,,,,1403900015366,,home,,AUTOMÓVIL PARTICULAR,,90 → 45,,hora:revision;minutos:revision,,changed,,"Error de dígito en la hora: se reporta 8:00 y la cadena solo cierra con 18:00. El origen se encadena con el destino del viaje 3 (Comercio, mercado, tienda o centro comercial en 1403900015366). Novena revisión: 90 min en AUTOMÓVIL PARTICULAR para 13.7 km en línea recta es más del doble de lo que la encuesta suele reportar para ese modo a esa distancia (45 min, la mediana de 4989 viajes): los minutos son el error, no la hora. Con 45 min llega a las 18:45 y el viaje siguiente sale a las 20:23, 98 min después. Es el mismo recorrido, en el mismo modo, que otro viaje del día cuyos minutos chocaban con la salida siguiente."
9123,2,1407000210967,Hombres,24,Empleado,,5,18:23 → 20:23,,Compras (comida),,"Comercio, mercado, tienda o centro comercial",,,,home,,home,,A PIE,,9,,hora:revision,,changed,,
9123,2,1407000210967,Hombres,24,Empleado,,6,18:42 → 20:42,,Regresar a Casa,,Su casa,,,,home,,home,,A PIE,,9,,hora:revision,,changed,,"Desfase de dos horas al capturar: 18:42 se lee como 20:42. El origen se encadena con el destino del viaje 5 (Comercio, mercado, tienda o centro comercial en la zona del hogar)."
9128,2,1410100012016,Mujeres,57,Hogar,,1,09:01,,Trabajar,,"Comercio, mercado, tienda o centro comercial",,Su casa,,home,,1409800010031,,CAMIÓN O AUTOBÚS,,215,,,,,,
9128,2,1410100012016,Mujeres,57,Hogar,,2,22:15,,Regresar a Casa,,"Comercio, mercado, tienda o centro comercial → Su casa",,,,1409800010031,,home,,Taxi plataforma (Uber/Didi),,15,,tipo_destino:revision,,changed,,"El origen se encadena con el destino del viaje 1 (Comercio, mercado, tienda o centro comercial en 1409800010031). El tipo de destino pasa de “Comercio, mercado, tienda o centro comercial” a Su casa: el viaje es un regreso que llega a la zona del hogar."
9197,5,1412000016103,Hombres,11,Estudiante,,1,07:45,,Estudiar,,Escuela,,Su casa,,home,,1412000014677,,Bicicleta,,8,,,,,,
9197,5,1412000016103,Hombres,11,Estudiante,,2,12:20,,Regresar a Casa,,Su casa,,,,1412000014677,,home,,Bicicleta,,8,,,,,,
9197,5,1412000016103,Hombres,11,Estudiante,,3,20:00,,Visitar a alguien,,Otra vivienda,,,,home,,1412000015694,,A PIE,,5,,,,,,
9197,5,1412000016103,Hombres,11,Estudiante,,4,21:30,,Regresar a Casa,,Su casa,,,,1412000015694,,1412000015694 → home,,A PIE,,5,,destino:revision,,changed,,"El origen se encadena con el destino del viaje 3 (Otra vivienda en 1412000015694). El destino pasa de 1412000015694 a la zona del hogar: esa AGEB funciona como “Su casa” dentro de la cadena, es una discrepancia de geocodificación."
9338,1,1412000014658,Mujeres,38,Empleado,,1,11:00,,Trabajar,,"Restaurante, bar, cafetería",,Su casa,,home,,1403900011857,,CAMIÓN O AUTOBÚS,,50,,,,,,
9338,1,1412000014658,Mujeres,38,Empleado,,2,10:33 → 12:33,,Regresar a Casa,,Su casa,,,,1403900011857,,home,,AUTOMÓVIL PARTICULAR,,35,,hora:revision,,changed,,"Desfase de dos horas al capturar: 10:33 se lee como 12:33. El origen se encadena con el destino del viaje 1 (Restaurante, bar, cafetería en 1403900011857)."
9338,1,1412000014658,Mujeres,38,Empleado,,3,12:27 → 14:27,,Trabajar,,"Restaurante, bar, cafetería",,,,home,,1403900011857,,AUTOMÓVIL PARTICULAR,,5,,hora:revision,,changed,,
9338,1,1412000014658,Mujeres,38,Empleado,,4,12:00 → 00:00,,Regresar a Casa,,Su casa,,,,1403900011857,,home,,AUTOMÓVIL PARTICULAR,,35,,hora:revision,hora_nocturna,changed,,"Corrección AM/PM: se reporta 12:00 y por la secuencia del día corresponde a 00:00. El origen se encadena con el destino del viaje 3 (Restaurante, bar, cafetería en 1403900011857)."
9347,2,1412000012327,Mujeres,27,Empleado,yes,1,07:30,,Llevar o recoger a alguien,,Escuela,,Su casa,,home,,1412000011691,,CAMIÓN O AUTOBÚS,,20,,,,,,
9347,2,1412000012327,Mujeres,27,Empleado,yes,2,08:00,,Trabajar,,"Comercio, mercado, tienda o centro comercial",,,,1412000011691,,1409800011928,,MI MACRO,,25,,,,,,
9347,2,1412000012327,Mujeres,27,Empleado,yes,3,15:00,,Guardería → Llevar o recoger a alguien,,Escuela,,,,1409800011928,,1412000011691,,MI MACRO,,25,,motivo:revision,,changed,,"El motivo “Guardería” se registra como acompañamiento: la encuesta lo usa tanto para quien asiste como para quien lleva o recoge. El origen se encadena con el destino del viaje 2 (Comercio, mercado, tienda o centro comercial en 1409800011928)."
9347,2,1412000012327,Mujeres,27,Empleado,yes,4,16:30,,Regresar a Casa,,Su casa,,,,1412000011691,,home,,CAMIÓN O AUTOBÚS,,20,,,,,,
9353,3,1412000012327,Mujeres,33,Empleado,yes,1,07:30,,Llevar o recoger a alguien,,Escuela,,Su casa,,home,,1412000011691,,CAMIÓN O AUTOBÚS,,20,,,,,,
9353,3,1412000012327,Mujeres,33,Empleado,yes,2,08:06,,Trabajar,,"Comercio, mercado, tienda o centro comercial",,,,1412000011691,,1409800011928,,MI MACRO,,25,,,,,,
9353,3,1412000012327,Mujeres,33,Empleado,yes,3,15:09,,Guardería → Llevar o recoger a alguien,,Escuela,,,,1409800011928,,1412000011691,,MI MACRO,,25,,motivo:revision,,changed,,"El motivo “Guardería” se registra como acompañamiento: la encuesta lo usa tanto para quien asiste como para quien lleva o recoge. El origen se encadena con el destino del viaje 2 (Comercio, mercado, tienda o centro comercial en 1409800011928)."
9353,3,1412000012327,Mujeres,33,Empleado,yes,4,16:26,,Regresar a Casa,,Su casa,,,,1412000011691,,home,,CAMIÓN O AUTOBÚS,,20,,,,,,
9363,2,1412000014677,Mujeres,54,Hogar,,1,15:00 → 05:00,,Trabajar,,Otra vivienda,,Su casa,,home,,1412000012384,,AUTOMÓVIL PARTICULAR,,20,,hora:-10h,,changed,,
9363,2,1412000014677,Mujeres,54,Hogar,,2,14:55,,Regresar a Casa,,Su casa,,,,1412000012384,,home,,AUTOMÓVIL PARTICULAR,,20,,,,,,
9363,2,1412000014677,Mujeres,54,Hogar,,3,16:24,,Trabajar,,Otra vivienda,,,,home,,1412000012384,,AUTOMÓVIL PARTICULAR,,20,,,,,,
9363,2,1412000014677,Mujeres,54,Hogar,,4,16:30 → 18:30,,Regresar a Casa,,Su casa,,,,1412000012384,,home,,AUTOMÓVIL PARTICULAR,,20,,hora:revision,,changed,,"Desfase de dos horas al capturar: 16:30 se lee como 18:30. El origen se encadena con el destino del viaje 3 (Otra vivienda en 1412000012384). [Undécima revisión: la decisión de chain_review se mantiene. Se tomó contra «16:30», que las reglas del 26 de septiembre de 2026 dan ahora como «16:44».]"
9391,2,1412000016103,Mujeres,30,Hogar,,1,06:20,,Llevar o recoger a alguien,,Escuela,,Su casa,,home,,141200001237A,,AUTOMÓVIL PARTICULAR,,30,,,,,,
9391,2,1412000016103,Mujeres,30,Hogar,,2,20:00 → 08:00,,Regresar a Casa,,Su casa,,,,141200001237A,,home,,AUTOMÓVIL PARTICULAR,,15,,hora:revision,,changed,,Corrección AM/PM: se reporta 20:00 y por la secuencia del día corresponde a 08:00. El origen se encadena con el destino del viaje 1 (Escuela en 141200001237A).
9391,2,1412000016103,Mujeres,30,Hogar,,3,17:30,,Llevar o recoger a alguien,,Escuela,,,,home,,141200001237A,,AUTOMÓVIL PARTICULAR,,30,,,,,,
9391,2,1412000016103,Mujeres,30,Hogar,,4,18:20,,Regresar a Casa,,Su casa,,,,141200001237A,,home,,AUTOMÓVIL PARTICULAR,,30,,,,,,
9391,2,1412000016103,Mujeres,30,Hogar,,5,20:10,,"Compras (bienes, productos y servicios)",,"Comercio, mercado, tienda o centro comercial",,,,home,,1412000015694,,A PIE,,6,,,,,,
9391,2,1412000016103,Mujeres,30,Hogar,,6,20:20,,Regresar a Casa,,Su casa,,,,1412000015694,,home,,A PIE,,6,,,,,,
9402,2,1412000015228,Hombres,44,Empleado,,1,06:00,,Trabajar,,Fábrica o taller,,Su casa,,home,,1412000014573,,AUTOMÓVIL PARTICULAR,,35,,,,,,
9402,2,1412000015228,Hombres,44,Empleado,,2,16:00,,Trabajar → Regresar a Casa,,Su casa,,,,1412000014573,,home,,AUTOMÓVIL PARTICULAR,,45,,motivo:revision,,changed,,"El motivo pasa de “Trabajar” a Regresar a Casa: el viaje llega a “Su casa” en la zona del hogar viniendo de otra actividad, así que es el regreso y no una actividad nueva. El origen se encadena con el destino del viaje 1 (Fábrica o taller en 1412000014573)."
9402,2,1412000015228,Hombres,44,Empleado,,3,19:26,,Regresar a Casa,,Su casa,,,,home,,home,,AUTOMÓVIL PARTICULAR,,45,,,regreso_en_casa,,,
9517,2,1409700251418,Hombres,25,Trabajador independiente,yes,1,09:41,,Trabajar,,"Comercio, mercado, tienda o centro comercial",,Su casa,,home,,1409704241776,,AUTOMÓVIL PARTICULAR,,19,,,,,,
9517,2,1409700251418,Hombres,25,Trabajador independiente,yes,2,11:20,,Compras (comida),,"Comercio, mercado, tienda o centro comercial",,,,1409704241776,,1409700250763,,AUTOMÓVIL PARTICULAR,,18,,,,,,
9517,2,1409700251418,Hombres,25,Trabajador independiente,yes,3,11:18 → 13:18,,Regresar a Casa,,Su casa,,,,1409700250763,,home,,AUTOMÓVIL PARTICULAR,,11,,hora:-10h+12h,,changed,,
9517,2,1409700251418,Hombres,25,Trabajador independiente,yes,4,13:08 → 15:08,,Hacer un trámite,,Oficina,,,,home,,1409700250763,,AUTOMÓVIL PARTICULAR,,10,,hora:-10h+12h,,changed,,
9517,2,1409700251418,Hombres,25,Trabajador independiente,yes,5,15:11 → 15:18,,Regresar a Casa → Trabajar,,Su casa,,,,1409700250763,,1409700250477,,AUTOMÓVIL PARTICULAR,,11,,hora:llegada;motivo:revision,actividad_en_casa,changed,,"La salida se recorre de 15:11 a 15:18, que es la hora a la que llega el viaje anterior (15:08 + 10 min de traslado): tal como estaba, el viaje empezaba antes de haber llegado. El motivo pasa de Regresar a Casa a “Trabajar”: la persona ya estaba en casa y el viaje va hacia la AGEB 1409700250477, de modo que es un viaje de ida y no el regreso. El origen se encadena con el destino del viaje 4 (Oficina en 1409700250763)."
9517,2,1409700251418,Hombres,25,Trabajador independiente,yes,6,16:08,,Llevar o recoger a alguien,,"Hospital, clínica, consultorio, laboratorio clínico",,,,1409700250477,,1409700250477,,AUTOMÓVIL PARTICULAR,,10,,,,,,
9517,2,1409700251418,Hombres,25,Trabajador independiente,yes,7,16:44,,Regresar a Casa,,Su casa,,,,1409700250477,,home,,AUTOMÓVIL PARTICULAR,,11,,,,,,
9542,1,1409700251418,Mujeres,47,Hogar,,1,07:45,,Trabajar,,Oficina,,Su casa,,home,,1409701801244,,AUTOMÓVIL PARTICULAR,,60,,,,,,
9542,1,1409700251418,Mujeres,47,Hogar,,2,06:55 → 16:55,,Regresar a Casa,,Su casa,,,,1409701801244,,home,,AUTOMÓVIL PARTICULAR,,20,,hora:revision,,changed,,Error de dígito en la hora: se reporta 6:55 y la cadena solo cierra con 16:55. El origen se encadena con el destino del viaje 1 (Oficina en 1409701801244).
9542,1,1409700251418,Mujeres,47,Hogar,,3,08:26 → 18:26,,Trabajar,,Oficina,,,,home,,1409701801244,,AUTOMÓVIL PARTICULAR,,60,,hora:revision,,changed,,
9542,1,1409700251418,Mujeres,47,Hogar,,4,08:40 → 20:40,,Regresar a Casa,,Su casa,,,,1409701801244,,home,,AUTOMÓVIL PARTICULAR,,20,,hora:revision,,changed,,Corrección AM/PM: se reporta 8:40 y por la secuencia del día corresponde a 20:40. El origen se encadena con el destino del viaje 3 (Oficina en 1409701801244).
9542,1,1409700251418,Mujeres,47,Hogar,,5,19:14 → 21:14,,Deportes o recreación,,Centro cultural o área recreativa,,,,home,,home,,A PIE,,13,,hora:revision,,changed,,
9542,1,1409700251418,Mujeres,47,Hogar,,6,19:37 → 21:37,,Regresar a Casa,,Su casa,,,,home,,home,,A PIE,,13,,hora:revision,,changed,,Desfase de dos horas al capturar: 19:37 se lee como 21:37. El origen se encadena con el destino del viaje 5 (Centro cultural o área recreativa en la zona del hogar).
9552,1,1409700432628,Mujeres,70,Hogar,,1,11:00,,Visitar a alguien,,Otra vivienda,,Su casa,,home,,999990001,,CAMIÓN O AUTOBÚS,,60,,,,,,
9552,1,1409700432628,Mujeres,70,Hogar,,2,19:14,,"Compras (bienes, productos y servicios)",,"Comercio, mercado, tienda o centro comercial",,,,home → 999990001,,1409700432613,,A PIE,,1,,origen:revision,,changed,,La AGEB de origen pasa de la zona del hogar a 999990001; el origen se encadena con el destino del viaje 1 (Otra vivienda en 999990001).
9552,1,1409700432628,Mujeres,70,Hogar,,3,19:16,,Regresar a Casa,,Su casa,,,,1409700432613,,home,,A PIE,,1,,,,,,
9579,1,1409700340250,Hombres,40,Empleado,,1,11:30,,Compras (comida),,"Comercio, mercado, tienda o centro comercial",,Su casa,,home,,home,,A PIE,,8,,,,,,
9579,1,1409700340250,Hombres,40,Empleado,,2,11:45,,Regresar a Casa,,Su casa,,,,home,,home,,A PIE,,8,,,,,,
9579,1,1409700340250,Hombres,40,Empleado,,3,19:00,,Trabajar,,"Comercio, mercado, tienda o centro comercial",,,,home,,140970025130A,,AUTOMÓVIL PARTICULAR,,40,,,,,,
9579,1,1409700340250,Hombres,40,Empleado,,4,13:00 → 01:00,,Regresar a Casa,,Su casa,,,,140970025130A,,home,,AUTOMÓVIL PARTICULAR,,20,,hora:revision,hora_nocturna,changed,,"Corrección AM/PM: se reporta 13:00 y por la secuencia del día corresponde a 01:00. El origen se encadena con el destino del viaje 3 (Comercio, mercado, tienda o centro comercial en 140970025130A)."
9600,2,1409700340388,Mujeres,28,Empleado,,1,20:20 → 08:20,,Trabajar,,Fábrica o taller,,Su casa,,home,,1412002434709,,Transporte de personal,,45,,hora:revision,,changed,,
9600,2,1409700340388,Mujeres,28,Empleado,,2,07:00 → 19:00,,Regresar a Casa,,Su casa,,,,1412002434709,,home,,Transporte de personal,,45,,hora:revision,,changed,,Corrección AM/PM: se reporta 7:00 y por la secuencia del día corresponde a 19:00. El origen se encadena con el destino del viaje 1 (Fábrica o taller en 1412002434709).
9610,4,1409700340250,Hombres,14,Empleado,,1,06:00,,Trabajar,,Fábrica o taller,,Su casa,,home,,1409700342505,,A PIE,,15,,,,,,
9610,4,1409700340250,Hombres,14,Empleado,,2,16:02 → 06:17,,Regresar a Casa,,Su casa,,,,1409700342505,,home,,A PIE,,15,,hora:revision,,changed,,"La hora de salida pasa de 06:02 a 6:17 para que el viaje ocurra después de la llegada del anterior. El origen se encadena con el destino del viaje 1 (Fábrica o taller en 1409700342505). [Undécima revisión: la decisión de chain_review se mantiene. Se tomó contra «06:02», que las reglas del 26 de septiembre de 2026 dan ahora como «06:15».]"
9610,4,1409700340250,Hombres,14,Empleado,,3,16:00,,Visitar a alguien,,Otra vivienda,,,,home,,home,,A PIE,,10,,,,,,
9610,4,1409700340250,Hombres,14,Empleado,,4,18:25,,Regresar a Casa,,Su casa,,,,home,,home,,A PIE,,10,,,,,,
9657,2,1409700250354,Mujeres,40,Empleado,,1,07:00,,Regresar a Casa,,Su casa,,"Hospital, clínica, consultorio, laboratorio clínico",,1409700201013,,home,,CAMIÓN O AUTOBÚS,,30,,,inicio_fuera_de_casa,,,
9657,2,1409700250354,Mujeres,40,Empleado,,2,19:03,,Llevar o recoger a alguien,,Otra vivienda,,,,1409700201013 → home,,1409700201013,,A PIE,,12,,origen:casa,,changed,,
9657,2,1409700250354,Mujeres,40,Empleado,,3,19:21,,Regresar a Casa,,Su casa,,,,1409700201013,,1409700201013 → home,,A PIE,,12,,destino:revision,,changed,,"El origen se encadena con el destino del viaje 2 (Otra vivienda en 1409700201013). El destino pasa de 1409700201013 a la zona del hogar: esa AGEB funciona como “Su casa” dentro de la cadena, es una discrepancia de geocodificación."
9691,1,1409700213857,Hombres,41,Empleado,,1,18:00 → 06:00,,Trabajar,,"Comercio, mercado, tienda o centro comercial",,Su casa,,home,,1412000013166,,AUTOMÓVIL PARTICULAR,,35,,hora:revision,,changed,,
9691,1,1409700213857,Hombres,41,Empleado,,2,06:44,,Regresar a Casa,,Su casa,,,,1412000013166,,home,,AUTOMÓVIL PARTICULAR,,28,,,,,,
9691,1,1409700213857,Hombres,41,Empleado,,3,08:04,,Trabajar,,"Comercio, mercado, tienda o centro comercial",,,,home,,1412000013166,,AUTOMÓVIL PARTICULAR,,35,,,,,,
9691,1,1409700213857,Hombres,41,Empleado,,4,03:00 → 15:00,,Regresar a Casa,,Su casa,,,,1412000013166,,home,,AUTOMÓVIL PARTICULAR,,28,,hora:revision,,changed,,"Corrección AM/PM: se reporta 3:00 y por la secuencia del día corresponde a 15:00. El origen se encadena con el destino del viaje 3 (Comercio, mercado, tienda o centro comercial en 1412000013166)."
9786,2,140970104,Mujeres,43,Hogar,,1,06:40,,Llevar o recoger a alguien,,Escuela,,Su casa,,home,,1409800143159,,AUTOMÓVIL PARTICULAR,,30,,,,,,
9786,2,140970104,Mujeres,43,Hogar,,2,11:00,,Regresar a Casa → Trabajar,,Su casa,,,,1409800143159,,1409700010918,,CAMIÓN O AUTOBÚS,,50,,motivo:revision,actividad_en_casa,changed,,"El motivo pasa de Regresar a Casa a “Trabajar”: la persona ya estaba en casa y el viaje va hacia la AGEB 1409700010918, de modo que es un viaje de ida y no el regreso. El origen se encadena con el destino del viaje 1 (Escuela en 1409800143159)."
9786,2,140970104,Mujeres,43,Hogar,,3,18:10,,Llevar o recoger a alguien,,Otra vivienda,,,,1409700010918,,1409700010918,,A PIE,,12,,,,,,
9786,2,140970104,Mujeres,43,Hogar,,4,18:26,,Regresar a Casa,,Su casa,,,,1409700010918,,1409700010918 → home,,A PIE,,12,,destino:revision,,changed,,"El origen se encadena con el destino del viaje 3 (Otra vivienda en 1409700010918). El destino pasa de 1409700010918 a la zona del hogar: esa AGEB funciona como “Su casa” dentro de la cadena, es una discrepancia de geocodificación."
9791,2,1410100010679,Mujeres,45,Trabajador independiente,,1,09:00,,Compras (comida),,"Comercio, mercado, tienda o centro comercial",,Su casa,,home,,1410100010471,,A PIE,,30,,,,,,
9791,2,1410100010679,Mujeres,45,Trabajador independiente,,2,09:50,,Regresar a Casa,,Su casa,,,,1410100010471,,home,,A PIE,,30,,,,,,
9791,2,1410100010679,Mujeres,45,Trabajador independiente,,3,06:30 → 16:30,,Estudiar,,Escuela,,,,home,,1410100011130,,Mototaxi,,15,,hora:revision,,changed,,
9791,2,1410100010679,Mujeres,45,Trabajador independiente,,4,13:00 → 23:00,,Regresar a Casa,,Su casa,,,,1410100011130,,home,,A PIE,,20,,hora:revision,,changed,,Error de dígito en la hora: se reporta 13:00 y la cadena solo cierra con 23:00. El origen se encadena con el destino del viaje 3 (Escuela en 1410100011130).
9811,6,1409700350138,Mujeres,13,Estudiante,,1,13:43,,Estudiar,,Escuela,,Su casa,,home,,1409700350551,,A PIE,,5,,,,,,
9811,6,1409700350138,Mujeres,13,Estudiante,,2,19:40,,Estudiar → Regresar a Casa,,Su casa,,,,1409700350551,,home,,A PIE,,5,,motivo:revision,,changed,,"El motivo pasa de “Estudiar” a Regresar a Casa: el viaje llega a “Su casa” en la zona del hogar viniendo de otra actividad, así que es el regreso y no una actividad nueva. El origen se encadena con el destino del viaje 1 (Escuela en 1409700350551)."
9811,6,1409700350138,Mujeres,13,Estudiante,,3,20:49,,Regresar a Casa,,Su casa,,,,home,,home,,A PIE,,5,,,regreso_en_casa,,,
9835,1,1409700350138,Mujeres,31,Empleado,,1,20:35 → 08:35,,Trabajar,,Fábrica o taller,,Su casa,,home,,1407000130327,,Transporte de personal,,25,,hora:revision,,changed,,
9835,1,1409700350138,Mujeres,31,Empleado,,2,06:30 → 18:30,,Regresar a Casa,,Su casa,,,,1407000130327,,home,,Transporte de personal,,25,,hora:revision,,changed,,Corrección AM/PM: se reporta 6:30 y por la secuencia del día corresponde a 18:30. El origen se encadena con el destino del viaje 1 (Fábrica o taller en 1407000130327).
9941,3,1409700010941,Mujeres,9,Estudiante,,1,07:33,,Regresar a Casa,,Escuela,,Su casa,,home,,home,,A PIE,,5,,,,dropped,,
9941,3,1409700010941,Mujeres,9,Estudiante,,2,13:05,,Regresar a Casa,,Su casa,,Su casa,,home,,home,,A PIE,,5,,,,dropped,,"El renglón se descarta: duplica el regreso a casa del viaje anterior, no es un viaje."
9943,3,1409700010941,Mujeres,10,Estudiante,,1,07:40,,Regresar a Casa,,Escuela,,Su casa,,home,,home,,A PIE,,5,,,,dropped,,
9943,3,1409700010941,Mujeres,10,Estudiante,,2,13:00,,Regresar a Casa,,Su casa,,Su casa,,home,,home,,A PIE,,5,,,,dropped,,"El renglón se descarta: duplica el regreso a casa del viaje anterior, no es un viaje."
9946,3,1409700010922,Hombres,30,Empleado,,1,08:00,,Trabajar,,Fábrica o taller,,Su casa,,home,,1403900014531,,AUTOMÓVIL PARTICULAR,,80,,,,,,
9946,3,1409700010922,Hombres,30,Empleado,,2,09:00 → 19:00,,Regresar a Casa,,Su casa,,,,1403900014531,,home,,AUTOMÓVIL PARTICULAR,,80,,hora:revision,,changed,,Error de dígito en la hora: se reporta 9:00 y la cadena solo cierra con 19:00. El origen se encadena con el destino del viaje 1 (Fábrica o taller en 1403900014531).
9946,3,1409700010922,Hombres,30,Empleado,,3,19:15 → 21:15,,Compras (comida),,"Comercio, mercado, tienda o centro comercial",,,,home,,1409700010941,,A PIE,,3,,hora:revision,,changed,,
9946,3,1409700010922,Hombres,30,Empleado,,4,19:24 → 21:24,,Regresar a Casa,,Su casa,,,,1409700010941,,home,,A PIE,,3,,hora:revision,,changed,,"Desfase de dos horas al capturar: 19:24 se lee como 21:24. El origen se encadena con el destino del viaje 3 (Comercio, mercado, tienda o centro comercial en 1409700010941)."
10039,1,1409700010918,Mujeres,52,Empleado,,1,06:00,,Trabajar,,"Restaurante, bar, cafetería",,Su casa,,home,,140970005034A,,AUTOMÓVIL PARTICULAR,,80,,,,,,
10039,1,1409700010918,Mujeres,52,Empleado,,2,05:51 → 15:51,,Regresar a Casa,,Su casa,,,,140970005034A,,home,,AUTOMÓVIL PARTICULAR,,90,,hora:revision,,changed,,"Error de dígito en la hora: se reporta 5:51 y la cadena solo cierra con 15:51. El origen se encadena con el destino del viaje 1 (Restaurante, bar, cafetería en 140970005034A)."
10039,1,1409700010918,Mujeres,52,Empleado,,3,07:28 → 17:28,,Trabajar,,"Restaurante, bar, cafetería",,,,home,,140970005034A,,AUTOMÓVIL PARTICULAR,,80,,hora:revision,,changed,,
10039,1,1409700010918,Mujeres,52,Empleado,,4,07:00 → 19:00,,Regresar a Casa,,Su casa,,,,140970005034A,,home,,AUTOMÓVIL PARTICULAR,,90,,hora:revision,,changed,,"Corrección AM/PM: se reporta 7:00 y por la secuencia del día corresponde a 19:00. El origen se encadena con el destino del viaje 3 (Restaurante, bar, cafetería en 140970005034A)."
10039,1,1409700010918,Mujeres,52,Empleado,,5,19:04 → 21:04,,Compras (comida),,"Comercio, mercado, tienda o centro comercial",,,,home,,home,,A PIE,,8,,hora:revision,,changed,,
10039,1,1409700010918,Mujeres,52,Empleado,,6,19:22 → 21:22,,Regresar a Casa,,Su casa,,,,home,,home,,A PIE,,8,,hora:revision,,changed,,"Desfase de dos horas al capturar: 19:22 se lee como 21:22. El origen se encadena con el destino del viaje 5 (Comercio, mercado, tienda o centro comercial en la zona del hogar)."
10053,1,1409700010918,Hombres,21,Empleado,,1,06:00,,Trabajar,,Fábrica o taller,,Su casa,,1409800013144 → home,,1409800013144,,CAMIÓN O AUTOBÚS,,45,,origen:copia,,changed,,
10053,1,1409700010918,Hombres,21,Empleado,,2,14:14,,Regresar a Casa,,Su casa,,,,1409800013144,,1409800013144 → home,,CAMIÓN O AUTOBÚS,,65,,destino:revision,,changed,,"El origen se encadena con el destino del viaje 1 (Fábrica o taller en 1409800013144). El destino pasa de 1409800013144 a la zona del hogar: esa AGEB funciona como “Su casa” dentro de la cadena, es una discrepancia de geocodificación."
10143,1,1409700010918,Hombres,40,Desempleado,,1,10:30,,Pagar algún servicio o al banco,,"Comercio, mercado, tienda o centro comercial",,Su casa,,home,,home,,A PIE,,10,,,,,,
10143,1,1409700010918,Hombres,40,Desempleado,,2,10:45,,Compras (comida),,"Comercio, mercado, tienda o centro comercial",,,,home,,home,,A PIE,,5,,,,,,
10143,1,1409700010918,Hombres,40,Desempleado,,3,23:00 → 11:00,,Regresar a Casa,,Su casa,,,,home,,home,,A PIE,,15,,hora:revision,,changed,,"Corrección AM/PM: se reporta 23:00 y por la secuencia del día corresponde a 11:00. El origen se encadena con el destino del viaje 2 (Comercio, mercado, tienda o centro comercial en la zona del hogar)."
10143,1,1409700010918,Hombres,40,Desempleado,,4,16:00,,Compras (comida),,"Comercio, mercado, tienda o centro comercial",,,,home,,home,,A PIE,,5,,,,,,
10143,1,1409700010918,Hombres,40,Desempleado,,5,16:07,,Regresar a Casa,,Su casa,,,,home,,home,,A PIE,,5,,,,,,
10147,1,1409700010208,Hombres,52,Empleado,,1,02:30,,Regresar a Casa,,Su casa,,Fábrica o taller,,1409700432613,,home,,Transporte de personal,,60,,,inicio_fuera_de_casa,,,
10147,1,1409700010208,Hombres,52,Empleado,,2,07:31,,Regresar a Casa,,Su casa,,Fábrica o taller,,home,,1409700432613,,Transporte de personal,,60,,,,dropped,,"El renglón se descarta: duplica el regreso a casa del viaje anterior, no es un viaje."
10147,1,1409700010208,Hombres,52,Empleado,,3,19:12,,"Compras (bienes, productos y servicios)",,"Comercio, mercado, tienda o centro comercial",,,,1409700432613 → home,,1409700432628,,A PIE,,14,,origen:casa,,changed,,
10147,1,1409700010208,Hombres,52,Empleado,,4,19:31,,Regresar a Casa → Trabajar,,Su casa,,,,1409700432628,,1409700432613,,A PIE,,14,,motivo:revision,fin_fuera_de_casa;actividad_en_casa,changed,,"El motivo pasa de Regresar a Casa a “Trabajar”: la persona ya estaba en casa y el viaje va hacia la AGEB 1409700432613, de modo que es un viaje de ida y no el regreso. El origen se encadena con el destino del viaje 3 (Comercio, mercado, tienda o centro comercial en 1409700432628)."
10147,3,1409700010208,Hombres,24,Empleado,,1,09:00,,Regresar a Casa,,Su casa,,Fábrica o taller,,1409704240443,,home,,Transporte de personal,,80,,,inicio_fuera_de_casa,,,
10147,3,1409700010208,Hombres,24,Empleado,,2,14:01,,Regresar a Casa,,Su casa,,Fábrica o taller,,home,,1409704240443,,Transporte de personal,,80,,,,dropped,,
10147,3,1409700010208,Hombres,24,Empleado,,3,19:06,,Deportes o recreación,,Centro cultural o área recreativa,,,,1409704240443 → home,,1409704240443,,A PIE,,14,,origen:casa,,changed,,
10147,3,1409700010208,Hombres,24,Empleado,,4,19:22,,Regresar a Casa,,Su casa,,,,1409704240443,,1409704240443 → home,,A PIE,,14,,destino:revision,,changed,,"El origen se encadena con el destino del viaje 3 (Centro cultural o área recreativa en 1409704240443). El destino pasa de 1409704240443 a la zona del hogar: esa AGEB funciona como “Su casa” dentro de la cadena, es una discrepancia de geocodificación."
10269,2,1409700012115,Mujeres,26,Empleado,,1,08:00,,Trabajar,,Oficina,,Su casa,,home,,1409700010918,,MOTOCICLETA,,10,,,,,,
10269,2,1409700012115,Mujeres,26,Empleado,,2,16:00,,Compras (comida),,"Comercio, mercado, tienda o centro comercial",,,,1409700010918,,home,,MOTOCICLETA,,10,,,,,,
10269,2,1409700012115,Mujeres,26,Empleado,,3,16:15,,Regresar a Casa,,Su casa,,,,home,,home,,MOTOCICLETA,,1,,,,,,
10269,2,1409700012115,Mujeres,26,Empleado,,4,19:00,,"Compras (bienes, productos y servicios)",,"Comercio, mercado, tienda o centro comercial",,,,home,,1409700012098,,A PIE,,10,,,,,,
10269,2,1409700012115,Mujeres,26,Empleado,,5,16:15 → 19:10,,Regresar a Casa,,Su casa,,,,1409700012098,,home,,A PIE,,10,,hora:revision,,changed,,"La salida se recorre de 16:15 a 19:10, que es la hora a la que llega el viaje anterior (19:00 + 10 min de traslado): tal como estaba, el viaje empezaba antes de haber llegado. El origen se encadena con el destino del viaje 4 (Comercio, mercado, tienda o centro comercial en 1409700012098)."
10287,1,1409700012115,Hombres,31,Trabajador independiente,,1,10:00,,"Compras (bienes, productos y servicios)",,"Comercio, mercado, tienda o centro comercial",,Su casa,,home,,1409700010918,,Transporte de personal,,10,,,,,,
10287,1,1409700012115,Hombres,31,Trabajador independiente,,2,12:00,,Regresar a Casa,,Su casa,,,,1409700010918,,home,,Transporte de personal,,10,,,,,,
10287,1,1409700012115,Hombres,31,Trabajador independiente,,3,06:30 → 16:30,,Trabajar,,Fábrica o taller,,,,home,,1409700340250,,Transporte de personal,,60,,hora:+10h,,changed,,
10287,1,1409700012115,Hombres,31,Trabajador independiente,,4,08:00 → 18:00,,Regresar a Casa,,Su casa,,,,1409700340250,,1409700340250 → home,,Transporte de personal,,30,,hora:+10h;destino:revision,,changed,,"El origen se encadena con el destino del viaje 3 (Fábrica o taller en 1409700340250). El destino pasa de 1409700340250 a la zona del hogar: esa AGEB funciona como “Su casa” dentro de la cadena, es una discrepancia de geocodificación."
10287,1,1409700012115,Hombres,31,Trabajador independiente,,5,19:30,,Trabajar,,Fábrica o taller,,,,1409700340250 → home,,1409700340250,,Transporte de personal,,30,,origen:revision,,changed,,
10287,1,1409700012115,Hombres,31,Trabajador independiente,,6,21:00,,Regresar a Casa,,Su casa,,,,1409700340250,,home,,Transporte de personal,,30,,,,,,
10308,1,140970835365A,Mujeres,43,Empleado,,1,08:00,,Trabajar,,"Comercio, mercado, tienda o centro comercial",,Su casa,,1409700250477 → home,,1409700250477,,CAMIÓN O AUTOBÚS,,35,,origen:copia,,changed,,
10308,1,140970835365A,Mujeres,43,Empleado,,2,14:20,,Regresar a Casa,,Su casa,,,,1409700250477,,1409700250477 → home,,CAMIÓN O AUTOBÚS,,35,,destino:revision,,changed,,"El origen se encadena con el destino del viaje 1 (Comercio, mercado, tienda o centro comercial en 1409700250477). El destino pasa de 1409700250477 a la zona del hogar: esa AGEB funciona como “Su casa” dentro de la cadena, es una discrepancia de geocodificación."
10322,2,140970023276A,Hombres,28,Empleado,,1,08:03,,Compras (comida),,"Restaurante, bar, cafetería",,Su casa,,home,,home,,A PIE,,7,,,,,,
10322,2,140970023276A,Hombres,28,Empleado,,2,08:17,,Regresar a Casa,,Su casa,,,,home,,home,,A PIE,,7,,,,,,
10322,2,140970023276A,Hombres,28,Empleado,,3,18:00,,Trabajar,,Fábrica o taller,,,,home,,1409704241761,,Transporte de personal,,45,,,,,,
10322,2,140970023276A,Hombres,28,Empleado,,4,14:40 → 04:40,,Regresar a Casa,,Su casa,,,,1409704241761,,home,,Transporte de personal,,45,,hora:revision,hora_nocturna,changed,,Error de dígito en la hora: se reporta 14:40 y la cadena solo cierra con 4:40. El origen se encadena con el destino del viaje 3 (Fábrica o taller en 1409704241761).
10351,3,1409700012115,Hombres,26,Empleado,,1,07:30,,Trabajar,,Fábrica o taller,,Su casa,,home,,1412000011009,,AUTOMÓVIL PARTICULAR,,90,,,,,,
10351,3,1409700012115,Hombres,26,Empleado,,2,13:35,,Regresar a Casa,,Su casa,,,,1412000011009,,home,,AUTOMÓVIL PARTICULAR,,120,,,,,,
10351,3,1409700012115,Hombres,26,Empleado,,3,15:13 → 17:13,,Trabajar,,Fábrica o taller,,,,home,,1412000011009,,AUTOMÓVIL PARTICULAR,,90,,hora:-10h+12h,,changed,,
10351,3,1409700012115,Hombres,26,Empleado,,4,18:30 → 20:30,,Regresar a Casa,,Su casa,,,,1412000011009,,home,,AUTOMÓVIL PARTICULAR,,120,,hora:revision,,changed,,"Desfase de dos horas al capturar: 18:30 se lee como 20:30. El origen se encadena con el destino del viaje 3 (Fábrica o taller en 1412000011009). [Undécima revisión: la decisión de chain_review se mantiene. Se tomó contra «18:30», que las reglas del 26 de septiembre de 2026 dan ahora como «18:43».]"
10384,2,1409700012115,Hombres,33,Empleado,,1,12:00 → 00:00,,Trabajar,,Fábrica o taller,,Su casa,,home,,1409700340250,,CAMIÓN O AUTOBÚS,,30,,hora:revision,,changed,,
10384,2,1409700012115,Hombres,33,Empleado,,2,22:00 → 12:00,,Regresar a Casa,,Su casa,,,,1409700340250,,home,,CAMIÓN O AUTOBÚS,,30,,hora:revision,,changed,,Error de dígito en la hora: se reporta 22:00 y la cadena solo cierra con 12:00. El origen se encadena con el destino del viaje 1 (Fábrica o taller en 1409700340250).
10384,2,1409700012115,Hombres,33,Empleado,,3,16:00,,Visitar a alguien,,Centro cultural o área recreativa,,,,home,,1409700012098,,A PIE,,15,,,,,,
10384,2,1409700012115,Hombres,33,Empleado,,4,19:30,,Regresar a Casa,,Su casa,,,,1409700012098,,home,,A PIE,,15,,,,,,
10390,1,140970835365A,Hombres,57,Empleado,,1,07:00,,Trabajar,,"Comercio, mercado, tienda o centro comercial",,Su casa,,home,,1409708332948,,CAMIÓN O AUTOBÚS,,40,,,,,,
10390,1,140970835365A,Hombres,57,Empleado,,2,06:00 → 18:00,,Trabajar → Regresar a Casa,,Su casa,,,,1409708332948,,home,,CAMIÓN O AUTOBÚS,,40,,hora:+12h;motivo:revision,,changed,,"El motivo pasa de “Trabajar” a Regresar a Casa: el viaje llega a “Su casa” en la zona del hogar viniendo de otra actividad, así que es el regreso y no una actividad nueva. El origen se encadena con el destino del viaje 1 (Comercio, mercado, tienda o centro comercial en 1409708332948)."
10405,4,1409700012115,Hombres,8,Estudiante,,1,13:40,,Estudiar,,Escuela,,Su casa,,home,,1409700012098,,A PIE,,10,,,,,,
10405,4,1409700012115,Hombres,8,Estudiante,,2,18:20,,Regresar a Casa,,Su casa,,,,1409700012098,,home,,MOTOCICLETA,,3,,,,,,
10405,4,1409700012115,Hombres,8,Estudiante,,3,18:00 → 20:00,,Deportes o recreación,,Centro cultural o área recreativa,,,,home,,home,,A PIE,,5,,hora:-10h+12h,,changed,,
10405,4,1409700012115,Hombres,8,Estudiante,,4,20:00 → 22:00,,Regresar a Casa,,Su casa,,,,home,,home,,A PIE,,5,,hora:revision,,changed,,"Desfase de dos horas al capturar: 20:00 se lee como 22:00. El origen se encadena con el destino del viaje 3 (Centro cultural o área recreativa en la zona del hogar). [Undécima revisión: la decisión de chain_review se mantiene. Se tomó contra «20:00», que las reglas del 26 de septiembre de 2026 dan ahora como «20:05».]"
10410,2,1409708362793,Mujeres,61,Hogar,,1,11:00,,Compras (comida),,"Comercio, mercado, tienda o centro comercial",,Su casa,,home,,1409708221530,,CAMIÓN O AUTOBÚS,,25,,,,,,
10410,2,1409708362793,Mujeres,61,Hogar,,2,15:30,,Compras (comida) → Regresar a Casa,,Su casa,,,,1409708221530,,home,,CAMIÓN O AUTOBÚS,,25,,motivo:revision,,changed,,"El motivo pasa de “Compras (comida)” a Regresar a Casa: el viaje llega a “Su casa” en la zona del hogar viniendo de otra actividad, así que es el regreso y no una actividad nueva. El origen se encadena con el destino del viaje 1 (Comercio, mercado, tienda o centro comercial en 1409708221530)."
10424,3,1412000010212,Mujeres,14,Estudiante,,1,07:04,,Estudiar,,Escuela,,Su casa,,home,,1412000010617,,MI MACRO,,35,,,,,,
10424,3,1412000010212,Mujeres,14,Estudiante,,2,13:39,,Regresar a Casa,,Su casa,,,,1412000010617,,home,,MI MACRO,,35,,,,,,
10424,3,1412000010212,Mujeres,14,Estudiante,,3,15:02,,Compras (comida),,"Comercio, mercado, tienda o centro comercial",,,,home,,1412000011009,,Taxi plataforma (Uber/Didi),,20,,,,,,
10424,3,1412000010212,Mujeres,14,Estudiante,,4,18:10,,Llevar o recoger a alguien,,Otra vivienda,,,,home → 1412000011009,,1412000010814,,A PIE,,11,,origen:revision,,changed,,"La AGEB de origen pasa de la zona del hogar a 1412000011009; el origen se encadena con el destino del viaje 3 (Comercio, mercado, tienda o centro comercial en 1412000011009)."
10424,3,1412000010212,Mujeres,14,Estudiante,,5,18:30,,Regresar a Casa,,Su casa,,,,1412000010814,,home,,A PIE,,11,,,,,,
10430,4,1412000010212,Mujeres,17,Estudiante,,1,15:02,,Compras (comida),,"Comercio, mercado, tienda o centro comercial",,Su casa,,home,,1412000011009,,Taxi plataforma (Uber/Didi),,20,,,,,,
10430,4,1412000010212,Mujeres,17,Estudiante,,2,19:03,,Compras (comida),,"Comercio, mercado, tienda o centro comercial",,,,home → 1412000011009,,1412000013325,,A PIE,,15,,origen:revision,,changed,,"La AGEB de origen pasa de la zona del hogar a 1412000011009; el origen se encadena con el destino del viaje 1 (Comercio, mercado, tienda o centro comercial en 1412000011009)."
10430,4,1412000010212,Mujeres,17,Estudiante,,3,19:23,,Regresar a Casa,,Su casa,,,,1412000013325,,home,,A PIE,,15,,,,,,
10446,2,1412000016809,Hombres,67,Patrón o empresario,,1,19:00 → 09:00,,Trabajar,,Fábrica o taller,,Su casa,,home,,1403900014546,,AUTOMÓVIL PARTICULAR,,60,,hora:revision,,changed,,
10446,2,1412000016809,Hombres,67,Patrón o empresario,,2,18:35,,Regresar a Casa,,Su casa,,,,1403900014546,,home,,AUTOMÓVIL PARTICULAR,,70,,,,,,
10446,2,1412000016809,Hombres,67,Patrón o empresario,,3,20:15,,Trabajar,,Fábrica o taller,,,,home,,1403900014546,,AUTOMÓVIL PARTICULAR,,60,,,,,,
10446,2,1412000016809,Hombres,67,Patrón o empresario,,4,20:00 → 21:15,,Regresar a Casa,,Su casa,,,,1403900014546,,home,,AUTOMÓVIL PARTICULAR,,70,,hora:revision,,changed,,"La salida se recorre de 20:00 a 21:15, que es la hora a la que llega el viaje anterior (20:15 + 60 min de traslado): tal como estaba, el viaje empezaba antes de haber llegado. El origen se encadena con el destino del viaje 3 (Fábrica o taller en 1403900014546)."
10573,3,1409708432647,Hombres,38,Empleado,,1,17:45 → 05:45,,Trabajar,,Oficina,,Su casa,,home,,1403900012554,,AUTOMÓVIL PARTICULAR,,25,,hora:revision,,changed,,
10573,3,1409708432647,Hombres,38,Empleado,,2,07:50,,Regresar a Casa,,Su casa,,,,1403900012554,,home,,AUTOMÓVIL PARTICULAR,,25,,,,,,
10573,3,1409708432647,Hombres,38,Empleado,,3,09:23,,Trabajar,,Oficina,,,,home,,1403900012554,,AUTOMÓVIL PARTICULAR,,25,,,,,,
10573,3,1409708432647,Hombres,38,Empleado,,4,06:30 → 16:30,,Regresar a Casa,,Su casa,,,,1403900012554,,home,,AUTOMÓVIL PARTICULAR,,25,,hora:revision,,changed,,Error de dígito en la hora: se reporta 6:30 y la cadena solo cierra con 16:30. El origen se encadena con el destino del viaje 3 (Oficina en 1403900012554).
10573,3,1409708432647,Hombres,38,Empleado,,5,18:03,,Deportes o recreación,,Centro cultural o área recreativa,,,,home,,1409708432632,,A PIE,,5,,,,,,
10573,3,1409708432647,Hombres,38,Empleado,,6,18:15,,Regresar a Casa,,Su casa,,,,1409708432632,,home,,A PIE,,5,,,,,,
10583,3,1409708622929,Hombres,6,Estudiante,,1,10:00,,"Compras (bienes, productos y servicios)",,"Comercio, mercado, tienda o centro comercial",,Su casa,,home,,1403900011359,,CAMIÓN O AUTOBÚS,,60,,,,,,
10583,3,1409708622929,Hombres,6,Estudiante,,2,20:00,,"Compras (bienes, productos y servicios) → Regresar a Casa",,Su casa,,,,1403900011359,,home,,CAMIÓN O AUTOBÚS,,60,,motivo:revision,,changed,,"El motivo pasa de “Compras (bienes, productos y servicios)” a Regresar a Casa: el viaje llega a “Su casa” en la zona del hogar viniendo de otra actividad, así que es el regreso y no una actividad nueva. El origen se encadena con el destino del viaje 1 (Comercio, mercado, tienda o centro comercial en 1403900011359)."
10620,1,1409708622929,Hombres,37,Empleado,,1,07:10,,Trabajar,,Fábrica o taller,,Su casa,,140980001053A → home,,140980001053A,,CAMIÓN O AUTOBÚS,,40,,origen:copia,,changed,,
10620,1,1409708622929,Hombres,37,Empleado,,2,14:09,,Regresar a Casa,,Su casa,,,,140980001053A,,140980001053A → home,,CAMIÓN O AUTOBÚS,,45,,destino:revision,,changed,,"El origen se encadena con el destino del viaje 1 (Fábrica o taller en 140980001053A). El destino pasa de 140980001053A a la zona del hogar: esa AGEB funciona como “Su casa” dentro de la cadena, es una discrepancia de geocodificación."
10653,1,1409708622914,Hombres,59,Empleado,,1,20:00 → 08:00,,Trabajar,,Oficina,,Su casa,,home,,1412000010636,,MOTOCICLETA,,30,,hora:revision,,changed,,
10653,1,1409708622914,Hombres,59,Empleado,,2,07:01 → 19:01,,Regresar a Casa,,Su casa,,,,1412000010636,,home,,MOTOCICLETA,,30,,hora:revision,,changed,,Corrección AM/PM: se reporta 7:01 y por la secuencia del día corresponde a 19:01. El origen se encadena con el destino del viaje 1 (Oficina en 1412000010636).
10746,3,140970843269A,Mujeres,38,,,1,13:03 → 01:03,,Visitar a alguien,,Otra vivienda,,Su casa,,home,,1412000013397,,MI MACRO,,105,,hora:revision,hora_madrugada,changed,,
10746,3,140970843269A,Mujeres,38,,,2,09:28,,Regresar a Casa,,Su casa,,,,1412000013397,,home,,MI MACRO,,70,,,,,,
10746,3,140970843269A,Mujeres,38,,,3,18:04,,"Compras (bienes, productos y servicios)",,"Comercio, mercado, tienda o centro comercial",,,,home,,home,,A PIE,,9,,,,,,
10746,3,140970843269A,Mujeres,38,,,4,18:22 → 20:56,,Regresar a Casa,,Su casa,,,,home,,home,,A PIE,,9,,hora:revision,,changed,,"La hora de salida pasa de 18:22 a 20:56 para que el viaje ocurra después de la llegada del anterior. El origen se encadena con el destino del viaje 3 (Comercio, mercado, tienda o centro comercial en la zona del hogar)."
10762,1,1409708432670,Hombres,32,,,1,07:10,,"Compras (bienes, productos y servicios)",,"Comercio, mercado, tienda o centro comercial",,Su casa,,home,,1409708432666,,A PIE,,15,,,,,,
10762,1,1409708432670,Hombres,32,,,2,07:31,,Regresar a Casa,,Su casa,,,,1409708432666,,home,,A PIE,,15,,,,,,
10762,1,1409708432670,Hombres,32,,,3,12:50,,Llevar o recoger a alguien,,Escuela,,,,home,,1412000010636,,MOTOCICLETA,,30,,,,,,
10762,1,1409708432670,Hombres,32,,,4,19:20,,Llevar o recoger a alguien,,Escuela,,,,home → 1412000010636,,1412000010636,,MOTOCICLETA,,30,,origen:revision,,changed,,La AGEB de origen pasa de la zona del hogar a 1412000010636; el origen se encadena con el destino del viaje 3 (Escuela en 1412000010636).
10762,1,1409708432670,Hombres,32,,,5,20:00,,Regresar a Casa,,Su casa,,,,1412000010636,,home,,MOTOCICLETA,,30,,,,,,
10814,3,1409706133946,Hombres,24,Empleado,,1,06:00,,Regresar a Casa,,Su casa,,"Comercio, mercado, tienda o centro comercial",,1409800011928,,home,,CAMIÓN O AUTOBÚS,,60,,,inicio_fuera_de_casa,,,
10814,3,1409706133946,Hombres,24,Empleado,,2,19:07,,Otros (especifique),,Otros (especifique),,,,1409800011928 → home,,1409800012589,,A PIE,,14,,origen:casa,,changed,,
10814,3,1409706133946,Hombres,24,Empleado,,3,19:28,,Regresar a Casa → Trabajar,,Su casa,,,,1409800012589,,1409800011928,,A PIE,,14,,motivo:revision,fin_fuera_de_casa;actividad_en_casa,changed,,"El motivo pasa de Regresar a Casa a “Trabajar”: la persona ya estaba en casa y el viaje va hacia la AGEB 1409800011928, de modo que es un viaje de ida y no el regreso. El origen se encadena con el destino del viaje 2 (Otros (especifique) en 1409800012589)."
10975,2,1412000013490,Mujeres,56,Hogar,,1,10:00,,Compras (comida),,"Comercio, mercado, tienda o centro comercial",,Su casa,,home,,1412000014126,,A PIE,,10,,,,,,
10975,2,1412000013490,Mujeres,56,Hogar,,2,10:15,,Compras (comida) → Regresar a Casa,,Su casa,,,,1412000014126,,home,,A PIE,,10,,motivo:revision,,changed,,"El motivo pasa de “Compras (comida)” a Regresar a Casa: el viaje llega a “Su casa” en la zona del hogar viniendo de otra actividad, así que es el regreso y no una actividad nueva. El origen se encadena con el destino del viaje 1 (Comercio, mercado, tienda o centro comercial en 1412000014126)."
10975,2,1412000013490,Mujeres,56,Hogar,,3,20:25,,Regresar a Casa,,Su casa,,,,home,,home,,A PIE,,10,,,regreso_en_casa,,,
10989,3,1412000012134,Hombres,64,Empleado,,1,06:02,,Trabajar,,"Comercio, mercado, tienda o centro comercial",,Su casa,,home,,1403900011448,,TREN LIGERO,,54,,,,,,
10989,3,1412000012134,Hombres,64,Empleado,,2,19:03,,Compras (comida),,"Comercio, mercado, tienda o centro comercial",,,,home → 1403900011448,,1412000012789,,A PIE,,12,,origen:revision,,changed,,"La AGEB de origen pasa de la zona del hogar a 1403900011448; el origen se encadena con el destino del viaje 1 (Comercio, mercado, tienda o centro comercial en 1403900011448)."
10989,3,1412000012134,Hombres,64,Empleado,,3,19:17,,Regresar a Casa,,Su casa,,,,1412000012789,,home,,A PIE,,12,,,,,,
11048,3,1412000012219,Mujeres,16,Estudiante,,1,04:00 → 16:00,,Deportes o recreación,,"Deportivo, gimnasio",,Su casa,,home,,1412000010890,,A PIE,,15,,hora:+12h,,changed,,
11048,3,1412000012219,Mujeres,16,Estudiante,,2,19:00,,Deportes o recreación → Regresar a Casa,,Su casa,,,,1412000010890,,home,,A PIE,,15,,motivo:revision,,changed,,"El motivo pasa de “Deportes o recreación” a Regresar a Casa: el viaje llega a “Su casa” en la zona del hogar viniendo de otra actividad, así que es el regreso y no una actividad nueva. El origen se encadena con el destino del viaje 1 (Deportivo, gimnasio en 1412000010890)."
11048,3,1412000012219,Mujeres,16,Estudiante,,3,20:30,,Regresar a Casa,,Su casa,,,,home,,home,,A PIE,,15,,,regreso_en_casa,,,
11061,2,1412000012844,Mujeres,59,Empleado,,1,06:00,,Trabajar,,"Comercio, mercado, tienda o centro comercial",,Su casa,,home,,1412000014198,,CAMIÓN O AUTOBÚS,,50,,,,,,
11061,2,1412000012844,Mujeres,59,Empleado,,2,15:00,,Regresar a Casa,,Su casa,,,,1412000014198,,home,,CAMIÓN O AUTOBÚS,,60,,,,,,
11061,2,1412000012844,Mujeres,59,Empleado,,3,16:30,,Pagar algún servicio o al banco,,"Comercio, mercado, tienda o centro comercial",,,,home,,1412000012825,,A PIE,,20,,,,,,
11061,2,1412000012844,Mujeres,59,Empleado,,4,17:00,,Compras (comida),,"Comercio, mercado, tienda o centro comercial",,,,1412000012825,,1412000012825,,A PIE,,3,,,,,,
11061,2,1412000012844,Mujeres,59,Empleado,,5,17:30,,Regresar a Casa,,Su casa,,,,1412000012825,,1412000015317 → home,,A PIE,,20,,destino:revision,,changed,,"El origen se encadena con el destino del viaje 4 (Comercio, mercado, tienda o centro comercial en 1412000012825). El destino pasa de 1412000015317 a la zona del hogar: esa AGEB funciona como “Su casa” dentro de la cadena, es una discrepancia de geocodificación."
11067,2,1412000012844,Mujeres,26,Hogar,,1,07:00,,Compras (comida),,Fábrica o taller,,Su casa,,home,,1412000015317,,A PIE,,5,,,,,,
11067,2,1412000012844,Mujeres,26,Hogar,,2,07:10,,Llevar o recoger a alguien → Regresar a Casa,,Su casa,,,,1412000015317,,home,,A PIE,,5,,motivo:revision,,changed,,"El motivo pasa de “Llevar o recoger a alguien” a Regresar a Casa: el viaje llega a “Su casa” en la zona del hogar viniendo de otra actividad, así que es el regreso y no una actividad nueva. El origen se encadena con el destino del viaje 1 (Fábrica o taller en 1412000015317)."
11067,2,1412000012844,Mujeres,26,Hogar,,3,07:30,,Llevar o recoger a alguien,,Escuela,,,,home,,1412000012825,,A PIE,,25,,,,,,
11067,2,1412000012844,Mujeres,26,Hogar,,4,08:00,,Regresar a Casa,,Su casa,,,,1412000012825,,home,,A PIE,,25,,,,,,
11067,2,1412000012844,Mujeres,26,Hogar,,5,19:17,,Compras (comida),,"Comercio, mercado, tienda o centro comercial",,,,home,,home,,A PIE,,6,,,,,,
11067,2,1412000012844,Mujeres,26,Hogar,,6,19:25,,Regresar a Casa,,Su casa,,,,home,,home,,A PIE,,6,,,,,,
11114,2,141200001212A,Mujeres,39,Trabajador independiente,,1,09:00,,Compras (comida),,"Comercio, mercado, tienda o centro comercial",,Su casa,,home,,1412000012789,,A PIE,,10,,,,,,
11114,2,141200001212A,Mujeres,39,Trabajador independiente,,2,09:30,,Compras (comida) → Regresar a Casa,,Su casa,,,,1412000012789,,home,,A PIE,,10,,motivo:revision,,changed,,"El motivo pasa de “Compras (comida)” a Regresar a Casa: el viaje llega a “Su casa” en la zona del hogar viniendo de otra actividad, así que es el regreso y no una actividad nueva. El origen se encadena con el destino del viaje 1 (Comercio, mercado, tienda o centro comercial en 1412000012789)."
11114,2,141200001212A,Mujeres,39,Trabajador independiente,,3,17:00,,Compras (comida),,"Comercio, mercado, tienda o centro comercial",,,,home,,1412000012115,,A PIE,,5,,,,,,
11114,2,141200001212A,Mujeres,39,Trabajador independiente,,4,17:30,,Regresar a Casa,,Su casa,,,,1412000012115,,home,,A PIE,,5,,,,,,
11114,2,141200001212A,Mujeres,39,Trabajador independiente,,5,19:19,,"Compras (bienes, productos y servicios)",,"Comercio, mercado, tienda o centro comercial",,,,home,,home,,A PIE,,15,,,,,,
11114,2,141200001212A,Mujeres,39,Trabajador independiente,,6,19:40,,Regresar a Casa,,Su casa,,,,home,,home,,A PIE,,15,,,,,,
11154,1,1412000013819,Hombres,29,Empleado,,1,22:00 → 10:00,,Trabajar,,Fábrica o taller,,Su casa,,home,,1409800010262,,AUTOMÓVIL PARTICULAR,,70,,hora:revision,,changed,,
11154,1,1412000013819,Hombres,29,Empleado,,2,08:00 → 20:00,,Regresar a Casa,,Su casa,,,,1409800010262,,home,,AUTOMÓVIL PARTICULAR,,70,,hora:revision,,changed,,Corrección AM/PM: se reporta 8:00 y por la secuencia del día corresponde a 20:00. El origen se encadena con el destino del viaje 1 (Fábrica o taller en 1409800010262).
11160,3,1412000015177,Mujeres,24,Empleado,,1,08:21,,Llevar o recoger a alguien,,Otra vivienda,,Su casa,,home,,1412000014338,,A PIE,,13,,,,,,
11160,3,1412000015177,Mujeres,24,Empleado,,2,08:41,,Regresar a Casa,,Su casa,,,,1412000014338,,home,,A PIE,,13,,,,,,
11160,3,1412000015177,Mujeres,24,Empleado,,3,12:00,,Trabajar,,Fábrica o taller,,,,home,,home,,A PIE,,15,,,,,,
11160,3,1412000015177,Mujeres,24,Empleado,,4,18:00,,Guardería → Llevar o recoger a alguien,,Su casa,,,,home,,home,,A PIE,,15,,motivo:revision,actividad_en_casa,changed,,El motivo “Guardería” se registra como acompañamiento: la encuesta lo usa tanto para quien asiste como para quien lleva o recoge. El origen se encadena con el destino del viaje 3 (Fábrica o taller en la zona del hogar).
11160,3,1412000015177,Mujeres,24,Empleado,,5,19:00,,Compras (comida),,"Comercio, mercado, tienda o centro comercial",,,,home,,1412000014291,,A PIE,,4,,,,,,
11160,3,1412000015177,Mujeres,24,Empleado,,6,19:06,,Regresar a Casa,,Su casa,,,,1412000014291,,home,,A PIE,,4,,,,,,
11162,2,1412000015158,Hombres,36,Empleado,,1,06:00,,Trabajar,,Otra vivienda,,Su casa,,1412000014198 → home,,1412000014198,,CAMIÓN O AUTOBÚS,,60,,origen:copia,,changed,,
11162,2,1412000015158,Hombres,36,Empleado,,2,14:29,,Regresar a Casa,,Su casa,,,,1412000014198,,1412000014198 → home,,CAMIÓN O AUTOBÚS,,60,,destino:revision,,changed,,"El origen se encadena con el destino del viaje 1 (Otra vivienda en 1412000014198). El destino pasa de 1412000014198 a la zona del hogar: esa AGEB funciona como “Su casa” dentro de la cadena, es una discrepancia de geocodificación."
11165,1,1412000013819,Hombres,31,Empleado,,1,21:00 → 09:00,,Trabajar,,Fábrica o taller,,Su casa,,home,,1412000010602,,AUTOMÓVIL PARTICULAR,,80,,hora:revision,,changed,,
11165,1,1412000013819,Hombres,31,Empleado,,2,09:44 → 19:44,,Regresar a Casa,,Su casa,,,,1412000010602,,home,,AUTOMÓVIL PARTICULAR,,80,,hora:revision,,changed,,Error de dígito en la hora: se reporta 9:44 y la cadena solo cierra con 19:44. El origen se encadena con el destino del viaje 1 (Fábrica o taller en 1412000010602).
11165,1,1412000013819,Hombres,31,Empleado,,3,11:04 → 21:04,,Trabajar,,Fábrica o taller,,,,home,,1412000010602,,AUTOMÓVIL PARTICULAR,,80,,hora:revision,,changed,,
11165,1,1412000013819,Hombres,31,Empleado,,4,06:00,,Regresar a Casa,,Su casa,,,,1412000010602,,home,,AUTOMÓVIL PARTICULAR,,80,,,hora_nocturna,,,
11174,1,1412000015177,Hombres,41,Trabajador independiente,,1,09:00,,Compras (comida),,"Comercio, mercado, tienda o centro comercial",,Su casa,,home,,home,,A PIE,,5,,,,,,
11174,1,1412000015177,Hombres,41,Trabajador independiente,,2,21:10 → 09:10,,Regresar a Casa,,Su casa,,,,home,,home,,A PIE,,5,,hora:revision,,changed,,"Corrección AM/PM: se reporta 21:10 y por la secuencia del día corresponde a 09:10. El origen se encadena con el destino del viaje 1 (Comercio, mercado, tienda o centro comercial en la zona del hogar)."
11174,1,1412000015177,Hombres,41,Trabajador independiente,,3,13:00,,Compras (comida),,"Comercio, mercado, tienda o centro comercial",,,,home,,home,,A PIE,,20,,,,,,
11174,1,1412000015177,Hombres,41,Trabajador independiente,,4,13:25,,Regresar a Casa,,Su casa,,,,home,,home,,A PIE,,20,,,,,,
11174,1,1412000015177,Hombres,41,Trabajador independiente,,5,18:30,,Visitar a alguien,,Otra vivienda,,,,home,,1412000015548,,A PIE,,30,,,,,,
11174,1,1412000015177,Hombres,41,Trabajador independiente,,6,21:00,,Regresar a Casa,,Su casa,,,,1412000015548,,home,,Taxi,,10,,,,,,
11231,1,1412000014338,Hombres,68,,,1,10:00,,Al médico o atención de salud,,"Hospital, clínica, consultorio, laboratorio clínico",,Su casa,,home,,1403900011325,,CAMIÓN O AUTOBÚS,,50,,,,,,
11231,1,1412000014338,Hombres,68,,,2,13:00,,Regresar a Casa,,Su casa,,,,1403900011325,,1412000013043 → home,,CAMIÓN O AUTOBÚS,,50,,destino:revision,,changed,,"El origen se encadena con el destino del viaje 1 (Hospital, clínica, consultorio, laboratorio clínico en 1403900011325). El destino pasa de 1412000013043 a la zona del hogar: esa AGEB funciona como “Su casa” dentro de la cadena, es una discrepancia de geocodificación."
11251,3,141200001212A,Hombres,36,Empleado,,1,05:00,,Trabajar,,"Comercio, mercado, tienda o centro comercial",,Su casa,,home,,999990001,,AUTOMÓVIL PARTICULAR,,120,,,,,,
11251,3,141200001212A,Hombres,36,Empleado,,2,07:48,,Regresar a Casa,,Su casa,,,,999990001,,home,,AUTOMÓVIL PARTICULAR,,120,,,,,,
11251,3,141200001212A,Hombres,36,Empleado,,3,09:18 → 09:48,,Trabajar,,"Comercio, mercado, tienda o centro comercial",,,,home,,999990001,,AUTOMÓVIL PARTICULAR,,120,,hora:revision,,changed,,
11251,3,141200001212A,Hombres,36,Empleado,,4,10:01 → 12:01,,Regresar a Casa,,Su casa,,,,999990001,,home,,AUTOMÓVIL PARTICULAR,,120,,hora:revision,,changed,,"Desfase de dos horas al capturar: 10:01 se lee como 12:01. El origen se encadena con el destino del viaje 3 (Comercio, mercado, tienda o centro comercial en 999990001)."
11251,3,141200001212A,Hombres,36,Empleado,,5,19:20,,Compras (comida),,"Comercio, mercado, tienda o centro comercial",,,,home,,home,,A PIE,,11,,,,,,
11251,3,141200001212A,Hombres,36,Empleado,,6,19:40,,Regresar a Casa,,Su casa,,,,home,,home,,A PIE,,11,,,,,,
11303,1,1412000014291,Hombres,66,Trabajador independiente,,1,22:00 → 10:00,,Trabajar,,Otra vivienda,,Su casa,,home,,1412002316654,,AUTOMÓVIL PARTICULAR,,60,,hora:revision,,changed,,
11303,1,1412000014291,Hombres,66,Trabajador independiente,,2,21:54,,Regresar a Casa,,Su casa,,,,1412002316654,,home,,AUTOMÓVIL PARTICULAR,,30,,,,,,
11303,1,1412000014291,Hombres,66,Trabajador independiente,,3,23:10,,Trabajar,,Otra vivienda,,,,home,,1412002316654,,AUTOMÓVIL PARTICULAR,,60,,,,,,
11303,1,1412000014291,Hombres,66,Trabajador independiente,,4,23:30 → 00:10,,Regresar a Casa,,Su casa,,,,1412002316654,,home,,AUTOMÓVIL PARTICULAR,,30,,hora:revision,hora_nocturna,changed,,"La salida se recorre de 23:30 a 00:10, que es la hora a la que llega el viaje anterior (23:10 + 60 min de traslado): tal como estaba, el viaje empezaba antes de haber llegado. El origen se encadena con el destino del viaje 3 (Otra vivienda en 1412002316654)."
11303,2,1412000014291,Mujeres,64,Trabajador independiente,,1,08:14,,Llevar o recoger a alguien,,Otra vivienda,,Su casa,,home,,1412000014287,,A PIE,,15,,,,,,
11303,2,1412000014291,Mujeres,64,Trabajador independiente,,2,08:31,,Regresar a Casa,,Su casa,,,,1412000014287,,home,,A PIE,,15,,,,,,
11303,2,1412000014291,Mujeres,64,Trabajador independiente,,3,22:00 → 10:00,,Trabajar,,Centro cultural o área recreativa,,,,home,,1412002316654,,AUTOMÓVIL PARTICULAR,,60,,hora:revision,,changed,,
11303,2,1412000014291,Mujeres,64,Trabajador independiente,,4,21:37 → 11:37,,Regresar a Casa,,Su casa,,,,1412002316654,,home,,AUTOMÓVIL PARTICULAR,,30,,hora:revision,,changed,,Error de dígito en la hora: se reporta 21:37 y la cadena solo cierra con 11:37. El origen se encadena con el destino del viaje 3 (Centro cultural o área recreativa en 1412002316654).
11303,2,1412000014291,Mujeres,64,Trabajador independiente,,5,23:10,,Trabajar,,Centro cultural o área recreativa,,,,home,,1412002316654,,AUTOMÓVIL PARTICULAR,,60,,,,,,
11303,2,1412000014291,Mujeres,64,Trabajador independiente,,6,23:30 → 00:10,,Regresar a Casa,,Su casa,,,,1412002316654,,home,,AUTOMÓVIL PARTICULAR,,30,,hora:revision,hora_nocturna,changed,,"La salida se recorre de 23:30 a 00:10, que es la hora a la que llega el viaje anterior (23:10 + 60 min de traslado): tal como estaba, el viaje empezaba antes de haber llegado. El origen se encadena con el destino del viaje 5 (Centro cultural o área recreativa en 1412002316654)."
11315,2,1412000013861,Hombres,46,Empleado,,1,07:18,,Compras (comida),,"Comercio, mercado, tienda o centro comercial",,Su casa,,home,,1412000015158,,A PIE,,11,,,,,,
11315,2,1412000013861,Hombres,46,Empleado,,2,07:30,,Regresar a Casa,,Su casa,,,,1412000015158,,home,,A PIE,,11,,,,,,
11315,2,1412000013861,Hombres,46,Empleado,,3,20:00,,Trabajar,,Otra vivienda,,,,home,,home,,A PIE,,15,,,,,,
11315,2,1412000013861,Hombres,46,Empleado,,4,18:00 → 06:00,,Regresar a Casa,,Su casa,,,,home,,home,,A PIE,,15,,hora:revision,hora_nocturna,changed,,"Error de dígito en la hora: se reporta 20:00 y la cadena solo cierra con 6:00. El origen se encadena con el destino del viaje 3 (Otra vivienda en la zona del hogar). [Undécima revisión: la decisión de chain_review se mantiene. Se tomó contra «20:00», que las reglas del 26 de septiembre de 2026 dan ahora como «20:15».]"
11531,4,1412000016584,Hombres,16,Estudiante,,1,13:00,,Estudiar,,Escuela,,Su casa,,home,,1412000016512,,CAMIÓN O AUTOBÚS,,10,,,,,,
11531,4,1412000016584,Hombres,16,Estudiante,,2,19:30,,Estudiar → Regresar a Casa,,Su casa,,,,1412000016512,,home,,CAMIÓN O AUTOBÚS,,10,,motivo:revision,,changed,,"El motivo pasa de “Estudiar” a Regresar a Casa: el viaje llega a “Su casa” en la zona del hogar viniendo de otra actividad, así que es el regreso y no una actividad nueva. El origen se encadena con el destino del viaje 1 (Escuela en 1412000016512)."
11545,1,1412000016584,Hombres,60,Empleado,,1,10:00,,Compras (comida),,"Comercio, mercado, tienda o centro comercial",,Su casa,,home,,1412000017046,,AUTOMÓVIL PARTICULAR,,15,,,,,,
11545,1,1412000016584,Hombres,60,Empleado,,2,23:00 → 11:00,,Regresar a Casa,,Su casa,,,,1412000017046,,home,,CAMIÓN O AUTOBÚS,,15,,hora:revision,,changed,,"Corrección AM/PM: se reporta 23:00 y por la secuencia del día corresponde a 11:00. El origen se encadena con el destino del viaje 1 (Comercio, mercado, tienda o centro comercial en 1412000017046)."
11545,1,1412000016584,Hombres,60,Empleado,,3,19:00,,Compras (comida),,"Comercio, mercado, tienda o centro comercial",,,,home,,home,,A PIE,,3,,,,,,
11545,1,1412000016584,Hombres,60,Empleado,,4,19:15,,Regresar a Casa,,Su casa,,,,home,,home,,A PIE,,3,,,,,,
11553,3,1412000017031,Mujeres,36,Empleado,,1,08:00,,Trabajar,,"Comercio, mercado, tienda o centro comercial",,Su casa,,home,,1412002312026,,CAMIÓN O AUTOBÚS,,30,,,,,,
11553,3,1412000017031,Mujeres,36,Empleado,,2,16:40,,Visitar a alguien → Regresar a Casa,,Su casa,,,,1412002312026,,home,,CAMIÓN O AUTOBÚS,,35,,motivo:revision,,changed,,"El motivo pasa de “Visitar a alguien” a Regresar a Casa: el viaje llega a “Su casa” en la zona del hogar viniendo de otra actividad, así que es el regreso y no una actividad nueva. El origen se encadena con el destino del viaje 1 (Comercio, mercado, tienda o centro comercial en 1412002312026)."
11580,1,1412000016847,Hombres,37,Trabajador independiente,,1,07:20,,Llevar o recoger a alguien,,Escuela,,Su casa,,home,,1412000011009,,AUTOMÓVIL PARTICULAR,,25,,,,,,
11580,1,1412000016847,Hombres,37,Trabajador independiente,,2,20:00 → 08:00,,Regresar a Casa,,Su casa,,,,1412000011009,,home,,AUTOMÓVIL PARTICULAR,,30,,hora:revision,,changed,,Corrección AM/PM: se reporta 20:00 y por la secuencia del día corresponde a 08:00. El origen se encadena con el destino del viaje 1 (Escuela en 1412000011009).
11580,1,1412000016847,Hombres,37,Trabajador independiente,,3,12:00,,Llevar o recoger a alguien,,Escuela,,,,home,,1412000011009,,AUTOMÓVIL PARTICULAR,,20,,,,,,
11580,1,1412000016847,Hombres,37,Trabajador independiente,,4,12:30,,Regresar a Casa,,Su casa,,,,1412000011009,,home,,AUTOMÓVIL PARTICULAR,,20,,,,,,
11580,1,1412000016847,Hombres,37,Trabajador independiente,,5,17:30,,"Compras (bienes, productos y servicios)",,"Comercio, mercado, tienda o centro comercial",,,,home,,1412000016527,,AUTOMÓVIL PARTICULAR,,10,,,,,,
11580,1,1412000016847,Hombres,37,Trabajador independiente,,6,17:50,,Regresar a Casa,,Su casa,,,,1412000016527,,home,,AUTOMÓVIL PARTICULAR,,10,,,,,,
11608,2,1412000016071,Mujeres,31,Hogar,,1,07:00,,Guardería → Llevar o recoger a alguien,,Escuela,,Su casa,,home,,1412000016599,,AUTOMÓVIL PARTICULAR,,60,,motivo:revision,,changed,,
11608,2,1412000016071,Mujeres,31,Hogar,,2,08:15,,Trabajar,,Oficina,,,,1412000016599,,1412000016531,,AUTOMÓVIL PARTICULAR,,35,,,,,,
11608,2,1412000016071,Mujeres,31,Hogar,,3,17:00,,Guardería → Llevar o recoger a alguien,,Escuela,,,,1412000016531,,1412000016599,,AUTOMÓVIL PARTICULAR,,35,,motivo:revision,,changed,,El motivo “Guardería” se registra como acompañamiento: la encuesta lo usa tanto para quien asiste como para quien lleva o recoge. El origen se encadena con el destino del viaje 2 (Oficina en 1412000016531).
11608,2,1412000016071,Mujeres,31,Hogar,,4,18:00,,Regresar a Casa,,Su casa,,,,1412000016599,,home,,AUTOMÓVIL PARTICULAR,,60,,,,,,
11616,6,1412000013700,Hombres,9,Estudiante,,1,07:40,,Estudiar,,Escuela,,Su casa,,home,,1412000014107,,A PIE,,20,,,,,,
11616,6,1412000013700,Hombres,9,Estudiante,,2,12:30,,Regresar a Casa,,Su casa,,,,1412000014107,,1412000014107 → home,,AUTOMÓVIL PARTICULAR,,7,,destino:revision,,changed,,"El origen se encadena con el destino del viaje 1 (Escuela en 1412000014107). El destino pasa de 1412000014107 a la zona del hogar: esa AGEB funciona como “Su casa” dentro de la cadena, es una discrepancia de geocodificación."
11631,1,141200001536A,Hombres,23,Empleado,,1,07:10,,Compras (comida),,"Comercio, mercado, tienda o centro comercial",,Su casa,,home,,1412000015374,,A PIE,,14,,,,,,
11631,1,141200001536A,Hombres,23,Empleado,,2,07:29,,Regresar a Casa,,Su casa,,,,1412000015374,,home,,A PIE,,14,,,,,,
11631,1,141200001536A,Hombres,23,Empleado,,3,21:00 → 09:00,,Trabajar,,"Comercio, mercado, tienda o centro comercial",,,,home,,141200001422A,,AUTOMÓVIL PARTICULAR,,25,,hora:revision,,changed,,
11631,1,141200001536A,Hombres,23,Empleado,,4,13:36,,Regresar a Casa,,Su casa,,,,141200001422A,,home,,AUTOMÓVIL PARTICULAR,,25,,,,,,
11631,1,141200001536A,Hombres,23,Empleado,,5,15:17,,Trabajar,,"Comercio, mercado, tienda o centro comercial",,,,home,,141200001422A,,AUTOMÓVIL PARTICULAR,,25,,,,,,
11631,1,141200001536A,Hombres,23,Empleado,,6,12:00 → 00:00,,Regresar a Casa,,Su casa,,,,141200001422A,,home,,AUTOMÓVIL PARTICULAR,,25,,hora:revision,hora_nocturna,changed,,"Corrección AM/PM: se reporta 12:00 y por la secuencia del día corresponde a 00:00. El origen se encadena con el destino del viaje 5 (Comercio, mercado, tienda o centro comercial en 141200001422A)."
11666,4,1412000017116,Hombres,15,Estudiante,,1,06:50,,Estudiar,,Escuela,,Su casa,,home,,1412000013185,,Bicicleta,,5,,,,,,
11666,4,1412000017116,Hombres,15,Estudiante,,2,10:00,,Visitar a alguien,,Otra vivienda,,,,1412000013185,,1412000012609,,Bicicleta,,15,,,,,,
11666,4,1412000017116,Hombres,15,Estudiante,,3,13:00,,Regresar a Casa → Trabajar,,Su casa,,,,1412000012609,,1412000014198,,Bicicleta,,15,,motivo:revision,actividad_en_casa,changed,,"El motivo pasa de Regresar a Casa a “Trabajar”: la persona ya estaba en casa y el viaje va hacia la AGEB 1412000014198, de modo que es un viaje de ida y no el regreso. El origen se encadena con el destino del viaje 2 (Otra vivienda en 1412000012609)."
11666,4,1412000017116,Hombres,15,Estudiante,,4,17:00,,"Compras (bienes, productos y servicios)",,"Comercio, mercado, tienda o centro comercial",,,,1412000014198,,1412000014198,,Bicicleta,,30,,,,,,
11666,4,1412000017116,Hombres,15,Estudiante,,5,19:00,,Regresar a Casa,,Su casa,,,,1412000014198,,home,,Bicicleta,,30,,,,,,
11695,2,1412000013700,Hombres,28,Empleado,,1,19:00,,Trabajar,,Oficina,,Su casa,,1412000011225 → home,,1412000011225,,AUTOMÓVIL PARTICULAR,,20,,origen:copia,,changed,,
11695,2,1412000013700,Hombres,28,Empleado,,2,23:01,,Regresar a Casa,,Su casa,,,,1412000011225,,1412000011225 → home,,AUTOMÓVIL PARTICULAR,,20,,destino:revision,hora_2301,changed,,"El origen se encadena con el destino del viaje 1 (Oficina en 1412000011225). El destino pasa de 1412000011225 a la zona del hogar: esa AGEB funciona como “Su casa” dentro de la cadena, es una discrepancia de geocodificación."
11744,3,1412000011899,Hombres,36,Trabajador independiente,,1,07:09,,Compras (comida),,"Comercio, mercado, tienda o centro comercial",,Su casa,,home,,home,,A PIE,,14,,,,,,
11744,3,1412000011899,Hombres,36,Trabajador independiente,,2,07:27,,Regresar a Casa,,Su casa,,,,home,,home,,A PIE,,14,,,,,,
11744,3,1412000011899,Hombres,36,Trabajador independiente,,3,11:00,,Trabajar,,Otra vivienda,,,,home,,1412000011901,,A PIE,,5,,,,,,
11744,3,1412000011899,Hombres,36,Trabajador independiente,,4,14:00,,Trabajar → Regresar a Casa,,Su casa,,,,1412000011901,,home,,A PIE,,5,,motivo:revision,,changed,,"El motivo pasa de “Trabajar” a Regresar a Casa: el viaje llega a “Su casa” en la zona del hogar viniendo de otra actividad, así que es el regreso y no una actividad nueva. El origen se encadena con el destino del viaje 3 (Otra vivienda en 1412000011901)."
11744,3,1412000011899,Hombres,36,Trabajador independiente,,5,19:08,,Regresar a Casa,,Su casa,,,,home,,home,,A PIE,,5,,,regreso_en_casa,,,
11747,2,1412000016067,Mujeres,26,Empleado,,1,07:40,,Visitar a alguien,,Escuela,,Su casa,,home,,141200001664A,,CAMIÓN O AUTOBÚS,,15,,,,,,
11747,2,1412000016067,Mujeres,26,Empleado,,2,20:00 → 08:00,,Trabajar,,"Comercio, mercado, tienda o centro comercial",,,,141200001664A,,1412000014060,,CAMIÓN O AUTOBÚS,,25,,hora:revision,,changed,,Corrección AM/PM: se reporta 20:00 y por la secuencia del día corresponde a 08:00. El origen se encadena con el destino del viaje 1 (Escuela en 141200001664A).
11747,2,1412000016067,Mujeres,26,Empleado,,3,13:00,,Llevar o recoger a alguien,,Escuela,,,,1412000014060,,141200001664A,,CAMIÓN O AUTOBÚS,,28,,,,,,
11747,2,1412000016067,Mujeres,26,Empleado,,4,14:00,,Regresar a Casa,,Su casa,,,,141200001664A,,home,,CAMIÓN O AUTOBÚS,,25,,,,,,
11759,1,1412000017116,Hombres,74,Jubilado o pensionado,,1,07:30,,Llevar o recoger a alguien,,"Hospital, clínica, consultorio, laboratorio clínico",,Su casa,,home,,1403900011170,,AUTOMÓVIL PARTICULAR,,70,,,,,,
11759,1,1412000017116,Hombres,74,Jubilado o pensionado,,2,23:00 → 11:00,,Regresar a Casa,,Su casa,,,,1403900011170,,home,,AUTOMÓVIL PARTICULAR,,40,,hora:revision,,changed,,"Corrección AM/PM: se reporta 23:00 y por la secuencia del día corresponde a 11:00. El origen se encadena con el destino del viaje 1 (Hospital, clínica, consultorio, laboratorio clínico en 1403900011170)."
11759,1,1412000017116,Hombres,74,Jubilado o pensionado,,3,19:00,,Llevar o recoger a alguien,,"Comercio, mercado, tienda o centro comercial",,,,home,,99999000A,,AUTOMÓVIL PARTICULAR,,80,,,,,,
11759,1,1412000017116,Hombres,74,Jubilado o pensionado,,4,21:00,,Regresar a Casa,,Su casa,,,,99999000A,,home,,AUTOMÓVIL PARTICULAR,,80,,,,,,
11759,2,1412000017116,Mujeres,61,Hogar,,1,06:40,,Llevar o recoger a alguien,,Escuela,,Su casa,,home,,1412000016550,,AUTOMÓVIL PARTICULAR,,20,,,,,,
11759,2,1412000017116,Mujeres,61,Hogar,,2,07:20,,Llevar o recoger a alguien,,Escuela,,,,1412000016550,,1412000012666,,AUTOMÓVIL PARTICULAR,,10,,,,,,
11759,2,1412000017116,Mujeres,61,Hogar,,3,07:50,,Regresar a Casa,,Su casa,,,,1412000012666,,1412000012666 → home,,AUTOMÓVIL PARTICULAR,,15,,destino:revision,,changed,,"El origen se encadena con el destino del viaje 2 (Escuela en 1412000012666). El destino pasa de 1412000012666 a la zona del hogar: esa AGEB funciona como “Su casa” dentro de la cadena, es una discrepancia de geocodificación."
11759,2,1412000017116,Mujeres,61,Hogar,,4,09:30,,Compras (comida),,"Comercio, mercado, tienda o centro comercial",,,,1412000012666 → home,,1412000013185,,A PIE,,5,,origen:revision,,changed,,
11759,2,1412000017116,Mujeres,61,Hogar,,5,09:40,,Regresar a Casa,,Su casa,,,,1412000013185,,home,,A PIE,,5,,,,,,
11759,2,1412000017116,Mujeres,61,Hogar,,6,12:20,,Llevar o recoger a alguien,,Escuela,,,,home,,1412000012666,,AUTOMÓVIL PARTICULAR,,15,,,,,,
11759,2,1412000017116,Mujeres,61,Hogar,,7,12:40,,Llevar o recoger a alguien,,Escuela,,,,1412000012666,,1412000017046,,AUTOMÓVIL PARTICULAR,,10,,,fin_fuera_de_casa,,,
11769,3,1412000015374,Mujeres,31,Empleado,,1,08:22,,Compras (comida),,"Comercio, mercado, tienda o centro comercial",,Su casa,,home,,141200001536A,,A PIE,,14,,,,,,
11769,3,1412000015374,Mujeres,31,Empleado,,2,08:43,,Regresar a Casa,,Su casa,,,,141200001536A,,home,,A PIE,,14,,,,,,
11769,3,1412000015374,Mujeres,31,Empleado,,3,18:00,,Trabajar,,Oficina,,,,1412000013289 → home,,1412000013289,,AUTOMÓVIL PARTICULAR,,60 → 30,,origen:casa;minutos:revision,,changed,,
11769,3,1412000015374,Mujeres,31,Empleado,,4,16:55 → 19:00,,Regresar a Casa,,Su casa,,,,1412000013289,,home,,AUTOMÓVIL PARTICULAR,,60 → 30,,hora:revision;minutos:revision,,changed,,"La salida se recorre de 16:55 a 19:00, que es la hora a la que llega el viaje anterior (18:00 + 60 min de traslado): tal como estaba, el viaje empezaba antes de haber llegado. El origen se encadena con el destino del viaje 3 (Oficina en 1412000013289). Novena revisión: 60 min en AUTOMÓVIL PARTICULAR para 6.0 km en línea recta es más del doble de lo que la encuesta suele reportar para ese modo a esa distancia (30 min, la mediana de 5549 viajes): los minutos son el error, no la hora. Con 30 min llega a las 19:30 y el viaje siguiente sale a las 20:00, 30 min después."
11769,3,1412000015374,Mujeres,31,Empleado,,5,18:00 → 20:00,,Trabajar,,Oficina,,,,home,,1412000013289,,AUTOMÓVIL PARTICULAR,,60 → 30,,hora:revision;minutos:revision,,changed,,
11769,3,1412000015374,Mujeres,31,Empleado,,6,18:00 → 06:00,,Regresar a Casa,,Su casa,,,,1412000013289,,home,,AUTOMÓVIL PARTICULAR,,60 → 30,,hora:revision;minutos:revision,hora_nocturna,changed,,"Corrección AM/PM: se reporta 18:00 y por la secuencia del día corresponde a 06:00. El origen se encadena con el destino del viaje 5 (Oficina en 1412000013289). Novena revisión: 60 min en AUTOMÓVIL PARTICULAR para 6.0 km en línea recta es más del doble de lo que la encuesta suele reportar para ese modo a esa distancia (30 min, la mediana de 5549 viajes): los minutos son el error, no la hora. Es el último viaje del día. Es el mismo recorrido, en el mismo modo, que otro viaje del día cuyos minutos chocaban con la salida siguiente."
11779,2,1412000012204,Mujeres,57,Hogar,,1,06:30,,Llevar o recoger a alguien,,"Hospital, clínica, consultorio, laboratorio clínico",,Su casa,,home,,1412000012242,,AUTOMÓVIL PARTICULAR,,25,,,,,,
11779,2,1412000012204,Mujeres,57,Hogar,,2,09:00,,Llevar o recoger a alguien → Regresar a Casa,,Su casa,,,,1412000012242,,home,,AUTOMÓVIL PARTICULAR,,25,,motivo:revision,,changed,,"El motivo pasa de “Llevar o recoger a alguien” a Regresar a Casa: el viaje llega a “Su casa” en la zona del hogar viniendo de otra actividad, así que es el regreso y no una actividad nueva. El origen se encadena con el destino del viaje 1 (Hospital, clínica, consultorio, laboratorio clínico en 1412000012242)."
11779,2,1412000012204,Mujeres,57,Hogar,,3,09:30,,Compras (comida),,"Comercio, mercado, tienda o centro comercial",,,,home,,1412000010265,,AUTOMÓVIL PARTICULAR,,30,,,,,,
11779,2,1412000012204,Mujeres,57,Hogar,,4,11:00,,Regresar a Casa,,Su casa,,,,1412000010265,,home,,AUTOMÓVIL PARTICULAR,,30,,,,,,
11779,2,1412000012204,Mujeres,57,Hogar,,5,18:08,,Compras (comida),,"Comercio, mercado, tienda o centro comercial",,,,home,,home,,A PIE,,2,,,,,,
11779,2,1412000012204,Mujeres,57,Hogar,,6,18:17,,Regresar a Casa,,Su casa,,,,home,,home,,A PIE,,2,,,,,,
11803,4,1412000014060,Hombres,29,Empleado,,1,09:20,,Trabajar,,"Comercio, mercado, tienda o centro comercial",,Su casa,,home,,1412000012651,,AUTOMÓVIL PARTICULAR,,40,,,,,,
11803,4,1412000014060,Hombres,29,Empleado,,2,17:20,,Regresar a Casa,,Su casa,,,,1412000012651,,1412000012651 → home,,AUTOMÓVIL PARTICULAR,,30,,destino:revision,,changed,,"El origen se encadena con el destino del viaje 1 (Comercio, mercado, tienda o centro comercial en 1412000012651). El destino pasa de 1412000012651 a la zona del hogar: esa AGEB funciona como “Su casa” dentro de la cadena, es una discrepancia de geocodificación."
11862,1,1412000017116,Hombres,71,Empleado,,1,21:00 → 09:00,,Trabajar,,Oficina,,Su casa,,home,,1403900013321,,AUTOMÓVIL PARTICULAR,,40,,hora:revision,,changed,,
11862,1,1412000017116,Hombres,71,Empleado,,2,17:47,,Regresar a Casa,,Su casa,,,,1403900013321,,home,,AUTOMÓVIL PARTICULAR,,55,,,,,,
11862,1,1412000017116,Hombres,71,Empleado,,3,19:26,,Trabajar,,Oficina,,,,home,,1403900013321,,AUTOMÓVIL PARTICULAR,,40,,,,,,
11862,1,1412000017116,Hombres,71,Empleado,,4,18:00 → 20:06,,Regresar a Casa,,Su casa,,,,1403900013321,,home,,AUTOMÓVIL PARTICULAR,,55,,hora:revision,,changed,,"La salida se recorre de 18:00 a 20:06, que es la hora a la que llega el viaje anterior (19:26 + 40 min de traslado): tal como estaba, el viaje empezaba antes de haber llegado. El origen se encadena con el destino del viaje 3 (Oficina en 1403900013321)."
11889,1,1412000012793,Hombres,31,,yes,1,09:00,,Compras (comida),,"Comercio, mercado, tienda o centro comercial",,Su casa,,home,,1412000012755,,AUTOMÓVIL PARTICULAR,,20,,,,,,
11889,1,1412000012793,Hombres,31,,yes,2,23:00 → 11:00,,Visitar a alguien,,Otra vivienda,,,,1412000012755,,1403900013923,,AUTOMÓVIL PARTICULAR,,20,,hora:revision,,changed,,"Corrección AM/PM: se reporta 23:00 y por la secuencia del día corresponde a 11:00. El origen se encadena con el destino del viaje 1 (Comercio, mercado, tienda o centro comercial en 1412000012755)."
11889,1,1412000012793,Hombres,31,,yes,3,19:00,,Regresar a Casa,,Su casa,,,,1403900013923,,home,,AUTOMÓVIL PARTICULAR,,30,,,,,,
11889,3,1412000012793,Hombres,8,Estudiante,yes,1,09:00,,Compras (comida),,"Comercio, mercado, tienda o centro comercial",,Su casa,,home,,1412000012755,,AUTOMÓVIL PARTICULAR,,20,,,,,,
11889,3,1412000012793,Hombres,8,Estudiante,yes,2,23:00 → 11:00,,Visitar a alguien,,Otra vivienda,,,,1412000012755,,1403900013923,,AUTOMÓVIL PARTICULAR,,20,,hora:revision,,changed,,"Corrección AM/PM: se reporta 23:00 y por la secuencia del día corresponde a 11:00. El origen se encadena con el destino del viaje 1 (Comercio, mercado, tienda o centro comercial en 1412000012755)."
11889,3,1412000012793,Hombres,8,Estudiante,yes,3,19:00,,Regresar a Casa,,Su casa,,,,1403900013923,,home,,AUTOMÓVIL PARTICULAR,,30,,,,,,
11939,2,1412000012806,Mujeres,40,,,1,11:30,,"Compras (bienes, productos y servicios)",,"Comercio, mercado, tienda o centro comercial",,Su casa,,home,,1412000012789,,CAMIÓN O AUTOBÚS,,15,,,,,,
11939,2,1412000012806,Mujeres,40,,,2,13:00,,"Compras (bienes, productos y servicios) → Regresar a Casa",,Su casa,,,,1412000012789,,home,,Taxi,,15,,motivo:revision,,changed,,"El motivo pasa de “Compras (bienes, productos y servicios)” a Regresar a Casa: el viaje llega a “Su casa” en la zona del hogar viniendo de otra actividad, así que es el regreso y no una actividad nueva. El origen se encadena con el destino del viaje 1 (Comercio, mercado, tienda o centro comercial en 1412000012789)."
11939,2,1412000012806,Mujeres,40,,,3,20:23,,Regresar a Casa,,Su casa,,,,home,,home,,Taxi,,15,,,regreso_en_casa,,,
11979,2,1403900010030,Mujeres,30,Empleado,,1,19:00 → 09:00,,Trabajar,,"Hospital, clínica, consultorio, laboratorio clínico",,Su casa,,home,,1403900010929,,AUTOMÓVIL PARTICULAR,,30,,hora:revision,,changed,,
11979,2,1403900010030,Mujeres,30,Empleado,,2,18:34,,Regresar a Casa,,Su casa,,,,1403900010929,,home,,AUTOMÓVIL PARTICULAR,,30,,,,,,
11979,2,1403900010030,Mujeres,30,Empleado,,3,20:00,,Trabajar,,"Hospital, clínica, consultorio, laboratorio clínico",,,,home,,1403900010929,,AUTOMÓVIL PARTICULAR,,30,,,,,,
11979,2,1403900010030,Mujeres,30,Empleado,,4,20:00 → 20:30,,Regresar a Casa,,Su casa,,,,1403900010929,,home,,AUTOMÓVIL PARTICULAR,,30,,hora:revision,,changed,,"La salida se recorre de 20:00 a 20:30, que es la hora a la que llega el viaje anterior (20:00 + 30 min de traslado): tal como estaba, el viaje empezaba antes de haber llegado. El origen se encadena con el destino del viaje 3 (Hospital, clínica, consultorio, laboratorio clínico en 1403900010929)."
12016,1,1403900010030,Mujeres,69,Jubilado o pensionado,,1,12:00 → 00:00,,Deportes o recreación,,Centro cultural o área recreativa,,Su casa,,home,,140980001007A,,AUTOMÓVIL PARTICULAR,,70,,hora:revision,hora_madrugada,changed,,
12016,1,1403900010030,Mujeres,69,Jubilado o pensionado,,2,08:00,,Regresar a Casa,,Su casa,,,,140980001007A,,home,,AUTOMÓVIL PARTICULAR,,80,,,,,,
12016,1,1403900010030,Mujeres,69,Jubilado o pensionado,,3,18:15,,Visitar a alguien,,Otra vivienda,,,,home,,140390001005A,,A PIE,,9,,,,,,
12016,1,1403900010030,Mujeres,69,Jubilado o pensionado,,4,18:34 → 20:34,,Regresar a Casa,,Su casa,,,,140390001005A,,home,,A PIE,,9,,hora:revision,,changed,,Desfase de dos horas al capturar: 18:34 se lee como 20:34. El origen se encadena con el destino del viaje 3 (Otra vivienda en 140390001005A).
12027,1,1412000013772,Mujeres,46,Empleado,,1,09:30,,Trabajar,,"Comercio, mercado, tienda o centro comercial",,Su casa,,home,,1412000012628,,AUTOMÓVIL PARTICULAR,,16,,,,,,
12027,1,1412000013772,Mujeres,46,Empleado,,2,15:54,,Trabajar → Regresar a Casa,,Su casa,,,,1412000012628,,home,,AUTOMÓVIL PARTICULAR,,16,,motivo:revision,,changed,,"El motivo pasa de “Trabajar” a Regresar a Casa: el viaje llega a “Su casa” en la zona del hogar viniendo de otra actividad, así que es el regreso y no una actividad nueva. El origen se encadena con el destino del viaje 1 (Comercio, mercado, tienda o centro comercial en 1412000012628)."
12027,1,1412000013772,Mujeres,46,Empleado,,3,20:34,,Regresar a Casa,,Su casa,,,,home,,home,,AUTOMÓVIL PARTICULAR,,16,,,regreso_en_casa,,,
12031,2,1412000014183,Mujeres,46,Empleado,,1,10:00,,Trabajar,,Otra vivienda,,Su casa,,home,,1412002314179,,AUTOMÓVIL PARTICULAR,,30,,,,,,
12031,2,1412000014183,Mujeres,46,Empleado,,2,16:00,,Trabajar → Regresar a Casa,,Su casa,,,,1412002314179,,home,,AUTOMÓVIL PARTICULAR,,45,,motivo:revision,,changed,,"El motivo pasa de “Trabajar” a Regresar a Casa: el viaje llega a “Su casa” en la zona del hogar viniendo de otra actividad, así que es el regreso y no una actividad nueva. El origen se encadena con el destino del viaje 1 (Otra vivienda en 1412002314179)."
12031,2,1412000014183,Mujeres,46,Empleado,,3,19:39,,Regresar a Casa,,Su casa,,,,home,,home,,AUTOMÓVIL PARTICULAR,,45,,,regreso_en_casa,,,
12034,1,1412000015266,Hombres,61,Trabajador independiente,,1,20:00 → 08:00,,Trabajar,,Oficina,,Su casa,,home,,1412000014840,,AUTOMÓVIL PARTICULAR,,20,,hora:revision,,changed,,
12034,1,1412000015266,Hombres,61,Trabajador independiente,,2,15:37,,Regresar a Casa,,Su casa,,,,1412000014840,,home,,AUTOMÓVIL PARTICULAR,,20,,,,,,
12034,1,1412000015266,Hombres,61,Trabajador independiente,,3,17:19,,Trabajar,,Oficina,,,,home,,1412000014840,,AUTOMÓVIL PARTICULAR,,20,,,,,,
12034,1,1412000015266,Hombres,61,Trabajador independiente,,4,16:00 → 18:00,,Regresar a Casa,,Su casa,,,,1412000014840,,home,,AUTOMÓVIL PARTICULAR,,20,,hora:revision,,changed,,Desfase de dos horas al capturar: 16:00 se lee como 18:00. El origen se encadena con el destino del viaje 3 (Oficina en 1412000014840).
12037,1,1410101932694,Hombres,53,Trabajador independiente,,1,07:00,,Trabajar,,Fábrica o taller,,Su casa,,home,,1412000010405,,CAMIÓN O AUTOBÚS,,90,,,,,,
12037,1,1410101932694,Hombres,53,Trabajador independiente,,2,18:00,,Trabajar → Regresar a Casa,,Su casa,,,,1412000010405,,home,,CAMIÓN O AUTOBÚS,,115,,motivo:revision,,changed,,"El motivo pasa de “Trabajar” a Regresar a Casa: el viaje llega a “Su casa” en la zona del hogar viniendo de otra actividad, así que es el regreso y no una actividad nueva. El origen se encadena con el destino del viaje 1 (Fábrica o taller en 1412000010405)."
12046,1,1410101932694,Hombres,50,Trabajador independiente,,1,20:00 → 08:00,,Trabajar,,Centro cultural o área recreativa,,Su casa,,home,,1412000015482,,Taxi plataforma (Uber/Didi),,50,,hora:revision,,changed,,
12046,1,1410101932694,Hombres,50,Trabajador independiente,,2,07:30 → 19:30,,Regresar a Casa,,Su casa,,,,1412000015482,,home,,Taxi plataforma (Uber/Didi),,40,,hora:revision,,changed,,Corrección AM/PM: se reporta 7:30 y por la secuencia del día corresponde a 19:30. El origen se encadena con el destino del viaje 1 (Centro cultural o área recreativa en 1412000015482).
12070,1,1412000013325,Mujeres,53,Empleado,,1,09:30,,Trabajar,,Oficina,,Su casa,,home,,1403900010026,,Transporte de personal,,20,,,,,,
12070,1,1412000013325,Mujeres,53,Empleado,,2,04:00 → 16:00,,Estudiar,,Su casa → Escuela,,,,1403900010026,,home,,AUTOMÓVIL PARTICULAR,,25,,hora:+12h;tipo_destino:revision,,changed,,"El origen se encadena con el destino del viaje 1 (Oficina en 1403900010026). El tipo de destino “Su casa” no puede corresponder a una actividad; se sustituye por “Escuela”, tomado de otros viajes de la persona con el mismo motivo o del uso habitual del motivo “Estudiar”."
12070,1,1412000013325,Mujeres,53,Empleado,,3,19:15,,Regresar a Casa,,Su casa,,,,home,,home,,AUTOMÓVIL PARTICULAR,,25,,,,,,
12127,2,1412002065054,Mujeres,33,Hogar,,1,06:50,,Llevar o recoger a alguien,,Escuela,,Su casa,,home,,home,,A PIE,,10,,,,,,
12127,2,1412002065054,Mujeres,33,Hogar,,2,19:00 → 07:00,,Regresar a Casa,,Su casa,,,,home,,home,,A PIE,,10,,hora:revision,,changed,,"La salida se recorre de 19:00 a 07:00, que es la hora a la que llega el viaje anterior (6:50 + 10 min de traslado): tal como estaba, el viaje empezaba antes de haber llegado. El origen se encadena con el destino del viaje 1 (Escuela en la zona del hogar)."
12127,2,1412002065054,Mujeres,33,Hogar,,3,07:50,,Llevar o recoger a alguien,,Escuela,,,,home,,home,,A PIE,,10,,,,,,
12127,2,1412002065054,Mujeres,33,Hogar,,4,08:00,,Regresar a Casa,,Su casa,,,,home,,home,,A PIE,,10,,,,,,
12127,2,1412002065054,Mujeres,33,Hogar,,5,12:20,,Llevar o recoger a alguien,,Escuela,,,,home,,home,,A PIE,,10,,,,,,
12127,2,1412002065054,Mujeres,33,Hogar,,6,12:30,,Regresar a Casa,,Su casa,,,,home,,home,,A PIE,,10,,,,,,
12164,1,141200123,Hombres,21,Empleado,,1,05:00,,Trabajar,,Fábrica o taller,,Su casa,,home,,999990001,,MOTOCICLETA,,10,,,,,,
12164,1,141200123,Hombres,21,Empleado,,2,16:00,,Regresar a Casa,,Su casa,,,,999990001,,home,,MOTOCICLETA,,10,,,,,,
12164,1,141200123,Hombres,21,Empleado,,3,17:00,,Llevar o recoger a alguien,,"Comercio, mercado, tienda o centro comercial",,,,home,,1412002316673,,MOTOCICLETA,,10,,,,,,
12164,1,141200123,Hombres,21,Empleado,,4,17:10,,Regresar a Casa,,Su casa,,,,1412002316673,,home,,MOTOCICLETA,,10,,,,,,
12164,1,141200123,Hombres,21,Empleado,,5,23:40,,Llevar o recoger a alguien,,"Deportivo, gimnasio",,,,home,,1412002316673,,MOTOCICLETA,,10,,,,,,
12164,1,141200123,Hombres,21,Empleado,,6,12:30 → 00:30,,Regresar a Casa,,Su casa,,,,1412002316673,,home,,MOTOCICLETA,,10,,hora:revision,hora_nocturna,changed,,"Corrección AM/PM: se reporta 12:30 y por la secuencia del día corresponde a 00:30. El origen se encadena con el destino del viaje 5 (Deportivo, gimnasio en 1412002316673)."
12192,1,141200206504A,Hombres,56,Trabajador independiente,,1,08:00,,Trabajar,,Fábrica o taller,,Su casa,,home,,999990004,,AUTOMÓVIL PARTICULAR,,60,,,,,,
12192,1,141200206504A,Hombres,56,Trabajador independiente,,2,19:00,,Trabajar → Regresar a Casa,,Su casa,,,,999990004,,home,,AUTOMÓVIL PARTICULAR,,60,,motivo:revision,,changed,,"Error de dígito en la hora: se reporta 09:00 y la cadena solo cierra con 19:00. El motivo pasa de “Trabajar” a Regresar a Casa: el viaje llega a “Su casa” en la zona del hogar viniendo de otra actividad, así que es el regreso y no una actividad nueva. El origen se encadena con el destino del viaje 1 (Fábrica o taller en 999990004)."
12192,1,141200206504A,Hombres,56,Trabajador independiente,,3,19:06 → 21:00,,Regresar a Casa → Otros (especifique),,Su casa → Otros (especifique),,,,home,,home,,AUTOMÓVIL PARTICULAR,,60,,hora:revision;motivo:revision;tipo_destino:revision,fin_fuera_de_casa,changed,,
12219,2,1412002065054,Mujeres,43,Empleado,,1,09:00,,Trabajar,,Otros (especifique),,Su casa,,home,,1412000014836,,AUTOMÓVIL PARTICULAR,,60,,,,,,
12219,2,1412002065054,Mujeres,43,Empleado,,2,09:36 → 10:00,,Regresar a Casa,,Su casa,,,,1412000014836,,home,,AUTOMÓVIL PARTICULAR,,60,,hora:revision,,changed,,"La salida se recorre de 9:36 a 10:00, que es la hora a la que llega el viaje anterior (9:00 + 60 min de traslado): tal como estaba, el viaje empezaba antes de haber llegado. El origen se encadena con el destino del viaje 1 (Otros (especifique) en 1412000014836)."
12219,2,1412002065054,Mujeres,43,Empleado,,3,11:16,,Trabajar,,Otros (especifique),,,,home,,1412000014836,,AUTOMÓVIL PARTICULAR,,60,,,,,,
12219,2,1412002065054,Mujeres,43,Empleado,,4,12:00 → 14:00,,Regresar a Casa,,Su casa,,,,1412000014836,,home,,AUTOMÓVIL PARTICULAR,,60,,hora:revision,,changed,,Desfase de dos horas al capturar: 12:00 se lee como 14:00. El origen se encadena con el destino del viaje 3 (Otros (especifique) en 1412000014836).
12245,1,1412002065054,Hombres,41,Empleado,,1,06:15,,Trabajar,,"Deportivo, gimnasio",,Su casa,,home,,1412000012789,,Transporte de personal,,45,,,,,,
12245,1,1412002065054,Hombres,41,Empleado,,2,14:40,,Trabajar → Regresar a Casa,,Su casa,,,,1412000012789,,home,,Transporte de personal,,45,,motivo:revision,,changed,,"El motivo pasa de “Trabajar” a Regresar a Casa: el viaje llega a “Su casa” en la zona del hogar viniendo de otra actividad, así que es el regreso y no una actividad nueva. El origen se encadena con el destino del viaje 1 (Deportivo, gimnasio en 1412000012789)."
12245,1,1412002065054,Hombres,41,Empleado,,3,19:10,,Regresar a Casa,,Su casa,,,,home,,home,,Transporte de personal,,45,,,regreso_en_casa,,,
12318,2,141200206504A,Mujeres,64,,,1,09:00,,Hacer un trámite,,"Comercio, mercado, tienda o centro comercial",,Su casa,,home,,1409800011928,,CAMIÓN O AUTOBÚS,,80,,,,,,
12318,2,141200206504A,Mujeres,64,,,2,19:09,,Compras (comida),,"Comercio, mercado, tienda o centro comercial",,,,home → 1409800011928,,home,,A PIE,,8,,origen:revision,,changed,,"La AGEB de origen pasa de la zona del hogar a 1409800011928; el origen se encadena con el destino del viaje 1 (Comercio, mercado, tienda o centro comercial en 1409800011928)."
12318,2,141200206504A,Mujeres,64,,,3,19:23,,Regresar a Casa,,Su casa,,,,home,,home,,A PIE,,8,,,,,,
12322,2,1412004306940,Mujeres,34,Hogar,,1,07:45,,Llevar o recoger a alguien,,Escuela,,Su casa,,home,,999990002,,AUTOMÓVIL PARTICULAR,,15,,,,,,
12322,2,1412004306940,Mujeres,34,Hogar,,2,08:00,,"Compras (bienes, productos y servicios)",,"Comercio, mercado, tienda o centro comercial",,,,999990002,,1412002316654,,AUTOMÓVIL PARTICULAR,,15,,,,,,
12322,2,1412004306940,Mujeres,34,Hogar,,3,20:30 → 08:30,,Regresar a Casa,,Su casa,,,,1412002316654,,home,,AUTOMÓVIL PARTICULAR,,15,,hora:revision,,changed,,"Corrección AM/PM: se reporta 20:30 y por la secuencia del día corresponde a 08:30. El origen se encadena con el destino del viaje 2 (Comercio, mercado, tienda o centro comercial en 1412002316654)."
12322,2,1412004306940,Mujeres,34,Hogar,,4,13:45,,Llevar o recoger a alguien,,Escuela,,,,home,,999990002,,AUTOMÓVIL PARTICULAR,,10,,,,,,
12322,2,1412004306940,Mujeres,34,Hogar,,5,14:00,,Regresar a Casa,,Su casa,,,,999990002,,home,,AUTOMÓVIL PARTICULAR,,10,,,,,,
12325,2,1412004306940,Mujeres,24,Hogar,,1,08:50,,Llevar o recoger a alguien,,Escuela,,Su casa,,home,,home,,AUTOMÓVIL PARTICULAR,,5,,,,,,
12325,2,1412004306940,Mujeres,24,Hogar,,2,21:00 → 09:00,,Regresar a Casa,,Su casa,,,,home,,home,,AUTOMÓVIL PARTICULAR,,5,,hora:revision,,changed,,Corrección AM/PM: se reporta 21:00 y por la secuencia del día corresponde a 09:00. El origen se encadena con el destino del viaje 1 (Escuela en la zona del hogar).
12325,2,1412004306940,Mujeres,24,Hogar,,3,11:50,,Llevar o recoger a alguien,,Escuela,,,,home,,home,,AUTOMÓVIL PARTICULAR,,5,,,,,,
12325,2,1412004306940,Mujeres,24,Hogar,,4,12:00,,Regresar a Casa,,Su casa,,,,home,,home,,AUTOMÓVIL PARTICULAR,,5,,,,,,
12349,2,1412007580833,Mujeres,31,Empleado,,1,13:00 → 01:00,,Trabajar,,"Comercio, mercado, tienda o centro comercial",,Su casa,,home,,1412000011225,,AUTOMÓVIL PARTICULAR,,40,,hora:revision,,changed,,
12349,2,1412007580833,Mujeres,31,Empleado,,2,21:30 → 09:30,,Pagar algún servicio o al banco,,Su casa → Otros (especifique),,,,1412000011225,,home,,AUTOMÓVIL PARTICULAR,,60,,hora:revision;tipo_destino:revision,,changed,,"Corrección AM/PM: se reporta 21:30 y por la secuencia del día corresponde a 9:30. El origen se encadena con el destino del viaje 1 (Comercio, mercado, tienda o centro comercial en 1412000011225). El tipo de destino “Su casa” no puede corresponder a una actividad; se sustituye por “Otros (especifique)”, tomado de otros viajes de la persona con el mismo motivo o del uso habitual del motivo “Pagar algún servicio o al banco”."
12349,2,1412007580833,Mujeres,31,Empleado,,3,19:17,,Regresar a Casa,,Su casa,,,,home,,home,,AUTOMÓVIL PARTICULAR,,60,,,,,,
12376,4,1412007580693,Mujeres,12,Empleado,,1,06:01,,Estudiar,,Escuela,,Su casa,,home,,1403900011359,,TREN LIGERO,,111,,,,,,
12376,4,1412007580693,Mujeres,12,Empleado,,2,22:02 → 10:02,,Trabajar,,Fábrica o taller,,,,1403900011359,,1403900012554,,MI MACRO,,20,,hora:revision,,changed,,Corrección AM/PM: se reporta 22:02 y por la secuencia del día corresponde a 10:02. El origen se encadena con el destino del viaje 1 (Escuela en 1403900011359).
12376,4,1412007580693,Mujeres,12,Empleado,,3,19:03,,Regresar a Casa,,Su casa,,,,1403900012554,,home,,TREN LIGERO,,100,,,,,,
12391,1,141200034,Mujeres,40,Hogar,,1,11:45,,Llevar o recoger a alguien,,Escuela,,Su casa,,home,,1412007570462,,Mototaxi,,10,,,,,,
12391,1,141200034,Mujeres,40,Hogar,,2,12:50,,Regresar a Casa,,Su casa,,,,1412007570462,,home,,Mototaxi,,10,,,,,,
12391,1,141200034,Mujeres,40,Hogar,,3,14:00,,Visitar a alguien,,Otra vivienda,,,,home,,1403900014207,,CAMIÓN O AUTOBÚS,,130,,,,,,
12391,1,141200034,Mujeres,40,Hogar,,4,17:30,,Regresar a Casa,,Su casa,,,,1403900014207,,home,,CAMIÓN O AUTOBÚS,,180 → 80,,minutos:revision,,changed,,
12391,1,141200034,Mujeres,40,Hogar,,5,18:18 → 20:18,,Deportes o recreación,,Centro cultural o área recreativa,,,,home,,home,,A PIE,,6,,hora:revision,,changed,,
12391,1,141200034,Mujeres,40,Hogar,,6,18:31 → 20:43,,Regresar a Casa,,Su casa,,,,home,,home,,A PIE,,6,,hora:revision,,changed,,"La hora de salida pasa de 20:31 a 20:43 para que el viaje ocurra después de la llegada del anterior. El origen se encadena con el destino del viaje 5 (Centro cultural o área recreativa en la zona del hogar). [Undécima revisión: la decisión de chain_review se mantiene. Se tomó contra «20:31», que las reglas del 26 de septiembre de 2026 dan ahora como «20:36».]"
12403,2,1412007570462,Hombres,52,Empleado,,1,04:30,,Trabajar,,Fábrica o taller,,Su casa,,home,,1412002315887,,CAMIÓN O AUTOBÚS,,40,,,,,,
12403,2,1412007570462,Hombres,52,Empleado,,2,18:01,,"Compras (bienes, productos y servicios)",,"Comercio, mercado, tienda o centro comercial",,,,home → 1412002315887,,1412007580566,,A PIE,,5,,origen:revision,,changed,,La AGEB de origen pasa de la zona del hogar a 1412002315887; el origen se encadena con el destino del viaje 1 (Fábrica o taller en 1412002315887).
12403,2,1412007570462,Hombres,52,Empleado,,3,18:11,,Regresar a Casa,,Su casa,,,,1412007580566,,home,,A PIE,,5,,,,,,
12417,4,141200034,Mujeres,44,Hogar,,1,11:43,,Llevar o recoger a alguien,,Escuela,,Su casa,,home,,1412007570462,,Mototaxi,,10,,,,,,
12417,4,141200034,Mujeres,44,Hogar,,2,12:48,,Regresar a Casa,,Su casa,,,,1412007570462,,home,,Mototaxi,,10,,,,,,
12417,4,141200034,Mujeres,44,Hogar,,3,14:03,,Visitar a alguien,,Otra vivienda,,,,home,,1403900014207,,MI MACRO,,173,,,,,,
12417,4,141200034,Mujeres,44,Hogar,,4,17:28,,Regresar a Casa,,Su casa,,,,1403900014207,,home,,MI MACRO,,207 → 90,,minutos:revision,,changed,,
12417,4,141200034,Mujeres,44,Hogar,,5,18:24 → 20:55,,Compras (comida),,"Comercio, mercado, tienda o centro comercial",,,,home,,home,,A PIE,,4,,hora:revision,,changed,,
12417,4,141200034,Mujeres,44,Hogar,,6,18:38 → 21:09,,Regresar a Casa,,Su casa,,,,home,,home,,A PIE,,4,,hora:revision,,changed,,"La hora de salida pasa de 18:38 a 21:09 para que el viaje ocurra después de la llegada del anterior. El origen se encadena con el destino del viaje 5 (Comercio, mercado, tienda o centro comercial en la zona del hogar)."
12479,1,141200758080A,Hombres,39,Empleado,,1,06:00,,Trabajar,,"Comercio, mercado, tienda o centro comercial",,Su casa,,home,,1403900013976,,CAMIÓN O AUTOBÚS,,70,,,,,,
12479,1,141200758080A,Hombres,39,Empleado,,2,17:00,,Regresar a Casa,,Su casa,,,,1403900013976,,home,,CAMIÓN O AUTOBÚS,,90,,,,,,"Error de dígito en la hora: se reporta 07:00 y la cadena solo cierra con 17:00. El origen se encadena con el destino del viaje 1 (Comercio, mercado, tienda o centro comercial en 1403900013976). [Undécima revisión: la decisión de chain_review se mantiene. Se tomó contra «07:00», que las reglas del 26 de septiembre de 2026 dan ahora como «07:10».]"
12479,1,141200758080A,Hombres,39,Empleado,,3,18:00 → 18:30,,"Compras (bienes, productos y servicios)",,"Comercio, mercado, tienda o centro comercial",,,,home,,1412007580829,,A PIE,,3,,hora:revision,,changed,,
12479,1,141200758080A,Hombres,39,Empleado,,4,18:05 → 18:35,,Regresar a Casa,,Su casa,,,,1412007580829,,home,,A PIE,,3,,hora:revision,,changed,,"La hora de salida pasa de 18:05 a 18:35 para que el viaje ocurra después de la llegada del anterior. El origen se encadena con el destino del viaje 3 (Comercio, mercado, tienda o centro comercial en 1412007580829)."
12479,3,141200758080A,Mujeres,13,Empleado,,1,06:00,,Estudiar,,Escuela,,Su casa,,home,,1403900011359,,CAMIÓN O AUTOBÚS,,80,,,,,,
12479,3,141200758080A,Mujeres,13,Empleado,,2,22:00 → 10:00,,Trabajar,,Fábrica o taller,,,,1403900011359,,1403900012554,,MI MACRO,,20,,hora:revision,,changed,,Corrección AM/PM: se reporta 22:00 y por la secuencia del día corresponde a 10:00. El origen se encadena con el destino del viaje 1 (Escuela en 1403900011359).
12479,3,141200758080A,Mujeres,13,Empleado,,3,19:00,,Regresar a Casa,,Su casa,,,,1403900012554,,home,,CAMIÓN O AUTOBÚS,,100,,,,,,
12481,4,1412007580759,Mujeres,23,Hogar,,1,10:07,,Al médico o atención de salud,,"Hospital, clínica, consultorio, laboratorio clínico",,Su casa,,home,,1412007580693,,A PIE,,5,,,,,,
12481,4,1412007580759,Mujeres,23,Hogar,,2,10:06 → 22:06,,Regresar a Casa,,Su casa,,,,1412007580693,,home,,A PIE,,5,,hora:revision,,changed,,"Corrección AM/PM: se reporta 10:06 y por la secuencia del día corresponde a 22:06. El origen se encadena con el destino del viaje 1 (Hospital, clínica, consultorio, laboratorio clínico en 1412007580693). [Undécima revisión: la decisión de chain_review se mantiene. Se tomó contra «10:06», que las reglas del 26 de septiembre de 2026 dan ahora como «10:12».]"
12489,3,141200758080A,Mujeres,12,Empleado,,1,06:03,,Estudiar,,Escuela,,Su casa,,home,,1403900011359,,TREN LIGERO,,112,,,,,,
12489,3,141200758080A,Mujeres,12,Empleado,,2,22:09 → 10:09,,Trabajar,,Fábrica o taller,,,,1403900011359,,1403900012554,,MI MACRO,,20,,hora:revision,,changed,,Corrección AM/PM: se reporta 22:09 y por la secuencia del día corresponde a 10:09. El origen se encadena con el destino del viaje 1 (Escuela en 1403900011359).
12489,3,141200758080A,Mujeres,12,Empleado,,3,19:11,,Regresar a Casa,,Su casa,,,,1403900012554,,home,,TREN LIGERO,,100,,,,,,
12493,1,1412007580833,Hombres,43,Empleado,,1,07:00,,Trabajar,,Centro cultural o área recreativa,,Su casa,,home,,1403900011626,,CAMIÓN O AUTOBÚS,,90,,,,,,
12493,1,1412007580833,Hombres,43,Empleado,,2,07:00 → 17:00,,Regresar a Casa,,Su casa,,,,1403900011626,,home,,CAMIÓN O AUTOBÚS,,90,,hora:revision,,changed,,Error de dígito en la hora: se reporta 7:00 y la cadena solo cierra con 17:00. El origen se encadena con el destino del viaje 1 (Centro cultural o área recreativa en 1403900011626).
12493,1,1412007580833,Hombres,43,Empleado,,3,18:00 → 20:00,,Compras (comida),,"Comercio, mercado, tienda o centro comercial",,,,home,,1412007580759,,A PIE,,2,,hora:revision,,changed,,
12493,1,1412007580833,Hombres,43,Empleado,,4,18:07 → 20:07,,Regresar a Casa,,Su casa,,,,1412007580759,,home,,A PIE,,2,,hora:revision,,changed,,"Desfase de dos horas al capturar: 18:07 se lee como 20:07. El origen se encadena con el destino del viaje 3 (Comercio, mercado, tienda o centro comercial en 1412007580759)."
12494,1,1412007580759,Hombres,24,Empleado,,1,11:00,,Trabajar,,"Comercio, mercado, tienda o centro comercial",,Su casa,,1412000010405 → home,,1412000010405,,CAMIÓN O AUTOBÚS,,60,,origen:copia,,changed,,
12494,1,1412007580759,Hombres,24,Empleado,,2,14:02,,Regresar a Casa,,Su casa,,,,1412000010405,,1412000010405 → home,,CAMIÓN O AUTOBÚS,,60,,destino:revision,,changed,,"El origen se encadena con el destino del viaje 1 (Comercio, mercado, tienda o centro comercial en 1412000010405). El destino pasa de 1412000010405 a la zona del hogar: esa AGEB funciona como “Su casa” dentro de la cadena, es una discrepancia de geocodificación."
12519,4,1412007580744,Mujeres,21,Empleado,,1,20:15 → 08:15,,Trabajar,,Fábrica o taller,,Su casa,,home,,1412000011009,,Transporte de personal,,45,,hora:revision,,changed,,
12519,4,1412007580744,Mujeres,21,Empleado,,2,07:30 → 19:30,,Regresar a Casa,,Su casa,,,,1412000011009,,home,,Transporte de personal,,45,,hora:revision,,changed,,Corrección AM/PM: se reporta 7:30 y por la secuencia del día corresponde a 19:30. El origen se encadena con el destino del viaje 1 (Fábrica o taller en 1412000011009).
12519,5,1412007580744,Hombres,23,Empleado,,1,20:15 → 08:15,,Trabajar,,Fábrica o taller,,Su casa,,home,,1412000011009,,Transporte de personal,,45,,hora:revision,,changed,,
12519,5,1412007580744,Hombres,23,Empleado,,2,07:30 → 19:30,,Regresar a Casa,,Su casa,,,,1412000011009,,home,,Transporte de personal,,45,,hora:revision,,changed,,Corrección AM/PM: se reporta 7:30 y por la secuencia del día corresponde a 19:30. El origen se encadena con el destino del viaje 1 (Fábrica o taller en 1412000011009).
12577,2,141200758080A,Hombres,29,Trabajador independiente,,1,05:00,,Trabajar,,"Comercio, mercado, tienda o centro comercial",,Su casa,,home,,999990004,,AUTOMÓVIL PARTICULAR,,120,,,,,,
12577,2,141200758080A,Hombres,29,Trabajador independiente,,2,04:55 → 14:55,,Regresar a Casa,,Su casa,,,,999990004,,home,,AUTOMÓVIL PARTICULAR,,120,,hora:revision,,changed,,"Error de dígito en la hora: se reporta 4:55 y la cadena solo cierra con 14:55. El origen se encadena con el destino del viaje 1 (Comercio, mercado, tienda o centro comercial en 999990004)."
12577,2,141200758080A,Hombres,29,Trabajador independiente,,3,06:21 → 16:55,,Trabajar,,"Comercio, mercado, tienda o centro comercial",,,,home,,999990004,,AUTOMÓVIL PARTICULAR,,120,,hora:revision,,changed,,
12577,2,141200758080A,Hombres,29,Trabajador independiente,,4,06:00 → 18:55,,Regresar a Casa,,Su casa,,,,999990004,,home,,AUTOMÓVIL PARTICULAR,,120,,hora:revision,,changed,,"La salida se recorre de 6:00 a 18:55, que es la hora a la que llega el viaje anterior (16:55 + 120 min de traslado): tal como estaba, el viaje empezaba antes de haber llegado. El origen se encadena con el destino del viaje 3 (Comercio, mercado, tienda o centro comercial en 999990004)."
12577,2,141200758080A,Hombres,29,Trabajador independiente,,5,19:07 → 21:07,,Compras (comida),,"Restaurante, bar, cafetería",,,,home,,1412007580797,,A PIE,,9,,hora:revision,,changed,,
12577,2,141200758080A,Hombres,29,Trabajador independiente,,6,19:25 → 21:25,,Regresar a Casa,,Su casa,,,,1412007580797,,home,,A PIE,,9,,hora:revision,,changed,,"Desfase de dos horas al capturar: 19:25 se lee como 21:25. El origen se encadena con el destino del viaje 5 (Restaurante, bar, cafetería en 1412007580797)."
12580,2,1412007580829,Mujeres,31,Hogar,,1,08:00,,Compras (comida),,"Comercio, mercado, tienda o centro comercial",,Su casa,,home,,1412007580848,,A PIE,,10,,,,,,
12580,2,1412007580829,Mujeres,31,Hogar,,2,10:00,,Regresar a Casa,,Su casa,,,,1412007580848,,1412007580848 → home,,A PIE,,10,,destino:revision,,changed,,"El origen se encadena con el destino del viaje 1 (Comercio, mercado, tienda o centro comercial en 1412007580848). El destino pasa de 1412007580848 a la zona del hogar: esa AGEB funciona como “Su casa” dentro de la cadena, es una discrepancia de geocodificación."
12586,3,1412000016546,Hombres,14,Estudiante,,1,08:02,,Deportes o recreación,,"Deportivo, gimnasio",,Su casa,,home,,141200001689A,,A PIE,,10,,,,,,
12586,3,1412000016546,Hombres,14,Estudiante,,2,08:21,,Regresar a Casa,,Su casa,,,,141200001689A,,home,,A PIE,,10,,,,,,
12586,3,1412000016546,Hombres,14,Estudiante,,3,13:17,,Estudiar,,Escuela,,,,home,,home,,A PIE,,10,,,,,,
12586,3,1412000016546,Hombres,14,Estudiante,,4,19:22,,Estudiar → Regresar a Casa,,Su casa,,,,home,,home,,A PIE,,10,,motivo:revision,,changed,,"El motivo pasa de “Estudiar” a Regresar a Casa: el viaje llega a “Su casa” en la zona del hogar viniendo de otra actividad, así que es el regreso y no una actividad nueva. El origen se encadena con el destino del viaje 3 (Escuela en la zona del hogar)."
12611,1,1412002312026,Hombres,43,Empleado,,1,08:02,,Compras (comida),,"Comercio, mercado, tienda o centro comercial",,Su casa,,home,,1412002314145,,A PIE,,9,,,,,,
12611,1,1412002312026,Hombres,43,Empleado,,2,08:20,,Regresar a Casa,,Su casa,,,,1412002314145,,home,,A PIE,,9,,,,,,
12611,1,1412002312026,Hombres,43,Empleado,,3,18:00 → 16:00,,Trabajar,,Fábrica o taller,,,,home,,1412000012204,,AUTOMÓVIL PARTICULAR,,55,,hora:revision,,changed,,
12611,1,1412002312026,Hombres,43,Empleado,,4,16:00 → 18:00,,Regresar a Casa,,Su casa,,,,1412000012204,,home,,AUTOMÓVIL PARTICULAR,,60,,hora:revision,,changed,,Desfase de dos horas al capturar: 16:00 se lee como 18:00. El origen se encadena con el destino del viaje 3 (Fábrica o taller en 1412000012204).
12611,1,1412002312026,Hombres,43,Empleado,,5,19:00 → 19:55,,Pagar algún servicio o al banco,,"Comercio, mercado, tienda o centro comercial",,,,home,,1412002315887,,AUTOMÓVIL PARTICULAR,,15,,hora:revision,,changed,,
12611,1,1412002312026,Hombres,43,Empleado,,6,19:30 → 20:10,,Regresar a Casa,,Su casa,,,,1412002315887,,home,,AUTOMÓVIL PARTICULAR,,15,,hora:revision,,changed,,"La salida se recorre de 19:30 a 20:10, que es la hora a la que llega el viaje anterior (19:55 + 15 min de traslado): tal como estaba, el viaje empezaba antes de haber llegado. El origen se encadena con el destino del viaje 5 (Comercio, mercado, tienda o centro comercial en 1412002315887)."
12634,4,1412002316669,Mujeres,26,Hogar,yes,1,07:23,,Llevar o recoger a alguien,,Escuela,,Su casa,,home,,1412004306955,,AUTOMÓVIL PARTICULAR,,20,,,,,,
12634,4,1412002316669,Mujeres,26,Hogar,yes,2,20:10 → 08:10,,Regresar a Casa,,Su casa,,,,1412004306955,,home,,AUTOMÓVIL PARTICULAR,,20,,hora:revision,,changed,,Corrección AM/PM: se reporta 20:10 y por la secuencia del día corresponde a 08:10. El origen se encadena con el destino del viaje 1 (Escuela en 1412004306955).
12634,4,1412002316669,Mujeres,26,Hogar,yes,3,13:26,,Llevar o recoger a alguien,,Escuela,,,,home,,1412004306955,,AUTOMÓVIL PARTICULAR,,15,,,,,,
12634,4,1412002316669,Mujeres,26,Hogar,yes,4,14:01,,Regresar a Casa,,Su casa,,,,1412004306955,,home,,AUTOMÓVIL PARTICULAR,,20,,,,,,
12689,2,1412002315618,Mujeres,51,Hogar,,1,10:00,,Compras (comida),,"Comercio, mercado, tienda o centro comercial",,Su casa,,home,,1412002315726,,A PIE,,5,,,,,,
12689,2,1412002315618,Mujeres,51,Hogar,,2,09:30 → 19:30,,Regresar a Casa,,Su casa,,,,1412002315726,,home,,A PIE,,5,,hora:revision,,changed,,"Error de dígito en la hora: se reporta 9:30 y la cadena solo cierra con 19:30. El origen se encadena con el destino del viaje 1 (Comercio, mercado, tienda o centro comercial en 1412002315726)."
12689,2,1412002315618,Mujeres,51,Hogar,,3,19:13 → 21:13,,Compras (comida),,"Comercio, mercado, tienda o centro comercial",,,,home,,1412002316989,,A PIE,,6,,hora:revision,,changed,,
12689,2,1412002315618,Mujeres,51,Hogar,,4,19:20 → 21:20,,Regresar a Casa,,Su casa,,,,1412002316989,,home,,A PIE,,6,,hora:revision,,changed,,"Desfase de dos horas al capturar: 19:20 se lee como 21:20. El origen se encadena con el destino del viaje 3 (Comercio, mercado, tienda o centro comercial en 1412002316989)."
12743,1,141200231696A,Mujeres,45,Hogar,,1,08:30,,Llevar o recoger a alguien,,Escuela,,Su casa,,home,,1412002315887,,A PIE,,10,,,,,,
12743,1,141200231696A,Mujeres,45,Hogar,,2,20:55 → 08:55,,Regresar a Casa,,Su casa,,,,1412002315887,,home,,A PIE,,10,,hora:revision,,changed,,Corrección AM/PM: se reporta 20:55 y por la secuencia del día corresponde a 08:55. El origen se encadena con el destino del viaje 1 (Escuela en 1412002315887).
12743,1,141200231696A,Mujeres,45,Hogar,,3,11:00,,Compras (comida),,"Comercio, mercado, tienda o centro comercial",,,,home,,1412002315887,,A PIE,,3,,,,,,
12743,1,141200231696A,Mujeres,45,Hogar,,4,23:10 → 11:10,,Regresar a Casa,,Su casa,,,,1412002315887,,home,,A PIE,,3,,hora:revision,,changed,,"Corrección AM/PM: se reporta 23:10 y por la secuencia del día corresponde a 11:10. El origen se encadena con el destino del viaje 3 (Comercio, mercado, tienda o centro comercial en 1412002315887)."
12743,1,141200231696A,Mujeres,45,Hogar,,5,11:30,,Llevar o recoger a alguien,,Escuela,,,,home,,1412002315887,,A PIE,,10,,,,,,
12743,1,141200231696A,Mujeres,45,Hogar,,6,12:00,,Regresar a Casa,,Su casa,,,,1412002315887,,home,,A PIE,,10,,,,,,
12744,5,1412007560424,Mujeres,8,Estudiante,,1,06:40,,Estudiar,,Escuela,,Su casa,,home,,1412002316654,,A PIE,,10,,,,,,
12744,5,1412007560424,Mujeres,8,Estudiante,,2,02:00 → 14:00,,Estudiar → Regresar a Casa,,Su casa,,,,1412002316654,,home,,A PIE,,10,,hora:+12h;motivo:revision,,changed,,"El motivo pasa de “Estudiar” a Regresar a Casa: el viaje llega a “Su casa” en la zona del hogar viniendo de otra actividad, así que es el regreso y no una actividad nueva. El origen se encadena con el destino del viaje 1 (Escuela en 1412002316654)."
12744,5,1412007560424,Mujeres,8,Estudiante,,3,20:45,,Regresar a Casa,,Su casa,,Su casa,,home,,home,,A PIE,,10,,,,dropped,,
12749,2,1412002316669,Mujeres,28,Hogar,yes,1,07:30,,Llevar o recoger a alguien,,Escuela,,Su casa,,home,,1412004306955,,AUTOMÓVIL PARTICULAR,,20,,,,,,
12749,2,1412002316669,Mujeres,28,Hogar,yes,2,20:00 → 08:00,,Regresar a Casa,,Su casa,,,,1412004306955,,home,,AUTOMÓVIL PARTICULAR,,20,,hora:revision,,changed,,Corrección AM/PM: se reporta 20:00 y por la secuencia del día corresponde a 08:00. El origen se encadena con el destino del viaje 1 (Escuela en 1412004306955).
12749,2,1412002316669,Mujeres,28,Hogar,yes,3,13:20,,Llevar o recoger a alguien,,Escuela,,,,home,,1412004306955,,AUTOMÓVIL PARTICULAR,,15,,,,,,
12749,2,1412002316669,Mujeres,28,Hogar,yes,4,14:00,,Regresar a Casa,,Su casa,,,,1412004306955,,home,,AUTOMÓVIL PARTICULAR,,20,,,,,,
12762,1,141200231696A,Mujeres,67,Jubilado o pensionado,,1,11:00,,Deportes o recreación,,Centro cultural o área recreativa,,Su casa,,home,,1412000012505,,A PIE,,120,,,,,,
12762,1,141200231696A,Mujeres,67,Jubilado o pensionado,,2,12:00 → 14:00,,Regresar a Casa,,Su casa,,,,1412000012505,,home,,A PIE,,120,,hora:revision,,changed,,Desfase de dos horas al capturar: 12:00 se lee como 14:00. El origen se encadena con el destino del viaje 1 (Centro cultural o área recreativa en 1412000012505).
12762,1,141200231696A,Mujeres,67,Jubilado o pensionado,,3,15:00 → 17:00,,Compras (comida),,"Comercio, mercado, tienda o centro comercial",,,,home,,1412002316230,,A PIE,,10,,hora:revision,,changed,,
12762,1,141200231696A,Mujeres,67,Jubilado o pensionado,,4,15:26 → 17:26,,Regresar a Casa,,Su casa,,,,1412002316230,,home,,A PIE,,10,,hora:revision,,changed,,"Desfase de dos horas al capturar: 15:26 se lee como 17:26. El origen se encadena con el destino del viaje 3 (Comercio, mercado, tienda o centro comercial en 1412002316230)."
12808,1,1412000620176,Mujeres,24,Empleado,,1,21:30 → 09:30,,Trabajar,,Fábrica o taller,,Su casa,,home,,1412000016758,,Transporte de personal,,30,,hora:revision,,changed,,
12808,1,1412000620176,Mujeres,24,Empleado,,2,08:00 → 20:00,,Regresar a Casa,,Su casa,,,,1412000016758,,home,,Transporte de personal,,30,,hora:revision,,changed,,Corrección AM/PM: se reporta 8:00 y por la secuencia del día corresponde a 20:00. El origen se encadena con el destino del viaje 1 (Fábrica o taller en 1412000016758).
12808,3,1412000620176,Mujeres,21,Empleado,,1,21:29 → 09:29,,Trabajar,,Fábrica o taller,,Su casa,,home,,1412000016758,,Transporte de personal,,30,,hora:revision,,changed,,
12808,3,1412000620176,Mujeres,21,Empleado,,2,08:06 → 20:06,,Regresar a Casa,,Su casa,,,,1412000016758,,home,,Transporte de personal,,30,,hora:revision,,changed,,Corrección AM/PM: se reporta 8:06 y por la secuencia del día corresponde a 20:06. El origen se encadena con el destino del viaje 1 (Fábrica o taller en 1412000016758).
12833,1,1412002316669,Hombres,43,Empleado,,1,20:00,,Regresar a Casa,,Su casa,,Fábrica o taller,,1412000016599,,home,,Transporte de personal,,40,,,inicio_fuera_de_casa,,,
12833,1,1412002316669,Hombres,43,Empleado,,2,23:01,,Regresar a Casa,,Su casa,,Fábrica o taller,,home,,1412000016599,,Transporte de personal,,40,,,,dropped,,"El renglón se descarta: duplica el regreso a casa del viaje anterior, no es un viaje."
12840,2,1412007530320,Mujeres,53,Hogar,,1,07:00,,"Compras (bienes, productos y servicios)",,Fábrica o taller,,Su casa,,home,,1412002315887,,CAMIÓN O AUTOBÚS,,15,,,,,,
12840,2,1412007530320,Mujeres,53,Hogar,,2,12:00,,Deportes o recreación → Regresar a Casa,,Su casa,,,,1412002315887,,home,,CAMIÓN O AUTOBÚS,,15,,motivo:revision,,changed,,"El motivo pasa de “Deportes o recreación” a Regresar a Casa: el viaje llega a “Su casa” en la zona del hogar viniendo de otra actividad, así que es el regreso y no una actividad nueva. El origen se encadena con el destino del viaje 1 (Fábrica o taller en 1412002315887)."
12862,2,1412002315779,Mujeres,46,Empleado,,1,10:00,,Trabajar,,Otra vivienda,,Su casa,,home,,home,,A PIE,,10,,,,,,
12862,2,1412002315779,Mujeres,46,Empleado,,2,12:00,,Regresar a Casa,,Su casa,,,,home,,home,,A PIE,,10,,,,,,
12862,2,1412002315779,Mujeres,46,Empleado,,3,15:00,,Regresar a Casa,,Otra vivienda,,Su casa,,home,,home,,A PIE,,10,,,,dropped,,
12862,2,1412002315779,Mujeres,46,Empleado,,4,17:00,,Regresar a Casa,,Su casa,,Su casa,,home,,home,,A PIE,,10,,,,dropped,,"El renglón se descarta: duplica el regreso a casa del viaje anterior, no es un viaje."
12862,2,1412002315779,Mujeres,46,Empleado,,5,19:05,,Deportes o recreación,,Centro cultural o área recreativa,,,,home,,home,,A PIE,,1,,,,,,
12862,2,1412002315779,Mujeres,46,Empleado,,6,19:09,,Regresar a Casa,,Su casa,,,,home,,home,,A PIE,,1,,,,,,
12915,2,141200231415A,Mujeres,31,Hogar,,1,09:30,,Compras (comida),,"Comercio, mercado, tienda o centro comercial",,Su casa,,home,,home,,A PIE,,5,,,,,,
12915,2,141200231415A,Mujeres,31,Hogar,,2,09:09 → 19:09,,Regresar a Casa,,Su casa,,,,home,,home,,A PIE,,5,,hora:revision,,changed,,"Error de dígito en la hora: se reporta 9:09 y la cadena solo cierra con 19:09. El origen se encadena con el destino del viaje 1 (Comercio, mercado, tienda o centro comercial en la zona del hogar)."
12915,2,141200231415A,Mujeres,31,Hogar,,3,18:05 → 20:05,,Compras (comida),,"Comercio, mercado, tienda o centro comercial",,,,home,,1412002314145,,A PIE,,1,,hora:revision,,changed,,
12915,2,141200231415A,Mujeres,31,Hogar,,4,18:13 → 20:13,,Regresar a Casa,,Su casa,,,,1412002314145,,home,,A PIE,,1,,hora:revision,,changed,,"Desfase de dos horas al capturar: 18:13 se lee como 20:13. El origen se encadena con el destino del viaje 3 (Comercio, mercado, tienda o centro comercial en 1412002314145)."
12928,6,1412002314145,Mujeres,21,Empleado,,1,09:42,,Al médico o atención de salud,,"Hospital, clínica, consultorio, laboratorio clínico",,Su casa,,home,,1403900011325,,TREN LIGERO,,130,,,,,,
12928,6,1412002314145,Mujeres,21,Empleado,,2,15:00,,Regresar a Casa,,Su casa,,,,1403900011359 → 1403900011325,,home,,TREN LIGERO,,85,,origen:revision,,changed,,"La AGEB de origen pasa de 1403900011359 a 1403900011325; el origen se encadena con el destino del viaje 1 (Hospital, clínica, consultorio, laboratorio clínico en 1403900011325)."
12945,2,1412002314179,Hombres,60,Empleado,,1,14:00 → 02:00,,Trabajar,,"Comercio, mercado, tienda o centro comercial",,Su casa,,home,,1403900012111,,AUTOMÓVIL PARTICULAR,,60,,hora:revision,,changed,,
12945,2,1412002314179,Hombres,60,Empleado,,2,07:42,,Regresar a Casa,,Su casa,,,,1403900012111,,home,,AUTOMÓVIL PARTICULAR,,35,,,,,,
12945,2,1412002314179,Hombres,60,Empleado,,3,09:09,,Trabajar,,"Comercio, mercado, tienda o centro comercial",,,,home,,1403900012111,,AUTOMÓVIL PARTICULAR,,60,,,,,,
12945,2,1412002314179,Hombres,60,Empleado,,4,07:00 → 17:00,,Regresar a Casa,,Su casa,,,,1403900012111,,home,,AUTOMÓVIL PARTICULAR,,35,,hora:revision,,changed,,"Error de dígito en la hora: se reporta 7:00 y la cadena solo cierra con 17:00. El origen se encadena con el destino del viaje 3 (Comercio, mercado, tienda o centro comercial en 1403900012111)."
12945,2,1412002314179,Hombres,60,Empleado,,5,18:06,,"Compras (bienes, productos y servicios)",,"Comercio, mercado, tienda o centro comercial",,,,home,,1412002313823,,A PIE,,15,,,,,,
12945,2,1412002314179,Hombres,60,Empleado,,6,18:31,,Regresar a Casa,,Su casa,,,,1412002313823,,home,,A PIE,,15,,,,,,
13038,2,1412002314164,Hombres,34,Empleado,,1,04:00,,Trabajar,,Otros (especifique),,Su casa,,home,,999990002,,AUTOMÓVIL PARTICULAR,,120,,,,,,
13038,2,1412002314164,Hombres,34,Empleado,,2,12:33,,Regresar a Casa,,Su casa,,,,999990002,,home,,AUTOMÓVIL PARTICULAR,,120,,,,,,
13038,2,1412002314164,Hombres,34,Empleado,,3,14:13 → 16:13,,Trabajar,,Otros (especifique),,,,home,,999990002,,AUTOMÓVIL PARTICULAR,,120,,hora:-10h+12h,,changed,,
13038,2,1412002314164,Hombres,34,Empleado,,4,18:00 → 20:13,,Regresar a Casa,,Su casa,,,,999990002,,home,,AUTOMÓVIL PARTICULAR,,120,,hora:revision,,changed,,"La hora de salida pasa de 18:00 a 20:13 para que el viaje ocurra después de la llegada del anterior. El origen se encadena con el destino del viaje 3 (Otros (especifique) en 999990002). [Undécima revisión: la decisión de chain_review se mantiene. Se tomó contra «18:00», que las reglas del 26 de septiembre de 2026 dan ahora como «18:13».]"
13088,3,1412002314164,Hombres,25,Empleado,,1,09:30,,Trabajar,,"Comercio, mercado, tienda o centro comercial",,Su casa,,home,,1403900011556,,AUTOMÓVIL PARTICULAR,,70,,,,,,
13088,3,1412002314164,Hombres,25,Empleado,,2,05:33 → 17:33,,Regresar a Casa,,Su casa,,,,1403900011556,,home,,AUTOMÓVIL PARTICULAR,,70,,hora:revision,,changed,,"Corrección AM/PM: se reporta 5:33 y por la secuencia del día corresponde a 17:33. El origen se encadena con el destino del viaje 1 (Comercio, mercado, tienda o centro comercial en 1403900011556)."
13088,3,1412002314164,Hombres,25,Empleado,,3,07:07 → 19:07,,Trabajar,,"Comercio, mercado, tienda o centro comercial",,,,home,,1403900011556,,AUTOMÓVIL PARTICULAR,,70,,hora:revision,,changed,,
13088,3,1412002314164,Hombres,25,Empleado,,4,06:00,,Regresar a Casa,,Su casa,,,,1403900011556,,home,,AUTOMÓVIL PARTICULAR,,70,,,hora_nocturna,,,
13115,1,1412001395980,Hombres,40,Empleado,,1,07:00,,Trabajar,,Fábrica o taller,,Su casa,,home,,home,,MOTOCICLETA,,25,,,,,,
13115,1,1412001395980,Hombres,40,Empleado,,2,20:30,,Guardería → Llevar o recoger a alguien,,Su casa,,,,home,,home,,MOTOCICLETA,,25,,motivo:revision,fin_fuera_de_casa;actividad_en_casa,changed,,El motivo “Guardería” se registra como acompañamiento: la encuesta lo usa tanto para quien asiste como para quien lleva o recoge. El origen se encadena con el destino del viaje 1 (Fábrica o taller en la zona del hogar).
13124,4,1412002434709,Hombres,11,Estudiante,,1,09:00,,Visitar a alguien,,Otra vivienda,,Su casa,,home,,1412002434713,,A PIE,,5,,,,,,
13124,4,1412002434709,Hombres,11,Estudiante,,2,13:00,,Otros (especifique) → Regresar a Casa,,Su casa,,,,1412002434713,,home,,A PIE,,5,,motivo:revision,,changed,,"El motivo pasa de “Otros (especifique)” a Regresar a Casa: el viaje llega a “Su casa” en la zona del hogar viniendo de otra actividad, así que es el regreso y no una actividad nueva. El origen se encadena con el destino del viaje 1 (Otra vivienda en 1412002434713)."
13124,4,1412002434709,Hombres,11,Estudiante,,3,20:48,,Regresar a Casa,,Su casa,,,,home,,home,,A PIE,,5,,,regreso_en_casa,,,
13149,2,1412000012755,Mujeres,39,Empleado,,1,09:00,,Trabajar,,Otra vivienda,,Su casa,,home,,1403900011132,,AUTOMÓVIL PARTICULAR,,35,,,,,,
13149,2,1412000012755,Mujeres,39,Empleado,,2,04:46 → 14:46,,Regresar a Casa,,Su casa,,,,1403900011132,,home,,AUTOMÓVIL PARTICULAR,,40,,hora:revision,,changed,,Error de dígito en la hora: se reporta 4:46 y la cadena solo cierra con 14:46. El origen se encadena con el destino del viaje 1 (Otra vivienda en 1403900011132).
13149,2,1412000012755,Mujeres,39,Empleado,,3,06:14 → 16:14,,Trabajar,,Otra vivienda,,,,home,,1403900011132,,AUTOMÓVIL PARTICULAR,,35,,hora:revision,,changed,,
13149,2,1412000012755,Mujeres,39,Empleado,,4,04:00 → 16:49,,Regresar a Casa,,Su casa,,,,1403900011132,,home,,AUTOMÓVIL PARTICULAR,,40,,hora:revision,,changed,,"La salida se recorre de 4:00 a 16:49, que es la hora a la que llega el viaje anterior (16:14 + 35 min de traslado): tal como estaba, el viaje empezaba antes de haber llegado. El origen se encadena con el destino del viaje 3 (Otra vivienda en 1403900011132)."
13149,2,1412000012755,Mujeres,39,Empleado,,5,18:09,,Llevar o recoger a alguien,,Otra vivienda,,,,home,,1412000014287,,A PIE,,14,,,,,,
13149,2,1412000012755,Mujeres,39,Empleado,,6,18:30,,Regresar a Casa,,Su casa,,,,1412000014287,,home,,A PIE,,14,,,,,,
13155,3,1412002434713,Hombres,24,Empleado,,1,08:30,,Trabajar,,Otra vivienda,,Su casa,,home,,1412000015266,,AUTOMÓVIL PARTICULAR,,65,,,,,,
13155,3,1412002434713,Hombres,24,Empleado,,2,05:43 → 15:43,,Regresar a Casa,,Su casa,,,,1412000015266,,home,,AUTOMÓVIL PARTICULAR,,70,,hora:revision,,changed,,Error de dígito en la hora: se reporta 5:43 y la cadena solo cierra con 15:43. El origen se encadena con el destino del viaje 1 (Otra vivienda en 1412000015266).
13155,3,1412002434713,Hombres,24,Empleado,,3,07:25 → 17:25,,Trabajar,,Otra vivienda,,,,home,,1412000015266,,AUTOMÓVIL PARTICULAR,,65,,hora:revision,,changed,,
13155,3,1412002434713,Hombres,24,Empleado,,4,06:30 → 18:30,,Regresar a Casa,,Su casa,,,,1412000015266,,home,,AUTOMÓVIL PARTICULAR,,70,,hora:revision,,changed,,"La salida se recorre de 6:30 a 18:30, que es la hora a la que llega el viaje anterior (17:25 + 65 min de traslado): tal como estaba, el viaje empezaba antes de haber llegado. El origen se encadena con el destino del viaje 3 (Otra vivienda en 1412000015266)."
13155,3,1412002434713,Hombres,24,Empleado,,5,19:04 → 21:04,,Otros (especifique),,Otros (especifique),,,,home,,1412001395995,,A PIE,,4,,hora:revision,,changed,,
13155,3,1412002434713,Hombres,24,Empleado,,6,19:16 → 21:16,,Regresar a Casa,,Su casa,,,,1412001395995,,home,,A PIE,,4,,hora:revision,,changed,,Desfase de dos horas al capturar: 19:16 se lee como 21:16. El origen se encadena con el destino del viaje 5 (Otros (especifique) en 1412001395995).
13161,1,141200142,Hombres,37,Empleado,,1,08:40,,Trabajar,,"Comercio, mercado, tienda o centro comercial",,Su casa,,home,,1412000011225,,CAMIÓN O AUTOBÚS,,60,,,,,,
13161,1,141200142,Hombres,37,Empleado,,2,16:00,,Trabajar → Regresar a Casa,,Su casa,,,,1412000011225,,home,,AUTOMÓVIL PARTICULAR,,20,,motivo:revision,,changed,,"El motivo pasa de “Trabajar” a Regresar a Casa: el viaje llega a “Su casa” en la zona del hogar viniendo de otra actividad, así que es el regreso y no una actividad nueva. El origen se encadena con el destino del viaje 1 (Comercio, mercado, tienda o centro comercial en 1412000011225)."
13161,1,141200142,Hombres,37,Empleado,,3,20:24,,Regresar a Casa,,Su casa,,,,home,,home,,AUTOMÓVIL PARTICULAR,,20,,,regreso_en_casa,,,
13217,3,1412002434709,Mujeres,59,,,1,07:12,,"Compras (bienes, productos y servicios)",,"Comercio, mercado, tienda o centro comercial",,Su casa,,home,,home,,A PIE,,7,,,,,,
13217,3,1412002434709,Mujeres,59,,,2,07:20,,Regresar a Casa,,Su casa,,,,home,,home,,A PIE,,7,,,,,,
13217,3,1412002434709,Mujeres,59,,,3,14:00,,Visitar a alguien,,Otra vivienda,,,,home,,home,,MOTOCICLETA,,10,,,,,,
13217,3,1412002434709,Mujeres,59,,,4,19:00,,Regresar a Casa,,Su casa,,,,1412001395980 → home,,home,,AUTOMÓVIL PARTICULAR,,15,,origen:revision,,changed,,La AGEB de origen pasa de 1412001395980 a la zona del hogar; el origen se encadena con el destino del viaje 3 (Otra vivienda en la zona del hogar).
13254,3,1412001395980,Mujeres,20,Empleado,,1,07:02,,Trabajar,,Fábrica o taller,,Su casa,,home,,141200104,,AUTOMÓVIL PARTICULAR,,15,,,,,,
13254,3,1412001395980,Mujeres,20,Empleado,,2,17:09,,Regresar a Casa → Trabajar,,Su casa,,,,141200104,,1412000010405,,AUTOMÓVIL PARTICULAR,,20,,motivo:revision,actividad_en_casa,changed,,"El motivo pasa de Regresar a Casa a “Trabajar”: la persona ya estaba en casa y el viaje va hacia la AGEB 1412000010405, de modo que es un viaje de ida y no el regreso. El origen se encadena con el destino del viaje 1 (Fábrica o taller en 141200104)."
13254,3,1412001395980,Mujeres,20,Empleado,,3,18:02,,Regresar a Casa,,Su casa,,,,1412000010405,,home,,A PIE,,10,,,,,,
13313,6,1412002434713,Mujeres,17,Estudiante,,1,07:20,,Estudiar,,Escuela,,Su casa,,1403900011344 → home,,999990001,,CAMIÓN O AUTOBÚS,,35,,origen:revision,,changed,,
13313,6,1412002434713,Mujeres,17,Estudiante,,2,14:20,,Deportes o recreación → Regresar a Casa,,Su casa,,,,999990001,,home,,CAMIÓN O AUTOBÚS,,35,,motivo:revision,,changed,,"El motivo pasa de “Deportes o recreación” a Regresar a Casa: el viaje llega a “Su casa” en la zona del hogar viniendo de otra actividad, así que es el regreso y no una actividad nueva. El origen se encadena con el destino del viaje 1 (Escuela en 999990001)."
13318,2,1412002434713,Hombres,48,Empleado,,1,06:00,,Regresar a Casa,,Su casa,,Fábrica o taller,,141205567,,home,,CAMIÓN O AUTOBÚS,,15,,,inicio_fuera_de_casa,,,
13318,2,1412002434713,Hombres,48,Empleado,,2,18:24,,Otros (especifique),,Otros (especifique),,,,141205567 → home,,141205567,,A PIE,,14,,origen:casa,,changed,,
13318,2,1412002434713,Hombres,48,Empleado,,3,18:39,,Regresar a Casa,,Su casa,,,,141205567,,141205567 → home,,A PIE,,14,,destino:revision,,changed,,"El origen se encadena con el destino del viaje 2 (Otros (especifique) en 141205567). El destino pasa de 141205567 a la zona del hogar: esa AGEB funciona como “Su casa” dentro de la cadena, es una discrepancia de geocodificación."
13378,5,1412002314179,Mujeres,25,Empleado,,1,09:00,,Trabajar,,Otra vivienda,,Su casa,,home,,1412000012609,,CAMIÓN O AUTOBÚS,,30,,,,,,
13378,5,1412002314179,Mujeres,25,Empleado,,2,23:00 → 11:00,,Trabajar,,"Comercio, mercado, tienda o centro comercial",,,,1412000012609,,1412000011009,,A PIE,,10,,hora:revision,,changed,,Corrección AM/PM: se reporta 23:00 y por la secuencia del día corresponde a 11:00. El origen se encadena con el destino del viaje 1 (Otra vivienda en 1412000012609).
13378,5,1412002314179,Mujeres,25,Empleado,,3,12:00,,Trabajar,,Otra vivienda,,,,1412000011009,,1412000011009,,A PIE,,10,,,,,,
13378,5,1412002314179,Mujeres,25,Empleado,,4,14:00,,Regresar a Casa,,Su casa,,,,1412000011009,,home,,CAMIÓN O AUTOBÚS,,30,,,,,,
13435,4,1412000014323,Mujeres,65,Jubilado o pensionado,,1,08:28,,Al médico o atención de salud,,"Hospital, clínica, consultorio, laboratorio clínico",,Su casa,,home,,1403900014071,,TREN LIGERO,,30,,,,,,
13435,4,1412000014323,Mujeres,65,Jubilado o pensionado,,2,13:27,,Regresar a Casa,,Su casa,,,,1412000010373 → 1403900014071,,home,,TREN LIGERO,,30,,origen:revision,,changed,,"La AGEB de origen pasa de 1412000010373 a 1403900014071; el origen se encadena con el destino del viaje 1 (Hospital, clínica, consultorio, laboratorio clínico en 1403900014071)."
13440,1,1409708353378,Hombres,60,Empleado,,1,08:06,,Trabajar,,"Comercio, mercado, tienda o centro comercial",,Su casa,,home,,1409800011260,,AUTOMÓVIL PARTICULAR,,3,,,,,,
13440,1,1409708353378,Hombres,60,Empleado,,2,13:05,,Regresar a Casa,,Escuela → Su casa,,,,1409800011260,,home,,AUTOMÓVIL PARTICULAR,,3,,tipo_destino:revision,,changed,,"El origen se encadena con el destino del viaje 1 (Comercio, mercado, tienda o centro comercial en 1409800011260). El tipo de destino pasa de “Escuela” a Su casa: el viaje es un regreso que llega a la zona del hogar."
13440,1,1409708353378,Hombres,60,Empleado,,3,16:00,,Trabajar,,"Comercio, mercado, tienda o centro comercial",,,,home,,home,,A PIE,,9,,,,,,
13440,1,1409708353378,Hombres,60,Empleado,,4,18:24,,Regresar a Casa,,Su casa,,,,home,,home,,A PIE,,9,,,,,,
13442,4,1412000012793,Hombres,10,Estudiante,yes,1,09:02,,Compras (comida),,"Comercio, mercado, tienda o centro comercial",,Su casa,,home,,1412000012755,,AUTOMÓVIL PARTICULAR,,20,,,,,,
13442,4,1412000012793,Hombres,10,Estudiante,yes,2,23:03 → 11:03,,Visitar a alguien,,Otra vivienda,,,,1412000012755,,1403900013923,,AUTOMÓVIL PARTICULAR,,20,,hora:revision,,changed,,"Corrección AM/PM: se reporta 23:03 y por la secuencia del día corresponde a 11:03. El origen se encadena con el destino del viaje 1 (Comercio, mercado, tienda o centro comercial en 1412000012755)."
13442,4,1412000012793,Hombres,10,Estudiante,yes,3,19:06,,Regresar a Casa,,Su casa,,,,1403900013923,,home,,AUTOMÓVIL PARTICULAR,,30,,,,,,
13544,1,141200001116A,Mujeres,40,Hogar,,1,11:30,,Compras (comida),,"Comercio, mercado, tienda o centro comercial",,Su casa,,home,,1412000012914,,A PIE,,5,,,,,,
13544,1,141200001116A,Mujeres,40,Hogar,,2,11:45,,Compras (comida) → Regresar a Casa,,Su casa,,,,1412000012914,,home,,A PIE,,5,,motivo:revision,,changed,,"El motivo pasa de “Compras (comida)” a Regresar a Casa: el viaje llega a “Su casa” en la zona del hogar viniendo de otra actividad, así que es el regreso y no una actividad nueva. El origen se encadena con el destino del viaje 1 (Comercio, mercado, tienda o centro comercial en 1412000012914)."
13544,1,141200001116A,Mujeres,40,Hogar,,3,19:16,,Regresar a Casa,,Su casa,,,,home,,home,,A PIE,,5,,,regreso_en_casa,,,
13545,1,141200001116A,Mujeres,40,Hogar,,1,11:30,,Compras (comida),,"Comercio, mercado, tienda o centro comercial",,Su casa,,home,,1412000012914,,A PIE,,5,,,,,,
13545,1,141200001116A,Mujeres,40,Hogar,,2,11:45,,Compras (comida) → Regresar a Casa,,Su casa,,,,1412000012914,,home,,A PIE,,5,,motivo:revision,,changed,,"El motivo pasa de “Compras (comida)” a Regresar a Casa: el viaje llega a “Su casa” en la zona del hogar viniendo de otra actividad, así que es el regreso y no una actividad nueva. El origen se encadena con el destino del viaje 1 (Comercio, mercado, tienda o centro comercial en 1412000012914)."
13545,1,141200001116A,Mujeres,40,Hogar,,3,19:28,,Regresar a Casa,,Su casa,,,,home,,home,,A PIE,,5,,,regreso_en_casa,,,
13548,6,1409700340373,Mujeres,9,Estudiante,,1,11:12,,Compras (comida),,"Comercio, mercado, tienda o centro comercial",,Su casa,,home,,1409700340250,,A PIE,,1,,,,,,
13548,6,1409700340373,Mujeres,9,Estudiante,,2,11:07 → 23:07,,Regresar a Casa,,Su casa,,,,1409700340250,,home,,A PIE,,1,,hora:revision,,changed,,"Corrección AM/PM: se reporta 11:07 y por la secuencia del día corresponde a 23:07. El origen se encadena con el destino del viaje 1 (Comercio, mercado, tienda o centro comercial en 1409700340250). [Undécima revisión: la decisión de chain_review se mantiene. Se tomó contra «11:07», que las reglas del 26 de septiembre de 2026 dan ahora como «11:13».]"
13556,4,1412000016902,Hombres,24,Estudiante,,1,05:00,,Estudiar,,Escuela,,Su casa,,home,,1403900013143,,CAMIÓN O AUTOBÚS,,90,,,,,,
13556,4,1412000016902,Hombres,24,Estudiante,,2,14:00,,Regresar a Casa,,Su casa,,,,1403900013143,,home,,CAMIÓN O AUTOBÚS,,80,,,,,,
13556,4,1412000016902,Hombres,24,Estudiante,,3,12:00 → 22:00,,Llevar o recoger a alguien,,Escuela,,,,home,,141200001689A,,AUTOMÓVIL PARTICULAR,,15,,hora:revision,,changed,,
13556,4,1412000016902,Hombres,24,Estudiante,,4,12:20 → 22:20,,Regresar a Casa,,Su casa,,,,141200001689A,,home,,AUTOMÓVIL PARTICULAR,,15,,hora:revision,,changed,,Error de dígito en la hora: se reporta 12:20 y la cadena solo cierra con 22:20. El origen se encadena con el destino del viaje 3 (Escuela en 141200001689A).
13556,5,1412000016902,Mujeres,19,Estudiante,,1,07:50,,Llevar o recoger a alguien,,Escuela,,Su casa,,home,,1412000016527,,AUTOMÓVIL PARTICULAR,,10,,,,,,
13556,5,1412000016902,Mujeres,19,Estudiante,,2,20:00 → 08:00,,Regresar a Casa,,Su casa,,,,1412000016527,,home,,AUTOMÓVIL PARTICULAR,,10,,hora:revision,,changed,,"La salida se recorre de 20:00 a 08:00, que es la hora a la que llega el viaje anterior (7:50 + 10 min de traslado): tal como estaba, el viaje empezaba antes de haber llegado. El origen se encadena con el destino del viaje 1 (Escuela en 1412000016527)."
13556,5,1412000016902,Mujeres,19,Estudiante,,3,12:20,,Llevar o recoger a alguien,,Escuela,,,,home,,1412000016531,,AUTOMÓVIL PARTICULAR,,10,,,,,,
13556,5,1412000016902,Mujeres,19,Estudiante,,4,12:30,,Regresar a Casa,,Su casa,,,,1412000016531,,home,,AUTOMÓVIL PARTICULAR,,10,,,,,,
13646,3,1410101902374,Hombres,24,Empleado,,1,08:22,,Deportes o recreación,,Centro cultural o área recreativa,,Su casa,,home,,1407001211518,,A PIE,,8,,,,,,
13646,3,1410101902374,Hombres,24,Empleado,,2,08:38,,Regresar a Casa,,Su casa,,,,1407001211518,,home,,A PIE,,8,,,,,,
13646,3,1410101902374,Hombres,24,Empleado,,3,20:00 → 10:00,,Trabajar,,"Comercio, mercado, tienda o centro comercial",,,,home,,1403900013961,,MOTOCICLETA,,90,,hora:revision,,changed,,
13646,3,1410101902374,Hombres,24,Empleado,,4,19:00 → 21:30,,Regresar a Casa,,Su casa,,,,1403900013961,,home,,MOTOCICLETA,,90,,hora:revision,,changed,,"La hora de salida pasa de 19:00 a 21:30 para que el viaje ocurra después de la llegada del anterior. El origen se encadena con el destino del viaje 3 (Comercio, mercado, tienda o centro comercial en 1403900013961)."
13651,5,1410101902374,Mujeres,12,Empleado,,1,07:06,,Trabajar,,Otra vivienda,,Su casa,,home,,140701467,,A PIE,,20,,,,,,
13651,5,1410101902374,Mujeres,12,Empleado,,2,18:09,,Regresar a Casa,,Su casa,,,,home → 140701467,,home,,A PIE,,13,,origen:revision,,changed,,La AGEB de origen pasa de la zona del hogar a 140701467; el origen se encadena con el destino del viaje 1 (Otra vivienda en 140701467).
13651,5,1410101902374,Mujeres,12,Empleado,,3,19:23,,Regresar a Casa,,Su casa,,Su casa,,home,,home,,A PIE,,13,,,,dropped,,
13680,2,141240029,Hombres,37,Empleado,,1,05:00,,Trabajar,,Otros (especifique),,Su casa,,home,,home,,AUTOMÓVIL PARTICULAR,,120,,,,,,
13680,2,141240029,Hombres,37,Empleado,,2,13:51,,Regresar a Casa,,Su casa,,,,home,,home,,AUTOMÓVIL PARTICULAR,,120,,,,,,
13680,2,141240029,Hombres,37,Empleado,,3,15:12 → 17:12,,Trabajar,,Otros (especifique),,,,home,,home,,AUTOMÓVIL PARTICULAR,,120,,hora:-10h+12h,,changed,,
13680,2,141240029,Hombres,37,Empleado,,4,19:00 → 21:00,,Regresar a Casa,,Su casa,,,,home,,home,,AUTOMÓVIL PARTICULAR,,120,,hora:revision,,changed,,"Desfase de dos horas al capturar: 19:00 se lee como 21:00. El origen se encadena con el destino del viaje 3 (Otros (especifique) en la zona del hogar). [Undécima revisión: la decisión de chain_review se mantiene. Se tomó contra «19:00», que las reglas del 26 de septiembre de 2026 dan ahora como «19:12».]"
13687,2,1407000201236,Hombres,25,Empleado,yes,1,20:30 → 08:30,,Trabajar,,Fábrica o taller,,Su casa,,home,,14097059A,,Transporte de personal,,28,,hora:revision,,changed,,
13687,2,1407000201236,Hombres,25,Empleado,yes,2,07:45 → 19:45,,Regresar a Casa,,Su casa,,,,14097059A,,home,,Transporte de personal,,28,,hora:revision,,changed,,Corrección AM/PM: se reporta 7:45 y por la secuencia del día corresponde a 19:45. El origen se encadena con el destino del viaje 1 (Fábrica o taller en 14097059A).
13689,5,1407000201236,Hombres,33,Empleado,yes,1,20:22 → 08:22,,Trabajar,,Fábrica o taller,,Su casa,,home,,14097059A,,Transporte de personal,,28,,hora:revision,,changed,,
13689,5,1407000201236,Hombres,33,Empleado,yes,2,07:42 → 17:42,,Regresar a Casa,,Su casa,,,,14097059A,,home,,Transporte de personal,,28,,hora:revision,,changed,,Error de dígito en la hora: se reporta 7:42 y la cadena solo cierra con 17:42. El origen se encadena con el destino del viaje 1 (Fábrica o taller en 14097059A).
13708,1,141200123,Mujeres,60,Trabajador independiente,,1,11:00,,Visitar a alguien,,Otra vivienda,,Su casa,,141200001098A → home,,141011963,,TREN LIGERO,,75,,origen:revision,,changed,,
13708,1,141200123,Mujeres,60,Trabajador independiente,,2,16:01,,Regresar a Casa → Estudiar,,Su casa,,,,141011963,,141200001098A,,TREN LIGERO,,75,,motivo:revision,fin_fuera_de_casa;actividad_en_casa,changed,,"El motivo pasa de Regresar a Casa a “Estudiar”: la persona ya estaba en casa y el viaje va hacia la AGEB 141200001098A, de modo que es un viaje de ida y no el regreso. El origen se encadena con el destino del viaje 1 (Otra vivienda en 141011963)."
13710,3,141240029,Hombres,19,,,1,18:00,,Visitar a alguien,,Otra vivienda,,Su casa,,1410100010931 → home,,141010001097A,,MOTOCICLETA,,60,,origen:revision,,changed,,
13710,3,141240029,Hombres,19,,,2,23:01,,Regresar a Casa → Trabajar,,Su casa,,,,141010001097A,,1410100010931,,MOTOCICLETA,,60,,motivo:revision,fin_fuera_de_casa;actividad_en_casa;hora_2301,changed,,"El motivo pasa de Regresar a Casa a “Trabajar”: la persona ya estaba en casa y el viaje va hacia la AGEB 1410100010931, de modo que es un viaje de ida y no el regreso. El origen se encadena con el destino del viaje 1 (Otra vivienda en 141010001097A)."
13755,1,141240029,Mujeres,42,Empleado,,1,14:00 → 02:00,,Trabajar,,"Comercio, mercado, tienda o centro comercial",,Su casa,,home,,1412400010175,,AUTOMÓVIL PARTICULAR,,45,,hora:revision,,changed,,
13755,1,141240029,Mujeres,42,Empleado,,2,13:31,,Regresar a Casa,,Su casa,,,,1412400010175,,home,,AUTOMÓVIL PARTICULAR,,45,,,,,,
13755,1,141240029,Mujeres,42,Empleado,,3,15:12,,Trabajar,,"Comercio, mercado, tienda o centro comercial",,,,home,,1412400010175,,AUTOMÓVIL PARTICULAR,,45,,,,,,
13755,1,141240029,Mujeres,42,Empleado,,4,15:30 → 17:30,,Regresar a Casa,,Su casa,,,,1412400010175,,home,,AUTOMÓVIL PARTICULAR,,45,,hora:revision,,changed,,"Desfase de dos horas al capturar: 15:30 se lee como 17:30. El origen se encadena con el destino del viaje 3 (Comercio, mercado, tienda o centro comercial en 1412400010175)."
13778,3,141200001739A,Hombres,25,Empleado,yes,1,06:00,,Regresar a Casa,,Su casa,,Fábrica o taller,,1407000131471,,home,,Transporte de personal,,70,,,inicio_fuera_de_casa,,,
13778,3,141200001739A,Hombres,25,Empleado,yes,2,21:00 → 09:00,,Trabajar,,Fábrica o taller,,,,home,,1407000130238,,Transporte de personal,,90,,hora:revision,,changed,,Corrección AM/PM: se reporta 21:00 y por la secuencia del día corresponde a 09:00. El origen se encadena con el destino del viaje 1 (Su casa en la zona del hogar).
13778,3,141200001739A,Hombres,25,Empleado,yes,3,20:10,,Regresar a Casa,,Su casa,,,,1407000130238,,home,,Transporte de personal,,90,,,,,,
13790,1,1409707771780,Hombres,41,Empleado,,1,19:15 → 07:15,,Trabajar,,"Comercio, mercado, tienda o centro comercial",,Su casa,,home,,99999000A,,AUTOMÓVIL PARTICULAR,,50,,hora:revision,,changed,,
13790,1,1409707771780,Hombres,41,Empleado,,2,08:00 → 18:00,,Regresar a Casa,,Su casa,,,,99999000A,,home,,AUTOMÓVIL PARTICULAR,,60,,hora:revision,,changed,,"La hora de salida pasa de 20:00 a 18:00 para que el viaje ocurra después de la llegada del anterior. El origen se encadena con el destino del viaje 1 (Comercio, mercado, tienda o centro comercial en 99999000A). [Undécima revisión: la decisión de chain_review se mantiene. Se tomó contra «20:00», que las reglas del 26 de septiembre de 2026 dan ahora como «20:05».]"
13838,1,1410100011554,Hombres,50,Empleado,,1,07:30,,Trabajar,,Fábrica o taller,,Su casa,,home,,home,,A PIE,,15,,,,,,
13838,1,1410100011554,Hombres,50,Empleado,,2,22:00 → 10:00,,Regresar a Casa,,Su casa,,,,home,,home,,A PIE,,15,,hora:revision,,changed,,Corrección AM/PM: se reporta 22:00 y por la secuencia del día corresponde a 10:00. El origen se encadena con el destino del viaje 1 (Fábrica o taller en la zona del hogar).
13838,1,1410100011554,Hombres,50,Empleado,,3,12:00,,Trabajar,,Otra vivienda,,,,home,,home,,A PIE,,15,,,,,,
13838,1,1410100011554,Hombres,50,Empleado,,4,15:00,,Regresar a Casa,,Su casa,,,,home,,home,,A PIE,,15,,,,,,
13856,1,1409700053503,Hombres,36,Trabajador independiente,,1,07:00,,Trabajar,,Fábrica o taller,,Su casa,,home,,999990005,,AUTOMÓVIL PARTICULAR,,45,,,,,,
13856,1,1409700053503,Hombres,36,Trabajador independiente,,2,17:45 → 07:45,,Regresar a Casa,,Su casa,,,,999990005,,home,,AUTOMÓVIL PARTICULAR,,50,,hora:-10h,,changed,,
13856,1,1409700053503,Hombres,36,Trabajador independiente,,3,18:14,,Trabajar,,Fábrica o taller,,,,home,,home,,A PIE,,10,,,,,,
13856,1,1409700053503,Hombres,36,Trabajador independiente,,4,18:14 → 20:14,,Regresar a Casa,,Su casa,,,,home,,home,,A PIE,,10,,hora:revision,,changed,,"Desfase de dos horas al capturar: 18:14 se lee como 20:14. El origen se encadena con el destino del viaje 3 (Fábrica o taller en la zona del hogar). [Undécima revisión: la decisión de chain_review se mantiene. Se tomó contra «18:14», que las reglas del 26 de septiembre de 2026 dan ahora como «18:24».]"
13895,1,1412000013791,Mujeres,52,,,1,09:09,,Compras (comida),,"Comercio, mercado, tienda o centro comercial",,Su casa,,home,,home,,A PIE,,15,,,,,,
13895,1,1412000013791,Mujeres,52,,,2,09:20 → 11:20,,Regresar a Casa,,Su casa,,,,home,,home,,A PIE,,15,,hora:revision,,changed,,"Desfase de dos horas al capturar: 9:20 se lee como 11:20. El origen se encadena con el destino del viaje 1 (Comercio, mercado, tienda o centro comercial en la zona del hogar). [Undécima revisión: la decisión de chain_review se mantiene. Se tomó contra «09:20», que las reglas del 26 de septiembre de 2026 dan ahora como «09:24».]"
13895,1,1412000013791,Mujeres,52,,,3,— → 19:00,,— → Compras (comida),,"— → Comercio, mercado, tienda o centro comercial",,,,home,,home,,A PIE,,6,,hora:vecinos;motivo:vecinos,,changed,,
13895,1,1412000013791,Mujeres,52,,,4,19:35,,Regresar a Casa,,Su casa,,,,home,,home,,A PIE,,6,,,,,,
13903,1,1404400100238,Mujeres,53,Empleado,,1,13:30,,Trabajar,,Fábrica o taller,,Su casa,,home,,home,,CAMIÓN O AUTOBÚS,,60,,,,,,
13903,1,1404400100238,Mujeres,53,Empleado,,2,21:00,,Regresar a Casa,,Fábrica o taller → Su casa,,,,home,,home,,CAMIÓN O AUTOBÚS,,60,,tipo_destino:revision,,changed,,El origen se encadena con el destino del viaje 1 (Fábrica o taller en la zona del hogar). El tipo de destino pasa de “Fábrica o taller” a Su casa: el viaje es un regreso que llega a la zona del hogar.
13994,4,1410100011554,Mujeres,9,Estudiante,,1,08:01,,Deportes o recreación,,Otra vivienda,,Su casa,,home,,1410100011516,,AUTOMÓVIL PARTICULAR,,30 → 10,,minutos:revision,,changed,,
13994,4,1410100011554,Mujeres,9,Estudiante,,2,08:00 → 08:31,,Regresar a Casa,,Su casa,,,,1410100011516,,home,,AUTOMÓVIL PARTICULAR,,30 → 10,,hora:revision;minutos:revision,,changed,,"La salida se recorre de 8:00 a 08:31, que es la hora a la que llega el viaje anterior (8:01 + 30 min de traslado): tal como estaba, el viaje empezaba antes de haber llegado. El origen se encadena con el destino del viaje 1 (Otra vivienda en 1410100011516). Novena revisión: 30 min en AUTOMÓVIL PARTICULAR para 0.9 km en línea recta es más del doble de lo que la encuesta suele reportar para ese modo a esa distancia (10 min, la mediana de 1718 viajes): los minutos son el error, no la hora. Con 10 min llega a las 08:41 y el viaje siguiente sale a las 13:00, 259 min después. Es el mismo recorrido, en el mismo modo, que otro viaje del día cuyos minutos chocaban con la salida siguiente."
13994,4,1410100011554,Mujeres,9,Estudiante,,3,13:00,,"Compras (bienes, productos y servicios)",,Centro cultural o área recreativa,,,,home,,1410100011130,,A PIE,,3,,,,,,
13994,4,1410100011554,Mujeres,9,Estudiante,,4,18:11,,Regresar a Casa,,Su casa,,,,1410100011130,,home,,A PIE,,3,,,,,,
13998,2,1409700053151,Hombres,47,Empleado,,1,06:15,,Trabajar,,"Comercio, mercado, tienda o centro comercial",,Su casa,,home,,14097059A,,Transporte de personal,,40,,,,,,
13998,2,1409700053151,Hombres,47,Empleado,,2,18:00,,Regresar a Casa,,Su casa,,,,99999000A → 14097059A,,home,,Transporte de personal,,40,,origen:revision,,changed,,"La AGEB de origen pasa de 99999000A a 14097059A; el origen se encadena con el destino del viaje 1 (Comercio, mercado, tienda o centro comercial en 14097059A)."
14014,4,1407000010702,Hombres,33,Empleado,,1,08:00,,Regresar a Casa,,Su casa,,"Restaurante, bar, cafetería",,1407001111378,,home,,CAMIÓN O AUTOBÚS,,45,,,inicio_fuera_de_casa,,,
14014,4,1407000010702,Hombres,33,Empleado,,2,19:00,,"Compras (bienes, productos y servicios)",,"Comercio, mercado, tienda o centro comercial",,,,1407001111378 → home,,1407001111325,,A PIE,,13,,origen:casa,,changed,,
14014,4,1407000010702,Hombres,33,Empleado,,3,19:32,,Regresar a Casa → Trabajar,,Su casa,,,,1407001111325,,1407001111378,,A PIE,,13,,motivo:revision,fin_fuera_de_casa;actividad_en_casa,changed,,"El motivo pasa de Regresar a Casa a “Trabajar”: la persona ya estaba en casa y el viaje va hacia la AGEB 1407001111378, de modo que es un viaje de ida y no el regreso. El origen se encadena con el destino del viaje 2 (Comercio, mercado, tienda o centro comercial en 1407001111325)."
14041,2,1410100011200,Mujeres,25,Empleado,,1,07:21,,Trabajar,,"Comercio, mercado, tienda o centro comercial",,Su casa,,home,,1403900011378,,TREN LIGERO,,64,,,,,,
14041,2,1410100011200,Mujeres,25,Empleado,,2,18:01,,Estudiar,,Su casa → Escuela,,,,1403900011378,,141010027236A,,TREN LIGERO,,40,,tipo_destino:revision,,changed,,"El origen se encadena con el destino del viaje 1 (Comercio, mercado, tienda o centro comercial en 1403900011378). El tipo de destino “Su casa” no puede corresponder a una actividad; se sustituye por “Escuela”, tomado de otros viajes de la persona con el mismo motivo o del uso habitual del motivo “Estudiar”."
14041,2,1410100011200,Mujeres,25,Empleado,,3,19:29,,Regresar a Casa,,Su casa,,,,141010027236A,,home,,Bicicleta,,40,,,,,,
14101,1,141240029,Hombres,60,Empleado,,1,18:00 → 08:00,,Trabajar,,Otra vivienda,,Su casa,,home,,1410100092139,,AUTOMÓVIL PARTICULAR,,25,,hora:revision,,changed,,
14101,1,141240029,Hombres,60,Empleado,,2,12:39,,Regresar a Casa,,Su casa,,,,1410100092139,,home,,AUTOMÓVIL PARTICULAR,,25,,,,,,
14101,1,141240029,Hombres,60,Empleado,,3,14:00,,Trabajar,,Otra vivienda,,,,home,,1410100092139,,AUTOMÓVIL PARTICULAR,,25,,,,,,
14101,1,141240029,Hombres,60,Empleado,,4,12:00 → 00:00,,Regresar a Casa,,Su casa,,,,1410100092139,,home,,AUTOMÓVIL PARTICULAR,,25,,hora:revision,hora_nocturna,changed,,Corrección AM/PM: se reporta 12:00 y por la secuencia del día corresponde a 00:00. El origen se encadena con el destino del viaje 3 (Otra vivienda en 1410100092139).
14163,1,141240029,Hombres,49,Empleado,,1,19:40 → 07:40,,Llevar o recoger a alguien,,Escuela,,Su casa,,home,,141240014,,MOTOCICLETA,,15,,hora:revision,,changed,,
14163,1,141240029,Hombres,49,Empleado,,2,20:05 → 08:05,,Trabajar,,Otros (especifique),,,,141240014,,141240014,,MOTOCICLETA,,10,,hora:revision,,changed,,Corrección AM/PM: se reporta 20:05 y por la secuencia del día corresponde a 08:05. El origen se encadena con el destino del viaje 1 (Escuela en 141240014).
14163,1,141240029,Hombres,49,Empleado,,3,12:30,,Llevar o recoger a alguien → Regresar a Casa,,Su casa,,,,141240014,,home,,MOTOCICLETA,,15,,motivo:revision,,changed,,"El motivo pasa de “Llevar o recoger a alguien” a Regresar a Casa: el viaje llega a “Su casa” en la zona del hogar viniendo de otra actividad, así que es el regreso y no una actividad nueva. El origen se encadena con el destino del viaje 2 (Otros (especifique) en 141240014)."
14163,1,141240029,Hombres,49,Empleado,,4,12:50,,Trabajar,,Otros (especifique),,,,home,,141240014,,MOTOCICLETA,,10,,,,,,
14163,1,141240029,Hombres,49,Empleado,,5,17:00,,Regresar a Casa,,Su casa,,,,141240014,,home,,MOTOCICLETA,,15,,,,,,
14183,1,141240029,Hombres,58,Empleado,,1,09:00,,Trabajar,,Oficina,,Su casa,,home,,1409800010879,,AUTOMÓVIL PARTICULAR,,120,,,,,,
14183,1,141240029,Hombres,58,Empleado,,2,13:50,,Regresar a Casa,,Su casa,,,,1409800010879,,home,,AUTOMÓVIL PARTICULAR,,25,,,,,,
14183,1,141240029,Hombres,58,Empleado,,3,15:29,,Trabajar,,Oficina,,,,home,,1409800010879,,AUTOMÓVIL PARTICULAR,,120,,,,,,
14183,1,141240029,Hombres,58,Empleado,,4,17:00 → 19:00,,Regresar a Casa,,Su casa,,,,1409800010879,,home,,AUTOMÓVIL PARTICULAR,,25,,hora:revision,,changed,,Desfase de dos horas al capturar: 17:00 se lee como 19:00. El origen se encadena con el destino del viaje 3 (Oficina en 1409800010879).
14183,1,141240029,Hombres,58,Empleado,,5,18:09 → 20:09,,Compras (comida),,Centro cultural o área recreativa,,,,home,,home,,A PIE,,14,,hora:revision,,changed,,
14183,1,141240029,Hombres,58,Empleado,,6,18:18 → 20:23,,Regresar a Casa,,Su casa,,,,home,,home,,A PIE,,14,,hora:revision,,changed,,"La salida se recorre de 18:18 a 20:23, que es la hora a la que llega el viaje anterior (20:09 + 14 min de traslado): tal como estaba, el viaje empezaba antes de haber llegado. El origen se encadena con el destino del viaje 5 (Centro cultural o área recreativa en la zona del hogar). [Undécima revisión: la decisión de chain_review se mantiene. Se tomó contra «18:18», que las reglas del 26 de septiembre de 2026 dan ahora como «18:23».]"
14233,1,141240029,Hombres,74,Jubilado o pensionado,,1,07:00,,Regresar a Casa,,Otros (especifique),,Su casa,,home,,home,,AUTOMÓVIL PARTICULAR,,15,,,,dropped,,
14233,1,141240029,Hombres,74,Jubilado o pensionado,,2,10:00,,Regresar a Casa,,Su casa,,Su casa,,home,,home,,AUTOMÓVIL PARTICULAR,,15,,,,dropped,,"El renglón se descarta: duplica el regreso a casa del viaje anterior, no es un viaje."
14242,1,141240033,Mujeres,50,Empleado,,1,06:00,,Trabajar,,"Hospital, clínica, consultorio, laboratorio clínico",,Su casa,,home,,999990004,,AUTOMÓVIL PARTICULAR,,120,,,,,,
14242,1,141240033,Mujeres,50,Empleado,,2,11:53,,Regresar a Casa,,Su casa,,,,999990004,,home,,AUTOMÓVIL PARTICULAR,,120,,,,,,
14242,1,141240033,Mujeres,50,Empleado,,3,13:23 → 15:23,,Trabajar,,"Hospital, clínica, consultorio, laboratorio clínico",,,,home,,999990004,,AUTOMÓVIL PARTICULAR,,120,,hora:revision,,changed,,
14242,1,141240033,Mujeres,50,Empleado,,4,16:00 → 18:00,,Regresar a Casa,,Su casa,,,,999990004,,home,,AUTOMÓVIL PARTICULAR,,120,,hora:revision,,changed,,"Desfase de dos horas al capturar: 16:00 se lee como 18:00. El origen se encadena con el destino del viaje 3 (Hospital, clínica, consultorio, laboratorio clínico en 999990004)."
14242,1,141240033,Mujeres,50,Empleado,,5,18:20 → 20:20,,Compras (comida),,"Comercio, mercado, tienda o centro comercial",,,,home,,home,,A PIE,,9,,hora:revision,,changed,,
14242,1,141240033,Mujeres,50,Empleado,,6,19:39 → 21:39,,Regresar a Casa,,Su casa,,,,home,,home,,A PIE,,9,,hora:revision,,changed,,"Desfase de dos horas al capturar: 19:39 se lee como 21:39. El origen se encadena con el destino del viaje 5 (Comercio, mercado, tienda o centro comercial en la zona del hogar)."
14243,2,141240033,Hombres,36,Empleado,,1,08:00,,Trabajar,,Fábrica o taller,,Su casa,,home,,141240071,,MOTOCICLETA,,18,,,,,,
14243,2,141240033,Hombres,36,Empleado,,2,17:45,,Trabajar → Regresar a Casa,,Su casa,,,,141240071,,home,,MOTOCICLETA,,20,,motivo:revision,,changed,,"El motivo pasa de “Trabajar” a Regresar a Casa: el viaje llega a “Su casa” en la zona del hogar viniendo de otra actividad, así que es el regreso y no una actividad nueva. El origen se encadena con el destino del viaje 1 (Fábrica o taller en 141240071)."
14243,2,141240033,Hombres,36,Empleado,,3,19:42,,Regresar a Casa,,Su casa,,,,home,,home,,MOTOCICLETA,,20,,,regreso_en_casa,,,
14254,1,141240029,Hombres,23,Empleado,,1,08:08,,Compras (comida),,"Comercio, mercado, tienda o centro comercial",,Su casa,,home,,home,,A PIE,,13,,,,,,
14254,1,141240029,Hombres,23,Empleado,,2,08:28,,Regresar a Casa,,Su casa,,,,home,,home,,A PIE,,13,,,,,,
14254,1,141240029,Hombres,23,Empleado,,3,20:00 → 10:00,,Trabajar,,Fábrica o taller,,,,home,,1412400010495,,MOTOCICLETA,,25,,hora:revision,,changed,,
14254,1,141240029,Hombres,23,Empleado,,4,18:01 → 20:25,,Regresar a Casa,,Su casa,,,,1412400010495,,home,,MOTOCICLETA,,25,,hora:revision,,changed,,La hora de salida pasa de 18:01 a 20:25 para que el viaje ocurra después de la llegada del anterior. El origen se encadena con el destino del viaje 3 (Fábrica o taller en 1412400010495).
14289,4,141240029,Mujeres,25,Patrón o empresario,,1,07:05,,Visitar a alguien,,Otra vivienda,,Su casa,,home,,999990004,,AUTOMÓVIL PARTICULAR,,120,,,,,,
14289,4,141240029,Mujeres,25,Patrón o empresario,,2,08:06 → 09:05,,Regresar a Casa,,Su casa,,,,999990004,,home,,AUTOMÓVIL PARTICULAR,,120,,hora:revision,,changed,,"La salida se recorre de 8:06 a 09:05, que es la hora a la que llega el viaje anterior (7:05 + 120 min de traslado): tal como estaba, el viaje empezaba antes de haber llegado. El origen se encadena con el destino del viaje 1 (Otra vivienda en 999990004)."
14289,4,141240029,Mujeres,25,Patrón o empresario,,3,13:06,,Visitar a alguien,,Otra vivienda,,,,home,,home,,A PIE,,15,,,,,,
14289,4,141240029,Mujeres,25,Patrón o empresario,,4,18:20,,Regresar a Casa,,Su casa,,,,home,,home,,A PIE,,15,,,,,,
14419,2,1412400010211,Mujeres,63,Trabajador independiente,,1,08:30,,Trabajar,,"Comercio, mercado, tienda o centro comercial",,Su casa,,home,,141240001018A,,A PIE,,10,,,,,,
14419,2,1412400010211,Mujeres,63,Trabajador independiente,,2,08:00 → 10:00,,Regresar a Casa,,Su casa,,,,141240001018A,,home,,A PIE,,10,,hora:revision,,changed,,"Desfase de dos horas al capturar: 8:00 se lee como 10:00. El origen se encadena con el destino del viaje 1 (Comercio, mercado, tienda o centro comercial en 141240001018A)."
14419,2,1412400010211,Mujeres,63,Trabajador independiente,,3,13:00,,Trabajar,,"Comercio, mercado, tienda o centro comercial",,,,home,,1412400010226,,A PIE,,1,,,,,,
14419,2,1412400010211,Mujeres,63,Trabajador independiente,,4,18:24,,Regresar a Casa,,Su casa,,,,1412400010226,,home,,A PIE,,1,,,,,,
14488,2,1412400010438,Hombres,53,Trabajador independiente,,1,07:06,,Compras (comida),,"Comercio, mercado, tienda o centro comercial",,Su casa,,home,,home,,A PIE,,6,,,,,,
14488,2,1412400010438,Hombres,53,Trabajador independiente,,2,07:16,,Regresar a Casa,,Su casa,,,,home,,home,,A PIE,,6,,,,,,
14488,2,1412400010438,Hombres,53,Trabajador independiente,,3,20:00 → 08:00,,Trabajar,,"Comercio, mercado, tienda o centro comercial",,,,home,,1412400940391,,AUTOMÓVIL PARTICULAR,,30,,hora:revision,,changed,,
14488,2,1412400010438,Hombres,53,Trabajador independiente,,4,18:50,,Regresar a Casa,,Su casa,,,,1412400940391,,home,,AUTOMÓVIL PARTICULAR,,30,,,,,,
14488,2,1412400010438,Hombres,53,Trabajador independiente,,5,20:11,,Trabajar,,"Comercio, mercado, tienda o centro comercial",,,,home,,1412400940391,,AUTOMÓVIL PARTICULAR,,30,,,,,,
14488,2,1412400010438,Hombres,53,Trabajador independiente,,6,20:00 → 20:41,,Regresar a Casa,,Su casa,,,,1412400940391,,home,,AUTOMÓVIL PARTICULAR,,30,,hora:revision,,changed,,"La salida se recorre de 20:00 a 20:41, que es la hora a la que llega el viaje anterior (20:11 + 30 min de traslado): tal como estaba, el viaje empezaba antes de haber llegado. El origen se encadena con el destino del viaje 5 (Comercio, mercado, tienda o centro comercial en 1412400940391)."
14552,1,141240071,Hombres,47,Trabajador independiente,,1,17:00 → 07:00,,Trabajar,,"Comercio, mercado, tienda o centro comercial",,Su casa,,home,,1412400010495,,AUTOMÓVIL PARTICULAR,,10,,hora:revision,,changed,,
14552,1,141240071,Hombres,47,Trabajador independiente,,2,01:00 → 11:00,,Regresar a Casa,,Su casa,,,,1412400010495,,home,,AUTOMÓVIL PARTICULAR,,10,,hora:revision,,changed,,"Error de dígito en la hora: se reporta 1:00 y la cadena solo cierra con 11:00. El origen se encadena con el destino del viaje 1 (Comercio, mercado, tienda o centro comercial en 1412400010495)."
14552,1,141240071,Hombres,47,Trabajador independiente,,3,10:00 → 12:00,,Trabajar,,"Comercio, mercado, tienda o centro comercial",,,,home,,home,,A PIE,,15,,hora:revision,,changed,,
14552,1,141240071,Hombres,47,Trabajador independiente,,4,18:39,,Regresar a Casa,,Su casa,,,,home,,home,,A PIE,,15,,,,,,
14568,3,1405100020181,Hombres,36,Empleado,,1,16:00 → 04:00,,Trabajar,,Fábrica o taller,,Su casa,,home,,1409700010918,,CAMIÓN O AUTOBÚS,,120,,hora:revision,,changed,,
14568,3,1405100020181,Hombres,36,Empleado,,2,05:00 → 06:00,,Regresar a Casa,,Su casa,,,,1409700010918,,home,,CAMIÓN O AUTOBÚS,,120,,hora:revision,,changed,,"La salida se recorre de 5:00 a 06:00, que es la hora a la que llega el viaje anterior (04:00 + 120 min de traslado): tal como estaba, el viaje empezaba antes de haber llegado. El origen se encadena con el destino del viaje 1 (Fábrica o taller en 1409700010918)."
14568,3,1405100020181,Hombres,36,Empleado,,3,14:00,,Compras (comida),,"Comercio, mercado, tienda o centro comercial",,,,home,,home,,A PIE,,5,,,,,,
14568,3,1405100020181,Hombres,36,Empleado,,4,18:24,,Regresar a Casa,,Su casa,,,,home,,home,,A PIE,,5,,,,,,
14640,3,141240090,Mujeres,28,Hogar,,1,13:00,,Visitar a alguien,,Otra vivienda,,Su casa,,home,,home,,CAMIÓN O AUTOBÚS,,20,,,,,,
14640,3,141240090,Mujeres,28,Hogar,,2,15:00,,Regresar a Casa,,Escuela → Su casa,,,,home,,home,,CAMIÓN O AUTOBÚS,,20,,tipo_destino:revision,,changed,,El origen se encadena con el destino del viaje 1 (Otra vivienda en la zona del hogar). El tipo de destino pasa de “Escuela” a Su casa: el viaje es un regreso que llega a la zona del hogar.
14663,3,1405100020181,Mujeres,17,Empleado,,1,15:00,,Trabajar,,"Comercio, mercado, tienda o centro comercial",,Su casa,,home,,1412400940387,,CAMIÓN O AUTOBÚS,,10,,,,,,
14663,3,1405100020181,Mujeres,17,Empleado,,2,22:00,,Otros (especifique) → Regresar a Casa,,Su casa,,,,1412400940387,,home,,CAMIÓN O AUTOBÚS,,10,,motivo:revision,,changed,,"El motivo pasa de “Otros (especifique)” a Regresar a Casa: el viaje llega a “Su casa” en la zona del hogar viniendo de otra actividad, así que es el regreso y no una actividad nueva. El origen se encadena con el destino del viaje 1 (Comercio, mercado, tienda o centro comercial en 1412400940387)."
14664,1,1405100020209,Mujeres,27,Hogar,,1,09:15,,Compras (comida),,"Comercio, mercado, tienda o centro comercial",,Su casa,,home,,1405100020196,,A PIE,,1,,,,,,
14664,1,1405100020209,Mujeres,27,Hogar,,2,08:20 → 18:20,,Regresar a Casa,,Su casa,,,,1405100020196,,home,,A PIE,,1,,hora:+10h,,changed,,
14664,1,1405100020209,Mujeres,27,Hogar,,3,18:17 → 20:17,,Compras (comida),,Centro cultural o área recreativa,,,,home,,home,,A PIE,,1,,hora:revision,,changed,,
14664,1,1405100020209,Mujeres,27,Hogar,,4,19:18 → 21:18,,Regresar a Casa,,Su casa,,,,home,,home,,A PIE,,1,,hora:revision,,changed,,Desfase de dos horas al capturar: 19:18 se lee como 21:18. El origen se encadena con el destino del viaje 3 (Centro cultural o área recreativa en la zona del hogar).
14701,5,141240090,Mujeres,22,Empleado,,1,17:00 → 05:00,,Trabajar,,Oficina,,Su casa,,home,,1403900013641,,CAMIÓN O AUTOBÚS,,90,,hora:revision,,changed,,
14701,5,141240090,Mujeres,22,Empleado,,2,17:00 → 07:00,,Regresar a Casa,,Su casa,,,,1403900013641,,home,,CAMIÓN O AUTOBÚS,,110,,hora:revision,,changed,,Error de dígito en la hora: se reporta 17:00 y la cadena solo cierra con 07:00. El origen se encadena con el destino del viaje 1 (Oficina en 1403900013641).
14701,5,141240090,Mujeres,22,Empleado,,3,18:00,,"Compras (bienes, productos y servicios)",,"Comercio, mercado, tienda o centro comercial",,,,home,,home,,A PIE,,7,,,,,,
14701,5,141240090,Mujeres,22,Empleado,,4,18:28,,Regresar a Casa,,Su casa,,,,home,,home,,A PIE,,7,,,,,,
14717,4,1405100020196,Mujeres,21,Empleado,,1,17:03 → 05:03,,Trabajar,,Oficina,,Su casa,,home,,1403900013641,,TREN LIGERO,,127,,hora:revision,,changed,,
14717,4,1405100020196,Mujeres,21,Empleado,,2,17:01 → 07:10,,Regresar a Casa,,Su casa,,,,1403900013641,,home,,TREN LIGERO,,110,,hora:revision,,changed,,"La salida se recorre de 17:01 a 07:10, que es la hora a la que llega el viaje anterior (05:03 + 127 min de traslado): tal como estaba, el viaje empezaba antes de haber llegado. El origen se encadena con el destino del viaje 1 (Oficina en 1403900013641)."
14717,4,1405100020196,Mujeres,21,Empleado,,3,18:01,,"Compras (bienes, productos y servicios)",,Centro cultural o área recreativa,,,,home,,home,,A PIE,,12,,,,,,
14717,4,1405100020196,Mujeres,21,Empleado,,4,19:30 → 21:30,,Regresar a Casa,,Su casa,,,,home,,home,,A PIE,,12,,hora:revision,,changed,,Desfase de dos horas al capturar: 19:30 se lee como 21:30. El origen se encadena con el destino del viaje 3 (Centro cultural o área recreativa en la zona del hogar).
14729,4,1405100020213,Mujeres,35,,,1,09:00,,"Compras (bienes, productos y servicios)",,"Comercio, mercado, tienda o centro comercial",,Su casa,,home,,1403900011378,,MI MACRO,,94,,,,,,
14729,4,1405100020213,Mujeres,35,,,2,14:03,,Pagar algún servicio o al banco,,"Su casa → Comercio, mercado, tienda o centro comercial",,,,1403900011378,,1405100020196,,MI MACRO,,65,,tipo_destino:revision,,changed,,"El origen se encadena con el destino del viaje 1 (Comercio, mercado, tienda o centro comercial en 1403900011378). El tipo de destino “Su casa” no puede corresponder a una actividad; se sustituye por “Comercio, mercado, tienda o centro comercial”, tomado de otros viajes de la persona con el mismo motivo o del uso habitual del motivo “Pagar algún servicio o al banco”."
14729,4,1405100020213,Mujeres,35,,,3,19:56,,Regresar a Casa,,Su casa,,,,1405100020196,,home,,Bicicleta,,65,,,,,,
14748,2,1405100020181,Mujeres,31,Hogar,,1,09:40,,Visitar a alguien,,Otra vivienda,,Su casa,,home,,1410100010452,,CAMIÓN O AUTOBÚS,,25,,,,,,
14748,2,1405100020181,Mujeres,31,Hogar,,2,14:00,,Otros (especifique) → Regresar a Casa,,Su casa,,,,1410100010452,,home,,CAMIÓN O AUTOBÚS,,25,,motivo:revision,,changed,,"El motivo pasa de “Otros (especifique)” a Regresar a Casa: el viaje llega a “Su casa” en la zona del hogar viniendo de otra actividad, así que es el regreso y no una actividad nueva. El origen se encadena con el destino del viaje 1 (Otra vivienda en 1410100010452)."
14775,4,1405100020196,Hombres,20,Empleado,,1,18:00 → 08:00,,"Compras (bienes, productos y servicios)",,"Comercio, mercado, tienda o centro comercial",,Su casa,,home,,home,,A PIE,,5,,hora:revision,,changed,,
14775,4,1405100020196,Hombres,20,Empleado,,2,18:10 → 08:10,,Regresar a Casa,,Su casa,,,,home,,home,,A PIE,,5,,hora:revision,,changed,,"Error de dígito en la hora: se reporta 18:10 y la cadena solo cierra con 8:10. El origen se encadena con el destino del viaje 1 (Comercio, mercado, tienda o centro comercial en la zona del hogar)."
14775,4,1405100020196,Hombres,20,Empleado,,3,20:00,,Trabajar,,Fábrica o taller,,,,home,,1409800010879,,CAMIÓN O AUTOBÚS,,40,,,,,,
14775,4,1405100020196,Hombres,20,Empleado,,4,06:00,,Regresar a Casa,,Su casa,,,,1409800010879,,home,,CAMIÓN O AUTOBÚS,,50,,,hora_nocturna,,,
14780,1,1405100020196,Hombres,36,,,1,09:00,,"Compras (bienes, productos y servicios)",,"Comercio, mercado, tienda o centro comercial",,Su casa,,home,,1403900011378,,CAMIÓN O AUTOBÚS,,65,,,,,,
14780,1,1405100020196,Hombres,36,,,2,14:00,,Pagar algún servicio o al banco → Regresar a Casa,,Su casa,,,,1403900011378,,home,,CAMIÓN O AUTOBÚS,,65,,motivo:revision,,changed,,"El motivo pasa de “Pagar algún servicio o al banco” a Regresar a Casa: el viaje llega a “Su casa” en la zona del hogar viniendo de otra actividad, así que es el regreso y no una actividad nueva. El origen se encadena con el destino del viaje 1 (Comercio, mercado, tienda o centro comercial en 1403900011378)."
14813,1,1412401760160,Hombres,59,Empleado,,1,07:08,,Deportes o recreación,,Centro cultural o área recreativa,,Su casa,,home,,home,,A PIE,,7,,,,,,
14813,1,1412401760160,Hombres,59,Empleado,,2,07:22,,Regresar a Casa,,Su casa,,,,home,,home,,A PIE,,7,,,,,,
14813,1,1412401760160,Hombres,59,Empleado,,3,20:30 → 08:30,,Trabajar,,Otra vivienda,,,,home,,141240090,,AUTOMÓVIL PARTICULAR,,20,,hora:revision,,changed,,
14813,1,1412401760160,Hombres,59,Empleado,,4,15:54,,Regresar a Casa,,Su casa,,,,141240090,,home,,AUTOMÓVIL PARTICULAR,,20,,,,,,
14813,1,1412401760160,Hombres,59,Empleado,,5,17:15,,Trabajar,,Otra vivienda,,,,home,,141240090,,AUTOMÓVIL PARTICULAR,,20,,,,,,
14813,1,1412401760160,Hombres,59,Empleado,,6,16:00 → 18:00,,Regresar a Casa,,Su casa,,,,141240090,,home,,AUTOMÓVIL PARTICULAR,,20,,hora:revision,,changed,,Desfase de dos horas al capturar: 16:00 se lee como 18:00. El origen se encadena con el destino del viaje 5 (Otra vivienda en 141240090).
14867,3,141240090,Mujeres,26,Empleado,,1,09:30,,Visitar a alguien,,Otra vivienda,,Su casa,,home,,1412401760160,,CAMIÓN O AUTOBÚS,,15,,,,,,
14867,3,141240090,Mujeres,26,Empleado,,2,12:00,,Otros (especifique) → Regresar a Casa,,Su casa,,,,1412401760160,,home,,CAMIÓN O AUTOBÚS,,15,,motivo:revision,,changed,,"El motivo pasa de “Otros (especifique)” a Regresar a Casa: el viaje llega a “Su casa” en la zona del hogar viniendo de otra actividad, así que es el regreso y no una actividad nueva. El origen se encadena con el destino del viaje 1 (Otra vivienda en 1412401760160)."
14900,2,141240090,Mujeres,18,,,1,— → 09:47,,— → Trabajar,,"— → Comercio, mercado, tienda o centro comercial",,Su casa,,home,,home,,AUTOMÓVIL PARTICULAR,,13,,hora:vecinos;motivo:vecinos,,changed,,
14900,2,141240090,Mujeres,18,,,2,19:10,,Regresar a Casa,,Su casa,,,,home,,home,,AUTOMÓVIL PARTICULAR,,13,,,,,,
14900,2,141240090,Mujeres,18,,,3,— → 19:23,,— → Compras (comida),,"— → Comercio, mercado, tienda o centro comercial",,,,home,,home,,A PIE,,2,,motivo:vecinos;hora:revision,,changed,,
14900,2,141240090,Mujeres,18,,,4,18:16 → 19:25,,Otros (especifique),,Otros (especifique),,,,home,,home,,A PIE,,2,,hora:revision,fin_fuera_de_casa,changed,,"La salida se recorre de 18:16 a 19:25, que es la hora a la que llega el viaje anterior (19:23 + 2 min de traslado): tal como estaba, el viaje empezaba antes de haber llegado. El origen se encadena con el destino del viaje 3 (Comercio, mercado, tienda o centro comercial en la zona del hogar)."
14939,1,1412401760160,Mujeres,23,Empleado,,1,21:00 → 09:00,,Trabajar,,Fábrica o taller,,Su casa,,home,,1412400010175,,Transporte de personal,,30,,hora:revision,,changed,,
14939,1,1412401760160,Mujeres,23,Empleado,,2,08:00 → 20:00,,Regresar a Casa,,Su casa,,,,1412400010175,,home,,Transporte de personal,,30,,hora:revision,,changed,,Corrección AM/PM: se reporta 8:00 y por la secuencia del día corresponde a 20:00. El origen se encadena con el destino del viaje 1 (Fábrica o taller en 1412400010175).
15040,4,1407001211518,Hombres,6,Estudiante,,1,14:37,,Compras (comida),,"Comercio, mercado, tienda o centro comercial",,Su casa,,home,,home,,A PIE,,1,,,,,,
15040,4,1407001211518,Hombres,6,Estudiante,,2,14:34 → 16:34,,Regresar a Casa,,Su casa,,,,home,,home,,A PIE,,1,,hora:revision,,changed,,"Desfase de dos horas al capturar: 14:34 se lee como 16:34. El origen se encadena con el destino del viaje 1 (Comercio, mercado, tienda o centro comercial en la zona del hogar). [Undécima revisión: la decisión de chain_review se mantiene. Se tomó contra «14:34», que las reglas del 26 de septiembre de 2026 dan ahora como «14:38».]"
15049,5,1410100261709,Mujeres,11,Estudiante,,1,09:02,,Visitar a alguien,,Otra vivienda,,Su casa,,home,,1405100020181,,A PIE,,27,,,,,,
15049,5,1410100261709,Mujeres,11,Estudiante,,2,19:04,,Regresar a Casa → Trabajar,,Su casa,,,,home → 1405100020181,,1410100260683,,A PIE,,10,,motivo:revision;origen:revision,actividad_en_casa,changed,,"El motivo pasa de Regresar a Casa a “Trabajar”: la persona ya estaba en casa y el viaje va hacia la AGEB 1410100260683, de modo que es un viaje de ida y no el regreso. La AGEB de origen pasa de la zona del hogar a 1405100020181; el origen se encadena con el destino del viaje 1 (Otra vivienda en 1405100020181)."
15049,5,1410100261709,Mujeres,11,Estudiante,,3,18:31 → 20:31,,Regresar a Casa,,Su casa,,,,1410100260683,,home,,A PIE,,10,,hora:-10h+12h,,changed,,
15072,4,1410100261709,Mujeres,10,Estudiante,,1,09:00,,Visitar a alguien,,Otra vivienda,,Su casa,,home,,1405100020181,,CAMIÓN O AUTOBÚS,,12,,,,,,
15072,4,1410100261709,Mujeres,10,Estudiante,,2,18:05,,Regresar a Casa,,Su casa,,,,home → 1405100020181,,home,,A PIE,,4,,origen:revision,,changed,,La AGEB de origen pasa de la zona del hogar a 1405100020181; el origen se encadena con el destino del viaje 1 (Otra vivienda en 1405100020181).
15072,4,1410100261709,Mujeres,10,Estudiante,,3,18:17,,Regresar a Casa,,Su casa,,Su casa,,home,,home,,A PIE,,4,,,,dropped,,
15078,1,1410100312317,Mujeres,64,Hogar,,1,09:00,,Compras (comida),,"Comercio, mercado, tienda o centro comercial",,Su casa,,home,,141011963,,A PIE,,10,,,,,,
15078,1,1410100312317,Mujeres,64,Hogar,,2,09:20,,Regresar a Casa → Compras (comida),,Su casa,,,,141011963,,1410101892660,,A PIE,,15,,motivo:revision,actividad_en_casa,changed,,"El motivo pasa de Regresar a Casa a “Compras (comida)”: la persona ya estaba en casa y el viaje va hacia la AGEB 1410101892660, de modo que es un viaje de ida y no el regreso. El origen se encadena con el destino del viaje 1 (Comercio, mercado, tienda o centro comercial en 141011963)."
15078,1,1410100312317,Mujeres,64,Hogar,,3,16:00,,"Compras (bienes, productos y servicios)",,"Comercio, mercado, tienda o centro comercial",,,,1410101892660,,141011963,,A PIE,,15,,,,,,
15078,1,1410100312317,Mujeres,64,Hogar,,4,16:20,,Regresar a Casa,,Su casa,,,,141011963,,home,,A PIE,,15,,,,,,
15079,4,1410100312321,Hombres,14,Estudiante,,1,07:20,,Estudiar,,Escuela,,Su casa,,home,,1407001211518,,A PIE,,20,,,,,,
15079,4,1410100312321,Hombres,14,Estudiante,,2,02:00 → 12:00,,Regresar a Casa,,Su casa,,,,1407001211518,,home,,A PIE,,20,,hora:revision,,changed,,Error de dígito en la hora: se reporta 2:00 y la cadena solo cierra con 12:00. El origen se encadena con el destino del viaje 1 (Escuela en 1407001211518).
15079,4,1410100312321,Hombres,14,Estudiante,,3,10:00 → 12:20,,Compras (comida),,"Comercio, mercado, tienda o centro comercial",,,,home,,home,,A PIE,,1,,hora:revision,,changed,,
15079,4,1410100312321,Hombres,14,Estudiante,,4,18:17 → 20:17,,Regresar a Casa,,Su casa,,,,home,,home,,A PIE,,1,,hora:revision,,changed,,"Desfase de dos horas al capturar: 18:17 se lee como 20:17. El origen se encadena con el destino del viaje 3 (Comercio, mercado, tienda o centro comercial en la zona del hogar)."
15140,6,1410100312317,Hombres,14,Estudiante,,1,07:16,,"Compras (bienes, productos y servicios)",,"Comercio, mercado, tienda o centro comercial",,Su casa,,home,,1410101902374,,A PIE,,8,,,,,,
15140,6,1410100312317,Hombres,14,Estudiante,,2,07:32,,Regresar a Casa,,Su casa,,,,1410101902374,,home,,A PIE,,8,,,,,,
15140,6,1410100312317,Hombres,14,Estudiante,,3,13:30,,Estudiar,,Escuela,,,,home,,1407001211518,,A PIE,,20,,,,,,
15140,6,1410100312317,Hombres,14,Estudiante,,4,20:00,,Compras (comida),,"Comercio, mercado, tienda o centro comercial",,,,home → 1407001211518,,home,,A PIE,,2,,origen:revision,,changed,,La AGEB de origen pasa de la zona del hogar a 1407001211518; el origen se encadena con el destino del viaje 3 (Escuela en 1407001211518).
15140,6,1410100312317,Hombres,14,Estudiante,,5,20:06,,Regresar a Casa,,Su casa,,,,home,,home,,A PIE,,2,,,,,,
15183,2,1410100312317,Mujeres,23,Empleado,,1,20:00 → 08:00,,Trabajar,,Oficina,,Su casa,,home,,1403900013976,,CAMIÓN O AUTOBÚS,,100,,hora:revision,,changed,,
15183,2,1410100312317,Mujeres,23,Empleado,,2,06:30 → 18:30,,Regresar a Casa,,Su casa,,,,1403900013976,,home,,CAMIÓN O AUTOBÚS,,120,,hora:revision,,changed,,Corrección AM/PM: se reporta 6:30 y por la secuencia del día corresponde a 18:30. El origen se encadena con el destino del viaje 1 (Oficina en 1403900013976).
15216,2,1410100312317,Mujeres,40,Trabajador independiente,,1,10:00,,Trabajar,,Otra vivienda,,Su casa,,home,,1409700150960,,AUTOMÓVIL PARTICULAR,,15,,,,,,
15216,2,1410100312317,Mujeres,40,Trabajador independiente,,2,09:35 → 10:15,,Regresar a Casa,,Su casa,,,,1409700150960,,home,,AUTOMÓVIL PARTICULAR,,15,,hora:revision,,changed,,"La salida se recorre de 9:35 a 10:15, que es la hora a la que llega el viaje anterior (10:00 + 15 min de traslado): tal como estaba, el viaje empezaba antes de haber llegado. El origen se encadena con el destino del viaje 1 (Otra vivienda en 1409700150960)."
15216,2,1410100312317,Mujeres,40,Trabajador independiente,,3,11:22,,Trabajar,,Otra vivienda,,,,home,,1409700150960,,AUTOMÓVIL PARTICULAR,,15,,,,,,
15216,2,1410100312317,Mujeres,40,Trabajador independiente,,4,11:00 → 21:00,,Regresar a Casa,,Su casa,,,,1409700150960,,home,,AUTOMÓVIL PARTICULAR,,15,,hora:revision,,changed,,Error de dígito en la hora: se reporta 11:00 y la cadena solo cierra con 21:00. El origen se encadena con el destino del viaje 3 (Otra vivienda en 1409700150960).
15229,4,1407001211518,Hombres,29,Empleado,,1,07:23,,Compras (comida),,"Restaurante, bar, cafetería",,Su casa,,home,,home,,A PIE,,6,,,,,,
15229,4,1407001211518,Hombres,29,Empleado,,2,07:33,,Regresar a Casa,,Su casa,,,,home,,home,,A PIE,,6,,,,,,
15229,4,1407001211518,Hombres,29,Empleado,,3,18:00 → 08:00,,Trabajar,,Otra vivienda,,,,home,,1410100312321,,A PIE,,20,,hora:revision,,changed,,
15229,4,1407001211518,Hombres,29,Empleado,,4,23:30 → 11:30,,Regresar a Casa,,Su casa,,,,1410100312321,,home,,A PIE,,20,,hora:revision,,changed,,Corrección AM/PM: se reporta 23:30 y por la secuencia del día corresponde a 11:30. El origen se encadena con el destino del viaje 3 (Otra vivienda en 1410100312321).
15229,4,1407001211518,Hombres,29,Empleado,,5,12:30,,Trabajar,,Otra vivienda,,,,home,,1410100312321,,A PIE,,20,,,,,,
15229,4,1407001211518,Hombres,29,Empleado,,6,17:00,,Regresar a Casa,,Su casa,,,,1410100312321,,home,,A PIE,,20,,,,,,
15232,1,1410100312317,Mujeres,48,Empleado,,1,12:00 → 00:00,,Trabajar,,Otra vivienda,,Su casa,,home,,1409800010879,,AUTOMÓVIL PARTICULAR,,45,,hora:revision,,changed,,
15232,1,1410100312317,Mujeres,48,Empleado,,2,11:54,,Regresar a Casa,,Su casa,,,,1409800010879,,home,,AUTOMÓVIL PARTICULAR,,45,,,,,,
15232,1,1410100312317,Mujeres,48,Empleado,,3,13:10,,Trabajar,,Otra vivienda,,,,home,,1409800010879,,AUTOMÓVIL PARTICULAR,,45,,,,,,
15232,1,1410100312317,Mujeres,48,Empleado,,4,14:00 → 16:00,,Regresar a Casa,,Su casa,,,,1409800010879,,home,,AUTOMÓVIL PARTICULAR,,45,,hora:revision,,changed,,Desfase de dos horas al capturar: 14:00 se lee como 16:00. El origen se encadena con el destino del viaje 3 (Otra vivienda en 1409800010879).
15244,3,1410100260698,Hombres,46,Patrón o empresario,,1,18:00 → 08:00,,Trabajar,,"Comercio, mercado, tienda o centro comercial",,Su casa,,home,,home,,A PIE,,10,,hora:revision,,changed,,
15244,3,1410100260698,Hombres,46,Patrón o empresario,,2,01:30 → 13:30,,Regresar a Casa,,Su casa,,,,home,,home,,A PIE,,10,,hora:revision,,changed,,"Corrección AM/PM: se reporta 1:30 y por la secuencia del día corresponde a 13:30. El origen se encadena con el destino del viaje 1 (Comercio, mercado, tienda o centro comercial en la zona del hogar)."
15244,4,1410100260698,Hombres,21,Empleado,,1,18:00 → 08:00,,Trabajar,,"Comercio, mercado, tienda o centro comercial",,Su casa,,home,,home,,A PIE,,10,,hora:revision,,changed,,
15244,4,1410100260698,Hombres,21,Empleado,,2,01:30 → 13:00,,Regresar a Casa,,Su casa,,,,home,,home,,A PIE,,10,,hora:revision,,changed,,"La hora de salida pasa de 1:30 a 13:00 para que el viaje ocurra después de la llegada del anterior. El origen se encadena con el destino del viaje 1 (Comercio, mercado, tienda o centro comercial en la zona del hogar)."
15291,5,1412000010617,Hombres,34,,,1,08:21,,"Compras (bienes, productos y servicios)",,"Comercio, mercado, tienda o centro comercial",,Su casa,,home,,1412000015942,,A PIE,,8,,,,,,
15291,5,1412000010617,Hombres,34,,,2,08:32,,Regresar a Casa,,Su casa,,,,1412000015942,,home,,A PIE,,8,,,,,,
15291,5,1412000010617,Hombres,34,,,3,11:01,,Deportes o recreación,,Centro cultural o área recreativa,,,,home,,1412000014060,,A PIE,,10,,,,,,
15291,5,1412000010617,Hombres,34,,,4,15:26,,Otros (especifique) → Regresar a Casa,,Su casa,,,,1412000014060,,home,,A PIE,,10,,motivo:revision,,changed,,"El motivo pasa de “Otros (especifique)” a Regresar a Casa: el viaje llega a “Su casa” en la zona del hogar viniendo de otra actividad, así que es el regreso y no una actividad nueva. El origen se encadena con el destino del viaje 3 (Centro cultural o área recreativa en 1412000014060)."
15291,5,1412000010617,Hombres,34,,,5,19:58,,Regresar a Casa,,Su casa,,,,home,,home,,A PIE,,10,,,regreso_en_casa,,,
15295,1,1412002434713,Mujeres,48,Hogar,,1,09:15,,Compras (comida),,"Comercio, mercado, tienda o centro comercial",,Su casa,,home,,1412002434709,,A PIE,,5,,,,,,
15295,1,1412002434713,Mujeres,48,Hogar,,2,09:00 → 19:00,,Regresar a Casa,,Su casa,,,,1412002434709,,home,,A PIE,,5,,hora:revision,,changed,,"Error de dígito en la hora: se reporta 9:00 y la cadena solo cierra con 19:00. El origen se encadena con el destino del viaje 1 (Comercio, mercado, tienda o centro comercial en 1412002434709)."
15295,1,1412002434713,Mujeres,48,Hogar,,3,18:22 → 20:22,,"Compras (bienes, productos y servicios)",,Centro cultural o área recreativa,,,,home,,home,,A PIE,,12,,hora:revision,,changed,,
15295,1,1412002434713,Mujeres,48,Hogar,,4,19:23 → 21:23,,Regresar a Casa,,Su casa,,,,home,,home,,A PIE,,12,,hora:revision,,changed,,Desfase de dos horas al capturar: 19:23 se lee como 21:23. El origen se encadena con el destino del viaje 3 (Centro cultural o área recreativa en la zona del hogar).
15298,1,1412000010617,Hombres,41,,,1,07:11,,"Compras (bienes, productos y servicios)",,"Comercio, mercado, tienda o centro comercial",,Su casa,,home,,home,,A PIE,,5,,,,,,
15298,1,1412000010617,Hombres,41,,,2,07:21,,Regresar a Casa,,Su casa,,,,home,,home,,A PIE,,5,,,,,,
15298,1,1412000010617,Hombres,41,,,3,11:00,,Deportes o recreación,,Centro cultural o área recreativa,,,,home,,1412000014060,,A PIE,,10,,,,,,
15298,1,1412000010617,Hombres,41,,,4,15:30,,Pagar algún servicio o al banco → Regresar a Casa,,Su casa,,,,1412000014060,,home,,A PIE,,10,,motivo:revision,,changed,,"El motivo pasa de “Pagar algún servicio o al banco” a Regresar a Casa: el viaje llega a “Su casa” en la zona del hogar viniendo de otra actividad, así que es el regreso y no una actividad nueva. El origen se encadena con el destino del viaje 3 (Centro cultural o área recreativa en 1412000014060)."
15298,1,1412000010617,Hombres,41,,,5,19:20,,Regresar a Casa,,Su casa,,,,home,,home,,A PIE,,10,,,regreso_en_casa,,,
15298,4,1412000010617,Hombres,21,,,1,11:00,,Deportes o recreación,,Centro cultural o área recreativa,,Su casa,,home,,1412000014060,,A PIE,,10,,,,,,
15298,4,1412000010617,Hombres,21,,,2,15:30,,Otros (especifique) → Regresar a Casa,,Su casa,,,,1412000014060,,home,,A PIE,,10,,motivo:revision,,changed,,"El motivo pasa de “Otros (especifique)” a Regresar a Casa: el viaje llega a “Su casa” en la zona del hogar viniendo de otra actividad, así que es el regreso y no una actividad nueva. El origen se encadena con el destino del viaje 1 (Centro cultural o área recreativa en 1412000014060)."
15298,4,1412000010617,Hombres,21,,,3,19:05,,Regresar a Casa,,Su casa,,,,home,,home,,A PIE,,10,,,regreso_en_casa,,,
15334,3,1412001395995,Hombres,42,Trabajador independiente,,1,07:16,,Compras (comida),,"Comercio, mercado, tienda o centro comercial",,Su casa,,home,,home,,A PIE,,8,,,,,,
15334,3,1412001395995,Hombres,42,Trabajador independiente,,2,07:34,,Regresar a Casa,,Su casa,,,,home,,home,,A PIE,,8,,,,,,
15334,3,1412001395995,Hombres,42,Trabajador independiente,,3,20:00 → 08:00,,Trabajar,,Fábrica o taller,,,,home,,1412000016813,,AUTOMÓVIL PARTICULAR,,40,,hora:revision,,changed,,
15334,3,1412001395995,Hombres,42,Trabajador independiente,,4,18:40,,Regresar a Casa,,Su casa,,,,1412000016813,,home,,AUTOMÓVIL PARTICULAR,,40,,,,,,
15334,3,1412001395995,Hombres,42,Trabajador independiente,,5,20:23,,Trabajar,,Fábrica o taller,,,,home,,1412000016813,,AUTOMÓVIL PARTICULAR,,40,,,,,,
15334,3,1412001395995,Hombres,42,Trabajador independiente,,6,20:00 → 21:03,,Regresar a Casa,,Su casa,,,,1412000016813,,home,,AUTOMÓVIL PARTICULAR,,40,,hora:revision,,changed,,"La salida se recorre de 20:00 a 21:03, que es la hora a la que llega el viaje anterior (20:23 + 40 min de traslado): tal como estaba, el viaje empezaba antes de haber llegado. El origen se encadena con el destino del viaje 5 (Fábrica o taller en 1412000016813)."
15341,1,1409700340250,Hombres,38,Empleado,,1,07:00,,Trabajar,,"Comercio, mercado, tienda o centro comercial",,Su casa,,1409708441687 → home,,1409708441687,,MOTOCICLETA,,20,,origen:copia,,changed,,
15341,1,1409700340250,Hombres,38,Empleado,,2,17:00,,Trabajar → Regresar a Casa,,Su casa,,,,1409708441687,,home,,MOTOCICLETA,,20,,motivo:revision,,changed,,"El motivo pasa de “Trabajar” a Regresar a Casa: el viaje llega a “Su casa” en la zona del hogar viniendo de otra actividad, así que es el regreso y no una actividad nueva. El origen se encadena con el destino del viaje 1 (Comercio, mercado, tienda o centro comercial en 1409708441687)."
15341,1,1409700340250,Hombres,38,Empleado,,3,19:12,,Regresar a Casa,,Su casa,,,,home,,home,,MOTOCICLETA,,20,,,regreso_en_casa,,,
15342,2,141240090,Hombres,94,Jubilado o pensionado,,1,09:30,,Compras (comida),,"Comercio, mercado, tienda o centro comercial",,Su casa,,home,,home,,A PIE,,5,,,,,,
15342,2,141240090,Hombres,94,Jubilado o pensionado,,2,09:15 → 09:35,,Regresar a Casa,,Su casa,,,,home,,home,,A PIE,,5,,hora:revision,,changed,,"La salida se recorre de 9:15 a 09:35, que es la hora a la que llega el viaje anterior (9:30 + 5 min de traslado): tal como estaba, el viaje empezaba antes de haber llegado. El origen se encadena con el destino del viaje 1 (Comercio, mercado, tienda o centro comercial en la zona del hogar)."
15342,2,141240090,Hombres,94,Jubilado o pensionado,,3,16:00,,Visitar a alguien,,Otra vivienda,,,,home,,home,,A PIE,,5,,,,,,
15342,2,141240090,Hombres,94,Jubilado o pensionado,,4,18:07,,Regresar a Casa,,Su casa,,,,home,,home,,A PIE,,5,,,,,,
15347,1,141200142,Hombres,37,Trabajador independiente,,1,07:00,,"Compras (bienes, productos y servicios)",,"Comercio, mercado, tienda o centro comercial",,Su casa,,home,,1412001395980,,AUTOMÓVIL PARTICULAR,,15,,,,,,
15347,1,141200142,Hombres,37,Trabajador independiente,,2,08:10,,Otros (especifique) → Regresar a Casa,,Su casa,,,,1412001395980,,home,,AUTOMÓVIL PARTICULAR,,15,,motivo:revision,,changed,,"El motivo pasa de “Otros (especifique)” a Regresar a Casa: el viaje llega a “Su casa” en la zona del hogar viniendo de otra actividad, así que es el regreso y no una actividad nueva. El origen se encadena con el destino del viaje 1 (Comercio, mercado, tienda o centro comercial en 1412001395980)."
15347,1,141200142,Hombres,37,Trabajador independiente,,3,19:34,,Regresar a Casa,,Su casa,,,,home,,home,,AUTOMÓVIL PARTICULAR,,15,,,regreso_en_casa,,,
15356,1,1412001395995,Hombres,52,Trabajador independiente,,1,08:30,,Trabajar,,Otra vivienda,,Su casa,,home,,1412002313838,,MOTOCICLETA,,25,,,,,,
15356,1,1412001395995,Hombres,52,Trabajador independiente,,2,07:00 → 08:55,,Regresar a Casa,,Su casa,,,,1412002313838,,home,,MOTOCICLETA,,30,,hora:revision,,changed,,"La salida se recorre de 7:00 a 08:55, que es la hora a la que llega el viaje anterior (8:30 + 25 min de traslado): tal como estaba, el viaje empezaba antes de haber llegado. El origen se encadena con el destino del viaje 1 (Otra vivienda en 1412002313838)."
15356,1,1412001395995,Hombres,52,Trabajador independiente,,3,13:00,,Trabajar,,Otra vivienda,,,,home,,home,,A PIE,,14,,,,,,
15356,1,1412001395995,Hombres,52,Trabajador independiente,,4,18:24,,Regresar a Casa,,Su casa,,,,home,,home,,A PIE,,14,,,,,,
15423,1,141200142,Mujeres,41,Empleado,,1,07:30,,Trabajar,,"Comercio, mercado, tienda o centro comercial",,Su casa,,home,,1412000016739,,AUTOMÓVIL PARTICULAR,,35,,,,,,
15423,1,141200142,Mujeres,41,Empleado,,2,17:50 → 08:05,,Regresar a Casa,,Su casa,,,,1412000016739,,home,,CAMIÓN O AUTOBÚS,,35,,hora:-10h;hora:llegada,,changed,,
15423,1,141200142,Mujeres,41,Empleado,,3,18:00,,"Compras (bienes, productos y servicios)",,"Comercio, mercado, tienda o centro comercial",,,,home,,home,,A PIE,,10,,,,,,
15423,1,141200142,Mujeres,41,Empleado,,4,18:18 → 20:18,,Regresar a Casa,,Su casa,,,,home,,home,,A PIE,,10,,hora:revision,,changed,,"Desfase de dos horas al capturar: 18:18 se lee como 20:18. El origen se encadena con el destino del viaje 3 (Comercio, mercado, tienda o centro comercial en la zona del hogar)."
15460,2,141200142,Mujeres,31,Trabajador independiente,,1,10:30,,Trabajar,,Otra vivienda,,Su casa,,home,,home,,AUTOMÓVIL PARTICULAR,,15,,,,,,
15460,2,141200142,Mujeres,31,Trabajador independiente,,2,09:36 → 10:45,,Regresar a Casa,,Su casa,,,,home,,home,,AUTOMÓVIL PARTICULAR,,10,,hora:revision,,changed,,"La salida se recorre de 9:36 a 10:45, que es la hora a la que llega el viaje anterior (10:30 + 15 min de traslado): tal como estaba, el viaje empezaba antes de haber llegado. El origen se encadena con el destino del viaje 1 (Otra vivienda en la zona del hogar)."
15460,2,141200142,Mujeres,31,Trabajador independiente,,3,11:26,,Trabajar,,Otra vivienda,,,,home,,home,,AUTOMÓVIL PARTICULAR,,15,,,,,,
15460,2,141200142,Mujeres,31,Trabajador independiente,,4,11:10 → 21:10,,Regresar a Casa,,Su casa,,,,home,,home,,AUTOMÓVIL PARTICULAR,,10,,hora:revision,,changed,,Error de dígito en la hora: se reporta 11:10 y la cadena solo cierra con 21:10. El origen se encadena con el destino del viaje 3 (Otra vivienda en la zona del hogar).
15467,3,1410100011554,Mujeres,11,Estudiante,,1,08:04,,Deportes o recreación,,Otra vivienda,,Su casa,,home,,1410100011516,,AUTOMÓVIL PARTICULAR,,30 → 10,,minutos:revision,,changed,,
15467,3,1410100011554,Mujeres,11,Estudiante,,2,08:07 → 08:34,,Regresar a Casa,,Su casa,,,,1410100011516,,home,,AUTOMÓVIL PARTICULAR,,30 → 10,,hora:revision;minutos:revision,,changed,,"La salida se recorre de 8:07 a 08:34, que es la hora a la que llega el viaje anterior (8:04 + 30 min de traslado): tal como estaba, el viaje empezaba antes de haber llegado. El origen se encadena con el destino del viaje 1 (Otra vivienda en 1410100011516). Novena revisión: 30 min en AUTOMÓVIL PARTICULAR para 0.9 km en línea recta es más del doble de lo que la encuesta suele reportar para ese modo a esa distancia (10 min, la mediana de 1718 viajes): los minutos son el error, no la hora. Con 10 min llega a las 08:44 y el viaje siguiente sale a las 14:07, 323 min después. Es el mismo recorrido, en el mismo modo, que otro viaje del día cuyos minutos chocaban con la salida siguiente."
15467,3,1410100011554,Mujeres,11,Estudiante,,3,14:07,,Compras (comida),,Centro cultural o área recreativa,,,,home,,home,,A PIE,,8,,,,,,
15467,3,1410100011554,Mujeres,11,Estudiante,,4,19:20,,Regresar a Casa,,Su casa,,,,home,,home,,A PIE,,8,,,,,,
15482,3,1407001111363,Hombres,28,Empleado,,1,20:00 → 08:00,,Trabajar,,Fábrica o taller,,Su casa,,home,,1409701150890,,CAMIÓN O AUTOBÚS,,18,,hora:revision,,changed,,
15482,3,1407001111363,Hombres,28,Empleado,,2,08:00 → 20:00,,Regresar a Casa,,Su casa,,,,1409701150890,,home,,CAMIÓN O AUTOBÚS,,20,,hora:revision,,changed,,Corrección AM/PM: se reporta 8:00 y por la secuencia del día corresponde a 20:00. El origen se encadena con el destino del viaje 1 (Fábrica o taller en 1409701150890).
15485,1,1410100011554,Mujeres,31,Hogar,,1,07:40,,Llevar o recoger a alguien,,Escuela,,Su casa,,home,,1410100011588,,A PIE,,5,,,,,,
15485,1,1410100011554,Mujeres,31,Hogar,,2,08:00,,Regresar a Casa,,Su casa,,,,1410100011588,,home,,A PIE,,5,,,,,,
15485,1,1410100011554,Mujeres,31,Hogar,,3,09:30,,Compras (comida),,"Comercio, mercado, tienda o centro comercial",,,,home,,1410100011588,,A PIE,,5,,,,,,
15485,1,1410100011554,Mujeres,31,Hogar,,4,09:15 → 21:15,,Regresar a Casa,,Su casa,,,,1410100011588,,home,,A PIE,,5,,hora:revision,,changed,,"Corrección AM/PM: se reporta 9:15 y por la secuencia del día corresponde a 21:15. El origen se encadena con el destino del viaje 3 (Comercio, mercado, tienda o centro comercial en 1410100011588)."
15485,1,1410100011554,Mujeres,31,Hogar,,5,11:40 → 23:40,,Llevar o recoger a alguien,,Escuela,,,,home,,1410100011588,,A PIE,,5,,hora:revision,,changed,,
15485,1,1410100011554,Mujeres,31,Hogar,,6,12:00 → 00:00,,Regresar a Casa,,Su casa,,,,1410100011588,,home,,A PIE,,5,,hora:revision,hora_nocturna,changed,,Corrección AM/PM: se reporta 12:00 y por la secuencia del día corresponde a 00:00. El origen se encadena con el destino del viaje 5 (Escuela en 1410100011588).
15540,2,1410100011588,Hombres,48,Empleado,,1,07:20,,Trabajar,,Oficina,,Su casa,,home,,1410100010946,,AUTOMÓVIL PARTICULAR,,15,,,,,,
15540,2,1410100011588,Hombres,48,Empleado,,2,16:00,,Trabajar → Regresar a Casa,,Su casa,,,,1410100010946,,home,,AUTOMÓVIL PARTICULAR,,15,,motivo:revision,,changed,,"El motivo pasa de “Trabajar” a Regresar a Casa: el viaje llega a “Su casa” en la zona del hogar viniendo de otra actividad, así que es el regreso y no una actividad nueva. El origen se encadena con el destino del viaje 1 (Oficina en 1410100010946)."
15540,2,1410100011588,Hombres,48,Empleado,,3,19:12,,Regresar a Casa,,Su casa,,,,home,,home,,AUTOMÓVIL PARTICULAR,,15,,,regreso_en_casa,,,
15609,1,1410100272340,Mujeres,53,,,1,07:40,,Llevar o recoger a alguien,,Escuela,,Su casa,,home,,1410100272355,,A PIE,,15,,,,,,
15609,1,1410100272340,Mujeres,53,,,2,20:00 → 08:00,,Regresar a Casa,,Su casa,,,,1410100272355,,home,,A PIE,,15,,hora:revision,,changed,,Corrección AM/PM: se reporta 20:00 y por la secuencia del día corresponde a 08:00. El origen se encadena con el destino del viaje 1 (Escuela en 1410100272355).
15609,1,1410100272340,Mujeres,53,,,3,12:15,,Llevar o recoger a alguien,,Escuela,,,,home,,1410100272355,,A PIE,,15,,,,,,
15609,1,1410100272340,Mujeres,53,,,4,12:40,,Regresar a Casa,,Su casa,,,,1410100272355,,home,,A PIE,,15,,,,,,
15615,1,1410100011554,Hombres,30,,,1,06:00,,Regresar a Casa,,Su casa,,Fábrica o taller,,1409704241761,,home,,Transporte de personal,,50,,,inicio_fuera_de_casa,,,
15615,1,1410100011554,Hombres,30,,,2,11:01,,Regresar a Casa,,Su casa,,Fábrica o taller,,home,,1409704241761,,Transporte de personal,,50,,,,dropped,,"El renglón se descarta: duplica el regreso a casa del viaje anterior, no es un viaje."
15615,1,1410100011554,Hombres,30,,,3,— → 19:13,,— → Compras (comida),,"— → Comercio, mercado, tienda o centro comercial",,,,1409704241761 → home,,1409704241776,,A PIE,,9,,hora:vecinos;motivo:vecinos;origen:casa,,changed,,
15615,1,1410100011554,Hombres,30,,,4,19:29,,Regresar a Casa → Trabajar,,Su casa,,,,1409704241776,,1409704241761,,A PIE,,9,,motivo:revision,fin_fuera_de_casa;actividad_en_casa,changed,,"El motivo pasa de Regresar a Casa a “Trabajar”: la persona ya estaba en casa y el viaje va hacia la AGEB 1409704241761, de modo que es un viaje de ida y no el regreso. El origen se encadena con el destino del viaje 3 (Comercio, mercado, tienda o centro comercial en 1409704241776)."
15627,1,1410100272355,Mujeres,26,,,1,07:40,,Llevar o recoger a alguien,,Escuela,,Su casa,,home,,home,,A PIE,,15,,,,,,
15627,1,1410100272355,Mujeres,26,,,2,20:00 → 08:00,,Regresar a Casa,,Su casa,,,,home,,home,,A PIE,,15,,hora:revision,,changed,,Corrección AM/PM: se reporta 20:00 y por la secuencia del día corresponde a 08:00. El origen se encadena con el destino del viaje 1 (Escuela en la zona del hogar).
15627,1,1410100272355,Mujeres,26,,,3,12:15,,Llevar o recoger a alguien,,Escuela,,,,home,,home,,A PIE,,15,,,,,,
15627,1,1410100272355,Mujeres,26,,,4,12:40,,Regresar a Casa,,Su casa,,,,home,,home,,A PIE,,15,,,,,,
15633,2,141010027236A,Mujeres,47,Empleado,,1,08:00,,Trabajar,,"Comercio, mercado, tienda o centro comercial",,Su casa,,home,,1410100272355,,A PIE,,15,,,,,,
15633,2,141010027236A,Mujeres,47,Empleado,,2,09:00,,Otros (especifique) → Regresar a Casa,,Su casa,,,,1410100272355,,home,,CAMIÓN O AUTOBÚS,,15,,motivo:revision,,changed,,"El motivo pasa de “Otros (especifique)” a Regresar a Casa: el viaje llega a “Su casa” en la zona del hogar viniendo de otra actividad, así que es el regreso y no una actividad nueva. El origen se encadena con el destino del viaje 1 (Comercio, mercado, tienda o centro comercial en 1410100272355)."
15636,1,1410100011573,Hombres,33,Empleado,,1,06:30,,Trabajar,,Fábrica o taller,,Su casa,,home,,1410100011200,,AUTOMÓVIL PARTICULAR,,35,,,,,,
15636,1,1410100011573,Hombres,33,Empleado,,2,17:45,,Otros (especifique) → Regresar a Casa,,Su casa,,,,1410100011200,,home,,AUTOMÓVIL PARTICULAR,,38,,motivo:revision,,changed,,"El motivo pasa de “Otros (especifique)” a Regresar a Casa: el viaje llega a “Su casa” en la zona del hogar viniendo de otra actividad, así que es el regreso y no una actividad nueva. El origen se encadena con el destino del viaje 1 (Fábrica o taller en 1410100011200)."
15636,1,1410100011573,Hombres,33,Empleado,,3,20:50,,Regresar a Casa,,Su casa,,,,home,,home,,AUTOMÓVIL PARTICULAR,,38,,,regreso_en_casa,,,
15646,4,1410100272336,Hombres,17,Estudiante,,1,06:40,,Estudiar,,Escuela,,Su casa,,home,,1410100011573,,CAMIÓN O AUTOBÚS,,10,,,,,,
15646,4,1410100272336,Hombres,17,Estudiante,,2,13:15,,Otros (especifique) → Regresar a Casa,,Su casa,,,,1410100011573,,home,,CAMIÓN O AUTOBÚS,,10,,motivo:revision,,changed,,"El motivo pasa de “Otros (especifique)” a Regresar a Casa: el viaje llega a “Su casa” en la zona del hogar viniendo de otra actividad, así que es el regreso y no una actividad nueva. El origen se encadena con el destino del viaje 1 (Escuela en 1410100011573)."
15649,2,1410100011573,Hombres,46,Empleado,,1,20:30 → 08:30,,Compras (comida),,"Comercio, mercado, tienda o centro comercial",,Su casa,,home,,home,,A PIE,,3,,hora:revision,,changed,,
15649,2,1410100011573,Hombres,46,Empleado,,2,20:40 → 08:40,,Regresar a Casa,,Su casa,,,,home,,home,,A PIE,,3,,hora:revision,,changed,,"Corrección AM/PM: se reporta 20:40 y por la secuencia del día corresponde a 08:40. El origen se encadena con el destino del viaje 1 (Comercio, mercado, tienda o centro comercial en la zona del hogar)."
15649,2,1410100011573,Hombres,46,Empleado,,3,21:00 → 09:00,,Trabajar,,Fábrica o taller,,,,home,,1412000016758,,Transporte de personal,,120,,hora:revision,,changed,,
15649,2,1410100011573,Hombres,46,Empleado,,4,07:00 → 19:00,,Regresar a Casa,,Su casa,,,,1412000016758,,home,,Transporte de personal,,120,,hora:revision,,changed,,Corrección AM/PM: se reporta 7:00 y por la secuencia del día corresponde a 19:00. El origen se encadena con el destino del viaje 3 (Fábrica o taller en 1412000016758).
15653,2,141010027236A,Mujeres,28,Empleado,,1,07:20,,Trabajar,,"Comercio, mercado, tienda o centro comercial",,Su casa,,home,,1403900011378,,CAMIÓN O AUTOBÚS,,40,,,,,,
15653,2,141010027236A,Mujeres,28,Empleado,,2,18:00,,Estudiar → Regresar a Casa,,Su casa,,,,1403900011378,,home,,CAMIÓN O AUTOBÚS,,40,,motivo:revision,,changed,,"El motivo pasa de “Estudiar” a Regresar a Casa: el viaje llega a “Su casa” en la zona del hogar viniendo de otra actividad, así que es el regreso y no una actividad nueva. El origen se encadena con el destino del viaje 1 (Comercio, mercado, tienda o centro comercial en 1403900011378)."
15681,3,1410100272336,Hombres,21,,,1,07:40,,Llevar o recoger a alguien,,Escuela,,Su casa,,home,,1410100272355,,A PIE,,5,,,,,,
15681,3,1410100272336,Hombres,21,,,2,07:45,,Regresar a Casa,,Su casa,,,,1410100272355,,home,,A PIE,,5,,,,,,
15681,3,1410100272336,Hombres,21,,,3,12:10,,Llevar o recoger a alguien,,Escuela,,,,home,,1410100272355,,A PIE,,5,,,,,,
15681,3,1410100272336,Hombres,21,,,4,12:15,,Otros (especifique) → Regresar a Casa,,Su casa,,,,1410100272355,,home,,A PIE,,5,,motivo:revision,,changed,,"El motivo pasa de “Otros (especifique)” a Regresar a Casa: el viaje llega a “Su casa” en la zona del hogar viniendo de otra actividad, así que es el regreso y no una actividad nueva. El origen se encadena con el destino del viaje 3 (Escuela en 1410100272355)."
15681,3,1410100272336,Hombres,21,,,5,20:15,,Regresar a Casa,,Su casa,,,,home,,home,,A PIE,,5,,,regreso_en_casa,,,
15692,2,1410100011573,Mujeres,27,Hogar,,1,08:43,,Llevar o recoger a alguien,,Escuela,,Su casa,,home,,home,,A PIE,,10,,,,,,
15692,2,1410100011573,Mujeres,27,Hogar,,2,18:13,,Regresar a Casa,,Su casa,,,,home,,home,,AUTOMÓVIL PARTICULAR,,5,,,,,,
15692,2,1410100011573,Mujeres,27,Hogar,,3,11:14 → 23:14,,Compras (comida),,"Comercio, mercado, tienda o centro comercial",,,,home,,1410100011588,,AUTOMÓVIL PARTICULAR,,13,,hora:revision,,changed,,
15692,2,1410100011573,Mujeres,27,Hogar,,4,12:15 → 00:15,,Regresar a Casa,,Su casa,,,,1410100011588,,home,,A PIE,,15,,hora:revision,hora_nocturna,changed,,"Corrección AM/PM: se reporta 12:15 y por la secuencia del día corresponde a 00:15. El origen se encadena con el destino del viaje 3 (Comercio, mercado, tienda o centro comercial en 1410100011588)."
15765,1,140700111133A,Mujeres,31,Empleado,,1,20:20 → 08:20,,Trabajar,,Fábrica o taller,,Su casa,,home,,14097059A,,Transporte de personal,,35,,hora:revision,,changed,,
15765,1,140700111133A,Mujeres,31,Empleado,,2,06:45 → 18:45,,Regresar a Casa,,Su casa,,,,14097059A,,home,,Transporte de personal,,30,,hora:revision,,changed,,Corrección AM/PM: se reporta 6:45 y por la secuencia del día corresponde a 18:45. El origen se encadena con el destino del viaje 1 (Fábrica o taller en 14097059A).
15802,1,1407000010134,Hombres,59,,,1,08:50,,Llevar o recoger a alguien,,Escuela,,Su casa,,home,,1409800011843,,A PIE,,5,,,,,,
15802,1,1407000010134,Hombres,59,,,2,21:00 → 09:00,,Regresar a Casa,,Su casa,,,,1409800011843,,home,,A PIE,,5,,hora:revision,,changed,,Corrección AM/PM: se reporta 21:00 y por la secuencia del día corresponde a 09:00. El origen se encadena con el destino del viaje 1 (Escuela en 1409800011843).
15802,1,1407000010134,Hombres,59,,,3,12:00,,Llevar o recoger a alguien,,Escuela,,,,home,,1409800011843,,A PIE,,5,,,,,,
15802,1,1407000010134,Hombres,59,,,4,12:10,,Regresar a Casa,,Su casa,,,,1409800011843,,home,,A PIE,,5,,,,,,
15817,2,140700111133A,Mujeres,37,Hogar,,1,09:30,,Compras (comida),,"Comercio, mercado, tienda o centro comercial",,Su casa,,home,,1407001111378,,A PIE,,10,,,,,,
15817,2,140700111133A,Mujeres,37,Hogar,,2,12:00,,Otros (especifique) → Regresar a Casa,,Su casa,,,,1407001111378,,home,,A PIE,,10,,motivo:revision,,changed,,"El motivo pasa de “Otros (especifique)” a Regresar a Casa: el viaje llega a “Su casa” en la zona del hogar viniendo de otra actividad, así que es el regreso y no una actividad nueva. El origen se encadena con el destino del viaje 1 (Comercio, mercado, tienda o centro comercial en 1407001111378)."
15817,2,140700111133A,Mujeres,37,Hogar,,3,20:52,,Regresar a Casa,,Su casa,,,,home,,home,,A PIE,,10,,,regreso_en_casa,,,
15887,1,140700111133A,Mujeres,57,Empleado,,1,19:00 → 07:00,,Trabajar,,Oficina,,Su casa,,home,,1403900012554,,Transporte de personal,,70,,hora:revision,,changed,,
15887,1,140700111133A,Mujeres,57,Empleado,,2,08:00 → 18:00,,Regresar a Casa,,Su casa,,,,1403900012554,,home,,Transporte de personal,,70,,hora:revision,,changed,,"La hora de salida pasa de 20:00 a 18:00 para que el viaje ocurra después de la llegada del anterior. El origen se encadena con el destino del viaje 1 (Oficina en 1403900012554). [Undécima revisión: la decisión de chain_review se mantiene. Se tomó contra «20:00», que las reglas del 26 de septiembre de 2026 dan ahora como «20:10».]"
15897,1,1407000010134,Mujeres,66,Hogar,,1,18:00,,Visitar a alguien,,Otra vivienda,,Su casa,,1409708634111 → home,,1409708634111,,AUTOMÓVIL PARTICULAR,,25,,origen:copia,,changed,,
15897,1,1407000010134,Mujeres,66,Hogar,,2,23:01,,Regresar a Casa,,Su casa,,,,1409708634111,,1409708634111 → home,,AUTOMÓVIL PARTICULAR,,25,,destino:revision,hora_2301,changed,,"El origen se encadena con el destino del viaje 1 (Otra vivienda en 1409708634111). El destino pasa de 1409708634111 a la zona del hogar: esa AGEB funciona como “Su casa” dentro de la cadena, es una discrepancia de geocodificación."
15901,1,1407000011058,Hombres,47,Trabajador independiente,,1,21:00 → 09:00,,Trabajar,,Otra vivienda,,Su casa,,home,,1405100010054,,AUTOMÓVIL PARTICULAR,,25,,hora:revision,,changed,,
15901,1,1407000011058,Hombres,47,Trabajador independiente,,2,18:30,,Regresar a Casa,,Su casa,,,,1405100010054,,home,,AUTOMÓVIL PARTICULAR,,28,,,,,,
15901,1,1407000011058,Hombres,47,Trabajador independiente,,3,20:09,,Trabajar,,Otra vivienda,,,,home,,1405100010054,,AUTOMÓVIL PARTICULAR,,25,,,,,,
15901,1,1407000011058,Hombres,47,Trabajador independiente,,4,19:00 → 21:00,,Regresar a Casa,,Su casa,,,,1405100010054,,home,,AUTOMÓVIL PARTICULAR,,28,,hora:revision,,changed,,Desfase de dos horas al capturar: 19:00 se lee como 21:00. El origen se encadena con el destino del viaje 3 (Otra vivienda en 1405100010054).
15909,5,140700001012A,Mujeres,14,Estudiante,,1,14:34,,Compras (comida),,"Comercio, mercado, tienda o centro comercial",,Su casa,,home,,1407000010045,,A PIE,,5,,,,,,
15909,5,140700001012A,Mujeres,14,Estudiante,,2,14:24 → 16:24,,Regresar a Casa,,Su casa,,,,1407000010045,,home,,A PIE,,5,,hora:revision,,changed,,"Desfase de dos horas al capturar: 14:24 se lee como 16:24. El origen se encadena con el destino del viaje 1 (Comercio, mercado, tienda o centro comercial en 1407000010045). [Undécima revisión: la decisión de chain_review se mantiene. Se tomó contra «14:24», que las reglas del 26 de septiembre de 2026 dan ahora como «14:39».]"
15909,5,140700001012A,Mujeres,14,Estudiante,,3,16:24 → 16:29,,Compras (comida),,"Comercio, mercado, tienda o centro comercial",,,,home,,home,,A PIE,,2,,hora:revision,,changed,,
15909,5,140700001012A,Mujeres,14,Estudiante,,4,18:33,,Regresar a Casa,,Su casa,,,,home,,home,,A PIE,,2,,,,,,
15922,3,140700001012A,Mujeres,33,Empleado,,1,05:00,,Trabajar,,Fábrica o taller,,Su casa,,home,,1405100010054,,Transporte de personal,,30,,,,,,
15922,3,140700001012A,Mujeres,33,Empleado,,2,15:00,,Otros (especifique) → Regresar a Casa,,Su casa,,,,1405100010054,,home,,Transporte de personal,,30,,motivo:revision,,changed,,"El motivo pasa de “Otros (especifique)” a Regresar a Casa: el viaje llega a “Su casa” en la zona del hogar viniendo de otra actividad, así que es el regreso y no una actividad nueva. El origen se encadena con el destino del viaje 1 (Fábrica o taller en 1405100010054)."
15922,3,140700001012A,Mujeres,33,Empleado,,3,19:53,,Regresar a Casa,,Su casa,,,,home,,home,,Transporte de personal,,30,,,regreso_en_casa,,,
15935,2,140510016,Mujeres,28,Empleado,,1,21:30 → 09:30,,Trabajar,,Fábrica o taller,,Su casa,,home,,14070140A,,Transporte de personal,,30,,hora:revision,,changed,,
15935,2,140510016,Mujeres,28,Empleado,,2,07:00 → 19:00,,Regresar a Casa,,Su casa,,,,14070140A,,home,,Transporte de personal,,35,,hora:revision,,changed,,Corrección AM/PM: se reporta 7:00 y por la secuencia del día corresponde a 19:00. El origen se encadena con el destino del viaje 1 (Fábrica o taller en 14070140A).
15940,1,140510016,Hombres,24,Empleado,,1,05:00,,Trabajar,,Fábrica o taller,,Su casa,,home,,14097059A,,Transporte de personal,,30,,,,,,
15940,1,140510016,Hombres,24,Empleado,,2,15:00,,Otros (especifique) → Regresar a Casa,,Su casa,,,,14097059A,,home,,Transporte de personal,,45,,motivo:revision,,changed,,"El motivo pasa de “Otros (especifique)” a Regresar a Casa: el viaje llega a “Su casa” en la zona del hogar viniendo de otra actividad, así que es el regreso y no una actividad nueva. El origen se encadena con el destino del viaje 1 (Fábrica o taller en 14097059A)."
15940,1,140510016,Hombres,24,Empleado,,3,20:24,,Regresar a Casa,,Su casa,,,,home,,home,,Transporte de personal,,45,,,regreso_en_casa,,,
16075,1,1409701152596,Mujeres,33,Empleado,,1,07:30,,Llevar o recoger a alguien,,Escuela,,Su casa,,home,,1407000200261,,A PIE,,18,,,,,,
16075,1,1409701152596,Mujeres,33,Empleado,,2,08:20,,Regresar a Casa,,Su casa,,,,1407000200261,,home,,A PIE,,15,,,,,,
16075,1,1409701152596,Mujeres,33,Empleado,,3,10:00,,Compras (comida),,"Comercio, mercado, tienda o centro comercial",,,,home,,1409701150890,,A PIE,,5,,,,,,
16075,1,1409701152596,Mujeres,33,Empleado,,4,22:15 → 10:15,,Regresar a Casa,,Su casa,,,,1409701150890,,home,,A PIE,,5,,hora:revision,,changed,,"Corrección AM/PM: se reporta 22:15 y por la secuencia del día corresponde a 10:15. El origen se encadena con el destino del viaje 3 (Comercio, mercado, tienda o centro comercial en 1409701150890)."
16075,1,1409701152596,Mujeres,33,Empleado,,5,12:00,,Llevar o recoger a alguien,,Escuela,,,,home,,1407000200261,,A PIE,,18,,,,,,
16075,1,1409701152596,Mujeres,33,Empleado,,6,12:45,,Regresar a Casa,,Su casa,,,,1407000200261,,home,,A PIE,,18,,,,,,
16094,3,1407000200079,Mujeres,64,Empleado,,1,06:00,,Trabajar,,Otros (especifique),,Su casa,,home,,1403900011359,,TREN LIGERO,,80,,,,,,
16094,3,1407000200079,Mujeres,64,Empleado,,2,10:27,,Regresar a Casa,,Su casa,,,,1412000013113 → 1403900011359,,home,,TREN LIGERO,,60,,origen:revision,,changed,,La AGEB de origen pasa de 1412000013113 a 1403900011359; el origen se encadena con el destino del viaje 1 (Otros (especifique) en 1403900011359).
16125,2,1407000201397,Mujeres,52,Hogar,,1,10:00,,Llevar o recoger a alguien,,"Hospital, clínica, consultorio, laboratorio clínico",,Su casa,,home,,1403900011170,,CAMIÓN O AUTOBÚS,,150,,,,,,
16125,2,1407000201397,Mujeres,52,Hogar,,2,17:00,,Otros (especifique) → Regresar a Casa,,Su casa,,,,1403900011170,,home,,CAMIÓN O AUTOBÚS,,50,,motivo:revision,,changed,,"El motivo pasa de “Otros (especifique)” a Regresar a Casa: el viaje llega a “Su casa” en la zona del hogar viniendo de otra actividad, así que es el regreso y no una actividad nueva. El origen se encadena con el destino del viaje 1 (Hospital, clínica, consultorio, laboratorio clínico en 1403900011170)."
16134,1,1407000200191,Hombres,54,Empleado,,1,10:30,,"Compras (bienes, productos y servicios)",,"Comercio, mercado, tienda o centro comercial",,Su casa,,home,,home,,A PIE,,5,,,,,,
16134,1,1407000200191,Hombres,54,Empleado,,2,10:39,,Regresar a Casa,,Su casa,,,,home,,home,,A PIE,,5,,,,,,
16134,1,1407000200191,Hombres,54,Empleado,,3,21:40,,Trabajar,,Fábrica o taller,,,,home,,1407000200257,,A PIE,,15,,,,,,
16134,1,1407000200191,Hombres,54,Empleado,,4,18:00 → 06:00,,Regresar a Casa,,Su casa,,,,1407000200257,,home,,A PIE,,15,,hora:revision,hora_nocturna,changed,,Corrección AM/PM: se reporta 18:00 y por la secuencia del día corresponde a 06:00. El origen se encadena con el destino del viaje 3 (Fábrica o taller en 1407000200257).
16150,3,1407000200191,Mujeres,27,Empleado,,1,07:00,,Trabajar,,Oficina,,Su casa,,home,,1409700340250,,AUTOMÓVIL PARTICULAR,,120 → 60,,minutos:revision,,changed,,
16150,3,1407000200191,Mujeres,27,Empleado,,2,12:41,,Regresar a Casa,,Su casa,,,,1409700340250,,home,,AUTOMÓVIL PARTICULAR,,120 → 60,,minutos:revision,,changed,,
16150,3,1407000200191,Mujeres,27,Empleado,,3,14:07,,Trabajar,,Oficina,,,,home,,1409700340250,,AUTOMÓVIL PARTICULAR,,120 → 60,,minutos:revision,,changed,,
16150,3,1407000200191,Mujeres,27,Empleado,,4,17:00,,Regresar a Casa,,Su casa,,,,1409700340250,,home,,AUTOMÓVIL PARTICULAR,,120 → 60,,minutos:revision,,changed,,
16150,3,1407000200191,Mujeres,27,Empleado,,5,18:00 → 20:00,,"Compras (bienes, productos y servicios)",,Centro cultural o área recreativa,,,,home,,1407000200613,,A PIE,,3,,hora:revision,,changed,,
16150,3,1407000200191,Mujeres,27,Empleado,,6,19:11 → 21:11,,Regresar a Casa,,Su casa,,,,1407000200613,,home,,A PIE,,3,,hora:revision,,changed,,Desfase de dos horas al capturar: 19:11 se lee como 21:11. El origen se encadena con el destino del viaje 5 (Centro cultural o área recreativa en 1407000200613).
16214,1,1409700092859,Hombres,27,Trabajador independiente,,1,10:00,,"Compras (bienes, productos y servicios)",,"Comercio, mercado, tienda o centro comercial",,Su casa,,home,,1403900011626,,CAMIÓN O AUTOBÚS,,60,,,,,,
16214,1,1409700092859,Hombres,27,Trabajador independiente,,2,12:00,,Otros (especifique) → Regresar a Casa,,Su casa,,,,1403900011626,,home,,CAMIÓN O AUTOBÚS,,60,,motivo:revision,,changed,,"El motivo pasa de “Otros (especifique)” a Regresar a Casa: el viaje llega a “Su casa” en la zona del hogar viniendo de otra actividad, así que es el regreso y no una actividad nueva. El origen se encadena con el destino del viaje 1 (Comercio, mercado, tienda o centro comercial en 1403900011626)."
16226,1,140440011,Mujeres,38,Hogar,,1,08:30,,Llevar o recoger a alguien,,Escuela,,Su casa,,home,,1404400100242,,Mototaxi,,10,,,,,,
16226,1,140440011,Mujeres,38,Hogar,,2,21:00 → 09:00,,Regresar a Casa,,Su casa,,,,1404400100242,,home,,Mototaxi,,10,,hora:revision,,changed,,Corrección AM/PM: se reporta 21:00 y por la secuencia del día corresponde a 09:00. El origen se encadena con el destino del viaje 1 (Escuela en 1404400100242).
16226,1,140440011,Mujeres,38,Hogar,,3,12:30,,Llevar o recoger a alguien,,Escuela,,,,home,,1404400100242,,Mototaxi,,10,,,,,,
16226,1,140440011,Mujeres,38,Hogar,,4,13:00,,Regresar a Casa,,Su casa,,,,1404400100242,,home,,Mototaxi,,10,,,,,,
16231,2,1409700092859,Mujeres,33,Empleado,,1,07:00,,Trabajar,,"Comercio, mercado, tienda o centro comercial",,Su casa,,home,,1409700092810,,A PIE,,23,,,,,,
16231,2,1409700092859,Mujeres,33,Empleado,,2,17:00,,Otros (especifique) → Regresar a Casa,,Su casa,,,,1409700092810,,home,,A PIE,,25,,motivo:revision,,changed,,"El motivo pasa de “Otros (especifique)” a Regresar a Casa: el viaje llega a “Su casa” en la zona del hogar viniendo de otra actividad, así que es el regreso y no una actividad nueva. El origen se encadena con el destino del viaje 1 (Comercio, mercado, tienda o centro comercial en 1409700092810)."
16231,2,1409700092859,Mujeres,33,Empleado,,3,20:38,,Regresar a Casa,,Su casa,,,,home,,home,,A PIE,,25,,,regreso_en_casa,,,
16270,2,1409707772365,Hombres,66,Empleado,,1,05:00,,Trabajar,,"Comercio, mercado, tienda o centro comercial",,Su casa,,1403900015366 → home,,1403900015366,,CAMIÓN O AUTOBÚS,,45,,origen:copia,,changed,,
16270,2,1409707772365,Hombres,66,Empleado,,2,18:04,,Regresar a Casa → Trabajar,,Su casa,,,,1403900015366,,1403900013961,,A PIE,,14,,motivo:revision,fin_fuera_de_casa;actividad_en_casa,changed,,"El motivo pasa de Regresar a Casa a “Trabajar”: la persona ya estaba en casa y el viaje va hacia la AGEB 1403900013961, de modo que es un viaje de ida y no el regreso. El origen se encadena con el destino del viaje 1 (Comercio, mercado, tienda o centro comercial en 1403900015366)."
16270,2,1409707772365,Hombres,66,Empleado,,3,18:21,,Regresar a Casa,,Su casa,,Su casa,,1403900013961,,1403900015366,,A PIE,,14,,,,dropped,,
16274,1,140440011,Mujeres,59,Empleado,,1,09:00,,Trabajar,,Otra vivienda,,Su casa,,home,,14097059A,,AUTOMÓVIL PARTICULAR,,25,,,,,,
16274,1,140440011,Mujeres,59,Empleado,,2,05:44 → 15:44,,Regresar a Casa,,Su casa,,,,14097059A,,home,,AUTOMÓVIL PARTICULAR,,25,,hora:revision,,changed,,Error de dígito en la hora: se reporta 5:44 y la cadena solo cierra con 15:44. El origen se encadena con el destino del viaje 1 (Otra vivienda en 14097059A).
16274,1,140440011,Mujeres,59,Empleado,,3,07:23 → 17:23,,Trabajar,,Otra vivienda,,,,home,,14097059A,,AUTOMÓVIL PARTICULAR,,25,,hora:revision,,changed,,
16274,1,140440011,Mujeres,59,Empleado,,4,06:30 → 18:30,,Regresar a Casa,,Su casa,,,,14097059A,,home,,AUTOMÓVIL PARTICULAR,,25,,hora:revision,,changed,,Corrección AM/PM: se reporta 6:30 y por la secuencia del día corresponde a 18:30. El origen se encadena con el destino del viaje 3 (Otra vivienda en 14097059A).
16274,1,140440011,Mujeres,59,Empleado,,5,15:10 → 18:55,,"Compras (bienes, productos y servicios)",,Centro cultural o área recreativa,,,,home,,home,,A PIE,,5,,hora:revision,,changed,,
16274,1,140440011,Mujeres,59,Empleado,,6,19:10,,Regresar a Casa,,Su casa,,,,home,,home,,A PIE,,5,,,,,,
16334,2,14097059A,Mujeres,46,Empleado,,1,22:30 → 10:30,,Trabajar,,Fábrica o taller,,Su casa,,home,,home,,AUTOMÓVIL PARTICULAR,,5,,hora:revision,,changed,,
16334,2,14097059A,Mujeres,46,Empleado,,2,07:00 → 19:00,,Regresar a Casa,,Su casa,,,,home,,home,,AUTOMÓVIL PARTICULAR,,8,,hora:revision,,changed,,Corrección AM/PM: se reporta 7:00 y por la secuencia del día corresponde a 19:00. El origen se encadena con el destino del viaje 1 (Fábrica o taller en la zona del hogar).
16369,1,1409707772365,Hombres,59,Empleado,,1,07:17,,Deportes o recreación,,Centro cultural o área recreativa,,Su casa,,home,,1409707771780,,A PIE,,2,,,,,,
16369,1,1409707772365,Hombres,59,Empleado,,2,07:25,,Regresar a Casa → Trabajar,,Su casa,,,,1409707771780,,99999000A,,A PIE,,2,,motivo:revision,actividad_en_casa,changed,,"El motivo pasa de Regresar a Casa a “Trabajar”: la persona ya estaba en casa y el viaje va hacia la AGEB 99999000A, de modo que es un viaje de ida y no el regreso. El origen se encadena con el destino del viaje 1 (Centro cultural o área recreativa en 1409707771780)."
16369,1,1409707772365,Hombres,59,Empleado,,3,23:00,,Regresar a Casa,,Su casa,,,,99999000A,,home,,Transporte de personal,,40,,,,,,
16376,3,1409700092863,Hombres,47,Trabajador independiente,,1,21:00 → 09:00,,Trabajar,,Otra vivienda,,Su casa,,home,,141200001066A,,AUTOMÓVIL PARTICULAR,,120 → 60,,hora:revision;minutos:revision,,changed,,
16376,3,1409700092863,Hombres,47,Trabajador independiente,,2,20:54,,Regresar a Casa,,Su casa,,,,141200001066A,,home,,AUTOMÓVIL PARTICULAR,,120 → 60,,minutos:revision,,changed,,
16376,3,1409700092863,Hombres,47,Trabajador independiente,,3,22:24,,Trabajar,,Otra vivienda,,,,home,,141200001066A,,AUTOMÓVIL PARTICULAR,,120 → 60,,minutos:revision,,changed,,
16376,3,1409700092863,Hombres,47,Trabajador independiente,,4,23:01 → 00:54,,Regresar a Casa,,Su casa,,,,141200001066A,,home,,AUTOMÓVIL PARTICULAR,,120 → 60,,hora:revision;minutos:revision,hora_nocturna,changed,,"La salida se recorre de 23:01 a 00:54, que es la hora a la que llega el viaje anterior (22:54 + 120 min de traslado): tal como estaba, el viaje empezaba antes de haber llegado. El origen se encadena con el destino del viaje 3 (Otra vivienda en 141200001066A). Novena revisión: 120 min en AUTOMÓVIL PARTICULAR para 22.9 km en línea recta es más del doble de lo que la encuesta suele reportar para ese modo a esa distancia (60 min, la mediana de 2401 viajes): los minutos son el error, no la hora. Es el último viaje del día. Es el mismo recorrido, en el mismo modo, que otro viaje del día cuyos minutos chocaban con la salida siguiente."
16399,2,1412000011193,Hombres,41,Empleado,,1,08:00,,Trabajar,,"Comercio, mercado, tienda o centro comercial",,Su casa,,home,,1412000013397,,AUTOMÓVIL PARTICULAR,,15,,,,,,
16399,2,1412000011193,Hombres,41,Empleado,,2,21:00 → 09:00,,Trabajar,,"Comercio, mercado, tienda o centro comercial",,,,1412000013397,,1412000014215,,AUTOMÓVIL PARTICULAR,,15,,hora:revision,,changed,,"Corrección AM/PM: se reporta 21:00 y por la secuencia del día corresponde a 09:00. El origen se encadena con el destino del viaje 1 (Comercio, mercado, tienda o centro comercial en 1412000013397)."
16399,2,1412000011193,Hombres,41,Empleado,,3,10:00,,Trabajar,,"Comercio, mercado, tienda o centro comercial",,,,1412000014215,,1412000010373,,AUTOMÓVIL PARTICULAR,,15,,,,,,
16399,2,1412000011193,Hombres,41,Empleado,,4,12:40,,"Compras (bienes, productos y servicios)",,"Comercio, mercado, tienda o centro comercial",,,,1412000010373,,1412000014304,,AUTOMÓVIL PARTICULAR,,20,,,,,,
16399,2,1412000011193,Hombres,41,Empleado,,5,13:45,,Trabajar,,"Comercio, mercado, tienda o centro comercial",,,,1412000014304,,1403900015328,,AUTOMÓVIL PARTICULAR,,30,,,,,,
16399,2,1412000011193,Hombres,41,Empleado,,6,14:40,,Regresar a Casa,,Su casa,,,,1403900015328,,home,,AUTOMÓVIL PARTICULAR,,45,,,,,,
16530,3,1404400540416,Hombres,8,Estudiante,,1,07:31,,Estudiar,,Escuela,,Su casa,,home,,home,,A PIE,,7,,,,,,
16530,3,1404400540416,Hombres,8,Estudiante,,2,02:02 → 14:02,,Estudiar,,Escuela,,,,home,,home,,A PIE,,7,,hora:revision,,changed,,Desfase de dos horas al capturar: 12:02 se lee como 14:02. El origen se encadena con el destino del viaje 1 (Escuela en la zona del hogar).
16530,3,1404400540416,Hombres,8,Estudiante,,3,10:02 → 20:02,,"Compras (bienes, productos y servicios)",,"Comercio, mercado, tienda o centro comercial",,,,home,,1404400540401,,A PIE,,3,,hora:revision,,changed,,"La hora de salida pasa de 12:02 a 20:02 para que el viaje ocurra después de la llegada del anterior. El origen se encadena con el destino del viaje 2 (Escuela en la zona del hogar). [Undécima revisión: la decisión de chain_review se mantiene. Se tomó contra «12:02», que las reglas del 26 de septiembre de 2026 dan ahora como «12:09».]"
16530,3,1404400540416,Hombres,8,Estudiante,,4,18:21 → 20:21,,Estudiar,,Otros (especifique),,,,1404400540401,,home,,A PIE,,3,,hora:revision,fin_fuera_de_casa,changed,,"Desfase de dos horas al capturar: 18:21 se lee como 20:21. El origen se encadena con el destino del viaje 3 (Comercio, mercado, tienda o centro comercial en 1404400540401)."
16548,2,1404400540416,Mujeres,50,Empleado,,1,08:20,,Trabajar,,"Hospital, clínica, consultorio, laboratorio clínico",,Su casa,,home,,home,,A PIE,,5,,,,,,
16548,2,1404400540416,Mujeres,50,Empleado,,2,07:01 → 09:01,,Regresar a Casa,,Su casa,,,,home,,home,,A PIE,,5,,hora:revision,,changed,,"Desfase de dos horas al capturar: 7:01 se lee como 9:01. El origen se encadena con el destino del viaje 1 (Hospital, clínica, consultorio, laboratorio clínico en la zona del hogar)."
16548,2,1404400540416,Mujeres,50,Empleado,,3,14:01,,"Compras (bienes, productos y servicios)",,Centro cultural o área recreativa,,,,home,,1404400540420,,A PIE,,8,,,,,,
16548,2,1404400540416,Mujeres,50,Empleado,,4,18:26,,Regresar a Casa,,Su casa,,,,1404400540420,,home,,A PIE,,8,,,,,,
16621,3,1409700250354,Mujeres,21,Estudiante,,1,06:13,,Estudiar,,Escuela,,Otra vivienda,,1403900014071,,1403900013641,,TREN LIGERO,,38,,,inicio_fuera_de_casa,,,
16621,3,1409700250354,Mujeres,21,Estudiante,,2,18:03,,Regresar a Casa,,Su casa,,,,1403900011378 → 1403900013641,,home,,TREN LIGERO,,95,,origen:revision,,changed,,La AGEB de origen pasa de 1403900011378 a 1403900013641; el origen se encadena con el destino del viaje 1 (Escuela en 1403900013641).
16621,3,1409700250354,Mujeres,21,Estudiante,,3,19:25 → 19:38,,Deportes o recreación,,"Deportivo, gimnasio",,,,home,,1409700250763,,Transporte informal,,12,,hora:llegada,,changed,,
16621,3,1409700250354,Mujeres,21,Estudiante,,4,21:33,,Regresar a Casa,,Su casa,,,,1409700250763,,home,,A PIE,,20,,,,,,
16631,1,1412000010212,Mujeres,67,,,1,07:11,,Compras (comida),,"Comercio, mercado, tienda o centro comercial",,Su casa,,home,,home,,A PIE,,6,,,,,,
16631,1,1412000010212,Mujeres,67,,,2,07:27,,Regresar a Casa,,Su casa,,,,home,,home,,A PIE,,6,,,,,,
16631,1,1412000010212,Mujeres,67,,,3,12:30,,Compras (comida),,"Comercio, mercado, tienda o centro comercial",,,,home,,1412000011009,,AUTOMÓVIL PARTICULAR,,25,,,,,,
16631,1,1412000010212,Mujeres,67,,,4,16:00,,Otros (especifique) → Regresar a Casa,,Su casa,,,,1412000011009,,home,,AUTOMÓVIL PARTICULAR,,25,,motivo:revision,,changed,,"El motivo pasa de “Otros (especifique)” a Regresar a Casa: el viaje llega a “Su casa” en la zona del hogar viniendo de otra actividad, así que es el regreso y no una actividad nueva. El origen se encadena con el destino del viaje 3 (Comercio, mercado, tienda o centro comercial en 1412000011009)."
16631,1,1412000010212,Mujeres,67,,,5,19:06,,Regresar a Casa,,Su casa,,,,home,,home,,AUTOMÓVIL PARTICULAR,,25,,,regreso_en_casa,,,
16638,1,1409700250354,Mujeres,41,Hogar,,1,09:00,,Visitar a alguien,,Otra vivienda,,Su casa,,home,,1409800141114,,CAMIÓN O AUTOBÚS,,30,,,,,,
16638,1,1409700250354,Mujeres,41,Hogar,,2,14:00,,Otros (especifique) → Regresar a Casa,,Su casa,,,,1409800141114,,home,,CAMIÓN O AUTOBÚS,,30,,motivo:revision,,changed,,"El motivo pasa de “Otros (especifique)” a Regresar a Casa: el viaje llega a “Su casa” en la zona del hogar viniendo de otra actividad, así que es el regreso y no una actividad nueva. El origen se encadena con el destino del viaje 1 (Otra vivienda en 1409800141114)."
16714,1,1409700250369,Hombres,58,Empleado,,1,21:00 → 09:00,,Trabajar,,Fábrica o taller,,Su casa,,home,,1409800011237,,AUTOMÓVIL PARTICULAR,,60,,hora:revision,,changed,,
16714,1,1409700250369,Hombres,58,Empleado,,2,09:32 → 21:32,,Regresar a Casa,,Su casa,,,,1409800011237,,home,,AUTOMÓVIL PARTICULAR,,60,,hora:revision,,changed,,Corrección AM/PM: se reporta 9:32 y por la secuencia del día corresponde a 21:32. El origen se encadena con el destino del viaje 1 (Fábrica o taller en 1409800011237).
16714,1,1409700250369,Hombres,58,Empleado,,3,11:17 → 23:17,,Trabajar,,Fábrica o taller,,,,home,,1409800011237,,AUTOMÓVIL PARTICULAR,,60,,hora:revision,,changed,,
16714,1,1409700250369,Hombres,58,Empleado,,4,06:00,,Regresar a Casa,,Su casa,,,,1409800011237,,home,,AUTOMÓVIL PARTICULAR,,60,,,hora_nocturna,,,
16717,1,1412000010814,Hombres,43,Empleado,,1,08:00,,Trabajar,,Otra vivienda,,Su casa,,home,,1412000013274,,MI MACRO,,30,,,,,,
16717,1,1412000010814,Hombres,43,Empleado,,2,15:00,,Regresar a Casa → Estudiar,,Escuela,,,,1412000013274,,1412000013274,,Bicicleta,,35,,motivo:tipo_destino,,changed,,
16717,1,1412000010814,Hombres,43,Empleado,,3,18:00,,"Compras (bienes, productos y servicios)",,Centro cultural o área recreativa,,,,1412000013274,,141200001326A,,A PIE,,11,,,,,,
16717,1,1412000010814,Hombres,43,Empleado,,4,19:38,,Regresar a Casa → Compras (comida),,Su casa,,,,141200001326A,,1412000013274,,A PIE,,11,,motivo:revision,fin_fuera_de_casa;actividad_en_casa,changed,,"El motivo pasa de Regresar a Casa a “Compras (comida)”: la persona ya estaba en casa y el viaje va hacia la AGEB 1412000013274, de modo que es un viaje de ida y no el regreso. El origen se encadena con el destino del viaje 3 (Centro cultural o área recreativa en 141200001326A)."
16721,4,1409700250369,Mujeres,20,Estudiante,,1,06:06,,Estudiar,,Escuela,,Otra vivienda,,1403900014071,,1403900013641,,TREN LIGERO,,38,,,inicio_fuera_de_casa,,,
16721,4,1409700250369,Mujeres,20,Estudiante,,2,18:02 → 08:02,,Regresar a Casa,,Su casa,,,,1403900011378 → 1403900013641,,home,,TREN LIGERO,,95,,hora:-10h;origen:revision,,changed,,La AGEB de origen pasa de 1403900011378 a 1403900013641; el origen se encadena con el destino del viaje 1 (Escuela en 1403900013641).
16721,4,1409700250369,Mujeres,20,Estudiante,,3,19:21,,Deportes o recreación,,"Deportivo, gimnasio",,,,home,,1409700250763,,Transporte informal,,12,,,,,,
16721,4,1409700250369,Mujeres,20,Estudiante,,4,21:41,,Regresar a Casa,,Su casa,,,,1409700250763,,home,,A PIE,,20,,,,,,
16728,6,1409700250354,Hombres,22,Estudiante,,1,08:05,,Estudiar,,Escuela,,Su casa,,home,,1403900013641,,AUTOMÓVIL PARTICULAR,,77,,,,,,
16728,6,1409700250354,Hombres,22,Estudiante,,2,16:03,,Visitar a alguien,,Otra vivienda,,,,1403900011378 → 1403900013641,,1412000010373,,A PIE,,36,,origen:revision,fin_fuera_de_casa,changed,,La AGEB de origen pasa de 1403900011378 a 1403900013641; el origen se encadena con el destino del viaje 1 (Escuela en 1403900013641).
16755,2,1409700250354,Mujeres,52,Trabajador independiente,,1,10:00,,"Compras (bienes, productos y servicios)",,"Comercio, mercado, tienda o centro comercial",,Su casa,,home,,1403900015366,,CAMIÓN O AUTOBÚS,,85,,,,,,
16755,2,1409700250354,Mujeres,52,Trabajador independiente,,2,12:45,,Otros (especifique) → Regresar a Casa,,Su casa,,,,1403900015366,,home,,A PIE,,85,,motivo:revision,,changed,,"El motivo pasa de “Otros (especifique)” a Regresar a Casa: el viaje llega a “Su casa” en la zona del hogar viniendo de otra actividad, así que es el regreso y no una actividad nueva. El origen se encadena con el destino del viaje 1 (Comercio, mercado, tienda o centro comercial en 1403900015366)."
16761,2,1409700250354,Mujeres,34,Hogar,,1,07:50,,Llevar o recoger a alguien,,Escuela,,Su casa,,home,,140970025080A,,A PIE,,5,,,,,,
16761,2,1409700250354,Mujeres,34,Hogar,,2,07:55,,Otros (especifique) → Regresar a Casa,,Su casa,,,,140970025080A,,home,,A PIE,,5,,motivo:revision,,changed,,"El motivo pasa de “Otros (especifique)” a Regresar a Casa: el viaje llega a “Su casa” en la zona del hogar viniendo de otra actividad, así que es el regreso y no una actividad nueva. El origen se encadena con el destino del viaje 1 (Escuela en 140970025080A)."
16761,2,1409700250354,Mujeres,34,Hogar,,3,12:24,,Llevar o recoger a alguien,,Escuela,,,,home,,140970025080A,,A PIE,,5,,,,,,
16761,2,1409700250354,Mujeres,34,Hogar,,4,12:30,,Regresar a Casa,,Su casa,,,,140970025080A,,home,,A PIE,,5,,,,,,
16761,2,1409700250354,Mujeres,34,Hogar,,5,18:40,,Compras (comida),,"Comercio, mercado, tienda o centro comercial",,,,home,,home,,A PIE,,10,,,,,,
16761,2,1409700250354,Mujeres,34,Hogar,,6,19:41,,Regresar a Casa,,Su casa,,,,home,,home,,A PIE,,10,,,,,,
16770,5,1412000016832,Hombres,26,Estudiante,,1,06:01,,Estudiar,,Escuela,,Su casa,,home,,1403900013641,,TREN LIGERO,,83,,,,,,
16770,5,1412000016832,Hombres,26,Estudiante,,2,19:06 → 09:06,,Regresar a Casa → Compras (comida),,Su casa,,,,home → 1403900013641,,1412000015285,,A PIE,,11,,hora:-10h;motivo:revision;origen:revision,actividad_en_casa,changed,,"Error de dígito en la hora: se reporta 19:06 y la cadena solo cierra con 09:06. El motivo pasa de Regresar a Casa a “Compras (comida)”: la persona ya estaba en casa y el viaje va hacia la AGEB 1412000015285, de modo que es un viaje de ida y no el regreso. La AGEB de origen pasa de la zona del hogar a 1403900013641; el origen se encadena con el destino del viaje 1 (Escuela en 1403900013641)."
16770,5,1412000016832,Hombres,26,Estudiante,,3,18:31,,Regresar a Casa,,Su casa,,,,1412000015285,,home,,A PIE,,11,,,,,,
16795,1,1409700250354,Hombres,25,,,1,07:00,,Regresar a Casa,,Su casa,,"Restaurante, bar, cafetería",,1409700010922,,home,,MOTOCICLETA,,10,,,inicio_fuera_de_casa,,,
16795,1,1409700250354,Hombres,25,,,2,12:01,,Regresar a Casa,,Su casa,,"Restaurante, bar, cafetería",,home,,1409700010922,,MOTOCICLETA,,10,,,,dropped,,
16795,1,1409700250354,Hombres,25,,,3,— → 18:10,,— → Compras (comida),,"— → Comercio, mercado, tienda o centro comercial",,,,1409700010922 → home,,1409700010922,,A PIE,,12,,hora:vecinos;motivo:vecinos;origen:casa,,changed,,
16795,1,1409700250354,Hombres,25,,,4,18:26,,Regresar a Casa,,Su casa,,,,1409700010922,,1409700010922 → home,,A PIE,,12,,destino:revision,,changed,,"El origen se encadena con el destino del viaje 3 (Comercio, mercado, tienda o centro comercial en 1409700010922). El destino pasa de 1409700010922 a la zona del hogar: esa AGEB funciona como “Su casa” dentro de la cadena, es una discrepancia de geocodificación."
16831,2,1404400020115,Mujeres,49,,,1,06:00,,"Compras (bienes, productos y servicios)",,"Comercio, mercado, tienda o centro comercial",,Su casa,,home,,1403900013976,,CAMIÓN O AUTOBÚS,,90,,,,,,
16831,2,1404400020115,Mujeres,49,,,2,19:08 → 09:08,,"Regresar a Casa → Compras (bienes, productos y servicios)",,Su casa,,,,home → 1403900013976,,1404400020134,,A PIE,,8,,hora:-10h;motivo:revision;origen:revision,actividad_en_casa,changed,,"Error de dígito en la hora: se reporta 19:08 y la cadena solo cierra con 09:08. El motivo pasa de Regresar a Casa a “Compras (bienes, productos y servicios)”: la persona ya estaba en casa y el viaje va hacia la AGEB 1404400020134, de modo que es un viaje de ida y no el regreso. La AGEB de origen pasa de la zona del hogar a 1403900013976; el origen se encadena con el destino del viaje 1 (Comercio, mercado, tienda o centro comercial en 1403900013976)."
16831,2,1404400020115,Mujeres,49,,,3,18:15,,Regresar a Casa,,Su casa,,,,1404400020134,,home,,A PIE,,8,,,,,,
16836,1,1404400020115,Hombres,60,Empleado,,1,06:00,,Trabajar,,Fábrica o taller,,Su casa,,home,,999990005,,CAMIÓN O AUTOBÚS,,30,,,,,,
16836,1,1404400020115,Hombres,60,Empleado,,2,19:13,,Regresar a Casa → Estudiar,,Su casa,,,,home → 999990005,,140440002005A,,A PIE,,12,,motivo:revision;origen:revision,fin_fuera_de_casa;actividad_en_casa,changed,,"El motivo pasa de Regresar a Casa a “Estudiar”: la persona ya estaba en casa y el viaje va hacia la AGEB 140440002005A, de modo que es un viaje de ida y no el regreso. La AGEB de origen pasa de la zona del hogar a 999990005; el origen se encadena con el destino del viaje 1 (Fábrica o taller en 999990005)."
16836,1,1404400020115,Hombres,60,Empleado,,3,19:38,,Regresar a Casa,,Su casa,,Su casa,,140440002005A,,home,,A PIE,,12,,,,dropped,,
16842,3,140440002012A,Hombres,11,Estudiante,,1,13:30,,Estudiar,,Escuela,,Su casa,,home,,1404400020187,,A PIE,,15,,,,,,
16842,3,140440002012A,Hombres,11,Estudiante,,2,18:10,,Al médico o atención de salud → Regresar a Casa,,Su casa,,,,1404400020187,,home,,A PIE,,15,,motivo:revision,,changed,,"El motivo pasa de “Al médico o atención de salud” a Regresar a Casa: el viaje llega a “Su casa” en la zona del hogar viniendo de otra actividad, así que es el regreso y no una actividad nueva. El origen se encadena con el destino del viaje 1 (Escuela en 1404400020187)."
16842,3,140440002012A,Hombres,11,Estudiante,,3,19:11,,Regresar a Casa,,Su casa,,,,home,,home,,A PIE,,15,,,regreso_en_casa,,,
16847,2,140440002012A,Hombres,42,Empleado,,1,05:00,,Trabajar,,Otros (especifique),,Su casa,,home,,1403900014033,,AUTOMÓVIL PARTICULAR,,90,,,,,,
16847,2,140440002012A,Hombres,42,Empleado,,2,05:36 → 06:30,,Regresar a Casa,,Su casa,,,,1403900014033,,home,,AUTOMÓVIL PARTICULAR,,90,,hora:revision,,changed,,"La salida se recorre de 5:36 a 06:30, que es la hora a la que llega el viaje anterior (5:00 + 90 min de traslado): tal como estaba, el viaje empezaba antes de haber llegado. El origen se encadena con el destino del viaje 1 (Otros (especifique) en 1403900014033)."
16847,2,140440002012A,Hombres,42,Empleado,,3,07:23 → 08:00,,Trabajar,,Otros (especifique),,,,home,,1403900014033,,AUTOMÓVIL PARTICULAR,,90,,hora:revision,,changed,,
16847,2,140440002012A,Hombres,42,Empleado,,4,08:00 → 09:30,,Regresar a Casa,,Su casa,,,,1403900014033,,home,,AUTOMÓVIL PARTICULAR,,90,,hora:revision,,changed,,"La salida se recorre de 8:00 a 09:30, que es la hora a la que llega el viaje anterior (08:00 + 90 min de traslado): tal como estaba, el viaje empezaba antes de haber llegado. El origen se encadena con el destino del viaje 3 (Otros (especifique) en 1403900014033)."
16847,2,140440002012A,Hombres,42,Empleado,,5,15:00,,"Compras (bienes, productos y servicios)",,Centro cultural o área recreativa,,,,home,,home,,A PIE,,4,,,,,,
16847,2,140440002012A,Hombres,42,Empleado,,6,19:29,,Regresar a Casa,,Su casa,,,,home,,home,,A PIE,,4,,,,,,
16878,3,140440002012A,Mujeres,32,Empleado,,1,05:15,,Trabajar,,Fábrica o taller,,Su casa,,home,,140440011,,Transporte de personal,,50,,,,,,
16878,3,140440002012A,Mujeres,32,Empleado,,2,15:00,,Otros (especifique) → Regresar a Casa,,Su casa,,,,140440011,,home,,Transporte de personal,,45,,motivo:revision,,changed,,"El motivo pasa de “Otros (especifique)” a Regresar a Casa: el viaje llega a “Su casa” en la zona del hogar viniendo de otra actividad, así que es el regreso y no una actividad nueva. El origen se encadena con el destino del viaje 1 (Fábrica o taller en 140440011)."
16878,3,140440002012A,Mujeres,32,Empleado,,3,19:10,,Regresar a Casa,,Su casa,,,,home,,home,,Transporte de personal,,45,,,regreso_en_casa,,,
16902,2,140440002012A,Mujeres,59,Hogar,,1,06:20,,"Compras (bienes, productos y servicios)",,Otra vivienda,,Su casa,,home,,1404400020115,,A PIE,,30,,,,,,
16902,2,140440002012A,Mujeres,59,Hogar,,2,08:00,,Otros (especifique) → Regresar a Casa,,Su casa,,,,1404400020115,,home,,A PIE,,30,,motivo:revision,,changed,,"El motivo pasa de “Otros (especifique)” a Regresar a Casa: el viaje llega a “Su casa” en la zona del hogar viniendo de otra actividad, así que es el regreso y no una actividad nueva. El origen se encadena con el destino del viaje 1 (Otra vivienda en 1404400020115)."
16902,2,140440002012A,Mujeres,59,Hogar,,3,20:36,,Regresar a Casa,,Su casa,,,,home,,home,,A PIE,,30,,,regreso_en_casa,,,
16928,1,140440002012A,Hombres,56,Trabajador independiente,,1,05:30,,Trabajar,,"Comercio, mercado, tienda o centro comercial",,Su casa,,home,,999990005,,AUTOMÓVIL PARTICULAR,,120,,,,,,
16928,1,140440002012A,Hombres,56,Trabajador independiente,,2,02:34 → 12:34,,Regresar a Casa,,Su casa,,,,999990005,,home,,AUTOMÓVIL PARTICULAR,,120,,hora:revision,,changed,,"Error de dígito en la hora: se reporta 2:34 y la cadena solo cierra con 12:34. El origen se encadena con el destino del viaje 1 (Comercio, mercado, tienda o centro comercial en 999990005)."
16928,1,140440002012A,Hombres,56,Trabajador independiente,,3,04:17 → 16:17,,Trabajar,,"Comercio, mercado, tienda o centro comercial",,,,home,,999990005,,AUTOMÓVIL PARTICULAR,,120,,hora:revision,,changed,,
16928,1,140440002012A,Hombres,56,Trabajador independiente,,4,04:00,,Regresar a Casa,,Su casa,,,,999990005,,home,,AUTOMÓVIL PARTICULAR,,120,,,hora_nocturna,,,
16932,2,1404400020153,Hombres,42,Empleado,,1,04:30,,Trabajar,,Otros (especifique),,Su casa,,home,,1409800012767,,CAMIÓN O AUTOBÚS,,120,,,,,,
16932,2,1404400020153,Hombres,42,Empleado,,2,19:02,,Regresar a Casa → Estudiar,,Su casa,,,,home → 1409800012767,,140440002005A,,A PIE,,12,,motivo:revision;origen:revision,fin_fuera_de_casa;actividad_en_casa,changed,,"El motivo pasa de Regresar a Casa a “Estudiar”: la persona ya estaba en casa y el viaje va hacia la AGEB 140440002005A, de modo que es un viaje de ida y no el regreso. La AGEB de origen pasa de la zona del hogar a 1409800012767; el origen se encadena con el destino del viaje 1 (Otros (especifique) en 1409800012767)."
16932,2,1404400020153,Hombres,42,Empleado,,3,19:33,,Regresar a Casa,,Su casa,,Su casa,,140440002005A,,home,,A PIE,,12,,,,dropped,,
17001,1,140440002012A,Hombres,40,Empleado,,1,06:00,,Trabajar,,Fábrica o taller,,Su casa,,home,,999990005,,AUTOMÓVIL PARTICULAR,,40,,,,,,
17001,1,140440002012A,Hombres,40,Empleado,,2,15:30,,Otros (especifique) → Regresar a Casa,,Su casa,,,,999990005,,home,,AUTOMÓVIL PARTICULAR,,40,,motivo:revision,,changed,,"El motivo pasa de “Otros (especifique)” a Regresar a Casa: el viaje llega a “Su casa” en la zona del hogar viniendo de otra actividad, así que es el regreso y no una actividad nueva. El origen se encadena con el destino del viaje 1 (Fábrica o taller en 999990005)."
17001,1,140440002012A,Hombres,40,Empleado,,3,19:18,,Regresar a Casa,,Su casa,,,,home,,home,,AUTOMÓVIL PARTICULAR,,40,,,regreso_en_casa,,,
17054,1,140440002012A,Mujeres,33,Empleado,,1,06:15,,Trabajar,,Escuela,,Su casa,,home,,1404400100238,,AUTOMÓVIL PARTICULAR,,45,,,,,,
17054,1,140440002012A,Mujeres,33,Empleado,,2,13:00,,Otros (especifique) → Regresar a Casa,,Su casa,,,,1404400100238,,home,,AUTOMÓVIL PARTICULAR,,45,,motivo:revision,,changed,,"El motivo pasa de “Otros (especifique)” a Regresar a Casa: el viaje llega a “Su casa” en la zona del hogar viniendo de otra actividad, así que es el regreso y no una actividad nueva. El origen se encadena con el destino del viaje 1 (Escuela en 1404400100238)."
17054,1,140440002012A,Mujeres,33,Empleado,,3,20:17,,Regresar a Casa,,Su casa,,,,home,,home,,AUTOMÓVIL PARTICULAR,,45,,,regreso_en_casa,,,
17064,2,1404400020115,Mujeres,57,Hogar,,1,09:00,,"Compras (bienes, productos y servicios)",,"Comercio, mercado, tienda o centro comercial",,Su casa,,home,,140440002012A,,A PIE,,10,,,,,,
17064,2,1404400020115,Mujeres,57,Hogar,,2,21:15 → 09:15,,Regresar a Casa,,Su casa,,,,140440002012A,,home,,A PIE,,10,,hora:revision,,changed,,"Corrección AM/PM: se reporta 21:15 y por la secuencia del día corresponde a 09:15. El origen se encadena con el destino del viaje 1 (Comercio, mercado, tienda o centro comercial en 140440002012A)."
17064,2,1404400020115,Mujeres,57,Hogar,,3,12:00,,Visitar a alguien,,Otra vivienda,,,,home,,999990005,,CAMIÓN O AUTOBÚS,,45,,,,,,
17064,2,1404400020115,Mujeres,57,Hogar,,4,18:00,,Regresar a Casa,,Su casa,,,,999990005,,home,,CAMIÓN O AUTOBÚS,,55,,,,,,
17092,2,1404400010098,Mujeres,29,Jubilado o pensionado,,1,08:00,,Trabajar,,"Comercio, mercado, tienda o centro comercial",,Su casa,,home,,1404400010100,,A PIE,,15,,,,,,
17092,2,1404400010098,Mujeres,29,Jubilado o pensionado,,2,17:20,,Trabajar → Regresar a Casa,,Su casa,,,,1404400010100,,home,,A PIE,,15,,motivo:revision,,changed,,"El motivo pasa de “Trabajar” a Regresar a Casa: el viaje llega a “Su casa” en la zona del hogar viniendo de otra actividad, así que es el regreso y no una actividad nueva. El origen se encadena con el destino del viaje 1 (Comercio, mercado, tienda o centro comercial en 1404400010100)."
17092,2,1404400010098,Mujeres,29,Jubilado o pensionado,,3,20:16,,Regresar a Casa,,Su casa,,,,home,,home,,A PIE,,15,,,regreso_en_casa,,,
17232,2,1404400010100,Mujeres,30,Hogar,,1,07:50,,Llevar o recoger a alguien,,Escuela,,Su casa,,home,,140440011,,AUTOMÓVIL PARTICULAR,,5,,,,,,
17232,2,1404400010100,Mujeres,30,Hogar,,2,08:10,,Regresar a Casa,,Su casa,,,,140440011,,home,,AUTOMÓVIL PARTICULAR,,5,,,,,,
17232,2,1404400010100,Mujeres,30,Hogar,,3,12:50,,Llevar o recoger a alguien,,Escuela,,,,home,,1404400010098,,AUTOMÓVIL PARTICULAR,,5,,,,,,
17232,2,1404400010100,Mujeres,30,Hogar,,4,12:40 → 14:40,,Regresar a Casa,,Su casa,,,,1404400010098,,home,,AUTOMÓVIL PARTICULAR,,5,,hora:revision,,changed,,"Desfase de dos horas al capturar: 12:40 se lee como 14:40. El origen se encadena con el destino del viaje 3 (Escuela en 1404400010098). [Undécima revisión: la decisión de chain_review se mantiene. Se tomó contra «12:40», que las reglas del 26 de septiembre de 2026 dan ahora como «12:55».]"
17232,2,1404400010100,Mujeres,30,Hogar,,5,17:18,,Compras (comida),,Centro cultural o área recreativa,,,,home,,home,,A PIE,,4,,,,,,
17232,2,1404400010100,Mujeres,30,Hogar,,6,18:19,,Regresar a Casa,,Su casa,,,,home,,home,,A PIE,,4,,,,,,
17305,2,1409700053518,Mujeres,26,Hogar,,1,07:45,,Llevar o recoger a alguien,,Escuela,,Su casa,,home,,1409700053166,,A PIE,,10,,,,,,
17305,2,1409700053518,Mujeres,26,Hogar,,2,20:10 → 08:10,,Regresar a Casa,,Su casa,,,,1409700053166,,home,,A PIE,,10,,hora:revision,,changed,,Corrección AM/PM: se reporta 20:10 y por la secuencia del día corresponde a 08:10. El origen se encadena con el destino del viaje 1 (Escuela en 1409700053166).
17305,2,1409700053518,Mujeres,26,Hogar,,3,12:00,,Llevar o recoger a alguien,,Escuela,,,,home,,1409700053166,,A PIE,,10,,,,,,
17305,2,1409700053518,Mujeres,26,Hogar,,4,12:20,,Regresar a Casa,,Su casa,,,,1409700053166,,home,,A PIE,,10,,,,,,
17305,2,1409700053518,Mujeres,26,Hogar,,5,14:20,,"Compras (bienes, productos y servicios)",,"Comercio, mercado, tienda o centro comercial",,,,home,,1409700053166,,A PIE,,5,,,,,,
17305,2,1409700053518,Mujeres,26,Hogar,,6,14:40,,Regresar a Casa,,Su casa,,,,1409700053166,,home,,A PIE,,10,,,,,,
17443,2,1404400010098,Hombres,21,Estudiante,,1,09:00,,Estudiar,,Otros (especifique),,Su casa,,home,,999990005,,CAMIÓN O AUTOBÚS,,30,,,,,,
17443,2,1404400010098,Hombres,21,Estudiante,,2,18:00,,Otros (especifique) → Regresar a Casa,,Su casa,,,,999990005,,home,,CAMIÓN O AUTOBÚS,,30,,motivo:revision,,changed,,"El motivo pasa de “Otros (especifique)” a Regresar a Casa: el viaje llega a “Su casa” en la zona del hogar viniendo de otra actividad, así que es el regreso y no una actividad nueva. El origen se encadena con el destino del viaje 1 (Otros (especifique) en 999990005)."
17445,1,1409700053147,Mujeres,41,,,1,08:00,,Visitar a alguien,,Otra vivienda,,Su casa,,home,,1412000012825,,CAMIÓN O AUTOBÚS,,120,,,,,,
17445,1,1409700053147,Mujeres,41,,,2,17:00,,Regresar a Casa,,Su casa,,,,1412000012825,,home,,CAMIÓN O AUTOBÚS,,130,,,,,,
17445,1,1409700053147,Mujeres,41,,,3,— → 19:10,,— → Compras (comida),,"— → Comercio, mercado, tienda o centro comercial",,,,home,,home,,A PIE,,5,,motivo:vecinos;hora:revision,,changed,,
17445,1,1409700053147,Mujeres,41,,,4,18:31 → 19:15,,Regresar a Casa,,Su casa,,,,home,,home,,A PIE,,5,,hora:revision,,changed,,"La salida se recorre de 18:31 a 19:15, que es la hora a la que llega el viaje anterior (19:10 + 5 min de traslado): tal como estaba, el viaje empezaba antes de haber llegado. El origen se encadena con el destino del viaje 3 (Comercio, mercado, tienda o centro comercial en la zona del hogar)."
17456,2,1409700053147,Mujeres,40,Trabajador independiente,,1,09:00,,"Compras (bienes, productos y servicios)",,"Comercio, mercado, tienda o centro comercial",,Su casa,,home,,1409700053503,,A PIE,,10,,,,,,
17456,2,1409700053147,Mujeres,40,Trabajador independiente,,2,08:00 → 09:10,,Regresar a Casa,,Su casa,,,,1409700053503,,home,,A PIE,,10,,hora:revision,,changed,,"La salida se recorre de 8:00 a 09:10, que es la hora a la que llega el viaje anterior (9:00 + 10 min de traslado): tal como estaba, el viaje empezaba antes de haber llegado. El origen se encadena con el destino del viaje 1 (Comercio, mercado, tienda o centro comercial en 1409700053503)."
17456,2,1409700053147,Mujeres,40,Trabajador independiente,,3,13:00,,"Compras (bienes, productos y servicios)",,"Comercio, mercado, tienda o centro comercial",,,,home,,1409700053503,,A PIE,,2,,,,,,
17456,2,1409700053147,Mujeres,40,Trabajador independiente,,4,18:28,,Regresar a Casa,,Su casa,,,,1409700053503,,home,,A PIE,,2,,,,,,
17483,5,1404400010295,Mujeres,24,Hogar,yes,1,07:49,,Llevar o recoger a alguien,,Escuela,,Su casa,,home,,1404400010098,,AUTOMÓVIL PARTICULAR,,6,,,,,,
17483,5,1404400010295,Mujeres,24,Hogar,yes,2,08:05,,Regresar a Casa,,Su casa,,,,1404400010098,,home,,AUTOMÓVIL PARTICULAR,,7,,,,,,
17483,5,1404400010295,Mujeres,24,Hogar,yes,3,12:27,,Llevar o recoger a alguien,,Escuela,,,,home,,1404400010098,,AUTOMÓVIL PARTICULAR,,7,,,,,,
17483,5,1404400010295,Mujeres,24,Hogar,yes,4,12:25 → 14:25,,Regresar a Casa,,Su casa,,,,1404400010098,,home,,AUTOMÓVIL PARTICULAR,,7,,hora:revision,,changed,,"Desfase de dos horas al capturar: 12:25 se lee como 14:25. El origen se encadena con el destino del viaje 3 (Escuela en 1404400010098). [Undécima revisión: la decisión de chain_review se mantiene. Se tomó contra «12:25», que las reglas del 26 de septiembre de 2026 dan ahora como «12:34».]"
17484,1,1409700053166,Mujeres,26,,,1,06:15,,Regresar a Casa,,Su casa,,Fábrica o taller,,1409700010212,,home,,AUTOMÓVIL PARTICULAR,,45,,,inicio_fuera_de_casa,,,
17484,1,1409700053166,Mujeres,26,,,2,11:16,,Regresar a Casa,,Su casa,,Fábrica o taller,,home,,1409700010212,,AUTOMÓVIL PARTICULAR,,45,,,,dropped,,"El renglón se descarta: duplica el regreso a casa del viaje anterior, no es un viaje."
17484,1,1409700053166,Mujeres,26,,,3,— → 18:59,,— → Compras (comida),,"— → Comercio, mercado, tienda o centro comercial",,,,1409700010212 → home,,1409700010212,,A PIE,,12,,hora:vecinos;motivo:vecinos;origen:casa,,changed,,
17484,1,1409700053166,Mujeres,26,,,4,19:18,,Regresar a Casa,,Su casa,,,,1409700010212,,1409700010212 → home,,A PIE,,12,,destino:revision,,changed,,"El origen se encadena con el destino del viaje 3 (Comercio, mercado, tienda o centro comercial en 1409700010212). El destino pasa de 1409700010212 a la zona del hogar: esa AGEB funciona como “Su casa” dentro de la cadena, es una discrepancia de geocodificación."
17508,3,1404400010295,Mujeres,40,Empleado,,1,21:00 → 09:00,,Trabajar,,Fábrica o taller,,Su casa,,home,,1409701150890,,Transporte de personal,,50,,hora:revision,,changed,,
17508,3,1404400010295,Mujeres,40,Empleado,,2,07:00 → 19:00,,Regresar a Casa,,Su casa,,,,1409701150890,,home,,Transporte de personal,,60,,hora:revision,,changed,,Corrección AM/PM: se reporta 7:00 y por la secuencia del día corresponde a 19:00. El origen se encadena con el destino del viaje 1 (Fábrica o taller en 1409701150890).
17621,2,1409700312774,Hombres,23,Empleado,,1,20:00 → 08:00,,Trabajar,,"Comercio, mercado, tienda o centro comercial",,Su casa,,home,,140970104,,CAMIÓN O AUTOBÚS,,30,,hora:revision,,changed,,
17621,2,1409700312774,Hombres,23,Empleado,,2,07:00 → 19:00,,Regresar a Casa,,Su casa,,,,140970104,,home,,CAMIÓN O AUTOBÚS,,30,,hora:revision,,changed,,"Corrección AM/PM: se reporta 7:00 y por la secuencia del día corresponde a 19:00. El origen se encadena con el destino del viaje 1 (Comercio, mercado, tienda o centro comercial en 140970104)."
17625,1,140970123,Mujeres,40,,,1,06:20,,Regresar a Casa,,Su casa,,Fábrica o taller,,1409700010212,,home,,Transporte de personal,,30,,,inicio_fuera_de_casa,,,
17625,1,140970123,Mujeres,40,,,2,11:21,,Regresar a Casa,,Su casa,,Fábrica o taller,,home,,1409700010212,,Transporte de personal,,30,,,,dropped,,
17625,1,140970123,Mujeres,40,,,3,— → 18:04,,— → Compras (comida),,"— → Comercio, mercado, tienda o centro comercial",,,,1409700010212 → home,,1409700010941,,A PIE,,8,,hora:vecinos;motivo:vecinos;origen:casa,,changed,,
17625,1,140970123,Mujeres,40,,,4,18:21,,Regresar a Casa → Trabajar,,Su casa,,,,1409700010941,,1409700010212,,A PIE,,8,,motivo:revision,fin_fuera_de_casa;actividad_en_casa,changed,,"El motivo pasa de Regresar a Casa a “Trabajar”: la persona ya estaba en casa y el viaje va hacia la AGEB 1409700010212, de modo que es un viaje de ida y no el regreso. El origen se encadena con el destino del viaje 3 (Comercio, mercado, tienda o centro comercial en 1409700010941)."
17678,1,1412000012488,Hombres,51,Empleado,,1,06:00,,Trabajar,,"Comercio, mercado, tienda o centro comercial",,Su casa,,home,,14070140A,,AUTOMÓVIL PARTICULAR,,50,,,,,,
17678,1,1412000012488,Hombres,51,Empleado,,2,04:00 → 16:00,,Otros (especifique) → Regresar a Casa,,Su casa,,,,14070140A,,home,,AUTOMÓVIL PARTICULAR,,50,,hora:+12h;motivo:revision,,changed,,"El motivo pasa de “Otros (especifique)” a Regresar a Casa: el viaje llega a “Su casa” en la zona del hogar viniendo de otra actividad, así que es el regreso y no una actividad nueva. El origen se encadena con el destino del viaje 1 (Comercio, mercado, tienda o centro comercial en 14070140A)."
17678,1,1412000012488,Hombres,51,Empleado,,3,20:34,,Regresar a Casa,,Su casa,,Su casa,,home,,home,,AUTOMÓVIL PARTICULAR,,50,,,,dropped,,
17703,2,1409700150960,Mujeres,38,Hogar,,1,07:40,,Llevar o recoger a alguien,,Escuela,,Su casa,,home,,1409700150956,,A PIE,,10,,,,,,
17703,2,1409700150960,Mujeres,38,Hogar,,2,08:00,,Otros (especifique) → Regresar a Casa,,Su casa,,,,1409700150956,,home,,A PIE,,10,,motivo:revision,,changed,,"El motivo pasa de “Otros (especifique)” a Regresar a Casa: el viaje llega a “Su casa” en la zona del hogar viniendo de otra actividad, así que es el regreso y no una actividad nueva. El origen se encadena con el destino del viaje 1 (Escuela en 1409700150956)."
17703,2,1409700150960,Mujeres,38,Hogar,,3,12:40,,Llevar o recoger a alguien,,Escuela,,,,home,,1409700150956,,A PIE,,10,,,,,,
17703,2,1409700150960,Mujeres,38,Hogar,,4,13:00,,Regresar a Casa,,Su casa,,,,1409700150956,,home,,A PIE,,10,,,,,,
17703,2,1409700150960,Mujeres,38,Hogar,,5,17:30,,Compras (comida),,Centro cultural o área recreativa,,,,home,,home,,A PIE,,12,,,,,,
17703,2,1409700150960,Mujeres,38,Hogar,,6,18:31,,Regresar a Casa,,Su casa,,,,home,,home,,A PIE,,12,,,,,,
17732,2,1409700150227,Mujeres,40,Hogar,,1,07:40,,Llevar o recoger a alguien,,Escuela,,Su casa,,home,,1409700150956,,A PIE,,10,,,,,,
17732,2,1409700150227,Mujeres,40,Hogar,,2,08:00,,Otros (especifique) → Regresar a Casa,,Su casa,,,,1409700150956,,home,,A PIE,,10,,motivo:revision,,changed,,"El motivo pasa de “Otros (especifique)” a Regresar a Casa: el viaje llega a “Su casa” en la zona del hogar viniendo de otra actividad, así que es el regreso y no una actividad nueva. El origen se encadena con el destino del viaje 1 (Escuela en 1409700150956)."
17732,2,1409700150227,Mujeres,40,Hogar,,3,12:30,,Llevar o recoger a alguien,,Escuela,,,,home,,1409700150956,,A PIE,,10,,,,,,
17732,2,1409700150227,Mujeres,40,Hogar,,4,13:00,,Regresar a Casa,,Su casa,,,,1409700150956,,home,,A PIE,,10,,,,,,
17732,2,1409700150227,Mujeres,40,Hogar,,5,18:16,,Compras (comida),,"Comercio, mercado, tienda o centro comercial",,,,home,,1409700150956,,A PIE,,4,,,,,,
17732,2,1409700150227,Mujeres,40,Hogar,,6,19:17,,Regresar a Casa,,Su casa,,,,1409700150956,,home,,A PIE,,4,,,,,,
17744,2,1407000200613,Hombres,27,Empleado,,1,07:00,,Trabajar,,Fábrica o taller,,Su casa,,home,,1409700150960,,CAMIÓN O AUTOBÚS,,30,,,,,,
17744,2,1407000200613,Hombres,27,Empleado,,2,18:00,,Pagar algún servicio o al banco → Regresar a Casa,,Su casa,,,,1409700150960,,home,,CAMIÓN O AUTOBÚS,,30,,motivo:revision,,changed,,"El motivo pasa de “Pagar algún servicio o al banco” a Regresar a Casa: el viaje llega a “Su casa” en la zona del hogar viniendo de otra actividad, así que es el regreso y no una actividad nueva. El origen se encadena con el destino del viaje 1 (Fábrica o taller en 1409700150960)."
17812,1,140970005034A,Mujeres,75,Jubilado o pensionado,,1,07:00,,Compras (comida),,"Comercio, mercado, tienda o centro comercial",,Su casa,,home,,1409700053166,,A PIE,,25,,,,,,
17812,1,140970005034A,Mujeres,75,Jubilado o pensionado,,2,09:00,,Trabajar → Regresar a Casa,,Su casa,,,,1409700053166,,home,,CAMIÓN O AUTOBÚS,,28,,motivo:revision,,changed,,"El motivo pasa de “Trabajar” a Regresar a Casa: el viaje llega a “Su casa” en la zona del hogar viniendo de otra actividad, así que es el regreso y no una actividad nueva. El origen se encadena con el destino del viaje 1 (Comercio, mercado, tienda o centro comercial en 1409700053166)."
17820,2,140970005034A,Mujeres,53,Empleado,,1,09:00,,"Compras (bienes, productos y servicios)",,"Comercio, mercado, tienda o centro comercial",,Su casa,,home,,1409700053166,,CAMIÓN O AUTOBÚS,,15,,,,,,
17820,2,140970005034A,Mujeres,53,Empleado,,2,11:00,,"Compras (bienes, productos y servicios) → Regresar a Casa",,Su casa,,,,1409700053166,,home,,CAMIÓN O AUTOBÚS,,15,,motivo:revision,,changed,,"El motivo pasa de “Compras (bienes, productos y servicios)” a Regresar a Casa: el viaje llega a “Su casa” en la zona del hogar viniendo de otra actividad, así que es el regreso y no una actividad nueva. El origen se encadena con el destino del viaje 1 (Comercio, mercado, tienda o centro comercial en 1409700053166)."
17853,3,1409700150710,Hombres,29,Empleado,,1,19:00 → 07:00,,Trabajar,,Fábrica o taller,,Su casa,,home,,140970104,,MOTOCICLETA,,8,,hora:revision,,changed,,
17853,3,1409700150710,Hombres,29,Empleado,,2,07:00 → 17:00,,Regresar a Casa,,Su casa,,,,140970104,,home,,MOTOCICLETA,,8,,hora:revision,,changed,,"La hora de salida pasa de 19:00 a 17:00 para que el viaje ocurra después de la llegada del anterior. El origen se encadena con el destino del viaje 1 (Fábrica o taller en 140970104). [Undécima revisión: la decisión de chain_review se mantiene. Se tomó contra «19:00», que las reglas del 26 de septiembre de 2026 dan ahora como «19:08».]"
17898,1,1409700150956,Mujeres,68,Hogar,,1,08:06,,Compras (comida),,"Restaurante, bar, cafetería",,Su casa,,home,,1409700150710,,A PIE,,6,,,,,,
17898,1,1409700150956,Mujeres,68,Hogar,,2,08:19,,Regresar a Casa,,Su casa,,,,1409700150710,,home,,A PIE,,6,,,,,,
17898,1,1409700150956,Mujeres,68,Hogar,,3,11:00,,"Compras (bienes, productos y servicios)",,"Comercio, mercado, tienda o centro comercial",,,,home,,140970123,,Bicicleta,,30,,,,,,
17898,1,1409700150956,Mujeres,68,Hogar,,4,12:00,,Otros (especifique) → Regresar a Casa,,Su casa,,,,140970123,,home,,Bicicleta,,30,,motivo:revision,,changed,,"El motivo pasa de “Otros (especifique)” a Regresar a Casa: el viaje llega a “Su casa” en la zona del hogar viniendo de otra actividad, así que es el regreso y no una actividad nueva. El origen se encadena con el destino del viaje 3 (Comercio, mercado, tienda o centro comercial en 140970123)."
17898,1,1409700150956,Mujeres,68,Hogar,,5,20:51,,Regresar a Casa,,Su casa,,,,home,,home,,Bicicleta,,30,,,regreso_en_casa,,,
17922,2,1412000012420,Hombres,27,Empleado,,1,09:00,,Trabajar,,"Comercio, mercado, tienda o centro comercial",,Su casa,,home,,1412000013293,,AUTOMÓVIL PARTICULAR,,20,,,,,,
17922,2,1412000012420,Hombres,27,Empleado,,2,19:00,,Estudiar → Regresar a Casa,,Su casa,,,,1412000013293,,home,,AUTOMÓVIL PARTICULAR,,30,,motivo:revision,,changed,,"El motivo pasa de “Estudiar” a Regresar a Casa: el viaje llega a “Su casa” en la zona del hogar viniendo de otra actividad, así que es el regreso y no una actividad nueva. El origen se encadena con el destino del viaje 1 (Comercio, mercado, tienda o centro comercial en 1412000013293)."
17922,2,1412000012420,Hombres,27,Empleado,,3,19:28 → 19:30,,Regresar a Casa,,Su casa,,,,home,,home,,AUTOMÓVIL PARTICULAR,,30,,hora:llegada,regreso_en_casa,changed,,
17929,2,1403900010280,Mujeres,49,Hogar,yes,1,07:00,,Llevar o recoger a alguien,,Oficina,,Su casa,,home,,1403900010596,,AUTOMÓVIL PARTICULAR,,30 → 10,,minutos:revision,,changed,,
17929,2,1403900010280,Mujeres,49,Hogar,yes,2,07:30,,Regresar a Casa,,Su casa,,,,1403900010596,,home,,AUTOMÓVIL PARTICULAR,,30 → 10,,minutos:revision,,changed,,
17929,2,1403900010280,Mujeres,49,Hogar,yes,3,07:35 → 08:00,,Llevar o recoger a alguien,,Escuela,,,,home,,1409800011928,,AUTOMÓVIL PARTICULAR,,65,,hora:revision,,changed,,
17929,2,1403900010280,Mujeres,49,Hogar,yes,4,08:40 → 09:05,,Regresar a Casa,,Su casa,,,,1409800011928,,home,,AUTOMÓVIL PARTICULAR,,45,,hora:revision,,changed,,"La salida se recorre de 8:40 a 09:05, que es la hora a la que llega el viaje anterior (08:00 + 65 min de traslado): tal como estaba, el viaje empezaba antes de haber llegado. El origen se encadena con el destino del viaje 3 (Escuela en 1409800011928)."
17929,2,1403900010280,Mujeres,49,Hogar,yes,5,15:00,,Llevar o recoger a alguien,,Escuela,,,,home,,1409800011928,,AUTOMÓVIL PARTICULAR,,65,,,,,,
17929,2,1403900010280,Mujeres,49,Hogar,yes,6,16:30,,Regresar a Casa,,Su casa,,,,1409800011928,,home,,AUTOMÓVIL PARTICULAR,,45,,,,,,
17964,1,140980001110A,Mujeres,30,Empleado,,1,06:00,,Trabajar,,Fábrica o taller,,Su casa,,home,,1409800012220,,A PIE,,15,,,,,,
17964,1,140980001110A,Mujeres,30,Empleado,,2,15:00,,Regresar a Casa → Trabajar,,Su casa,,,,1409800012220,,1409800011735,,A PIE,,15,,motivo:revision,actividad_en_casa,changed,,"El motivo pasa de Regresar a Casa a “Trabajar”: la persona ya estaba en casa y el viaje va hacia la AGEB 1409800011735, de modo que es un viaje de ida y no el regreso. El origen se encadena con el destino del viaje 1 (Fábrica o taller en 1409800012220)."
17964,1,140980001110A,Mujeres,30,Empleado,,3,17:00,,"Compras (bienes, productos y servicios)",,"Comercio, mercado, tienda o centro comercial",,,,1409800011735,,1409800012625,,A PIE,,11,,,,,,
17964,1,140980001110A,Mujeres,30,Empleado,,4,18:16,,Regresar a Casa → Trabajar,,Su casa,,,,1409800012625,,1409800011735,,A PIE,,11,,motivo:revision,fin_fuera_de_casa;actividad_en_casa,changed,,"El motivo pasa de Regresar a Casa a “Trabajar”: la persona ya estaba en casa y el viaje va hacia la AGEB 1409800011735, de modo que es un viaje de ida y no el regreso. El origen se encadena con el destino del viaje 3 (Comercio, mercado, tienda o centro comercial en 1409800012625)."
17964,2,140980001110A,Hombres,33,Empleado,yes,1,21:30 → 09:30,,Trabajar,,Fábrica o taller,,Su casa,,home,,1407000130401,,Transporte de personal,,30,,hora:revision,,changed,,
17964,2,140980001110A,Hombres,33,Empleado,yes,2,07:00 → 19:00,,Regresar a Casa,,Su casa,,,,1407000130401,,home,,Transporte de personal,,30,,hora:revision,,changed,,Corrección AM/PM: se reporta 7:00 y por la secuencia del día corresponde a 19:00. El origen se encadena con el destino del viaje 1 (Fábrica o taller en 1407000130401).
