household,person,home,sex,age,occupation,repeated,trip,start,new start,motive,new motive,dest. type,new dest. type,orig. type,new orig. type,origin,new origin,destination,new destination,mode,new mode,leg min,new leg min,ajustes,problemas,status,new status,note
9,2,1403900014283,Mujeres,31,Empleado,,1,09:00,,Trabajar,,Fábrica o taller,,Su casa,,home,,1403900010863,,Taxi plataforma (Uber/Didi),,30,,,,,,
9,2,1403900014283,Mujeres,31,Empleado,,2,08:52,20:52,Regresar a Casa,,Su casa,,,,1403900010863,,home,,AUTOMÓVIL PARTICULAR,,30,15,,hora_invertida,,,"Decimocuarta revisión: se conserva la decisión de la novena revisión (chain_review_9). Corrección AM/PM: se reporta 8:52 y por la secuencia del día corresponde a 20:52. El origen se encadena con el destino del viaje 1 (Fábrica o taller en 1403900010863). Novena revisión: 30 min en AUTOMÓVIL PARTICULAR para 1.9 km en línea recta es más del doble de lo que la encuesta suele reportar para ese modo a esa distancia (15 min, la mediana de 3832 viajes): los minutos son el error, no la hora. Con 15 min llega a las 21:07 y el viaje siguiente sale a las 22:14, 67 min después. Es el mismo recorrido, en el mismo modo, que otro viaje del día cuyos minutos chocaban con la salida siguiente. | Decimocuarta revisión: se toma la lectura de las horas de las tablas anteriores (la primera revisión), una sugerencia entre otras: con las reglas de hoy el día queda con un viaje que sale antes de que llegue el anterior, y con esa lectura con menos de media hora en el trabajo o la escuela. Cambia: viaje 2 08:52 → 20:52, viaje 3 10:14 → 22:14, viaje 4 10:20 → 22:44."
9,2,1403900014283,Mujeres,31,Empleado,,3,10:14,22:14,Trabajar,,Fábrica o taller,,,,home,,1403900010863,,AUTOMÓVIL PARTICULAR,,30,15,,,,,"Decimocuarta revisión: se conserva la decisión de la novena revisión (chain_review_9). Novena revisión: 30 min en AUTOMÓVIL PARTICULAR para 1.9 km en línea recta es más del doble de lo que la encuesta suele reportar para ese modo a esa distancia (15 min, la mediana de 3832 viajes): los minutos son el error, no la hora. Con 15 min llega a las 22:29 y el viaje siguiente sale a las 22:44, 15 min después. | Decimocuarta revisión: se toma la lectura de las horas de las tablas anteriores (la primera revisión), una sugerencia entre otras: con las reglas de hoy el día queda con un viaje que sale antes de que llegue el anterior, y con esa lectura con menos de media hora en el trabajo o la escuela. Cambia: viaje 2 08:52 → 20:52, viaje 3 10:14 → 22:14, viaje 4 10:20 → 22:44."
9,2,1403900014283,Mujeres,31,Empleado,,4,10:20,22:44,Regresar a Casa,,Su casa,,,,1403900010863,,home,,AUTOMÓVIL PARTICULAR,,30,15,,hora_invertida,,,"Decimocuarta revisión: se conserva la decisión de la novena revisión (chain_review_9). La salida se recorre de 10:20 a 22:44, que es la hora a la que llega el viaje anterior (22:14 + 30 min de traslado): tal como estaba, el viaje empezaba antes de haber llegado. El origen se encadena con el destino del viaje 3 (Fábrica o taller en 1403900010863). Novena revisión: 30 min en AUTOMÓVIL PARTICULAR para 1.9 km en línea recta es más del doble de lo que la encuesta suele reportar para ese modo a esa distancia (15 min, la mediana de 3832 viajes): los minutos son el error, no la hora. Es el último viaje del día. Es el mismo recorrido, en el mismo modo, que otro viaje del día cuyos minutos chocaban con la salida siguiente. | Decimocuarta revisión: se toma la lectura de las horas de las tablas anteriores (la primera revisión), una sugerencia entre otras: con las reglas de hoy el día queda con un viaje que sale antes de que llegue el anterior, y con esa lectura con menos de media hora en el trabajo o la escuela. Cambia: viaje 2 08:52 → 20:52, viaje 3 10:14 → 22:14, viaje 4 10:20 → 22:44."
34,3,1403900014245,Mujeres,17,Estudiante,,1,08:00,,Trabajar,,"Comercio, mercado, tienda o centro comercial",,Su casa,,home,,1403900013177,,A PIE,,2,,,,,,
34,3,1403900014245,Mujeres,17,Estudiante,,2,13:00,,Regresar a Casa,,Su casa,,,,1403900013177,,home,,A PIE,,2,,,,,,
34,3,1403900014245,Mujeres,17,Estudiante,,3,13:45,,Trabajar,,"Comercio, mercado, tienda o centro comercial",,,,home,,1403900013177,,A PIE,,2,,,,,,
34,3,1403900014245,Mujeres,17,Estudiante,,4,13:45 → 13:47,15:45,Estudiar,,Escuela,,,,1403900013177,,1403900013660,,A PIE,,10,,hora:llegada,,changed,,"Decimocuarta revisión: se toma la lectura de las horas de las tablas anteriores (la undécima revisión), una sugerencia entre otras: con las reglas de hoy el día queda con menos de media hora en el trabajo o la escuela, y con esa lectura con ningún problema. Cambia: viaje 4 13:47 → 15:45."
34,3,1403900014245,Mujeres,17,Estudiante,,5,19:47,,Regresar a Casa,,Su casa,,,,1403900013660,,home,,A PIE,,10,,,,,,
42,7,1403900010825,Hombres,40,Trabajador independiente,,1,07:13,,Compras (comida),,"Comercio, mercado, tienda o centro comercial",,Su casa,,home,,140390001083A,,A PIE,,9,,,,,,
42,7,1403900010825,Hombres,40,Trabajador independiente,,2,07:24,,Regresar a Casa,,Su casa,,,,140390001083A,,home,,A PIE,,9,,,,,,
42,7,1403900010825,Hombres,40,Trabajador independiente,,3,11:03,,Trabajar,,Su casa,,,,home,,1403900013177,,CAMIÓN O AUTOBÚS,,90,,,actividad_en_casa,,,
42,7,1403900010825,Hombres,40,Trabajador independiente,,4,14:02,,Regresar a Casa,,Su casa,,,,1403900013177,,home,,CAMIÓN O AUTOBÚS,,90,,,,,,
42,7,1403900010825,Hombres,40,Trabajador independiente,,5,15:03 → 17:03,,Visitar a alguien,,"Comercio, mercado, tienda o centro comercial",,,,home,,1403900011378,,TREN LIGERO,,60,30,hora:-10h+12h,,changed,,"Decimocuarta revisión: se conserva la decisión de la novena revisión (chain_review_9). Novena revisión: 60 min en TREN LIGERO para 4.3 km en línea recta es más del doble de lo que la encuesta suele reportar para ese modo a esa distancia (30 min, la mediana de 280 viajes): los minutos son el error, no la hora. Con 30 min llega a las 17:33 y el viaje siguiente sale a las 18:01, 28 min después."
42,7,1403900010825,Hombres,40,Trabajador independiente,,6,18:01 → 18:03,18:01,Regresar a Casa,,Su casa,,,,1403900011378,,home,,TREN LIGERO,,60,30,hora:llegada,,changed,,"Decimocuarta revisión: se conserva la decisión de la novena revisión (chain_review_9). Novena revisión: 60 min en TREN LIGERO para 4.3 km en línea recta es más del doble de lo que la encuesta suele reportar para ese modo a esa distancia (30 min, la mediana de 280 viajes): los minutos son el error, no la hora. Es el último viaje del día. Es el mismo recorrido, en el mismo modo, que otro viaje del día cuyos minutos chocaban con la salida siguiente. Novena revisión: la salida vuelve a las 18:01, la hora que reporta la encuesta: con los minutos de traslado que corrige esta revisión cabe después de la llegada del viaje anterior (17:33); una revisión anterior la había movido a las 18:03 para dejar sitio a los minutos de más. | Decimocuarta revisión: la salida queda a las 18:01, la que dan las reglas al leer de nuevo las horas del día tal como lo dejan las decisiones que se conservan (un renglón quitado, minutos de viaje corregidos, un motivo recodificado); sobre el día registrado daban las 18:03."
49,1,140390001083A,Hombres,33,Empleado,,1,14:00,,Trabajar,,Fábrica o taller,,Su casa,,home,,1407000140276,,AUTOMÓVIL PARTICULAR,,90,45,,,,,"Decimocuarta revisión: se conserva la decisión de la novena revisión (chain_review_9). Novena revisión: 90 min en AUTOMÓVIL PARTICULAR para 13.4 km en línea recta es más del doble de lo que la encuesta suele reportar para ese modo a esa distancia (45 min, la mediana de 4989 viajes): los minutos son el error, no la hora. Con 45 min llega a las 14:45 y el viaje siguiente sale a las 19:00, 255 min después. Es el mismo recorrido, en el mismo modo, que otro viaje del día cuyos minutos chocaban con la salida siguiente."
49,1,140390001083A,Hombres,33,Empleado,,2,19:00,,Regresar a Casa,,Su casa,,,,1407000140276,,home,,AUTOMÓVIL PARTICULAR,,90,45,,,,,"Decimocuarta revisión: se conserva la decisión de la novena revisión (chain_review_9). Novena revisión: 90 min en AUTOMÓVIL PARTICULAR para 13.4 km en línea recta es más del doble de lo que la encuesta suele reportar para ese modo a esa distancia (45 min, la mediana de 4989 viajes): los minutos son el error, no la hora. Con 45 min llega a las 19:45 y el viaje siguiente sale a las 20:00, 15 min después."
49,1,140390001083A,Hombres,33,Empleado,,3,20:00 → 20:30,20:00,Deportes o recreación,,"Restaurante, bar, cafetería",,,,home,,1403900011359,,AUTOMÓVIL PARTICULAR,,60,,hora:llegada,,changed,,"Decimocuarta revisión: la salida queda a las 20:00, la que dan las reglas al leer de nuevo las horas del día tal como lo dejan las decisiones que se conservan (un renglón quitado, minutos de viaje corregidos, un motivo recodificado); sobre el día registrado daban las 20:30."
49,1,140390001083A,Hombres,33,Empleado,,4,22:30,,Regresar a Casa,,Su casa,,,,1403900011359,,home,,AUTOMÓVIL PARTICULAR,,60,,,,,,
66,1,140390001083A,Hombres,66,Trabajador independiente,,1,14:00,04:00,Trabajar,,"Comercio, mercado, tienda o centro comercial",,Su casa,,home,,1412000015482,,AUTOMÓVIL PARTICULAR,,90,40,,,,,"Decimocuarta revisión: se conserva la decisión de la novena revisión (chain_review_9). Novena revisión: 90 min en AUTOMÓVIL PARTICULAR para 9.6 km en línea recta es más del doble de lo que la encuesta suele reportar para ese modo a esa distancia (40 min, la mediana de 5474 viajes): los minutos son el error, no la hora. Con 40 min llega a las 04:40 y el viaje siguiente sale a las 13:50, 550 min después. Es el mismo recorrido, en el mismo modo, que otro viaje del día cuyos minutos chocaban con la salida siguiente. | Decimocuarta revisión: se toma la lectura de las horas de las tablas anteriores (la segunda revisión), una sugerencia entre otras: con las reglas de hoy el día queda con un viaje que sale antes de que llegue el anterior, y con esa lectura con una salida movida a la madrugada. Cambia: viaje 1 14:00 → 04:00, viaje 4 16:00 → 18:00."
66,1,140390001083A,Hombres,66,Trabajador independiente,,2,13:50,,Regresar a Casa,,Su casa,,,,1412000015482,,home,,AUTOMÓVIL PARTICULAR,,90,40,,hora_invertida,,,"Decimocuarta revisión: se conserva la decisión de la novena revisión (chain_review_9). Novena revisión: 90 min en AUTOMÓVIL PARTICULAR para 9.6 km en línea recta es más del doble de lo que la encuesta suele reportar para ese modo a esa distancia (40 min, la mediana de 5474 viajes): los minutos son el error, no la hora. Con 40 min llega a las 14:30 y el viaje siguiente sale a las 15:20, 50 min después."
66,1,140390001083A,Hombres,66,Trabajador independiente,,3,15:20,,Trabajar,,"Comercio, mercado, tienda o centro comercial",,,,home,,1412000015482,,AUTOMÓVIL PARTICULAR,,90,40,,,,,"Decimocuarta revisión: se conserva la decisión de la novena revisión (chain_review_9). Novena revisión: 90 min en AUTOMÓVIL PARTICULAR para 9.6 km en línea recta es más del doble de lo que la encuesta suele reportar para ese modo a esa distancia (40 min, la mediana de 5474 viajes): los minutos son el error, no la hora. Con 40 min llega a las 16:00 y el viaje siguiente sale a las 18:00, 120 min después. Es el mismo recorrido, en el mismo modo, que otro viaje del día cuyos minutos chocaban con la salida siguiente."
66,1,140390001083A,Hombres,66,Trabajador independiente,,4,16:00,18:00,Regresar a Casa,,Su casa,,,,1412000015482,,home,,AUTOMÓVIL PARTICULAR,,90,40,,hora_invertida,,,"Decimocuarta revisión: se conserva la decisión de la novena revisión (chain_review_9). Novena revisión: 90 min en AUTOMÓVIL PARTICULAR para 9.6 km en línea recta es más del doble de lo que la encuesta suele reportar para ese modo a esa distancia (40 min, la mediana de 5474 viajes): los minutos son el error, no la hora. Es el último viaje del día. Es el mismo recorrido, en el mismo modo, que otro viaje del día cuyos minutos chocaban con la salida siguiente. | Decimocuarta revisión: se toma la lectura de las horas de las tablas anteriores (la segunda revisión), una sugerencia entre otras: con las reglas de hoy el día queda con un viaje que sale antes de que llegue el anterior, y con esa lectura con una salida movida a la madrugada. Cambia: viaje 1 14:00 → 04:00, viaje 4 16:00 → 18:00."
81,4,140390001083A,Hombres,58,Empleado,,1,06:00,,Trabajar,,Fábrica o taller,,Su casa,,home,,1412000011009,,AUTOMÓVIL PARTICULAR,,100,40,,,,,"Decimocuarta revisión: se conserva la decisión de la novena revisión (chain_review_9). Novena revisión: 100 min en AUTOMÓVIL PARTICULAR para 10.6 km en línea recta es más del doble de lo que la encuesta suele reportar para ese modo a esa distancia (40 min, la mediana de 5474 viajes): los minutos son el error, no la hora. Con 40 min llega a las 06:40 y el viaje siguiente sale a las 11:44, 304 min después. Es el mismo recorrido, en el mismo modo, que otro viaje del día cuyos minutos chocaban con la salida siguiente."
81,4,140390001083A,Hombres,58,Empleado,,2,11:44,,Regresar a Casa,,Su casa,,,,1412000011009,,home,,AUTOMÓVIL PARTICULAR,,100,40,,,,,"Decimocuarta revisión: se conserva la decisión de la novena revisión (chain_review_9). Novena revisión: 100 min en AUTOMÓVIL PARTICULAR para 10.6 km en línea recta es más del doble de lo que la encuesta suele reportar para ese modo a esa distancia (40 min, la mediana de 5474 viajes): los minutos son el error, no la hora. Con 40 min llega a las 12:24 y el viaje siguiente sale a las 13:12, 48 min después."
81,4,140390001083A,Hombres,58,Empleado,,3,13:12 → 13:24,13:12,Trabajar,,Fábrica o taller,,,,home,,1412000011009,,AUTOMÓVIL PARTICULAR,,100,40,hora:llegada,,changed,,"Decimocuarta revisión: se conserva la decisión de la novena revisión (chain_review_9). Novena revisión: 100 min en AUTOMÓVIL PARTICULAR para 10.6 km en línea recta es más del doble de lo que la encuesta suele reportar para ese modo a esa distancia (40 min, la mediana de 5474 viajes): los minutos son el error, no la hora. Con 40 min llega a las 13:52 y el viaje siguiente sale a las 16:00, 128 min después. Es el mismo recorrido, en el mismo modo, que otro viaje del día cuyos minutos chocaban con la salida siguiente. Novena revisión: la salida vuelve a las 13:12, la hora que reporta la encuesta: con los minutos de traslado que corrige esta revisión cabe después de la llegada del viaje anterior (12:24); una revisión anterior la había movido a las 13:24 para dejar sitio a los minutos de más. | Decimocuarta revisión: la salida queda a las 13:12, la que dan las reglas al leer de nuevo las horas del día tal como lo dejan las decisiones que se conservan (un renglón quitado, minutos de viaje corregidos, un motivo recodificado); sobre el día registrado daban las 13:24."
81,4,140390001083A,Hombres,58,Empleado,,4,16:00,,Regresar a Casa,,Su casa,,,,1412000011009,,home,,AUTOMÓVIL PARTICULAR,,100,40,,,,,"Decimocuarta revisión: se conserva la decisión de la novena revisión (chain_review_9). Novena revisión: 100 min en AUTOMÓVIL PARTICULAR para 10.6 km en línea recta es más del doble de lo que la encuesta suele reportar para ese modo a esa distancia (40 min, la mediana de 5474 viajes): los minutos son el error, no la hora. Con 40 min llega a las 16:40 y el viaje siguiente sale a las 18:03, 83 min después. Es el mismo recorrido, en el mismo modo, que otro viaje del día cuyos minutos chocaban con la salida siguiente."
81,4,140390001083A,Hombres,58,Empleado,,5,18:03,,Compras (comida),,"Comercio, mercado, tienda o centro comercial",,,,home,,home,,A PIE,,10,,,,,,
81,4,140390001083A,Hombres,58,Empleado,,6,18:20,,Regresar a Casa,,Su casa,,,,home,,home,,A PIE,,10,,,,,,
89,3,1403900010539,Mujeres,30,Empleado,,1,08:30,,Trabajar,,Fábrica o taller,,Su casa,,home,,1407000200257,,CAMIÓN O AUTOBÚS,,90,,,,,,
89,3,1403900010539,Mujeres,30,Empleado,,2,14:00,,Regresar a Casa,,Su casa,,,,1407000200257,,home,,CAMIÓN O AUTOBÚS,,100,,,,,,
89,3,1403900010539,Mujeres,30,Empleado,,3,16:44,,Trabajar,,Fábrica o taller,,,,home,,1407000200257,,CAMIÓN O AUTOBÚS,,90,,,,,,
89,3,1403900010539,Mujeres,30,Empleado,,4,18:03 → 18:14,20:14,Regresar a Casa,,Su casa,,,,1407000200257,,home,,CAMIÓN O AUTOBÚS,,100,,hora:llegada,,changed,,"Decimocuarta revisión: se toma la lectura de las horas de las tablas anteriores (la undécima revisión), una sugerencia entre otras: con las reglas de hoy el día queda con menos de media hora en el trabajo o la escuela, y con esa lectura con ningún problema. Cambia: viaje 4 18:14 → 20:14."
107,3,1403900013209,Mujeres,24,Empleado,,1,10:00,,Compras (comida),,"Comercio, mercado, tienda o centro comercial",,Su casa,,home,,1403900011537,,A PIE,,15,,,,,,
107,3,1403900013209,Mujeres,24,Empleado,,2,10:20,,Regresar a Casa,,Su casa,,,,1403900011537,,home,,A PIE,,20,,,,,,
107,3,1403900013209,Mujeres,24,Empleado,,3,20:00,,Trabajar,,"Comercio, mercado, tienda o centro comercial",,,,home,,1403900012291,,AUTOMÓVIL PARTICULAR,,30,,,,,,
107,3,1403900013209,Mujeres,24,Empleado,,4,12:00,00:00,Regresar a Casa,,Su casa,,,,1403900012291,,home,,AUTOMÓVIL PARTICULAR,,30,,,hora_invertida,,,"Decimocuarta revisión: se toma la lectura de las horas de las tablas anteriores (la primera revisión), una sugerencia entre otras: con las reglas de hoy el día queda con un viaje que sale antes de que llegue el anterior, y con esa lectura con ningún problema. Cambia: viaje 4 12:00 → 00:00."
147,1,1403900013177,Hombres,30,Empleado,,1,09:00,,Trabajar,,Fábrica o taller,,Su casa,,home,,999990004,,CAMIÓN O AUTOBÚS,,20,,,,,,
147,1,1403900013177,Hombres,30,Empleado,,2,10:30,,Trabajar,,Otros (especifique),,,,999990004,,1409800010879,,Taxi plataforma (Uber/Didi),,4,,,,,,
147,1,1403900013177,Hombres,30,Empleado,,3,14:00,,Visitar a alguien,,"Comercio, mercado, tienda o centro comercial",,,,1409800010879,,999990004,,AUTOMÓVIL PARTICULAR,,20,,,,,,
147,1,1403900013177,Hombres,30,Empleado,,4,12:00,14:20,Regresar a Casa,,Su casa,,,,999990004,,home,,AUTOMÓVIL PARTICULAR,,3,,,hora_invertida,,,"Decimocuarta revisión: ninguna lectura de las horas cierra el día: con las reglas queda un viaje que sale antes de que llegue el anterior, con la de las tablas anteriores una estancia de 8 horas o más en un mandado o una visita. Las salidas se mueven lo menos posible (140 min en total) para que ningún viaje salga antes de que llegue el anterior; queda una estancia de cero minutos fuera de casa. Cambia: viaje 4 12:00 → 14:20."
250,1,1403900014033,Mujeres,59,Hogar,,1,13:00,,Al médico o atención de salud,,"Hospital, clínica, consultorio, laboratorio clínico",,Su casa,,home,,1403900011170,,CAMIÓN O AUTOBÚS,,60,,,,,,
250,1,1403900014033,Mujeres,59,Hogar,,2,14:26,,Hacer un trámite,,Otra vivienda,,,,1403900011170,,1403900011359,,CAMIÓN O AUTOBÚS,,20,,,,,,
250,1,1403900014033,Mujeres,59,Hogar,,3,17:00,,Regresar a Casa,,Su casa,,,,1403900011359,,home,,CAMIÓN O AUTOBÚS,,70,30,,,,,"Decimocuarta revisión: se conserva la decisión de la novena revisión (chain_review_9). Novena revisión: 70 min en CAMIÓN O AUTOBÚS para 5.0 km en línea recta es más del doble de lo que la encuesta suele reportar para ese modo a esa distancia (30 min, la mediana de 5401 viajes): los minutos son el error, no la hora. Con 30 min llega a las 17:30 y el viaje siguiente sale a las 18:01, 31 min después."
250,1,1403900014033,Mujeres,59,Hogar,,4,18:01 → 18:10,18:01,Deportes o recreación,,"Deportivo, gimnasio",,,,home,,1403900012713,,A PIE,,11,,hora:llegada,,changed,,"Decimocuarta revisión: la salida queda a las 18:01, la que dan las reglas al leer de nuevo las horas del día tal como lo dejan las decisiones que se conservan (un renglón quitado, minutos de viaje corregidos, un motivo recodificado); sobre el día registrado daban las 18:10."
250,1,1403900014033,Mujeres,59,Hogar,,5,18:20 → 18:21,18:20,Regresar a Casa,,Su casa,,,,1403900012713,,home,,A PIE,,11,,hora:llegada,,changed,,"Decimocuarta revisión: la salida queda a las 18:20, la que dan las reglas al leer de nuevo las horas del día tal como lo dejan las decisiones que se conservan (un renglón quitado, minutos de viaje corregidos, un motivo recodificado); sobre el día registrado daban las 18:21."
265,2,1403900013730,Hombres,49,Empleado,,1,08:17,,"Compras (bienes, productos y servicios)",,"Comercio, mercado, tienda o centro comercial",,Su casa,,home,,home,,A PIE,,12,,,,,,
265,2,1403900013730,Hombres,49,Empleado,,2,08:37,,Regresar a Casa,,Su casa,,,,home,,home,,A PIE,,12,,,,,,
265,2,1403900013730,Hombres,49,Empleado,,3,20:00,,Trabajar,,Fábrica o taller,,,,home,,1403900012554,,Bicicleta,,15,,,,,,
265,2,1403900013730,Hombres,49,Empleado,,4,18:00,20:15,Regresar a Casa,,Su casa,,,,1403900012554,,home,,Bicicleta,,15,,,hora_invertida,,,"Decimocuarta revisión: se toma la lectura de las horas de las tablas anteriores (las reglas anteriores), una sugerencia entre otras: con las reglas de hoy el día queda con un viaje que sale antes de que llegue el anterior, y con esa lectura con menos de media hora en el trabajo o la escuela. Cambia: viaje 4 18:00 → 20:15."
295,3,1403900014033,Mujeres,22,Hogar,,1,10:00,,"Compras (bienes, productos y servicios)",,"Comercio, mercado, tienda o centro comercial",,Su casa,,home,,home,,A PIE,,5,,,,,,
295,3,1403900014033,Mujeres,22,Hogar,,2,10:15,,Regresar a Casa,,Su casa,,,,home,,home,,A PIE,,5,,,,,,
295,3,1403900014033,Mujeres,22,Hogar,,3,17:40,,Llevar o recoger a alguien,,Escuela,,,,home,,1403900012728,,A PIE,,20,,,,,,
295,3,1403900014033,Mujeres,22,Hogar,,4,18:05,,Regresar a Casa,,Su casa,,,,1403900012728,,home,,A PIE,,20,,,,,,
295,3,1403900014033,Mujeres,22,Hogar,,5,22:00,,Visitar a alguien,,Otra vivienda,,,,home,,1409800010879,,Taxi,,20,,,,,,
295,3,1403900014033,Mujeres,22,Hogar,,6,19:57,22:20,Regresar a Casa,,Su casa,,,,1409800010879,,home,,Taxi,,20,,,hora_invertida,,,"Decimocuarta revisión: se toma la lectura de las horas de las tablas anteriores (la primera revisión), una sugerencia entre otras: con las reglas de hoy el día queda con un viaje que sale antes de que llegue el anterior, y con esa lectura con una estancia de cero minutos fuera de casa. Cambia: viaje 6 19:57 → 22:20."
353,2,1403900012569,Mujeres,34,Empleado,,1,07:29,,Trabajar,,Fábrica o taller,,Su casa,,home,,1403900011753,,CAMIÓN O AUTOBÚS,,55,,,,,,
353,2,1403900012569,Mujeres,34,Empleado,,2,17:28,,Regresar a Casa,,Su casa,,,,1403900011753,,home,,CAMIÓN O AUTOBÚS,,60,30,,,,,"Decimocuarta revisión: se conserva la decisión de la novena revisión (chain_review_9). Novena revisión: 60 min en CAMIÓN O AUTOBÚS para 4.8 km en línea recta es más del doble de lo que la encuesta suele reportar para ese modo a esa distancia (30 min, la mediana de 5401 viajes): los minutos son el error, no la hora. Con 30 min llega a las 17:58 y el viaje siguiente sale a las 18:16, 18 min después."
353,2,1403900012569,Mujeres,34,Empleado,,3,18:16 → 18:28,18:16,Trabajar,,Fábrica o taller,,,,home,,1403900011753,,CAMIÓN O AUTOBÚS,,55,,hora:llegada,,changed,,"Decimocuarta revisión: la salida queda a las 18:16, la que dan las reglas al leer de nuevo las horas del día tal como lo dejan las decisiones que se conservan (un renglón quitado, minutos de viaje corregidos, un motivo recodificado); sobre el día registrado daban las 18:28."
353,2,1403900012569,Mujeres,34,Empleado,,4,20:48,,Regresar a Casa,,Su casa,,,,1403900011753,,home,,CAMIÓN O AUTOBÚS,,60,30,,,,,"Decimocuarta revisión: se conserva la decisión de la novena revisión (chain_review_9). Novena revisión: 60 min en CAMIÓN O AUTOBÚS para 4.8 km en línea recta es más del doble de lo que la encuesta suele reportar para ese modo a esa distancia (30 min, la mediana de 5401 viajes): los minutos son el error, no la hora. Es el último viaje del día. Es el mismo recorrido, en el mismo modo, que otro viaje del día cuyos minutos chocaban con la salida siguiente."
418,1,1403900012713,Hombres,34,Empleado,,1,19:18,,Compras (comida),,"Comercio, mercado, tienda o centro comercial",,"Comercio, mercado, tienda o centro comercial",Su casa,140390001254A,home,home,140390001254A,A PIE,,20,,,inicio_fuera_de_casa,,,"Decimocuarta revisión: el viaje 1 se registró de 140390001254A a casa y el siguiente de casa en adelante; la quinta revisión leyó que 140390001254A es adonde fue, no de donde salió, sobre la lectura de la primera revisión, que empezaba el día en casa. Ninguna regla empieza hoy este día en casa, así que el origen del viaje 1 es la vivienda y la respuesta de dónde empezó el día, «Su casa». | Decimocuarta revisión: se conserva la decisión de la quinta revisión (chain_review_5). Origen y destino rotados en el registro: el viaje 1 se registró de 140390001254A a casa y el siguiente de casa a otro lado, así que 140390001254A (Comercio, mercado, tienda o centro comercial) es adonde fue y no de donde salió. La primera revisión puso el origen en casa pero dejó el destino en casa (un viaje de casa a casa); aquí el destino es 140390001254A. | Decimocuarta revisión: el viaje 1 se registró de 140390001254A a casa y el siguiente de casa en adelante; la quinta revisión leyó que 140390001254A es adonde fue, no de donde salió, sobre la lectura de la primera revisión, que empezaba el día en casa. Ninguna regla empieza hoy este día en casa, así que el origen del viaje 1 es la vivienda y la respuesta de dónde empezó el día, «Su casa»."
418,1,1403900012713,Hombres,34,Empleado,,2,19:23 → 19:38,,Regresar a Casa,,Su casa,,,,home,140390001254A,home,,A PIE,,20,,hora:llegada,,changed,,"Decimocuarta revisión: se conserva la decisión de la quinta revisión (chain_review_5). Sale de 140390001254A, donde terminó el viaje anterior (el registro lo daba saliendo de casa)."
493,4,1403900011170,Hombres,51,Empleado,,1,08:21,,Otros (especifique),,Otros (especifique),,Su casa,,home,,home,,A PIE,,12,,,,,,
493,4,1403900011170,Hombres,51,Empleado,,2,08:43,,Regresar a Casa,,Su casa,,,,home,,home,,A PIE,,12,,,,,,
493,4,1403900011170,Hombres,51,Empleado,,3,20:28,,Trabajar,,Fábrica o taller,,,,home,,1412000010369,,TREN LIGERO,,7,,,,,,
493,4,1403900011170,Hombres,51,Empleado,,4,17:02,05:02,Regresar a Casa,,Su casa,,,,1412000010369,,home,,MI MACRO,,27,,,hora_invertida,,,"Decimocuarta revisión: se toma la lectura de las horas de las tablas anteriores (la primera revisión), una sugerencia entre otras: con las reglas de hoy el día queda con un viaje que sale antes de que llegue el anterior, y con esa lectura con ningún problema. Cambia: viaje 4 17:02 → 05:02."
494,2,1403900011170,Mujeres,40,Empleado,,1,07:20,,Trabajar,Regresar a Casa,Su casa,,Fábrica o taller,,1403900011378,,home,,Línea 2 Sitren,,35,,,inicio_fuera_de_casa;actividad_en_casa,,,"Decimocuarta revisión: se conserva la decisión de la sexta revisión (chain_review_6). Llega a la vivienda (el AGEB del hogar, tipo Su casa) desde 1403900011378, donde hizo una actividad: es el regreso a casa, registrado con el motivo de la actividad (Trabajar). Al llegar a casa el propósito es casa; si el renglón siguiente repite el regreso desde casa, queda como no-viaje."
494,2,1403900011170,Mujeres,40,Empleado,,2,19:00,,Trabajar,,Su casa,,,,home,,home,,A PIE,,35,,,fin_fuera_de_casa;actividad_en_casa,,,
498,1,1403900011170,Hombres,57,Empleado,,1,06:45,,Trabajar,,Fábrica o taller,,Su casa,,home,,1403900011537,,CAMIÓN O AUTOBÚS,,90,40,,,,,"Decimocuarta revisión: se conserva la decisión de la novena revisión (chain_review_9). Novena revisión: 90 min en CAMIÓN O AUTOBÚS para 6.8 km en línea recta es más del doble de lo que la encuesta suele reportar para ese modo a esa distancia (40 min, la mediana de 5870 viajes): los minutos son el error, no la hora. Con 40 min llega a las 07:25 y el viaje siguiente sale a las 17:05, 580 min después. Es el mismo recorrido, en el mismo modo, que otro viaje del día cuyos minutos chocaban con la salida siguiente."
498,1,1403900011170,Hombres,57,Empleado,,2,17:05,,Regresar a Casa,,Su casa,,,,1403900011537,,home,,CAMIÓN O AUTOBÚS,,90,40,,,,,"Decimocuarta revisión: se conserva la decisión de la novena revisión (chain_review_9). Novena revisión: 90 min en CAMIÓN O AUTOBÚS para 6.8 km en línea recta es más del doble de lo que la encuesta suele reportar para ese modo a esa distancia (40 min, la mediana de 5870 viajes): los minutos son el error, no la hora. Con 40 min llega a las 17:45 y el viaje siguiente sale a las 18:24, 39 min después."
498,1,1403900011170,Hombres,57,Empleado,,3,18:24 → 18:35,18:24,Trabajar,,Fábrica o taller,,,,home,,1403900011537,,CAMIÓN O AUTOBÚS,,60,,hora:llegada,,changed,,"Decimocuarta revisión: la salida queda a las 18:24, la que dan las reglas al leer de nuevo las horas del día tal como lo dejan las decisiones que se conservan (un renglón quitado, minutos de viaje corregidos, un motivo recodificado); sobre el día registrado daban las 18:35."
498,1,1403900011170,Hombres,57,Empleado,,4,20:42,,Regresar a Casa,,Su casa,,,,1403900011537,,home,,CAMIÓN O AUTOBÚS,,60,,,,,,
507,1,1403900011382,Hombres,48,Empleado,,1,09:00,,Trabajar,,Fábrica o taller,,Su casa,,home,,home,,CAMIÓN O AUTOBÚS,,65,,,,,,
507,1,1403900011382,Hombres,48,Empleado,,2,20:00,16:10,Regresar a Casa,,Su casa,,,,home,,home,,CAMIÓN O AUTOBÚS,,60,,,,,,"Decimocuarta revisión: se toma la lectura de las horas de las tablas anteriores (la duodécima revisión), una sugerencia entre otras: con las reglas de hoy el día queda con un viaje que sale antes de que llegue el anterior, y con esa lectura con ningún problema. Cambia: viaje 2 20:00 → 16:10."
507,1,1403900011382,Hombres,48,Empleado,,3,17:10,,Compras (comida),,"Comercio, mercado, tienda o centro comercial",,,,home,,1403900011166,,A PIE,,5,,,hora_invertida,,,
507,1,1403900011382,Hombres,48,Empleado,,4,19:20,,Regresar a Casa,,Su casa,,,,1403900011166,,home,,A PIE,,5,,,,,,
516,1,1403900013853,Hombres,78,Trabajador independiente,,1,08:20,07:04,Trabajar,,Otra vivienda,,Su casa,,home,,1412000014198,,AUTOMÓVIL PARTICULAR,,45,,,,,,"Decimocuarta revisión: se toma la lectura de las horas de las tablas anteriores (la duodécima revisión), una sugerencia entre otras: con las reglas de hoy el día queda con un viaje que sale antes de que llegue el anterior, y con esa lectura con menos de media hora en el trabajo o la escuela. Cambia: viaje 1 08:20 → 07:04."
516,1,1403900013853,Hombres,78,Trabajador independiente,,2,07:49,,Regresar a Casa,,Su casa,,,,1412000014198,,home,,AUTOMÓVIL PARTICULAR,,50,,,hora_invertida,,,
516,1,1403900013853,Hombres,78,Trabajador independiente,,3,09:14,,Trabajar,,Otra vivienda,,,,home,,1412000014198,,AUTOMÓVIL PARTICULAR,,45,,,,,,
516,1,1403900013853,Hombres,78,Trabajador independiente,,4,10:30,,Regresar a Casa,,Su casa,,,,1412000014198,,home,,AUTOMÓVIL PARTICULAR,,50,,,,,,
516,1,1403900013853,Hombres,78,Trabajador independiente,,5,19:02,,Compras (comida),,"Comercio, mercado, tienda o centro comercial",,,,home,,1403900013641,,A PIE,,15,,,,,,
516,1,1403900013853,Hombres,78,Trabajador independiente,,6,19:25,,Regresar a Casa,,Su casa,,,,1403900013641,,home,,A PIE,,15,,,,,,
554,1,1403900011645,Hombres,35,Trabajador independiente,,1,06:00,,Trabajar,,Fábrica o taller,,Su casa,,home,,1403900011359,,CAMIÓN O AUTOBÚS,,60,,,,,,
554,1,1403900011645,Hombres,35,Trabajador independiente,,2,19:25 → 09:25,19:25,Regresar a Casa,,Su casa,,,,1403900011359,,home,,CAMIÓN O AUTOBÚS,,30,,hora:-10h,,changed,,"Decimocuarta revisión: se toma la lectura de las horas de las tablas anteriores (la primera revisión), una sugerencia entre otras: con las reglas de hoy el día queda con una estancia de 8 horas o más en un mandado o una visita, y con esa lectura con ningún problema. Cambia: viaje 2 09:25 → 19:25, viaje 3 10:10 → 20:10, viaje 4 19:19 → 21:19."
554,1,1403900011645,Hombres,35,Trabajador independiente,,3,22:10 → 10:10,20:10,Compras (comida),,"Comercio, mercado, tienda o centro comercial",,,,home,,1403900011397,,A PIE,,30,,hora:-12h,,changed,,"Decimocuarta revisión: se toma la lectura de las horas de las tablas anteriores (la primera revisión), una sugerencia entre otras: con las reglas de hoy el día queda con una estancia de 8 horas o más en un mandado o una visita, y con esa lectura con ningún problema. Cambia: viaje 2 09:25 → 19:25, viaje 3 10:10 → 20:10, viaje 4 19:19 → 21:19."
554,1,1403900011645,Hombres,35,Trabajador independiente,,4,19:19,21:19,Regresar a Casa,,Su casa,,,,1403900011397,,home,,A PIE,,30,,,,,,"Decimocuarta revisión: se toma la lectura de las horas de las tablas anteriores (la primera revisión), una sugerencia entre otras: con las reglas de hoy el día queda con una estancia de 8 horas o más en un mandado o una visita, y con esa lectura con ningún problema. Cambia: viaje 2 09:25 → 19:25, viaje 3 10:10 → 20:10, viaje 4 19:19 → 21:19."
560,2,1403900011645,Hombres,22,Empleado,,1,07:00,,Trabajar,,"Restaurante, bar, cafetería",,Su casa,,home,,1403900012130,,Bicicleta,,30,,,,,,
560,2,1403900011645,Hombres,22,Empleado,,2,15:00,,Trabajar,,"Restaurante, bar, cafetería",,,,1403900012130,,1403900011804,,Bicicleta,,20,,,,,,
560,2,1403900011645,Hombres,22,Empleado,,3,12:00,00:00,Regresar a Casa,,Su casa,,,,1403900011804,,home,,Bicicleta,,35,,,hora_invertida,,,"Decimocuarta revisión: se toma la lectura de las horas de las tablas anteriores (la primera revisión), una sugerencia entre otras: con las reglas de hoy el día queda con un viaje que sale antes de que llegue el anterior, y con esa lectura con ningún problema. Cambia: viaje 3 12:00 → 00:00."
574,3,1403900011185,Mujeres,49,Empleado,,1,08:00,,Trabajar,,Fábrica o taller,,Su casa,,home,,1403900012427,,CAMIÓN O AUTOBÚS,,80,40,,,,,"Decimocuarta revisión: se conserva la decisión de la novena revisión (chain_review_9). Novena revisión: 80 min en CAMIÓN O AUTOBÚS para 5.4 km en línea recta es más del doble de lo que la encuesta suele reportar para ese modo a esa distancia (40 min, la mediana de 5870 viajes): los minutos son el error, no la hora. Con 40 min llega a las 08:40 y el viaje siguiente sale a las 18:00, 560 min después. Es el mismo recorrido, en el mismo modo, que otro viaje del día cuyos minutos chocaban con la salida siguiente."
574,3,1403900011185,Mujeres,49,Empleado,,2,18:00,,Regresar a Casa,,Su casa,,,,1403900012427,,home,,CAMIÓN O AUTOBÚS,,92,40,,,,,"Decimocuarta revisión: se conserva la decisión de la novena revisión (chain_review_9). Novena revisión: 92 min en CAMIÓN O AUTOBÚS para 5.4 km en línea recta es más del doble de lo que la encuesta suele reportar para ese modo a esa distancia (40 min, la mediana de 5870 viajes): los minutos son el error, no la hora. Con 40 min llega a las 18:40 y el viaje siguiente sale a las 19:30, 50 min después."
574,3,1403900011185,Mujeres,49,Empleado,,3,19:30 → 19:32,19:30,Compras (comida),,Su casa,,,,home,,home,,A PIE,,10,,hora:llegada,actividad_en_casa,changed,,"Decimocuarta revisión: la salida queda a las 19:30, la que dan las reglas al leer de nuevo las horas del día tal como lo dejan las decisiones que se conservan (un renglón quitado, minutos de viaje corregidos, un motivo recodificado); sobre el día registrado daban las 19:32."
574,3,1403900011185,Mujeres,49,Empleado,,4,21:10,,Regresar a Casa,,Su casa,,,,home,,home,,A PIE,,10,,,,,,
576,3,1403900011185,Mujeres,49,Empleado,,1,13:00,,Trabajar,,"Comercio, mercado, tienda o centro comercial",,Su casa,,home,,1403900014851,,CAMIÓN O AUTOBÚS,,15,,,,,,
576,3,1403900011185,Mujeres,49,Empleado,,2,18:00,,Compras (comida),,"Comercio, mercado, tienda o centro comercial",,,,1403900014851,,home,,A PIE,,7,,,,,,
576,3,1403900011185,Mujeres,49,Empleado,,3,18:40,,Trabajar,,"Comercio, mercado, tienda o centro comercial",,,,home,,1403900014851,,A PIE,,7,,,,,,
576,3,1403900011185,Mujeres,49,Empleado,,4,12:00,00:00,Regresar a Casa,,Su casa,,,,1403900014851,,home,,Taxi plataforma (Uber/Didi),,10,,,hora_invertida,,,"Decimocuarta revisión: se toma la lectura de las horas de las tablas anteriores (la primera revisión), una sugerencia entre otras: con las reglas de hoy el día queda con un viaje que sale antes de que llegue el anterior, y con esa lectura con ningún problema. Cambia: viaje 4 12:00 → 00:00."
594,3,1403900011946,Hombres,34,Empleado,,1,10:00,,Trabajar,,"Comercio, mercado, tienda o centro comercial",,Su casa,,home,,1403900011359,,A PIE,,35,,,,,,
594,3,1403900011946,Hombres,34,Empleado,,2,18:30,,Trabajar → Regresar a Casa,,Su casa,,,,1403900011359,,home,,TREN LIGERO,,35,,motivo:casa,,changed,,
594,3,1403900011946,Hombres,34,Empleado,,3,22:00,,Compras (comida),,"Restaurante, bar, cafetería",,,,home,,140390001165A,,A PIE,,30,,,,,,
594,3,1403900011946,Hombres,34,Empleado,,4,19:31,22:30,Regresar a Casa,,Su casa,,,,140390001165A,,home,,A PIE,,30,,,hora_invertida,,,"Decimocuarta revisión: se toma la lectura de las horas de las tablas anteriores (la primera revisión), una sugerencia entre otras: con las reglas de hoy el día queda con un viaje que sale antes de que llegue el anterior, y con esa lectura con una estancia de cero minutos fuera de casa. Cambia: viaje 4 19:31 → 22:30."
621,3,1403900014870,Mujeres,26,Empleado,,1,08:00,,Trabajar,,"Hospital, clínica, consultorio, laboratorio clínico",,Su casa,,home,,1412000012242,,AUTOMÓVIL PARTICULAR,,40,20,,,,,"Decimocuarta revisión: se conserva la decisión de la novena revisión (chain_review_9). Novena revisión: 40 min en AUTOMÓVIL PARTICULAR para 2.3 km en línea recta es más del doble de lo que la encuesta suele reportar para ese modo a esa distancia (20 min, la mediana de 3486 viajes): los minutos son el error, no la hora. Con 20 min llega a las 08:20 y el viaje siguiente sale a las 16:38, 498 min después. Es el mismo recorrido, en el mismo modo, que otro viaje del día cuyos minutos chocaban con la salida siguiente."
621,3,1403900014870,Mujeres,26,Empleado,,2,06:38,16:38,Regresar a Casa,,Su casa,,,,1412000012242,,home,,AUTOMÓVIL PARTICULAR,,45,20,,hora_invertida,,,"Decimocuarta revisión: se conserva la decisión de la novena revisión (chain_review_9). Error de dígito en la hora: se reporta 6:38 y la cadena solo cierra con 16:38. El origen se encadena con el destino del viaje 1 (Hospital, clínica, consultorio, laboratorio clínico en 1412000012242). Novena revisión: 45 min en AUTOMÓVIL PARTICULAR para 2.3 km en línea recta es más del doble de lo que la encuesta suele reportar para ese modo a esa distancia (20 min, la mediana de 3486 viajes): los minutos son el error, no la hora. Con 20 min llega a las 16:58 y el viaje siguiente sale a las 18:16, 78 min después. Es el mismo recorrido, en el mismo modo, que otro viaje del día cuyos minutos chocaban con la salida siguiente. | Decimocuarta revisión: se toma la lectura de las horas de las tablas anteriores (la primera revisión), una sugerencia entre otras: con las reglas de hoy el día queda con un viaje que sale antes de que llegue el anterior, y con esa lectura con una estancia de cero minutos fuera de casa. Cambia: viaje 2 06:38 → 16:38, viaje 3 08:16 → 18:16, viaje 4 08:00 → 20:00, viaje 5 18:04 → 20:45, viaje 6 18:09 → 20:47."
621,3,1403900014870,Mujeres,26,Empleado,,3,08:16,18:16,Trabajar,,"Hospital, clínica, consultorio, laboratorio clínico",,,,home,,1412000012242,,AUTOMÓVIL PARTICULAR,,40,20,,,,,"Decimocuarta revisión: se conserva la decisión de la novena revisión (chain_review_9). Novena revisión: 40 min en AUTOMÓVIL PARTICULAR para 2.3 km en línea recta es más del doble de lo que la encuesta suele reportar para ese modo a esa distancia (20 min, la mediana de 3486 viajes): los minutos son el error, no la hora. Con 20 min llega a las 18:36 y el viaje siguiente sale a las 20:00, 84 min después. Es el mismo recorrido, en el mismo modo, que otro viaje del día cuyos minutos chocaban con la salida siguiente. | Decimocuarta revisión: se toma la lectura de las horas de las tablas anteriores (la primera revisión), una sugerencia entre otras: con las reglas de hoy el día queda con un viaje que sale antes de que llegue el anterior, y con esa lectura con una estancia de cero minutos fuera de casa. Cambia: viaje 2 06:38 → 16:38, viaje 3 08:16 → 18:16, viaje 4 08:00 → 20:00, viaje 5 18:04 → 20:45, viaje 6 18:09 → 20:47."
621,3,1403900014870,Mujeres,26,Empleado,,4,08:00,20:00,Regresar a Casa,,Su casa,,,,1412000012242,,home,,AUTOMÓVIL PARTICULAR,,45,20,,hora_invertida,,,"Decimocuarta revisión: se conserva la decisión de la novena revisión (chain_review_9). Corrección AM/PM: se reporta 8:00 y por la secuencia del día corresponde a 20:00. El origen se encadena con el destino del viaje 3 (Hospital, clínica, consultorio, laboratorio clínico en 1412000012242). Novena revisión: 45 min en AUTOMÓVIL PARTICULAR para 2.3 km en línea recta es más del doble de lo que la encuesta suele reportar para ese modo a esa distancia (20 min, la mediana de 3486 viajes): los minutos son el error, no la hora. Con 20 min llega a las 20:20 y el viaje siguiente sale a las 20:45, 25 min después. | Decimocuarta revisión: se toma la lectura de las horas de las tablas anteriores (la primera revisión), una sugerencia entre otras: con las reglas de hoy el día queda con un viaje que sale antes de que llegue el anterior, y con esa lectura con una estancia de cero minutos fuera de casa. Cambia: viaje 2 06:38 → 16:38, viaje 3 08:16 → 18:16, viaje 4 08:00 → 20:00, viaje 5 18:04 → 20:45, viaje 6 18:09 → 20:47."
621,3,1403900014870,Mujeres,26,Empleado,,5,18:04,20:45,Otros (especifique),,Otros (especifique),,,,home,,1403900010632,,A PIE,,2,,,,,,"Decimocuarta revisión: se toma la lectura de las horas de las tablas anteriores (la primera revisión), una sugerencia entre otras: con las reglas de hoy el día queda con un viaje que sale antes de que llegue el anterior, y con esa lectura con una estancia de cero minutos fuera de casa. Cambia: viaje 2 06:38 → 16:38, viaje 3 08:16 → 18:16, viaje 4 08:00 → 20:00, viaje 5 18:04 → 20:45, viaje 6 18:09 → 20:47."
621,3,1403900014870,Mujeres,26,Empleado,,6,18:09,20:47,Regresar a Casa,,Su casa,,,,1403900010632,,home,,A PIE,,2,,,,,,"Decimocuarta revisión: se toma la lectura de las horas de las tablas anteriores (la primera revisión), una sugerencia entre otras: con las reglas de hoy el día queda con un viaje que sale antes de que llegue el anterior, y con esa lectura con una estancia de cero minutos fuera de casa. Cambia: viaje 2 06:38 → 16:38, viaje 3 08:16 → 18:16, viaje 4 08:00 → 20:00, viaje 5 18:04 → 20:45, viaje 6 18:09 → 20:47."
642,1,1403900010702,Hombres,22,Empleado,,1,06:30,,Estudiar,,Escuela,,Su casa,,home,,1403900010365,,MOTOCICLETA,,10,,,,,,
642,1,1403900010702,Hombres,22,Empleado,,2,12:30,,Deportes o recreación,,"Deportivo, gimnasio",,,,1403900010365,,1403900010365,,MOTOCICLETA,,10,,,,,,
642,1,1403900010702,Hombres,22,Empleado,,3,14:00,,Regresar a Casa,,Su casa,,,,1403900010365,,home,,MOTOCICLETA,,15,,,,,,
642,1,1403900010702,Hombres,22,Empleado,,4,15:00,,Trabajar,,"Restaurante, bar, cafetería",,,,home,,1403900011804,,MOTOCICLETA,,20,,,,,,
642,1,1403900010702,Hombres,22,Empleado,,5,12:00,15:20,Regresar a Casa,,Su casa,,,,1403900011804,,home,,MOTOCICLETA,,20,,,hora_invertida,,,"Decimocuarta revisión: se toma la lectura de las horas de las tablas anteriores (la primera revisión), una sugerencia entre otras: con las reglas de hoy el día queda con un viaje que sale antes de que llegue el anterior, y con esa lectura con menos de media hora en el trabajo o la escuela. Cambia: viaje 5 12:00 → 15:20."
642,1,1403900010702,Hombres,22,Empleado,,6,18:07,,Llevar o recoger a alguien,,Otra vivienda,,,,home,,home,,A PIE,,12,,,,,,
642,1,1403900010702,Hombres,22,Empleado,,7,18:26,,Regresar a Casa,,Su casa,,,,home,,home,,A PIE,,12,,,,,,
691,2,1403900010115,Hombres,24,Trabajador independiente,,1,06:15,,Hacer un trámite,,Otros (especifique),,Su casa,,home,,999990001,,AUTOMÓVIL PARTICULAR,,267,,,,,,
691,2,1403900010115,Hombres,24,Trabajador independiente,,2,14:30,,Regresar a Casa,,Su casa,,,,999990001,,home,,AUTOMÓVIL PARTICULAR,,47,,,,,,
691,2,1403900010115,Hombres,24,Trabajador independiente,,3,21:30,,Compras (comida),,"Comercio, mercado, tienda o centro comercial",,,,home,,1403900013656,,AUTOMÓVIL PARTICULAR,,55,15,,,,,"Decimocuarta revisión: se conserva la decisión de la novena revisión (chain_review_9). Novena revisión: 55 min en AUTOMÓVIL PARTICULAR para 1.7 km en línea recta es más del doble de lo que la encuesta suele reportar para ese modo a esa distancia (15 min, la mediana de 3832 viajes): los minutos son el error, no la hora. Con 15 min llega a las 21:45 y el viaje siguiente sale a las 22:00, 15 min después."
691,2,1403900010115,Hombres,24,Trabajador independiente,,4,22:00 → 22:25,22:00,Regresar a Casa,,Su casa,,,,1403900013656,,home,,AUTOMÓVIL PARTICULAR,,50,15,hora:llegada,,changed,,"Decimocuarta revisión: se conserva la decisión de la novena revisión (chain_review_9). Novena revisión: 50 min en AUTOMÓVIL PARTICULAR para 1.7 km en línea recta es más del doble de lo que la encuesta suele reportar para ese modo a esa distancia (15 min, la mediana de 3832 viajes): los minutos son el error, no la hora. Con 15 min llega a las 22:15 y el viaje siguiente sale a las 22:30, 15 min después. Novena revisión: la salida vuelve a las 22:00, la hora que reporta la encuesta: con los minutos de traslado que corrige esta revisión cabe después de la llegada del viaje anterior (21:45); una revisión anterior la había movido a las 22:25 para dejar sitio a los minutos de más. | Decimocuarta revisión: la salida queda a las 22:00, la que dan las reglas al leer de nuevo las horas del día tal como lo dejan las decisiones que se conservan (un renglón quitado, minutos de viaje corregidos, un motivo recodificado); sobre el día registrado daban las 22:25."
691,2,1403900010115,Hombres,24,Trabajador independiente,,5,22:30 → 23:15,22:30,Visitar a alguien,,Otra vivienda,,,,home,,1403900010153,,AUTOMÓVIL PARTICULAR,,30,10,hora:llegada,,changed,,"Decimocuarta revisión: se conserva la decisión de la novena revisión (chain_review_9). Novena revisión: 30 min en AUTOMÓVIL PARTICULAR para 0.7 km en línea recta es más del doble de lo que la encuesta suele reportar para ese modo a esa distancia (10 min, la mediana de 1718 viajes): los minutos son el error, no la hora. Con 10 min llega a las 22:40 y el viaje siguiente sale a las 23:30, 50 min después. Novena revisión: la salida vuelve a las 22:30, la hora que reporta la encuesta: con los minutos de traslado que corrige esta revisión cabe después de la llegada del viaje anterior (22:15); una revisión anterior la había movido a las 23:15 para dejar sitio a los minutos de más. | Decimocuarta revisión: la salida queda a las 22:30, la que dan las reglas al leer de nuevo las horas del día tal como lo dejan las decisiones que se conservan (un renglón quitado, minutos de viaje corregidos, un motivo recodificado); sobre el día registrado daban las 23:15."
691,2,1403900010115,Hombres,24,Trabajador independiente,,6,23:30 → 23:45,23:30,Regresar a Casa,,Su casa,,,,1403900010153,,home,,AUTOMÓVIL PARTICULAR,,30,10,hora:llegada,,changed,,"Decimocuarta revisión: se conserva la decisión de la novena revisión (chain_review_9). Novena revisión: 30 min en AUTOMÓVIL PARTICULAR para 0.7 km en línea recta es más del doble de lo que la encuesta suele reportar para ese modo a esa distancia (10 min, la mediana de 1718 viajes): los minutos son el error, no la hora. Es el último viaje del día. Es el mismo recorrido, en el mismo modo, que otro viaje del día cuyos minutos chocaban con la salida siguiente. Novena revisión: la salida vuelve a las 23:30, la hora que reporta la encuesta: con los minutos de traslado que corrige esta revisión cabe después de la llegada del viaje anterior (22:40); una revisión anterior la había movido a las 23:45 para dejar sitio a los minutos de más. | Decimocuarta revisión: la salida queda a las 23:30, la que dan las reglas al leer de nuevo las horas del día tal como lo dejan las decisiones que se conservan (un renglón quitado, minutos de viaje corregidos, un motivo recodificado); sobre el día registrado daban las 23:45."
694,1,1403900011325,Hombres,39,Trabajador independiente,,1,10:00,,Deportes o recreación,,Otros (especifique),,Su casa,,home,,1403900011359,,Bicicleta,,120,,,,,,
694,1,1403900011325,Hombres,39,Trabajador independiente,,2,11:00 → 23:00,13:00,Deportes o recreación → Regresar a Casa,,Su casa,,,,1403900011359,,home,,Bicicleta,,60,,motivo:casa;hora:+12h,,changed,,"Decimocuarta revisión: se toma la lectura de las horas de las tablas anteriores (las reglas anteriores), una sugerencia entre otras: con las reglas de hoy el día queda con una estancia de 8 horas o más en un mandado o una visita, y con esa lectura con ningún problema. Cambia: viaje 2 23:00 → 13:00."
694,1,1403900011325,Hombres,39,Trabajador independiente,,3,19:05,,Regresar a Casa,,Su casa,,,,home,,home,,Bicicleta,,60,,,regreso_en_casa,,,
694,2,1403900011325,Mujeres,25,Empleado,,1,10:00,,Deportes o recreación,,Otros (especifique),,Su casa,,home,,1403900011359,,Bicicleta,,120,,,,,,
694,2,1403900011325,Mujeres,25,Empleado,,2,11:00 → 23:00,13:00,Deportes o recreación → Regresar a Casa,,Su casa,,,,1403900011359,,home,,Bicicleta,,60,,motivo:casa;hora:+12h,,changed,,"Decimocuarta revisión: se toma la lectura de las horas de las tablas anteriores (las reglas anteriores), una sugerencia entre otras: con las reglas de hoy el día queda con una estancia de 8 horas o más en un mandado o una visita, y con esa lectura con ningún problema. Cambia: viaje 2 23:00 → 13:00."
694,2,1403900011325,Mujeres,25,Empleado,,3,20:49,,Regresar a Casa,,Su casa,,,,home,,home,,Bicicleta,,60,,,regreso_en_casa,,,
697,5,1403900011325,Mujeres,22,Empleado,,1,10:07,,Deportes o recreación,,Otros (especifique),,Su casa,,home,,1403900011359,,Bicicleta,,120,,,,,,
697,5,1403900011325,Mujeres,22,Empleado,,2,11:06 → 23:06,13:06,Deportes o recreación → Regresar a Casa,,Su casa,,,,1403900011359,,home,,Bicicleta,,60,,motivo:casa;hora:+12h,,changed,,"Decimocuarta revisión: se toma la lectura de las horas de las tablas anteriores (las reglas anteriores), una sugerencia entre otras: con las reglas de hoy el día queda con una estancia de 8 horas o más en un mandado o una visita, y con esa lectura con ningún problema. Cambia: viaje 2 23:06 → 13:06."
697,5,1403900011325,Mujeres,22,Empleado,,3,19:56,,Regresar a Casa,,Su casa,,,,home,,home,,Bicicleta,,60,,,regreso_en_casa,,,
718,6,1403900010666,Mujeres,24,Empleado,,1,08:30,,Trabajar,,"Comercio, mercado, tienda o centro comercial",,Su casa,,home,,1403900010651,,MOTOCICLETA,,20,,,,,,
718,6,1403900010666,Mujeres,24,Empleado,,2,23:00 → 11:00,23:00,Llevar o recoger a alguien,,Otra vivienda,,,,1403900010651,,1403900010632,,MOTOCICLETA,,20,,hora:-12h,,changed,,"Decimocuarta revisión: se toma la lectura de las horas de las tablas anteriores (la duodécima revisión), una sugerencia entre otras: con las reglas de hoy el día queda con una estancia de 8 horas o más en un mandado o una visita, y con esa lectura con ningún problema. Cambia: viaje 2 11:00 → 23:00, viaje 3 20:06 → 23:20."
718,6,1403900010666,Mujeres,24,Empleado,,3,20:06,23:20,Regresar a Casa,,Su casa,,,,1403900010632,,home,,MOTOCICLETA,,20,,,,,,"Decimocuarta revisión: se toma la lectura de las horas de las tablas anteriores (la duodécima revisión), una sugerencia entre otras: con las reglas de hoy el día queda con una estancia de 8 horas o más en un mandado o una visita, y con esa lectura con ningún problema. Cambia: viaje 2 11:00 → 23:00, viaje 3 20:06 → 23:20."
834,1,1403900014014,Mujeres,45,Hogar,,1,08:00,,Trabajar,,Fábrica o taller,,Su casa,,home,,1403900014616,,MOTOCICLETA,,5,,,,,,
834,1,1403900014014,Mujeres,45,Hogar,,2,04:30,16:30,Llevar o recoger a alguien,,Escuela,,,,1403900014616,,1403900013374,,MOTOCICLETA,,5,,,hora_invertida,,,"Decimocuarta revisión: se toma la lectura de las horas de las tablas anteriores (la primera revisión), una sugerencia entre otras: con las reglas de hoy el día queda con un viaje que sale antes de que llegue el anterior, y con esa lectura con una estancia de cero minutos fuera de casa. Cambia: viaje 2 04:30 → 16:30."
834,1,1403900014014,Mujeres,45,Hogar,,3,18:00,,Regresar a Casa,,Su casa,,,,1403900013374,,home,,MOTOCICLETA,,5,,,,,,
834,1,1403900014014,Mujeres,45,Hogar,,4,20:00,,Visitar a alguien,,Otra vivienda,,,,home,,1403900013745,,CAMIÓN O AUTOBÚS,,38,,,,,,
834,1,1403900014014,Mujeres,45,Hogar,,5,20:10 → 20:38,,Regresar a Casa,,Su casa,,,,1403900013745,,home,,CAMIÓN O AUTOBÚS,,38,,hora:llegada,,changed,,
891,6,1409800012199,Mujeres,61,Desempleado,,1,07:03,,Trabajar,,Fábrica o taller,,Su casa,,home,,1412000013664,,CAMIÓN O AUTOBÚS,,65,,,,,,
891,6,1409800012199,Mujeres,61,Desempleado,,2,13:30,,Compras (comida),,"Comercio, mercado, tienda o centro comercial",,,,1412000013664,,1412000010617,,A PIE,,10,,,,,,
891,6,1409800012199,Mujeres,61,Desempleado,,3,13:53,,Trabajar,,Fábrica o taller,,,,1412000010617,,1412000013664,,A PIE,,10,,,,,,
891,6,1409800012199,Mujeres,61,Desempleado,,4,18:01,,Regresar a Casa,,Su casa,,,,1412000013664,,home,,CAMIÓN O AUTOBÚS,,65,,,,,,
891,6,1409800012199,Mujeres,61,Desempleado,,5,21:03,,"Compras (bienes, productos y servicios)",,"Comercio, mercado, tienda o centro comercial",,,,home,,1409800010775,,A PIE,,5,,,,,,
891,6,1409800012199,Mujeres,61,Desempleado,,6,21:17,,"Compras (bienes, productos y servicios)",,Su casa,,,,1409800010775,,1409800010794,,A PIE,,5,,,actividad_en_casa,,,
891,6,1409800012199,Mujeres,61,Desempleado,,7,20:16,21:22,Regresar a Casa,,Su casa,,,,1409800010794,,home,,A PIE,,5,,,hora_invertida,,,"Decimocuarta revisión: se toma la lectura de las horas de las tablas anteriores (la primera revisión), una sugerencia entre otras: con las reglas de hoy el día queda con un viaje que sale antes de que llegue el anterior, y con esa lectura con una estancia de cero minutos fuera de casa. Cambia: viaje 7 20:16 → 21:22."
911,1,140980001135A,Mujeres,22,Hogar,,1,08:00,,Llevar o recoger a alguien,,Su casa,Escuela,Escuela,Su casa,1409800010718,home,home,1409800010718,CAMIÓN O AUTOBÚS,,10,,,inicio_fuera_de_casa;actividad_en_casa,,,"Decimocuarta revisión: el viaje 1 se registró de 1409800010718 a casa y el siguiente de casa en adelante; la quinta revisión leyó que 1409800010718 es adonde fue, no de donde salió, sobre la lectura de la primera revisión, que empezaba el día en casa. Ninguna regla empieza hoy este día en casa, así que el origen del viaje 1 es la vivienda y la respuesta de dónde empezó el día, «Su casa». | Decimocuarta revisión: se conserva la decisión de la quinta revisión (chain_review_5). Origen y destino rotados en el registro: el viaje 1 se registró de 1409800010718 a casa y el siguiente de casa a otro lado, así que 1409800010718 (Escuela) es adonde fue y no de donde salió. La primera revisión puso el origen en casa pero dejó el destino en casa (un viaje de casa a casa); aquí el destino es 1409800010718. | Decimocuarta revisión: el viaje 1 se registró de 1409800010718 a casa y el siguiente de casa en adelante; la quinta revisión leyó que 1409800010718 es adonde fue, no de donde salió, sobre la lectura de la primera revisión, que empezaba el día en casa. Ninguna regla empieza hoy este día en casa, así que el origen del viaje 1 es la vivienda y la respuesta de dónde empezó el día, «Su casa»."
911,1,140980001135A,Mujeres,22,Hogar,,2,08:00 → 08:10,,Regresar a Casa,,Su casa,,,,home,1409800010718,home,,CAMIÓN O AUTOBÚS,,10,,hora:llegada,,changed,,"Decimocuarta revisión: se conserva la decisión de la quinta revisión (chain_review_5). Sale de 1409800010718, donde terminó el viaje anterior (el registro lo daba saliendo de casa)."
911,1,140980001135A,Mujeres,22,Hogar,,3,19:12,,Compras (comida),,"Comercio, mercado, tienda o centro comercial",,,,home,,home,,A PIE,,13,,,,,,
911,1,140980001135A,Mujeres,22,Hogar,,4,19:26,,Regresar a Casa,,Su casa,,,,home,,home,,A PIE,,13,,,,,,
928,1,1409800010794,Mujeres,40,Hogar,,1,10:00,,"Compras (bienes, productos y servicios)",,"Comercio, mercado, tienda o centro comercial",,Su casa,,home,,1409800010987,,A PIE,,15,,,,,,
928,1,1409800010794,Mujeres,40,Hogar,,2,12:40,,"Compras (bienes, productos y servicios) → Regresar a Casa",,Su casa,,,,1409800010987,,home,,A PIE,,15,,motivo:casa,,changed,,
928,1,1409800010794,Mujeres,40,Hogar,,3,15:00,,Visitar a alguien,,Otra vivienda,,,,home,,1407000131429,,Taxi plataforma (Uber/Didi),,45,,,,,,
928,1,1409800010794,Mujeres,40,Hogar,,4,21:00,,Regresar a Casa,,Su casa,,,,1407000131429,,home,,Taxi plataforma (Uber/Didi),,45,,,,,,
928,1,1409800010794,Mujeres,40,Hogar,,5,23:10,,Al médico o atención de salud,,"Hospital, clínica, consultorio, laboratorio clínico",,,,home,,1403900011325,,Taxi plataforma (Uber/Didi),,15,,,,,,
928,1,1409800010794,Mujeres,40,Hogar,,6,20:18,00:18,Regresar a Casa,,Su casa,,,,1403900011325,,home,,Taxi plataforma (Uber/Didi),,15,,,hora_invertida,,,"Decimocuarta revisión: se toma la lectura de las horas de las tablas anteriores (la segunda revisión), una sugerencia entre otras: con las reglas de hoy el día queda con un viaje que sale antes de que llegue el anterior, y con esa lectura con ningún problema. Cambia: viaje 6 20:18 → 00:18."
954,4,1403900013374,Mujeres,16,Estudiante,,1,14:00,,Visitar a alguien,Regresar a Casa,Su casa,,Otra vivienda,,1412000012609,,home,,CAMIÓN O AUTOBÚS,,40,,,inicio_fuera_de_casa;fin_fuera_de_casa;actividad_en_casa,,,"Decimocuarta revisión: se conserva la decisión de la sexta revisión (chain_review_6). Llega a la vivienda (el AGEB del hogar, tipo Su casa) desde 1412000012609, donde hizo una actividad: es el regreso a casa, registrado con el motivo de la actividad (Visitar a alguien). Al llegar a casa el propósito es casa; si el renglón siguiente repite el regreso desde casa, queda como no-viaje."
975,2,1403900010651,Hombres,58,Trabajador independiente,,1,08:00,,Trabajar,,Oficina,,Su casa,,home,,1412000011865,,AUTOMÓVIL PARTICULAR,,35,,,,,,
975,2,1403900010651,Hombres,58,Trabajador independiente,,2,05:38,15:38,Regresar a Casa,,Su casa,,,,1412000011865,,home,,AUTOMÓVIL PARTICULAR,,45,,,hora_invertida,,,"Decimocuarta revisión: se toma la lectura de las horas de las tablas anteriores (las reglas anteriores), una sugerencia entre otras: con las reglas de hoy el día queda con un viaje que sale antes de que llegue el anterior, y con esa lectura con menos de media hora en el trabajo o la escuela. Cambia: viaje 2 05:38 → 15:38, viaje 3 07:15 → 17:15, viaje 4 06:00 → 18:00."
975,2,1403900010651,Hombres,58,Trabajador independiente,,3,07:15,17:15,Trabajar,,Oficina,,,,home,,1412000011865,,AUTOMÓVIL PARTICULAR,,35,,,,,,"Decimocuarta revisión: se toma la lectura de las horas de las tablas anteriores (las reglas anteriores), una sugerencia entre otras: con las reglas de hoy el día queda con un viaje que sale antes de que llegue el anterior, y con esa lectura con menos de media hora en el trabajo o la escuela. Cambia: viaje 2 05:38 → 15:38, viaje 3 07:15 → 17:15, viaje 4 06:00 → 18:00."
975,2,1403900010651,Hombres,58,Trabajador independiente,,4,06:00,18:00,Regresar a Casa,,Su casa,,,,1412000011865,,home,,AUTOMÓVIL PARTICULAR,,45,,,hora_invertida,,,"Decimocuarta revisión: se toma la lectura de las horas de las tablas anteriores (las reglas anteriores), una sugerencia entre otras: con las reglas de hoy el día queda con un viaje que sale antes de que llegue el anterior, y con esa lectura con menos de media hora en el trabajo o la escuela. Cambia: viaje 2 05:38 → 15:38, viaje 3 07:15 → 17:15, viaje 4 06:00 → 18:00."
978,5,1403900013374,Mujeres,15,Estudiante,,1,14:03,,Visitar a alguien,Regresar a Casa,Su casa,,"Comercio, mercado, tienda o centro comercial",,1412000012609,,home,,CAMIÓN O AUTOBÚS,,45,,,inicio_fuera_de_casa;actividad_en_casa,,,"Decimocuarta revisión: se conserva la decisión de la sexta revisión (chain_review_6). Llega a la vivienda (el AGEB del hogar, tipo Su casa) desde 1412000012609, donde hizo una actividad: es el regreso a casa, registrado con el motivo de la actividad (Visitar a alguien). Al llegar a casa el propósito es casa; si el renglón siguiente repite el regreso desde casa, queda como no-viaje."
978,5,1403900013374,Mujeres,15,Estudiante,,2,19:05,,"Regresar a Casa → Compras (bienes, productos y servicios)",,"Su casa → Comercio, mercado, tienda o centro comercial",,,,home,,1412000012609,,TREN LIGERO,,45,,motivo:lugar,fin_fuera_de_casa,changed,,
986,4,1403900015474,Hombres,24,Trabajador independiente,,1,13:00,,Trabajar,,Su casa,"Comercio, mercado, tienda o centro comercial","Comercio, mercado, tienda o centro comercial",Su casa,1412000012882,home,home,1412000012882,CAMIÓN O AUTOBÚS,,30,,,inicio_fuera_de_casa;actividad_en_casa,,,"Decimocuarta revisión: el viaje 1 se registró de 1412000012882 a casa y el siguiente de casa en adelante; la quinta revisión leyó que 1412000012882 es adonde fue, no de donde salió, sobre la lectura de la primera revisión, que empezaba el día en casa. Ninguna regla empieza hoy este día en casa, así que el origen del viaje 1 es la vivienda y la respuesta de dónde empezó el día, «Su casa». | Decimocuarta revisión: se conserva la decisión de la quinta revisión (chain_review_5). Origen y destino rotados en el registro: el viaje 1 se registró de 1412000012882 a casa y el siguiente de casa a otro lado, así que 1412000012882 (Comercio, mercado, tienda o centro comercial) es adonde fue y no de donde salió. La primera revisión puso el origen en casa pero dejó el destino en casa (un viaje de casa a casa); aquí el destino es 1412000012882. | Decimocuarta revisión: el viaje 1 se registró de 1412000012882 a casa y el siguiente de casa en adelante; la quinta revisión leyó que 1412000012882 es adonde fue, no de donde salió, sobre la lectura de la primera revisión, que empezaba el día en casa. Ninguna regla empieza hoy este día en casa, así que el origen del viaje 1 es la vivienda y la respuesta de dónde empezó el día, «Su casa»."
986,4,1403900015474,Hombres,24,Trabajador independiente,,2,21:00,,Regresar a Casa,,Su casa,,,,home,1412000012882,home,,Taxi plataforma (Uber/Didi),,25,,,,,,"Decimocuarta revisión: se conserva la decisión de la quinta revisión (chain_review_5). Sale de 1412000012882, donde terminó el viaje anterior (el registro lo daba saliendo de casa)."
988,1,1403900015474,Mujeres,34,Empleado,,1,06:30,,Trabajar,,"Comercio, mercado, tienda o centro comercial",,Su casa,,home,,1403900011274,,CAMIÓN O AUTOBÚS,,80,40,,,,,"Decimocuarta revisión: se conserva la decisión de la novena revisión (chain_review_9). Novena revisión: 80 min en CAMIÓN O AUTOBÚS para 7.6 km en línea recta es más del doble de lo que la encuesta suele reportar para ese modo a esa distancia (40 min, la mediana de 5870 viajes): los minutos son el error, no la hora. Con 40 min llega a las 07:10 y el viaje siguiente sale a las 17:00, 590 min después. Es el mismo recorrido, en el mismo modo, que otro viaje del día cuyos minutos chocaban con la salida siguiente."
988,1,1403900015474,Mujeres,34,Empleado,,2,17:00,,Regresar a Casa,,Su casa,,,,1403900011274,,home,,CAMIÓN O AUTOBÚS,,80,40,,,,,"Decimocuarta revisión: se conserva la decisión de la novena revisión (chain_review_9). Novena revisión: 80 min en CAMIÓN O AUTOBÚS para 7.6 km en línea recta es más del doble de lo que la encuesta suele reportar para ese modo a esa distancia (40 min, la mediana de 5870 viajes): los minutos son el error, no la hora. Con 40 min llega a las 17:40 y el viaje siguiente sale a las 18:07, 27 min después."
988,1,1403900015474,Mujeres,34,Empleado,,3,18:07 → 18:20,18:07,Trabajar,,"Comercio, mercado, tienda o centro comercial",,,,home,,1403900011274,,CAMIÓN O AUTOBÚS,,40,,hora:llegada,,changed,,"Decimocuarta revisión: la salida queda a las 18:07, la que dan las reglas al leer de nuevo las horas del día tal como lo dejan las decisiones que se conservan (un renglón quitado, minutos de viaje corregidos, un motivo recodificado); sobre el día registrado daban las 18:20."
988,1,1403900015474,Mujeres,34,Empleado,,4,20:49,,Regresar a Casa,,Su casa,,,,1403900011274,,home,,CAMIÓN O AUTOBÚS,,40,,,,,,
1069,2,1403900014014,Mujeres,54,Hogar,,1,10:00,,Visitar a alguien,,"Comercio, mercado, tienda o centro comercial",,Su casa,,home,,home,,A PIE,,25,,,,,,
1069,2,1403900014014,Mujeres,54,Hogar,,2,12:30,,Compras (comida),,"Comercio, mercado, tienda o centro comercial",,,,home,,1403900013374,,A PIE,,5,,,,,,
1069,2,1403900014014,Mujeres,54,Hogar,,3,12:20 → 12:35,14:20,Regresar a Casa,,Su casa,,,,1403900013374,,home,,A PIE,,30,,hora:llegada,,changed,,"Decimocuarta revisión: se toma la lectura de las horas de las tablas anteriores (la undécima revisión), una sugerencia entre otras: con las reglas de hoy el día queda con una estancia de cero minutos fuera de casa, y con esa lectura con ningún problema. Cambia: viaje 3 12:35 → 14:20."
1069,2,1403900014014,Mujeres,54,Hogar,,4,18:14,,Compras (comida),,"Comercio, mercado, tienda o centro comercial",,,,home,,home,,A PIE,,15,,,,,,
1069,2,1403900014014,Mujeres,54,Hogar,,5,18:34,,Regresar a Casa,,Su casa,,,,home,,home,,A PIE,,15,,,,,,
1072,1,1403900015474,Hombres,51,Empleado,,1,07:15,,Trabajar,,Fábrica o taller,,Su casa,,home,,1403900015489,,CAMIÓN O AUTOBÚS,,50,25,,,,,"Decimocuarta revisión: se conserva la decisión de la novena revisión (chain_review_9). Novena revisión: 50 min en CAMIÓN O AUTOBÚS para 2.6 km en línea recta es más del doble de lo que la encuesta suele reportar para ese modo a esa distancia (25 min, la mediana de 3370 viajes): los minutos son el error, no la hora. Con 25 min llega a las 07:40 y el viaje siguiente sale a las 17:40, 600 min después. Es el mismo recorrido, en el mismo modo, que otro viaje del día cuyos minutos chocaban con la salida siguiente."
1072,1,1403900015474,Hombres,51,Empleado,,2,17:40,,Regresar a Casa,,Su casa,,,,1403900015489,,home,,CAMIÓN O AUTOBÚS,,50,25,,,,,"Decimocuarta revisión: se conserva la decisión de la novena revisión (chain_review_9). Novena revisión: 50 min en CAMIÓN O AUTOBÚS para 2.6 km en línea recta es más del doble de lo que la encuesta suele reportar para ese modo a esa distancia (25 min, la mediana de 3370 viajes): los minutos son el error, no la hora. Con 25 min llega a las 18:05 y el viaje siguiente sale a las 18:20, 15 min después."
1072,1,1403900015474,Hombres,51,Empleado,,3,18:20 → 18:30,18:20,Visitar a alguien,,Otra vivienda,,,,home,,140390001546A,,A PIE,,15,,hora:llegada,,changed,,"Decimocuarta revisión: la salida queda a las 18:20, la que dan las reglas al leer de nuevo las horas del día tal como lo dejan las decisiones que se conservan (un renglón quitado, minutos de viaje corregidos, un motivo recodificado); sobre el día registrado daban las 18:30."
1072,1,1403900015474,Hombres,51,Empleado,,4,18:41 → 18:45,18:41,Regresar a Casa,,Su casa,,,,140390001546A,,home,,A PIE,,15,,hora:llegada,,changed,,"Decimocuarta revisión: la salida queda a las 18:41, la que dan las reglas al leer de nuevo las horas del día tal como lo dejan las decisiones que se conservan (un renglón quitado, minutos de viaje corregidos, un motivo recodificado); sobre el día registrado daban las 18:45."
1121,2,1410100011395,Mujeres,46,Empleado,,1,07:00,,Trabajar,Regresar a Casa,Su casa,,"Comercio, mercado, tienda o centro comercial",,1403900012554,,home,,CAMIÓN O AUTOBÚS,,20,,,inicio_fuera_de_casa;actividad_en_casa,,,"Decimocuarta revisión: se conserva la decisión de la sexta revisión (chain_review_6). Llega a la vivienda (el AGEB del hogar, tipo Su casa) desde 1403900012554, donde hizo una actividad: es el regreso a casa, registrado con el motivo de la actividad (Trabajar). Al llegar a casa el propósito es casa; si el renglón siguiente repite el regreso desde casa, queda como no-viaje."
1121,2,1410100011395,Mujeres,46,Empleado,,2,14:16,,"Regresar a Casa → Compras (bienes, productos y servicios)",,"Su casa → Comercio, mercado, tienda o centro comercial",,,,home,,1403900012554,,CAMIÓN O AUTOBÚS,,25,,motivo:lugar,,changed,,
1121,2,1410100011395,Mujeres,46,Empleado,,3,16:39,,Trabajar → Regresar a Casa,,Su casa,,,,1403900012554,,home,,CAMIÓN O AUTOBÚS,,20,,motivo:casa,,changed,,
1121,2,1410100011395,Mujeres,46,Empleado,,4,18:00,,Regresar a Casa,,Su casa,,,,home,,home,,CAMIÓN O AUTOBÚS,,25,,,regreso_en_casa,,,
1211,1,1409800012428,Hombres,58,,,1,10:50,,"Compras (bienes, productos y servicios)",,"Comercio, mercado, tienda o centro comercial",,Su casa,,home,,1403900012662,,AUTOMÓVIL PARTICULAR,,10,,,,,,
1211,1,1409800012428,Hombres,58,,,2,21:12,15:50,Regresar a Casa,,Su casa,,,,1403900012662,,home,,AUTOMÓVIL PARTICULAR,,10,,,,,,"Decimocuarta revisión: ninguna lectura de las horas cierra el día: con las reglas queda un viaje que sale antes de que llegue el anterior, con la de las tablas anteriores una estancia de cero minutos fuera de casa. Las salidas se mueven lo menos posible (322 min en total) para que ningún viaje salga antes de que llegue el anterior; queda ningún problema. Cambia: viaje 2 21:12 → 15:50."
1211,1,1409800012428,Hombres,58,,,3,16:00,,"Compras (bienes, productos y servicios)",,"Comercio, mercado, tienda o centro comercial",,,,home,,1409800010031,,MOTOCICLETA,,5,,,hora_invertida,,,
1211,1,1409800012428,Hombres,58,,,4,16:12,,"Compras (bienes, productos y servicios)",,"Comercio, mercado, tienda o centro comercial",,,,1409800010031,,home,,MOTOCICLETA,,10,,,,,,
1211,1,1409800012428,Hombres,58,,,5,19:53,,Regresar a Casa,,Su casa,,,,home,,home,,MOTOCICLETA,,10,,,,,,
1224,2,1409800010046,Hombres,56,Empleado,,1,09:30,,Trabajar,,"Comercio, mercado, tienda o centro comercial",,Su casa,,home,,1412000011225,,Taxi plataforma (Uber/Didi),,80,,,,,,
1224,2,1409800010046,Hombres,56,Empleado,,2,14:53,,Regresar a Casa,,Su casa,,,,1412000011225,,home,,AUTOMÓVIL PARTICULAR,,90,45,,,,,"Decimocuarta revisión: se conserva la decisión de la novena revisión (chain_review_9). Novena revisión: 90 min en AUTOMÓVIL PARTICULAR para 13.6 km en línea recta es más del doble de lo que la encuesta suele reportar para ese modo a esa distancia (45 min, la mediana de 4989 viajes): los minutos son el error, no la hora. Con 45 min llega a las 15:38 y el viaje siguiente sale a las 16:09, 31 min después."
1224,2,1409800010046,Hombres,56,Empleado,,3,16:09 → 16:23,16:09,Trabajar,,"Comercio, mercado, tienda o centro comercial",,,,home,,1412000011225,,AUTOMÓVIL PARTICULAR,,80,,hora:llegada,,changed,,"Decimocuarta revisión: la salida queda a las 16:09, la que dan las reglas al leer de nuevo las horas del día tal como lo dejan las decisiones que se conservan (un renglón quitado, minutos de viaje corregidos, un motivo recodificado); sobre el día registrado daban las 16:23."
1224,2,1409800010046,Hombres,56,Empleado,,4,19:00,,Regresar a Casa,,Su casa,,,,1412000011225,,home,,AUTOMÓVIL PARTICULAR,,90,45,,,,,"Decimocuarta revisión: se conserva la decisión de la novena revisión (chain_review_9). Novena revisión: 90 min en AUTOMÓVIL PARTICULAR para 13.6 km en línea recta es más del doble de lo que la encuesta suele reportar para ese modo a esa distancia (45 min, la mediana de 4989 viajes): los minutos son el error, no la hora. Es el último viaje del día. Es el mismo recorrido, en el mismo modo, que otro viaje del día cuyos minutos chocaban con la salida siguiente."
1232,2,1410100011357,Hombres,48,,,1,— → 08:17,,— → Trabajar,,— → Fábrica o taller,,Oficina,Su casa,1403900012605,home,home,1403900012605,AUTOMÓVIL PARTICULAR,,13,,hora:vecinos;motivo:vecinos,inicio_fuera_de_casa,changed,,"Decimocuarta revisión: el viaje 1 se registró de 1403900012605 a casa y el siguiente de casa en adelante; la quinta revisión leyó que 1403900012605 es adonde fue, no de donde salió, sobre la lectura de la primera revisión, que empezaba el día en casa. Ninguna regla empieza hoy este día en casa, así que el origen del viaje 1 es la vivienda y la respuesta de dónde empezó el día, «Su casa». | Decimocuarta revisión: se conserva la decisión de la quinta revisión (chain_review_5). Origen y destino rotados en el registro: el viaje 1 se registró de 1403900012605 a casa y el siguiente de casa a otro lado, así que 1403900012605 (Fábrica o taller) es adonde fue y no de donde salió. La primera revisión puso el origen en casa pero dejó el destino en casa (un viaje de casa a casa); aquí el destino es 1403900012605. | Decimocuarta revisión: el viaje 1 se registró de 1403900012605 a casa y el siguiente de casa en adelante; la quinta revisión leyó que 1403900012605 es adonde fue, no de donde salió, sobre la lectura de la primera revisión, que empezaba el día en casa. Ninguna regla empieza hoy este día en casa, así que el origen del viaje 1 es la vivienda y la respuesta de dónde empezó el día, «Su casa»."
1232,2,1410100011357,Hombres,48,,,2,— → 18:20,,"— → Compras (bienes, productos y servicios)",,"— → Comercio, mercado, tienda o centro comercial",,,,home,1403900012605,1403900012605,,AUTOMÓVIL PARTICULAR,,13,,hora:vecinos;motivo:vecinos,,changed,,"Decimocuarta revisión: se conserva la decisión de la quinta revisión (chain_review_5). Sale de 1403900012605, donde terminó el viaje anterior (el registro lo daba saliendo de casa)."
1232,2,1410100011357,Hombres,48,,,3,— → 19:50,,— → Regresar a Casa,,— → Su casa,,,,1403900012605,,home,,AUTOMÓVIL PARTICULAR,,13,,hora:duplicado;motivo:duplicado,,changed,,
1232,2,1410100011357,Hombres,48,,,4,19:50,,Regresar a Casa,,Su casa,,Oficina,,home,,home,,AUTOMÓVIL PARTICULAR,,5,,,,dropped,,
1289,2,1403900012287,Hombres,69,Jubilado o pensionado,,1,12:00,00:00,Trabajar,,"Comercio, mercado, tienda o centro comercial",,Su casa,,home,,1403900012018,,AUTOMÓVIL PARTICULAR,,5,,,,,,"Decimocuarta revisión: se toma la lectura de las horas de las tablas anteriores (la primera revisión), una sugerencia entre otras: con las reglas de hoy el día queda con un viaje que sale antes de que llegue el anterior, y con esa lectura con una salida movida a la madrugada. Cambia: viaje 1 12:00 → 00:00, viaje 4 13:00 → 15:00."
1289,2,1403900012287,Hombres,69,Jubilado o pensionado,,2,11:33,,Regresar a Casa,,Su casa,,,,1403900012018,,home,,AUTOMÓVIL PARTICULAR,,5,,,hora_invertida,,,
1289,2,1403900012287,Hombres,69,Jubilado o pensionado,,3,13:14,,Trabajar,,"Comercio, mercado, tienda o centro comercial",,,,home,,1403900012018,,AUTOMÓVIL PARTICULAR,,5,,,,,,
1289,2,1403900012287,Hombres,69,Jubilado o pensionado,,4,13:00,15:00,Regresar a Casa,,Su casa,,,,1403900012018,,home,,AUTOMÓVIL PARTICULAR,,5,,,hora_invertida,,,"Decimocuarta revisión: se toma la lectura de las horas de las tablas anteriores (la primera revisión), una sugerencia entre otras: con las reglas de hoy el día queda con un viaje que sale antes de que llegue el anterior, y con esa lectura con una salida movida a la madrugada. Cambia: viaje 1 12:00 → 00:00, viaje 4 13:00 → 15:00."
1303,2,1409800011345,Hombres,50,Estudiante,,1,11:15,,Compras (comida),,"Comercio, mercado, tienda o centro comercial",,"Restaurante, bar, cafetería",Su casa,1409800010120,home,home,1409800010120,A PIE,,10,,,inicio_fuera_de_casa,,,"Decimocuarta revisión: el viaje 1 se registró de 1409800010120 a casa y el siguiente de casa en adelante; la quinta revisión leyó que 1409800010120 es adonde fue, no de donde salió, sobre la lectura de la primera revisión, que empezaba el día en casa. Ninguna regla empieza hoy este día en casa, así que el origen del viaje 1 es la vivienda y la respuesta de dónde empezó el día, «Su casa». | Decimocuarta revisión: se conserva la decisión de la quinta revisión (chain_review_5). Origen y destino rotados en el registro: el viaje 1 se registró de 1409800010120 a casa y el siguiente de casa a otro lado, así que 1409800010120 (Comercio, mercado, tienda o centro comercial) es adonde fue y no de donde salió. La primera revisión puso el origen en casa pero dejó el destino en casa (un viaje de casa a casa); aquí el destino es 1409800010120. | Decimocuarta revisión: el viaje 1 se registró de 1409800010120 a casa y el siguiente de casa en adelante; la quinta revisión leyó que 1409800010120 es adonde fue, no de donde salió, sobre la lectura de la primera revisión, que empezaba el día en casa. Ninguna regla empieza hoy este día en casa, así que el origen del viaje 1 es la vivienda y la respuesta de dónde empezó el día, «Su casa»."
1303,2,1409800011345,Hombres,50,Estudiante,,2,11:20 → 11:25,,"Regresar a Casa → Compras (bienes, productos y servicios)",,"Comercio, mercado, tienda o centro comercial",,,,home,1409800010120,1409800010120,,A PIE,,10,,motivo:tipo_destino;hora:llegada,,changed,,"Decimocuarta revisión: se conserva la decisión de la quinta revisión (chain_review_5). Sale de 1409800010120, donde terminó el viaje anterior (el registro lo daba saliendo de casa)."
1303,2,1409800011345,Hombres,50,Estudiante,,3,19:08,,Compras (comida),,"Comercio, mercado, tienda o centro comercial",,,,1409800010120,,1409800010120,,A PIE,,13,,,,,,
1303,2,1409800011345,Hombres,50,Estudiante,,4,19:28,,Regresar a Casa,,Su casa,,,,1409800010120,,1409800010120 → home,,A PIE,,13,,destino:copia,,changed,,
1429,3,1403900015120,Mujeres,19,Desempleado,,1,14:30,,Estudiar,,Escuela,,Su casa,,home,,1403900013641,,CAMIÓN O AUTOBÚS,,40,,,,,,
1429,3,1403900015120,Mujeres,19,Desempleado,,2,19:31,,Regresar a Casa,,Su casa,,,,1403900013641,,home,,CAMIÓN O AUTOBÚS,,40,,,,,,
1429,3,1403900015120,Mujeres,19,Desempleado,,3,18:18,20:11,Estudiar,,Escuela,,,,home,,1403900013641,,CAMIÓN O AUTOBÚS,,20,,,hora_invertida,,,"Decimocuarta revisión: ninguna lectura de las horas cierra el día: con las reglas queda un viaje que sale antes de que llegue el anterior, con la de las tablas anteriores menos de media hora en el trabajo o la escuela. Las salidas se mueven lo menos posible (113 min en total) para que ningún viaje salga antes de que llegue el anterior; queda menos de media hora en el trabajo o la escuela. Cambia: viaje 3 18:18 → 20:11."
1429,3,1403900015120,Mujeres,19,Desempleado,,4,20:38,,Regresar a Casa,,Su casa,,,,1403900013641,,home,,CAMIÓN O AUTOBÚS,,20,,,,,,
1538,6,1410100010147,Mujeres,16,Estudiante,,1,13:00,,Estudiar,,Escuela,,Su casa,,home,,1403900010863,,CAMIÓN O AUTOBÚS,,10,,,,,,
1538,6,1410100010147,Mujeres,16,Estudiante,,2,19:30,,Regresar a Casa,,Su casa,,,,1403900010863,,home,,CAMIÓN O AUTOBÚS,,20,,,,,,
1538,6,1410100010147,Mujeres,16,Estudiante,,3,18:17,19:50,Estudiar,,Escuela,,,,home,,1403900010863,,CAMIÓN O AUTOBÚS,,10,,,hora_invertida,,,"Decimocuarta revisión: ninguna lectura de las horas cierra el día: con las reglas queda un viaje que sale antes de que llegue el anterior, con la de las tablas anteriores menos de media hora en el trabajo o la escuela. Las salidas se mueven lo menos posible (93 min en total) para que ningún viaje salga antes de que llegue el anterior; queda ningún problema. Cambia: viaje 3 18:17 → 19:50."
1538,6,1410100010147,Mujeres,16,Estudiante,,4,20:36,,Regresar a Casa,,Su casa,,,,1403900010863,,home,,CAMIÓN O AUTOBÚS,,20,,,,,,
1607,4,1410100011268,Mujeres,13,Estudiante,,1,08:05,,Compras (comida),,"Comercio, mercado, tienda o centro comercial",,Su casa,,home,,1410100011272,,A PIE,,14,,,,,,
1607,4,1410100011268,Mujeres,13,Estudiante,,2,08:22,,Regresar a Casa,,Su casa,,,,1410100011272,,home,,A PIE,,14,,,,,,
1607,4,1410100011268,Mujeres,13,Estudiante,,3,13:00,,Estudiar,,Escuela,,,,home,,1410100010382,,CAMIÓN O AUTOBÚS,,15,,,,,,
1607,4,1410100011268,Mujeres,13,Estudiante,,4,19:45,,Regresar a Casa,,Su casa,,,,1410100010382,,home,,CAMIÓN O AUTOBÚS,,15,,,,,,
1607,4,1410100011268,Mujeres,13,Estudiante,,5,18:20,20:00,Estudiar,,Escuela,,,,home,,1410100010382,,CAMIÓN O AUTOBÚS,,15,,,hora_invertida,,,"Decimocuarta revisión: ninguna lectura de las horas cierra el día: con las reglas queda un viaje que sale antes de que llegue el anterior, con la de las tablas anteriores menos de media hora en el trabajo o la escuela. Las salidas se mueven lo menos posible (100 min en total) para que ningún viaje salga antes de que llegue el anterior; queda menos de media hora en el trabajo o la escuela. Cambia: viaje 5 18:20 → 20:00."
1607,4,1410100011268,Mujeres,13,Estudiante,,6,20:38,,Regresar a Casa,,Su casa,,,,1410100010382,,home,,CAMIÓN O AUTOBÚS,,15,,,,,,
1616,1,1410100011272,Mujeres,43,Empleado,,1,11:00,,Llevar o recoger a alguien,,Escuela,,Su casa,,home,,1403900014226,,CAMIÓN O AUTOBÚS,,30,,,,,,
1616,1,1410100011272,Mujeres,43,Empleado,,2,11:40,,Regresar a Casa,,Su casa,,,,1403900014226,,home,,CAMIÓN O AUTOBÚS,,40,,,,,,
1616,1,1410100011272,Mujeres,43,Empleado,,3,12:50,,Llevar o recoger a alguien,,Escuela,,,,home,,1410100010927,,CAMIÓN O AUTOBÚS,,35,,,,,,
1616,1,1410100011272,Mujeres,43,Empleado,,4,13:10 → 13:25,,Regresar a Casa,,Su casa,,,,1410100010927,,home,,A PIE,,20,,hora:llegada,,changed,,
1616,1,1410100011272,Mujeres,43,Empleado,,5,20:30,,Trabajar,,Fábrica o taller,,,,home,,141200001098A,,CAMIÓN O AUTOBÚS,,33,,,,,,
1616,1,1410100011272,Mujeres,43,Empleado,,6,17:40,05:40,Regresar a Casa,,Su casa,,,,141200001098A,,home,,CAMIÓN O AUTOBÚS,,30,,,hora_invertida,,,"Decimocuarta revisión: se toma la lectura de las horas de las tablas anteriores (la primera revisión), una sugerencia entre otras: con las reglas de hoy el día queda con un viaje que sale antes de que llegue el anterior, y con esa lectura con ningún problema. Cambia: viaje 6 17:40 → 05:40."
1720,3,1409800011383,Mujeres,31,Empleado,,1,07:50,,Llevar o recoger a alguien,,Escuela,,Su casa,,home,,1409800011608,,A PIE,,10,,,,,,
1720,3,1409800011383,Mujeres,31,Empleado,,2,08:10,,Regresar a Casa,Otros (especifique),Su casa,Otros (especifique),,,1409800011608,,14097059A,,A PIE,,10,,,regreso_sin_llegar,,,"Decimocuarta revisión: el regreso a casa termina en 14097059A, que no es el AGEB del hogar, y el día sigue desde ahí o vuelve a él; ni el tipo de lugar ni los demás viajes de la persona dicen qué hizo: «Otros», el propósito O que el modelo ya le daba."
1720,3,1409800011383,Mujeres,31,Empleado,,3,12:20,,Llevar o recoger a alguien,,Escuela,,,,14097059A,,1409800011608,,A PIE,,10,,,,,,
1720,3,1409800011383,Mujeres,31,Empleado,,4,12:40,,Regresar a Casa,,Su casa,,,,1409800011608,,home,,A PIE,,10,,,,,,
1729,4,1409800011576,Hombres,15,Estudiante,,1,14:00,,Estudiar,,Escuela,,Escuela,Su casa,1409800011398,home,home,1409800011398,A PIE,,10,,,inicio_fuera_de_casa,,,"Decimocuarta revisión: el viaje 1 se registró de 1409800011398 a casa y el siguiente de casa en adelante; la quinta revisión leyó que 1409800011398 es adonde fue, no de donde salió, sobre la lectura de la primera revisión, que empezaba el día en casa. Ninguna regla empieza hoy este día en casa, así que el origen del viaje 1 es la vivienda y la respuesta de dónde empezó el día, «Su casa». | Decimocuarta revisión: se conserva la decisión de la quinta revisión (chain_review_5). Origen y destino rotados en el registro: el viaje 1 se registró de 1409800011398 a casa y el siguiente de casa a otro lado, así que 1409800011398 (Escuela) es adonde fue y no de donde salió. La primera revisión puso el origen en casa pero dejó el destino en casa (un viaje de casa a casa); aquí el destino es 1409800011398. | Decimocuarta revisión: el viaje 1 se registró de 1409800011398 a casa y el siguiente de casa en adelante; la quinta revisión leyó que 1409800011398 es adonde fue, no de donde salió, sobre la lectura de la primera revisión, que empezaba el día en casa. Ninguna regla empieza hoy este día en casa, así que el origen del viaje 1 es la vivienda y la respuesta de dónde empezó el día, «Su casa»."
1729,4,1409800011576,Hombres,15,Estudiante,,2,18:00,,Regresar a Casa,,Su casa,,,,home,1409800011398,home,,A PIE,,10,,,,,,"Decimocuarta revisión: se conserva la decisión de la quinta revisión (chain_review_5). Sale de 1409800011398, donde terminó el viaje anterior (el registro lo daba saliendo de casa)."
1739,4,1409800011877,Hombres,31,Empleado,,1,08:00,,Trabajar,Regresar a Casa,Su casa,,Oficina,,1409800011928,,home,,CAMIÓN O AUTOBÚS,,50,,,inicio_fuera_de_casa;actividad_en_casa,,,"Decimocuarta revisión: se conserva la decisión de la sexta revisión (chain_review_6). Llega a la vivienda (el AGEB del hogar, tipo Su casa) desde 1409800011928, donde hizo una actividad: es el regreso a casa, registrado con el motivo de la actividad (Trabajar). Al llegar a casa el propósito es casa; si el renglón siguiente repite el regreso desde casa, queda como no-viaje."
1739,4,1409800011877,Hombres,31,Empleado,,2,13:01,,Regresar a Casa → Trabajar,,Su casa → Oficina,,,,home,,1409800011928,,CAMIÓN O AUTOBÚS,,50,,motivo:lugar,fin_fuera_de_casa,changed,,
1740,7,1409800012767,Mujeres,40,Empleado,,1,06:28,,Trabajar,,Fábrica o taller,,Su casa,,home,,1409701800301,,CAMIÓN O AUTOBÚS,,120,60,,,,,"Decimocuarta revisión: se conserva la decisión de la novena revisión (chain_review_9). Novena revisión: 120 min en CAMIÓN O AUTOBÚS para 14.5 km en línea recta es más del doble de lo que la encuesta suele reportar para ese modo a esa distancia (60 min, la mediana de 5803 viajes): los minutos son el error, no la hora. Con 60 min llega a las 07:28 y el viaje siguiente sale a las 17:30, 602 min después. Es el mismo recorrido, en el mismo modo, que otro viaje del día cuyos minutos chocaban con la salida siguiente."
1740,7,1409800012767,Mujeres,40,Empleado,,2,17:30,,Regresar a Casa,,Su casa,,,,1409701800301,,home,,CAMIÓN O AUTOBÚS,,125,60,,,,,"Decimocuarta revisión: se conserva la decisión de la novena revisión (chain_review_9). Novena revisión: 125 min en CAMIÓN O AUTOBÚS para 14.5 km en línea recta es más del doble de lo que la encuesta suele reportar para ese modo a esa distancia (60 min, la mediana de 5803 viajes): los minutos son el error, no la hora. Con 60 min llega a las 18:30 y el viaje siguiente sale a las 19:19, 49 min después."
1740,7,1409800012767,Mujeres,40,Empleado,,3,19:19 → 19:35,19:19,Trabajar,,Fábrica o taller,,,,home,,1409701800301,,CAMIÓN O AUTOBÚS,,120,60,hora:llegada,,changed,,"Decimocuarta revisión: se conserva la decisión de la novena revisión (chain_review_9). Novena revisión: 120 min en CAMIÓN O AUTOBÚS para 14.5 km en línea recta es más del doble de lo que la encuesta suele reportar para ese modo a esa distancia (60 min, la mediana de 5803 viajes): los minutos son el error, no la hora. Con 60 min llega a las 20:19 y el viaje siguiente sale a las 21:41, 82 min después. Es el mismo recorrido, en el mismo modo, que otro viaje del día cuyos minutos chocaban con la salida siguiente. Novena revisión: la salida vuelve a las 19:19, la hora que reporta la encuesta: con los minutos de traslado que corrige esta revisión cabe después de la llegada del viaje anterior (18:30); una revisión anterior la había movido a las 19:35 para dejar sitio a los minutos de más. | Decimocuarta revisión: la salida queda a las 19:19, la que dan las reglas al leer de nuevo las horas del día tal como lo dejan las decisiones que se conservan (un renglón quitado, minutos de viaje corregidos, un motivo recodificado); sobre el día registrado daban las 19:35."
1740,7,1409800012767,Mujeres,40,Empleado,,4,21:41,,Regresar a Casa,,Su casa,,,,1409701800301,,home,,CAMIÓN O AUTOBÚS,,125,60,,,,,"Decimocuarta revisión: se conserva la decisión de la novena revisión (chain_review_9). Novena revisión: 125 min en CAMIÓN O AUTOBÚS para 14.5 km en línea recta es más del doble de lo que la encuesta suele reportar para ese modo a esa distancia (60 min, la mediana de 5803 viajes): los minutos son el error, no la hora. Es el último viaje del día. Es el mismo recorrido, en el mismo modo, que otro viaje del día cuyos minutos chocaban con la salida siguiente."
1771,1,1409800011576,Hombres,36,Trabajador independiente,,1,07:07,,Compras (comida),,"Comercio, mercado, tienda o centro comercial",,Su casa,,home,,140980001181A,,A PIE,,6,,,,,,
1771,1,1409800011576,Hombres,36,Trabajador independiente,,2,07:19,,Regresar a Casa,,Su casa,,,,140980001181A,,home,,A PIE,,6,,,,,,
1771,1,1409800011576,Hombres,36,Trabajador independiente,,3,18:00,,Trabajar,,Otros (especifique),,,,home,,999990004,,AUTOMÓVIL PARTICULAR,,120,,,,,,
1771,1,1409800011576,Hombres,36,Trabajador independiente,,4,20:53,,Regresar a Casa,,Su casa,,,,999990004,,home,,AUTOMÓVIL PARTICULAR,,120,,,,,,
1771,1,1409800011576,Hombres,36,Trabajador independiente,,5,22:04 → 22:53,,Trabajar,,Otros (especifique),,,,home,,999990004,,AUTOMÓVIL PARTICULAR,,120,,hora:llegada,,changed,,
1771,1,1409800011576,Hombres,36,Trabajador independiente,,6,23:01,00:53,Regresar a Casa,,Su casa,,,,999990004,,home,,AUTOMÓVIL PARTICULAR,,120,,,hora_invertida;hora_2301,,,"Decimocuarta revisión: se toma la lectura de las horas de las tablas anteriores (la primera revisión), una sugerencia entre otras: con las reglas de hoy el día queda con un viaje que sale antes de que llegue el anterior, y con esa lectura con menos de media hora en el trabajo o la escuela. Cambia: viaje 6 23:01 → 00:53."
1819,4,1409800011398,Mujeres,9,Estudiante,,1,13:04,,Estudiar,,Escuela,,Su casa,,home,,1403900011128,,CAMIÓN O AUTOBÚS,,60,,,,,,
1819,4,1409800011398,Mujeres,9,Estudiante,,2,19:09,17:05,Regresar a Casa,,Su casa,,,,1403900011128,,home,,CAMIÓN O AUTOBÚS,,60,,,,,,"Decimocuarta revisión: ninguna lectura de las horas cierra el día: con las reglas queda un viaje que sale antes de que llegue el anterior, con la de las tablas anteriores menos de media hora en el trabajo o la escuela. Las salidas se mueven lo menos posible (124 min en total) para que ningún viaje salga antes de que llegue el anterior; queda ningún problema. Cambia: viaje 2 19:09 → 17:05."
1819,4,1409800011398,Mujeres,9,Estudiante,,3,18:05,,Estudiar,,Escuela,,,,home,,1403900011128,,CAMIÓN O AUTOBÚS,,60,,,hora_invertida,,,
1819,4,1409800011398,Mujeres,9,Estudiante,,4,20:54,,Regresar a Casa,,Su casa,,,,1403900011128,,home,,CAMIÓN O AUTOBÚS,,60,,,,,,
1820,1,1409800011576,Hombres,61,,,1,14:30,,Al médico o atención de salud,,"Hospital, clínica, consultorio, laboratorio clínico",,Su casa,,home,,140390001101A,,CAMIÓN O AUTOBÚS,,105,,,,,,
1820,1,1409800011576,Hombres,61,,,2,20:00,16:25,Regresar a Casa,,Su casa,,,,140390001101A,,home,,CAMIÓN O AUTOBÚS,,105,,,,,,"Decimocuarta revisión: se toma la lectura de las horas de las tablas anteriores (la duodécima revisión), una sugerencia entre otras: con las reglas de hoy el día queda con un viaje que sale antes de que llegue el anterior, y con esa lectura con ningún problema. Cambia: viaje 2 20:00 → 16:25."
1820,1,1409800011576,Hombres,61,,,3,18:10,,Al médico o atención de salud,,"Hospital, clínica, consultorio, laboratorio clínico",,,,home,,140390001101A,,CAMIÓN O AUTOBÚS,,90,,,hora_invertida,,,
1820,1,1409800011576,Hombres,61,,,4,20:47,,Regresar a Casa,,Su casa,,,,140390001101A,,home,,CAMIÓN O AUTOBÚS,,15,,,,,,
1871,4,1409800011576,Mujeres,9,Estudiante,,1,07:30,,Estudiar,,Escuela,,Su casa,,home,,home,,MOTOCICLETA,,10,,,,,,
1871,4,1409800011576,Mujeres,9,Estudiante,,2,12:47,,Regresar a Casa,,Su casa,,,,home,,home,,MOTOCICLETA,,10,,,,,,
1871,4,1409800011576,Mujeres,9,Estudiante,,3,13:20,,Llevar o recoger a alguien,,"Hospital, clínica, consultorio, laboratorio clínico",,,,home,,1403900011170,,CAMIÓN O AUTOBÚS,,90,,,,,,
1871,4,1409800011576,Mujeres,9,Estudiante,,4,16:27,,Regresar a Casa,,Su casa,,,,1403900011170,,home,,CAMIÓN O AUTOBÚS,,105,50,,,,,"Decimocuarta revisión: se conserva la decisión de la novena revisión (chain_review_9). Novena revisión: 105 min en CAMIÓN O AUTOBÚS para 10.6 km en línea recta es más del doble de lo que la encuesta suele reportar para ese modo a esa distancia (50 min, la mediana de 5647 viajes): los minutos son el error, no la hora. Con 50 min llega a las 17:17 y el viaje siguiente sale a las 18:01, 44 min después."
1871,4,1409800011576,Mujeres,9,Estudiante,,5,18:01 → 18:12,18:01,Compras (comida),,"Restaurante, bar, cafetería",,,,home,,140980001181A,,A PIE,,12,,hora:llegada,,changed,,"Decimocuarta revisión: la salida queda a las 18:01, la que dan las reglas al leer de nuevo las horas del día tal como lo dejan las decisiones que se conservan (un renglón quitado, minutos de viaje corregidos, un motivo recodificado); sobre el día registrado daban las 18:12."
1871,4,1409800011576,Mujeres,9,Estudiante,,6,18:14 → 18:24,18:14,Regresar a Casa,,Su casa,,,,140980001181A,,home,,A PIE,,12,,hora:llegada,,changed,,"Decimocuarta revisión: la salida queda a las 18:14, la que dan las reglas al leer de nuevo las horas del día tal como lo dejan las decisiones que se conservan (un renglón quitado, minutos de viaje corregidos, un motivo recodificado); sobre el día registrado daban las 18:24."
1903,2,1409800011383,Mujeres,36,Hogar,,1,09:45,,"Compras (bienes, productos y servicios)",,Su casa,"Comercio, mercado, tienda o centro comercial","Comercio, mercado, tienda o centro comercial",Su casa,1403900011359,home,home,1403900011359,CAMIÓN O AUTOBÚS,,50,,,inicio_fuera_de_casa;actividad_en_casa,,,"Decimocuarta revisión: el viaje 1 se registró de 1403900011359 a casa y el siguiente de casa en adelante; la quinta revisión leyó que 1403900011359 es adonde fue, no de donde salió, sobre la lectura de la primera revisión, que empezaba el día en casa. Ninguna regla empieza hoy este día en casa, así que el origen del viaje 1 es la vivienda y la respuesta de dónde empezó el día, «Su casa». | Decimocuarta revisión: se conserva la decisión de la quinta revisión (chain_review_5). Origen y destino rotados en el registro: el viaje 1 se registró de 1403900011359 a casa y el siguiente de casa a otro lado, así que 1403900011359 (Comercio, mercado, tienda o centro comercial) es adonde fue y no de donde salió. La primera revisión puso el origen en casa pero dejó el destino en casa (un viaje de casa a casa); aquí el destino es 1403900011359. | Decimocuarta revisión: el viaje 1 se registró de 1403900011359 a casa y el siguiente de casa en adelante; la quinta revisión leyó que 1403900011359 es adonde fue, no de donde salió, sobre la lectura de la primera revisión, que empezaba el día en casa. Ninguna regla empieza hoy este día en casa, así que el origen del viaje 1 es la vivienda y la respuesta de dónde empezó el día, «Su casa»."
1903,2,1409800011383,Mujeres,36,Hogar,,2,12:55,,Regresar a Casa,,Su casa,,,,home,1403900011359,home,,CAMIÓN O AUTOBÚS,,50,,,,,,"Decimocuarta revisión: se conserva la decisión de la quinta revisión (chain_review_5). Sale de 1403900011359, donde terminó el viaje anterior (el registro lo daba saliendo de casa)."
1903,2,1409800011383,Mujeres,36,Hogar,,3,19:18,,"Compras (bienes, productos y servicios)",,"Comercio, mercado, tienda o centro comercial",,,,home,,1409800011608,,A PIE,,14,,,,,,
1903,2,1409800011383,Mujeres,36,Hogar,,4,19:36,,Regresar a Casa,,Su casa,,,,1409800011608,,home,,A PIE,,14,,,,,,
1939,2,1409800011631,Hombres,50,Empleado,,1,09:00,,Trabajar,,Otra vivienda,,Su casa,,home,,1403900011363,,AUTOMÓVIL PARTICULAR,,60,,,,,,
1939,2,1409800011631,Hombres,50,Empleado,,2,05:51,15:51,Regresar a Casa,,Su casa,,,,1403900011363,,home,,AUTOMÓVIL PARTICULAR,,60,,,hora_invertida,,,"Decimocuarta revisión: se toma la lectura de las horas de las tablas anteriores (las reglas anteriores), una sugerencia entre otras: con las reglas de hoy el día queda con un viaje que sale antes de que llegue el anterior, y con esa lectura con menos de media hora en el trabajo o la escuela. Cambia: viaje 2 05:51 → 15:51, viaje 3 07:09 → 17:09, viaje 4 06:00 → 18:09."
1939,2,1409800011631,Hombres,50,Empleado,,3,07:09,17:09,Trabajar,,Otra vivienda,,,,home,,1403900011363,,AUTOMÓVIL PARTICULAR,,60,,,,,,"Decimocuarta revisión: se toma la lectura de las horas de las tablas anteriores (las reglas anteriores), una sugerencia entre otras: con las reglas de hoy el día queda con un viaje que sale antes de que llegue el anterior, y con esa lectura con menos de media hora en el trabajo o la escuela. Cambia: viaje 2 05:51 → 15:51, viaje 3 07:09 → 17:09, viaje 4 06:00 → 18:09."
1939,2,1409800011631,Hombres,50,Empleado,,4,06:00,18:09,Regresar a Casa,,Su casa,,,,1403900011363,,home,,AUTOMÓVIL PARTICULAR,,60,,,hora_invertida,,,"Decimocuarta revisión: se toma la lectura de las horas de las tablas anteriores (las reglas anteriores), una sugerencia entre otras: con las reglas de hoy el día queda con un viaje que sale antes de que llegue el anterior, y con esa lectura con menos de media hora en el trabajo o la escuela. Cambia: viaje 2 05:51 → 15:51, viaje 3 07:09 → 17:09, viaje 4 06:00 → 18:09."
1977,2,1409800012714,Mujeres,21,Estudiante,,1,14:00,,Estudiar,,Escuela,,Su casa,,home,,1403900010365,,CAMIÓN O AUTOBÚS,,90,,,,,,
1977,2,1409800012714,Mujeres,21,Estudiante,,2,20:30,16:36,Regresar a Casa,,Su casa,,,,1403900010365,,home,,CAMIÓN O AUTOBÚS,,90,,,,,,"Decimocuarta revisión: se toma la lectura de las horas de las tablas anteriores (la duodécima revisión), una sugerencia entre otras: con las reglas de hoy el día queda con un viaje que sale antes de que llegue el anterior, y con esa lectura con ningún problema. Cambia: viaje 2 20:30 → 16:36."
1977,2,1409800012714,Mujeres,21,Estudiante,,3,18:06,,Estudiar,,Escuela,,,,home,,1403900010365,,CAMIÓN O AUTOBÚS,,90,,,hora_invertida,,,
1977,2,1409800012714,Mujeres,21,Estudiante,,4,20:36,,Regresar a Casa,,Su casa,,,,1403900010365,,home,,CAMIÓN O AUTOBÚS,,90,,,,,,
1985,5,1409801282875,Mujeres,24,Trabajador independiente,,1,12:01,,Deportes o recreación,,Centro cultural o área recreativa,,Su casa,,home,,1403900012554,,CAMIÓN O AUTOBÚS,,70,,,,,,
1985,5,1409801282875,Mujeres,24,Trabajador independiente,,2,18:00,,Regresar a Casa,,Su casa,,,,1403900012554,,home,,CAMIÓN O AUTOBÚS,,70,,,,,,
1985,5,1409801282875,Mujeres,24,Trabajador independiente,,3,18:00,19:10,Deportes o recreación,,Centro cultural o área recreativa,,,,home,,1403900012554,,CAMIÓN O AUTOBÚS,,70,,,hora_invertida,,,"Decimocuarta revisión: se toma la lectura de las horas de las tablas anteriores (la duodécima revisión), una sugerencia entre otras: con las reglas de hoy el día queda con un viaje que sale antes de que llegue el anterior, y con esa lectura con ningún problema. Cambia: viaje 3 18:00 → 19:10."
1985,5,1409801282875,Mujeres,24,Trabajador independiente,,4,20:47,,Regresar a Casa,,Su casa,,,,1403900012554,,home,,CAMIÓN O AUTOBÚS,,70,,,,,,
1988,2,1409800011631,Hombres,36,Empleado,,1,06:00,,"Compras (bienes, productos y servicios)",,Su casa,"Comercio, mercado, tienda o centro comercial","Comercio, mercado, tienda o centro comercial",Su casa,1403900015366,home,home,1403900015366,CAMIÓN O AUTOBÚS,,60,,,inicio_fuera_de_casa;actividad_en_casa,,,"Decimocuarta revisión: el viaje 1 se registró de 1403900015366 a casa y el siguiente de casa en adelante; la quinta revisión leyó que 1403900015366 es adonde fue, no de donde salió, sobre la lectura de la primera revisión, que empezaba el día en casa. Ninguna regla empieza hoy este día en casa, así que el origen del viaje 1 es la vivienda y la respuesta de dónde empezó el día, «Su casa». | Decimocuarta revisión: se conserva la decisión de la quinta revisión (chain_review_5). Origen y destino rotados en el registro: el viaje 1 se registró de 1403900015366 a casa y el siguiente de casa a otro lado, así que 1403900015366 (Comercio, mercado, tienda o centro comercial) es adonde fue y no de donde salió. La primera revisión puso el origen en casa pero dejó el destino en casa (un viaje de casa a casa); aquí el destino es 1403900015366. | Decimocuarta revisión: el viaje 1 se registró de 1403900015366 a casa y el siguiente de casa en adelante; la quinta revisión leyó que 1403900015366 es adonde fue, no de donde salió, sobre la lectura de la primera revisión, que empezaba el día en casa. Ninguna regla empieza hoy este día en casa, así que el origen del viaje 1 es la vivienda y la respuesta de dónde empezó el día, «Su casa»."
1988,2,1409800011631,Hombres,36,Empleado,,2,07:30,,Regresar a Casa,,Su casa,,,,home,1403900015366,home,,CAMIÓN O AUTOBÚS,,60,,,,,,"Decimocuarta revisión: se conserva la decisión de la quinta revisión (chain_review_5). Sale de 1403900015366, donde terminó el viaje anterior (el registro lo daba saliendo de casa)."
2017,3,140980128288A,Hombres,28,Empleado,,1,00:52,,Trabajar,,Fábrica o taller,,Su casa,,home,,14097059A,,AUTOMÓVIL PARTICULAR,,90,,,,,,
2017,3,140980128288A,Hombres,28,Empleado,,2,00:52,10:52,Regresar a Casa,,Su casa,,,,14097059A,,home,,AUTOMÓVIL PARTICULAR,,90,,,hora_invertida,,,"Decimocuarta revisión: se toma la lectura de las horas de las tablas anteriores (la primera revisión), una sugerencia entre otras: con las reglas de hoy el día queda con un viaje que sale antes de que llegue el anterior, y con esa lectura con ningún problema. Cambia: viaje 2 00:52 → 10:52, viaje 3 00:29 → 12:29, viaje 4 08:14 → 18:14, viaje 5 18:04 → 20:04, viaje 6 18:14 → 20:14."
2017,3,140980128288A,Hombres,28,Empleado,,3,00:29,12:29,Trabajar,,Fábrica o taller,,,,home,,14097059A,,AUTOMÓVIL PARTICULAR,,90,,,hora_invertida,,,"Decimocuarta revisión: se toma la lectura de las horas de las tablas anteriores (la primera revisión), una sugerencia entre otras: con las reglas de hoy el día queda con un viaje que sale antes de que llegue el anterior, y con esa lectura con ningún problema. Cambia: viaje 2 00:52 → 10:52, viaje 3 00:29 → 12:29, viaje 4 08:14 → 18:14, viaje 5 18:04 → 20:04, viaje 6 18:14 → 20:14."
2017,3,140980128288A,Hombres,28,Empleado,,4,08:14,18:14,Regresar a Casa,,Su casa,,,,14097059A,,home,,AUTOMÓVIL PARTICULAR,,90,,,,,,"Decimocuarta revisión: se toma la lectura de las horas de las tablas anteriores (la primera revisión), una sugerencia entre otras: con las reglas de hoy el día queda con un viaje que sale antes de que llegue el anterior, y con esa lectura con ningún problema. Cambia: viaje 2 00:52 → 10:52, viaje 3 00:29 → 12:29, viaje 4 08:14 → 18:14, viaje 5 18:04 → 20:04, viaje 6 18:14 → 20:14."
2017,3,140980128288A,Hombres,28,Empleado,,5,18:04,20:04,Compras (comida),,"Comercio, mercado, tienda o centro comercial",,,,home,,1409709033912,,A PIE,,6,,,,,,"Decimocuarta revisión: se toma la lectura de las horas de las tablas anteriores (la primera revisión), una sugerencia entre otras: con las reglas de hoy el día queda con un viaje que sale antes de que llegue el anterior, y con esa lectura con ningún problema. Cambia: viaje 2 00:52 → 10:52, viaje 3 00:29 → 12:29, viaje 4 08:14 → 18:14, viaje 5 18:04 → 20:04, viaje 6 18:14 → 20:14."
2017,3,140980128288A,Hombres,28,Empleado,,6,18:14,20:14,Regresar a Casa,,Su casa,,,,1409709033912,,home,,A PIE,,6,,,,,,"Decimocuarta revisión: se toma la lectura de las horas de las tablas anteriores (la primera revisión), una sugerencia entre otras: con las reglas de hoy el día queda con un viaje que sale antes de que llegue el anterior, y con esa lectura con ningún problema. Cambia: viaje 2 00:52 → 10:52, viaje 3 00:29 → 12:29, viaje 4 08:14 → 18:14, viaje 5 18:04 → 20:04, viaje 6 18:14 → 20:14."
2099,2,1409800012733,Mujeres,26,Empleado,,1,19:40,09:40,Trabajar,,Oficina,,Su casa,,home,,1409800011720,,CAMIÓN O AUTOBÚS,,35,,,,,,"Decimocuarta revisión: se toma la lectura de las horas de las tablas anteriores (la primera revisión), una sugerencia entre otras: con las reglas de hoy el día queda con un viaje que sale antes de que llegue el anterior, y con esa lectura con una estancia de cero minutos fuera de casa. Cambia: viaje 1 19:40 → 09:40."
2099,2,1409800012733,Mujeres,26,Empleado,,2,14:30,,Pagar algún servicio o al banco,,"Comercio, mercado, tienda o centro comercial",,,,1409800011720,,1409800011720,,A PIE,,15,,,hora_invertida,,,
2099,2,1409800012733,Mujeres,26,Empleado,,3,15:45,,Regresar a Casa,,Su casa,,,,1409800011720,,home,,CAMIÓN O AUTOBÚS,,38,,,,,,
2099,2,1409800012733,Mujeres,26,Empleado,,4,20:30,,Compras (comida),,"Comercio, mercado, tienda o centro comercial",,,,home,,1409800012752,,CAMIÓN O AUTOBÚS,,25,,,,,,
2099,2,1409800012733,Mujeres,26,Empleado,,5,20:00 → 20:55,,Regresar a Casa,,Su casa,,,,1409800012752,,home,,CAMIÓN O AUTOBÚS,,25,,hora:llegada,,changed,,
2141,3,1403900015559,Hombres,41,Empleado,,1,07:00,,Trabajar,,Otra vivienda,,Su casa,,home,,1409800012377,,Taxi plataforma (Uber/Didi),,6,,,,,,
2141,3,1403900015559,Hombres,41,Empleado,,2,07:10,,Trabajar,,Otra vivienda,,,,1409800012377,,1403900012569,,Taxi plataforma (Uber/Didi),,30,,,,,,
2141,3,1403900015559,Hombres,41,Empleado,,3,07:46,,Trabajar,,Otra vivienda,,,,1403900012569,,1403900014033,,Taxi plataforma (Uber/Didi),,15,,,,,,
2141,3,1403900015559,Hombres,41,Empleado,,4,08:05,,Trabajar,,"Comercio, mercado, tienda o centro comercial",,,,1403900014033,,1403900015366,,Taxi plataforma (Uber/Didi),,30,,,,,,
2141,3,1403900015559,Hombres,41,Empleado,,5,08:40,,Trabajar,,Oficina,,,,1403900015366,,1403900011359,,Taxi plataforma (Uber/Didi),,30,,,,,,
2141,3,1403900015559,Hombres,41,Empleado,,6,09:12,,"Compras (bienes, productos y servicios)",,"Comercio, mercado, tienda o centro comercial",,,,1403900011359,,1403900011359,,Taxi plataforma (Uber/Didi),,15,,,,,,
2141,3,1403900015559,Hombres,41,Empleado,,7,20:00,,Regresar a Casa,,Su casa,,,,1403900011359,,1403900013783,home,Taxi plataforma (Uber/Didi),,60,,,regreso_sin_llegar;fin_fuera_de_casa,,,"Decimocuarta revisión: el regreso a casa, último viaje del día, termina en 1403900013783, un AGEB que no es el del hogar y que ningún otro viaje del día toca; el motivo y el tipo de lugar dicen «Su casa»: termina en la vivienda, geocodificada en otro AGEB."
2210,3,1409800012377,Hombres,17,Estudiante,,1,14:00,,Estudiar,,Escuela,,Su casa,,home,,1409800011152,,CAMIÓN O AUTOBÚS,,20,,,,,,
2210,3,1409800012377,Hombres,17,Estudiante,,2,20:00,17:58,Regresar a Casa,,Su casa,,,,1409800011152,,home,,CAMIÓN O AUTOBÚS,,20,,,,,,"Decimocuarta revisión: ninguna lectura de las horas cierra el día: con las reglas queda un viaje que sale antes de que llegue el anterior, con la de las tablas anteriores menos de media hora en el trabajo o la escuela. Las salidas se mueven lo menos posible (122 min en total) para que ningún viaje salga antes de que llegue el anterior; queda ningún problema. Cambia: viaje 2 20:00 → 17:58."
2210,3,1409800012377,Hombres,17,Estudiante,,3,18:18,,Estudiar,,Escuela,,,,home,,1409800011152,,CAMIÓN O AUTOBÚS,,20,,,hora_invertida,,,
2210,3,1409800012377,Hombres,17,Estudiante,,4,20:34,,Regresar a Casa,,Su casa,,,,1409800011152,,home,,CAMIÓN O AUTOBÚS,,20,,,,,,
2213,2,1403900013783,Hombres,37,Estudiante,,1,09:00,,Compras (comida),Regresar a Casa,Su casa,,"Comercio, mercado, tienda o centro comercial",,1403900014654,,home,,A PIE,,20,,,inicio_fuera_de_casa;actividad_en_casa,,,"Decimocuarta revisión: se conserva la decisión de la sexta revisión (chain_review_6). Llega a la vivienda (el AGEB del hogar, tipo Su casa) desde 1403900014654, donde hizo una actividad: es el regreso a casa, registrado con el motivo de la actividad (Compras (comida)). Al llegar a casa el propósito es casa; si el renglón siguiente repite el regreso desde casa, queda como no-viaje."
2213,2,1403900013783,Hombres,37,Estudiante,,2,14:01,,"Regresar a Casa → Compras (bienes, productos y servicios)",,"Su casa → Comercio, mercado, tienda o centro comercial",,,,home,,1403900014654,,A PIE,,20,,motivo:lugar,fin_fuera_de_casa,changed,,
2216,4,1409800012377,Hombres,13,Estudiante,,1,06:00,,Estudiar,,Escuela,,Su casa,,home,,1403900014067,,A PIE,,5,,,,,,
2216,4,1409800012377,Hombres,13,Estudiante,,2,12:00,,Regresar a Casa,Otros (especifique),Su casa,Otros (especifique),,,1403900014067,,1403900014654,,A PIE,,5,,,regreso_sin_llegar,,,"Decimocuarta revisión: el regreso a casa termina en 1403900014654, que no es el AGEB del hogar, y el día sigue desde ahí o vuelve a él; ni el tipo de lugar ni los demás viajes de la persona dicen qué hizo: «Otros», el propósito O que el modelo ya le daba."
2216,4,1409800012377,Hombres,13,Estudiante,,3,18:14,,Compras (comida),,"Comercio, mercado, tienda o centro comercial",,,,1403900014654,,1403900013783,,A PIE,,13,,,,,,
2216,4,1409800012377,Hombres,13,Estudiante,,4,18:28,,Regresar a Casa,Otros (especifique),Su casa,Otros (especifique),,,1403900013783,,1403900014654,,A PIE,,13,,,regreso_sin_llegar;fin_fuera_de_casa,,,"Decimocuarta revisión: el regreso a casa termina en 1403900014654, que no es el AGEB del hogar, y el día sigue desde ahí o vuelve a él; ni el tipo de lugar ni los demás viajes de la persona dicen qué hizo: «Otros», el propósito O que el modelo ya le daba."
2233,1,1403900015436,Hombres,54,Empleado,,1,13:00,,Visitar a alguien,,Otra vivienda,,Su casa,,home,,1409708432666,,CAMIÓN O AUTOBÚS,,60,,,,,,
2233,1,1403900015436,Hombres,54,Empleado,,2,19:00,17:17,Regresar a Casa,,Su casa,,,,1409708432666,,home,,CAMIÓN O AUTOBÚS,,60,,,,,,"Decimocuarta revisión: se toma la lectura de las horas de las tablas anteriores (la duodécima revisión), una sugerencia entre otras: con las reglas de hoy el día queda con un viaje que sale antes de que llegue el anterior, y con esa lectura con ningún problema. Cambia: viaje 2 19:00 → 17:17."
2233,1,1403900015436,Hombres,54,Empleado,,3,18:17,,Visitar a alguien,,Otra vivienda,,,,home,,1409708432666,,CAMIÓN O AUTOBÚS,,60,,,hora_invertida,,,
2233,1,1403900015436,Hombres,54,Empleado,,4,20:43,,Regresar a Casa,,Su casa,,,,1409708432666,,home,,CAMIÓN O AUTOBÚS,,60,,,,,,
2233,2,1403900015436,Mujeres,52,Hogar,,1,13:00,,Visitar a alguien,,Otra vivienda,,Su casa,,home,,1409708432666,,CAMIÓN O AUTOBÚS,,40,,,,,,
2233,2,1403900015436,Mujeres,52,Hogar,,2,19:00,,Regresar a Casa,,Su casa,,,,1409708432666,,home,,CAMIÓN O AUTOBÚS,,45,,,,,,
2233,2,1403900015436,Mujeres,52,Hogar,,3,18:24,19:45,Visitar a alguien,,Otra vivienda,,,,home,,1409708432666,,CAMIÓN O AUTOBÚS,,40,,,hora_invertida,,,"Decimocuarta revisión: se toma la lectura de las horas de las tablas anteriores (la duodécima revisión), una sugerencia entre otras: con las reglas de hoy el día queda con un viaje que sale antes de que llegue el anterior, y con esa lectura con ningún problema. Cambia: viaje 3 18:24 → 19:45."
2233,2,1403900015436,Mujeres,52,Hogar,,4,20:35,,Regresar a Casa,,Su casa,,,,1409708432666,,home,,CAMIÓN O AUTOBÚS,,45,,,,,,
2257,3,1409800012377,Mujeres,17,Estudiante,yes,1,11:00,,"Compras (bienes, productos y servicios)",,Su casa,"Comercio, mercado, tienda o centro comercial","Comercio, mercado, tienda o centro comercial",Su casa,1412000010655,home,home,1412000010655,AUTOMÓVIL PARTICULAR,,40,,,inicio_fuera_de_casa;actividad_en_casa,,,"Decimocuarta revisión: el viaje 1 se registró de 1412000010655 a casa y el siguiente de casa en adelante; la quinta revisión leyó que 1412000010655 es adonde fue, no de donde salió, sobre la lectura de la primera revisión, que empezaba el día en casa. Ninguna regla empieza hoy este día en casa, así que el origen del viaje 1 es la vivienda y la respuesta de dónde empezó el día, «Su casa». | Decimocuarta revisión: se conserva la decisión de la quinta revisión (chain_review_5). Origen y destino rotados en el registro: el viaje 1 se registró de 1412000010655 a casa y el siguiente de casa a otro lado, así que 1412000010655 (Comercio, mercado, tienda o centro comercial) es adonde fue y no de donde salió. La primera revisión puso el origen en casa pero dejó el destino en casa (un viaje de casa a casa); aquí el destino es 1412000010655. | Decimocuarta revisión: el viaje 1 se registró de 1412000010655 a casa y el siguiente de casa en adelante; la quinta revisión leyó que 1412000010655 es adonde fue, no de donde salió, sobre la lectura de la primera revisión, que empezaba el día en casa. Ninguna regla empieza hoy este día en casa, así que el origen del viaje 1 es la vivienda y la respuesta de dónde empezó el día, «Su casa»."
2257,3,1409800012377,Mujeres,17,Estudiante,yes,2,18:00,,Regresar a Casa,,Su casa,,,,home,1412000010655,home,,AUTOMÓVIL PARTICULAR,,40,,,,,,"Decimocuarta revisión: se conserva la decisión de la quinta revisión (chain_review_5). Sale de 1412000010655, donde terminó el viaje anterior (el registro lo daba saliendo de casa)."
2259,2,1409800011970,Hombres,42,Empleado,,1,08:00,,Trabajar,,Fábrica o taller,,Su casa,,home,,14070140A,,AUTOMÓVIL PARTICULAR,,45,,,,,,
2259,2,1409800011970,Hombres,42,Empleado,,2,04:45,14:45,Regresar a Casa,,Su casa,,,,14070140A,,home,,AUTOMÓVIL PARTICULAR,,50,,,hora_invertida,,,"Decimocuarta revisión: se toma la lectura de las horas de las tablas anteriores (las reglas anteriores), una sugerencia entre otras: con las reglas de hoy el día queda con un viaje que sale antes de que llegue el anterior, y con esa lectura con menos de media hora en el trabajo o la escuela. Cambia: viaje 2 04:45 → 14:45, viaje 3 06:16 → 16:16, viaje 4 05:00 → 17:01."
2259,2,1409800011970,Hombres,42,Empleado,,3,06:16,16:16,Trabajar,,Fábrica o taller,,,,home,,14070140A,,AUTOMÓVIL PARTICULAR,,45,,,,,,"Decimocuarta revisión: se toma la lectura de las horas de las tablas anteriores (las reglas anteriores), una sugerencia entre otras: con las reglas de hoy el día queda con un viaje que sale antes de que llegue el anterior, y con esa lectura con menos de media hora en el trabajo o la escuela. Cambia: viaje 2 04:45 → 14:45, viaje 3 06:16 → 16:16, viaje 4 05:00 → 17:01."
2259,2,1409800011970,Hombres,42,Empleado,,4,05:00,17:01,Regresar a Casa,,Su casa,,,,14070140A,,home,,AUTOMÓVIL PARTICULAR,,50,,,hora_invertida,,,"Decimocuarta revisión: se toma la lectura de las horas de las tablas anteriores (las reglas anteriores), una sugerencia entre otras: con las reglas de hoy el día queda con un viaje que sale antes de que llegue el anterior, y con esa lectura con menos de media hora en el trabajo o la escuela. Cambia: viaje 2 04:45 → 14:45, viaje 3 06:16 → 16:16, viaje 4 05:00 → 17:01."
2271,4,1409800012377,Mujeres,13,Estudiante,yes,1,11:03,,"Compras (bienes, productos y servicios)",,Su casa,"Comercio, mercado, tienda o centro comercial","Comercio, mercado, tienda o centro comercial",Su casa,1412000010655,home,home,1412000010655,AUTOMÓVIL PARTICULAR,,40,,,inicio_fuera_de_casa;actividad_en_casa,,,"Decimocuarta revisión: el viaje 1 se registró de 1412000010655 a casa y el siguiente de casa en adelante; la quinta revisión leyó que 1412000010655 es adonde fue, no de donde salió, sobre la lectura de la primera revisión, que empezaba el día en casa. Ninguna regla empieza hoy este día en casa, así que el origen del viaje 1 es la vivienda y la respuesta de dónde empezó el día, «Su casa». | Decimocuarta revisión: se conserva la decisión de la quinta revisión (chain_review_5). Origen y destino rotados en el registro: el viaje 1 se registró de 1412000010655 a casa y el siguiente de casa a otro lado, así que 1412000010655 (Comercio, mercado, tienda o centro comercial) es adonde fue y no de donde salió. La primera revisión puso el origen en casa pero dejó el destino en casa (un viaje de casa a casa); aquí el destino es 1412000010655. | Decimocuarta revisión: el viaje 1 se registró de 1412000010655 a casa y el siguiente de casa en adelante; la quinta revisión leyó que 1412000010655 es adonde fue, no de donde salió, sobre la lectura de la primera revisión, que empezaba el día en casa. Ninguna regla empieza hoy este día en casa, así que el origen del viaje 1 es la vivienda y la respuesta de dónde empezó el día, «Su casa»."
2271,4,1409800012377,Mujeres,13,Estudiante,yes,2,18:01,,Regresar a Casa,,Su casa,,,,home,1412000010655,home,,AUTOMÓVIL PARTICULAR,,40,,,,,,"Decimocuarta revisión: se conserva la decisión de la quinta revisión (chain_review_5). Sale de 1412000010655, donde terminó el viaje anterior (el registro lo daba saliendo de casa)."
2333,1,1409800012841,Hombres,6,Estudiante,,1,07:21,,Compras (comida),,"Comercio, mercado, tienda o centro comercial",,Su casa,,home,,1409800012150,,A PIE,,15,,,,,,
2333,1,1409800012841,Hombres,6,Estudiante,,2,07:48,,Estudiar,,Escuela,,,,1409800012150,,1409800012150,,A PIE,,8,,,,,,
2333,1,1409800012841,Hombres,6,Estudiante,,3,06:17 → 18:17,,Compras (comida),,"Comercio, mercado, tienda o centro comercial",,,,1409800012150,,1409800012150,,A PIE,,10,,hora:+12h,,changed,,
2333,1,1409800012841,Hombres,6,Estudiante,,4,18:25 → 18:27,18:30,Regresar a Casa,,Su casa,,,,1409800012150,,home,,A PIE,,10,,hora:llegada,,changed,,"Decimocuarta revisión: se toma la lectura de las horas de las tablas anteriores (la undécima revisión), una sugerencia entre otras: con las reglas de hoy el día queda con una estancia de cero minutos fuera de casa, y con esa lectura con ningún problema. Cambia: viaje 4 18:27 → 18:30."
2336,1,1409800012150,Mujeres,48,Hogar,,1,06:40,,Llevar o recoger a alguien,,Escuela,,Su casa,,home,,1409800010370,,A PIE,,20,,,,,,
2336,1,1409800012150,Mujeres,48,Hogar,,2,07:00,,Regresar a Casa,,Su casa,,,,1409800010370,,home,,A PIE,,20,,,,,,
2336,1,1409800012150,Mujeres,48,Hogar,,3,12:00,,Llevar o recoger a alguien,,Escuela,,,,home,,140390001464A,,CAMIÓN O AUTOBÚS,,75,30,,,,,"Decimocuarta revisión: se conserva la decisión de la novena revisión (chain_review_9). Novena revisión: 75 min en CAMIÓN O AUTOBÚS para 4.7 km en línea recta es más del doble de lo que la encuesta suele reportar para ese modo a esa distancia (30 min, la mediana de 5401 viajes): los minutos son el error, no la hora. Con 30 min llega a las 12:30 y el viaje siguiente sale a las 13:00, 30 min después."
2336,1,1409800012150,Mujeres,48,Hogar,,4,13:00 → 13:15,13:00,Regresar a Casa,,Su casa,,,,140390001464A,,home,,CAMIÓN O AUTOBÚS,,75,30,hora:llegada,,changed,,"Decimocuarta revisión: se conserva la decisión de la novena revisión (chain_review_9). Novena revisión: 75 min en CAMIÓN O AUTOBÚS para 4.7 km en línea recta es más del doble de lo que la encuesta suele reportar para ese modo a esa distancia (30 min, la mediana de 5401 viajes): los minutos son el error, no la hora. Es el último viaje del día. Es el mismo recorrido, en el mismo modo, que otro viaje del día cuyos minutos chocaban con la salida siguiente. Novena revisión: la salida vuelve a las 13:00, la hora que reporta la encuesta: con los minutos de traslado que corrige esta revisión cabe después de la llegada del viaje anterior (12:30); una revisión anterior la había movido a las 13:15 para dejar sitio a los minutos de más. | Decimocuarta revisión: la salida queda a las 13:00, la que dan las reglas al leer de nuevo las horas del día tal como lo dejan las decisiones que se conservan (un renglón quitado, minutos de viaje corregidos, un motivo recodificado); sobre el día registrado daban las 13:15."
2344,2,1409800012150,Mujeres,16,Estudiante,,1,12:00,,Estudiar,,Escuela,,Su casa,,home,,1412000010617,,MI MACRO,,85,,,,,,
2344,2,1409800012150,Mujeres,16,Estudiante,,2,19:30,14:10,Regresar a Casa,,Su casa,,,,1412000010617,,home,,MI MACRO,,80,,,,,,"Decimocuarta revisión: ninguna lectura de las horas cierra el día: con las reglas queda un viaje que sale antes de que llegue el anterior, con la de las tablas anteriores una estancia de 8 horas o más en un mandado o una visita. Las salidas se mueven lo menos posible (710 min en total) para que ningún viaje salga antes de que llegue el anterior; queda una estancia de cero minutos fuera de casa. Cambia: viaje 2 19:30 → 14:10, viaje 3 09:00 → 15:30."
2344,2,1409800012150,Mujeres,16,Estudiante,,3,09:00,15:30,"Compras (bienes, productos y servicios)",,"Comercio, mercado, tienda o centro comercial",,,,home,,140390001539A,,CAMIÓN O AUTOBÚS,,30,,,hora_invertida,,,"Decimocuarta revisión: ninguna lectura de las horas cierra el día: con las reglas queda un viaje que sale antes de que llegue el anterior, con la de las tablas anteriores una estancia de 8 horas o más en un mandado o una visita. Las salidas se mueven lo menos posible (710 min en total) para que ningún viaje salga antes de que llegue el anterior; queda una estancia de cero minutos fuera de casa. Cambia: viaje 2 19:30 → 14:10, viaje 3 09:00 → 15:30."
2344,2,1409800012150,Mujeres,16,Estudiante,,4,16:00,,Regresar a Casa,,Su casa,,,,140390001539A,,home,,CAMIÓN O AUTOBÚS,,30,,,,,,
2344,4,1409800012150,Mujeres,13,Estudiante,,1,12:01,,Estudiar,,Escuela,,Su casa,,home,,1412000010617,,MI MACRO,,85,,,,,,
2344,4,1409800012150,Mujeres,13,Estudiante,,2,19:28,14:17,Regresar a Casa,,Su casa,,,,1412000010617,,home,,MI MACRO,,80,,,,,,"Decimocuarta revisión: ninguna lectura de las horas cierra el día: con las reglas queda un viaje que sale antes de que llegue el anterior, con la de las tablas anteriores una salida movida a la madrugada; un primer viaje antes de las 05:00. Las salidas se mueven lo menos posible (701 min en total) para que ningún viaje salga antes de que llegue el anterior; queda una estancia de cero minutos fuera de casa. Cambia: viaje 2 19:28 → 14:17, viaje 3 09:07 → 15:37."
2344,4,1409800012150,Mujeres,13,Estudiante,,3,09:07,15:37,"Compras (bienes, productos y servicios)",,"Comercio, mercado, tienda o centro comercial",,,,home,,140390001539A,,CAMIÓN O AUTOBÚS,,30,,,hora_invertida,,,"Decimocuarta revisión: ninguna lectura de las horas cierra el día: con las reglas queda un viaje que sale antes de que llegue el anterior, con la de las tablas anteriores una salida movida a la madrugada; un primer viaje antes de las 05:00. Las salidas se mueven lo menos posible (701 min en total) para que ningún viaje salga antes de que llegue el anterior; queda una estancia de cero minutos fuera de casa. Cambia: viaje 2 19:28 → 14:17, viaje 3 09:07 → 15:37."
2344,4,1409800012150,Mujeres,13,Estudiante,,4,16:07,,Regresar a Casa,,Su casa,,,,140390001539A,,home,,CAMIÓN O AUTOBÚS,,30,,,,,,
2347,1,1409800012837,Mujeres,56,Hogar,,1,18:00 → 06:00,18:00,Visitar a alguien,,Otra vivienda,,Su casa,,home,,1407000130083,,MI MACRO,,10,,hora:-12h,,changed,,"Decimocuarta revisión: la salida queda a las 18:00, la que dan las reglas al leer de nuevo las horas del día tal como lo dejan las decisiones que se conservan (un renglón quitado, minutos de viaje corregidos, un motivo recodificado); sobre el día registrado daban las 06:00."
2347,1,1409800012837,Mujeres,56,Hogar,,2,21:00 → 09:00,21:00,Regresar a Casa,,Su casa,,,,1407000130083,,home,,MI MACRO,,22,,hora:-12h,,changed,,"Decimocuarta revisión: la salida queda a las 21:00, la que dan las reglas al leer de nuevo las horas del día tal como lo dejan las decisiones que se conservan (un renglón quitado, minutos de viaje corregidos, un motivo recodificado); sobre el día registrado daban las 09:00."
2347,1,1409800012837,Mujeres,56,Hogar,,3,23:00 → 11:00,23:00,Trabajar,,Fábrica o taller,,,,home,,1407000130083,,Taxi plataforma (Uber/Didi),,15,,hora:-12h,,changed,,"Decimocuarta revisión: la salida queda a las 23:00, la que dan las reglas al leer de nuevo las horas del día tal como lo dejan las decisiones que se conservan (un renglón quitado, minutos de viaje corregidos, un motivo recodificado); sobre el día registrado daban las 11:00."
2347,1,1409800012837,Mujeres,56,Hogar,,4,20:26,,Regresar a Casa,,Su casa,,,,1407000130083,,home,,Taxi plataforma (Uber/Didi),,15,,,,,dropped,"Decimocuarta revisión: se conserva la decisión de la segunda revisión (chain_review_2). Turno nocturno: sale a trabajar a las 23:00; este renglón es el regreso de la mañana siguiente, fuera del día de la encuesta: se descarta y el día termina en el trabajo."
2363,1,1409800012983,Mujeres,24,Empleado,,1,09:00,,Trabajar,,Oficina,,Su casa,,home,,1412000011121,,AUTOMÓVIL PARTICULAR,,60,,,,,,
2363,1,1409800012983,Mujeres,24,Empleado,,2,15:49,,Regresar a Casa,,Su casa,,,,1412000011121,,home,,AUTOMÓVIL PARTICULAR,,90,45,,,,,"Decimocuarta revisión: se conserva la decisión de la novena revisión (chain_review_9). Novena revisión: 90 min en AUTOMÓVIL PARTICULAR para 15.6 km en línea recta es más del doble de lo que la encuesta suele reportar para ese modo a esa distancia (45 min, la mediana de 4989 viajes): los minutos son el error, no la hora. Con 45 min llega a las 16:34 y el viaje siguiente sale a las 17:12, 38 min después."
2363,1,1409800012983,Mujeres,24,Empleado,,3,17:12 → 17:19,17:12,Trabajar,,Oficina,,,,home,,1412000011121,,AUTOMÓVIL PARTICULAR,,60,,hora:llegada,,changed,,"Decimocuarta revisión: la salida queda a las 17:12, la que dan las reglas al leer de nuevo las horas del día tal como lo dejan las decisiones que se conservan (un renglón quitado, minutos de viaje corregidos, un motivo recodificado); sobre el día registrado daban las 17:19."
2363,1,1409800012983,Mujeres,24,Empleado,,4,20:00,,Regresar a Casa,,Su casa,,,,1412000011121,,home,,AUTOMÓVIL PARTICULAR,,90,45,,,,,"Decimocuarta revisión: se conserva la decisión de la novena revisión (chain_review_9). Novena revisión: 90 min en AUTOMÓVIL PARTICULAR para 15.6 km en línea recta es más del doble de lo que la encuesta suele reportar para ese modo a esa distancia (45 min, la mediana de 4989 viajes): los minutos son el error, no la hora. Es el último viaje del día. Es el mismo recorrido, en el mismo modo, que otro viaje del día cuyos minutos chocaban con la salida siguiente."
2373,5,1409800012841,Mujeres,33,Empleado,,1,09:00,,Trabajar,Regresar a Casa,Su casa,,Otra vivienda,,1412000010373,,home,,TREN LIGERO,,80,,,inicio_fuera_de_casa;actividad_en_casa,,,"Decimocuarta revisión: se conserva la decisión de la sexta revisión (chain_review_6). Llega a la vivienda (el AGEB del hogar, tipo Su casa) desde 1412000010373, donde hizo una actividad: es el regreso a casa, registrado con el motivo de la actividad (Trabajar). Al llegar a casa el propósito es casa; si el renglón siguiente repite el regreso desde casa, queda como no-viaje."
2373,5,1409800012841,Mujeres,33,Empleado,,2,20:01,,Trabajar,,Otros (especifique),,,,home,,1409800010879,,MI MACRO,,79,,,,,,
2373,5,1409800012841,Mujeres,33,Empleado,,3,20:50,,Regresar a Casa,,Su casa,,,,1409800010879,,home,,MI MACRO,,79,,,hora_invertida,,dropped,"Decimocuarta revisión: se conserva la decisión de la segunda revisión (chain_review_2). Turno nocturno: sale a trabajar a las 20:01; este renglón es el regreso de la mañana siguiente, fuera del día de la encuesta: se descarta y el día termina en el trabajo."
2381,1,1409800012983,Hombres,58,Empleado,,1,06:30,,Trabajar,,Fábrica o taller,,Su casa,,home,,1412000014836,,AUTOMÓVIL PARTICULAR,,60,,,,,,
2381,1,1409800012983,Hombres,58,Empleado,,2,12:31,,Regresar a Casa,,Su casa,,,,1412000014836,,home,,AUTOMÓVIL PARTICULAR,,120,45,,,,,"Decimocuarta revisión: se conserva la decisión de la novena revisión (chain_review_9). Novena revisión: 120 min en AUTOMÓVIL PARTICULAR para 13.5 km en línea recta es más del doble de lo que la encuesta suele reportar para ese modo a esa distancia (45 min, la mediana de 4989 viajes): los minutos son el error, no la hora. Con 45 min llega a las 13:16 y el viaje siguiente sale a las 14:22, 66 min después."
2381,1,1409800012983,Hombres,58,Empleado,,3,14:22 → 14:31,14:22,Trabajar,,Fábrica o taller,,,,home,,1412000014836,,AUTOMÓVIL PARTICULAR,,60,,hora:llegada,,changed,,"Decimocuarta revisión: la salida queda a las 14:22, la que dan las reglas al leer de nuevo las horas del día tal como lo dejan las decisiones que se conservan (un renglón quitado, minutos de viaje corregidos, un motivo recodificado); sobre el día registrado daban las 14:31."
2381,1,1409800012983,Hombres,58,Empleado,,4,18:00,,Regresar a Casa,,Su casa,,,,1412000014836,,home,,AUTOMÓVIL PARTICULAR,,120,45,,,,,"Decimocuarta revisión: se conserva la decisión de la novena revisión (chain_review_9). Novena revisión: 120 min en AUTOMÓVIL PARTICULAR para 13.5 km en línea recta es más del doble de lo que la encuesta suele reportar para ese modo a esa distancia (45 min, la mediana de 4989 viajes): los minutos son el error, no la hora. Es el último viaje del día. Es el mismo recorrido, en el mismo modo, que otro viaje del día cuyos minutos chocaban con la salida siguiente."
2418,3,1409800012150,Mujeres,19,Estudiante,,1,07:00,,Otros (especifique),,Otros (especifique),,Su casa,,home,,1409800011684,,MI MACRO,,30,15,,,,,"Decimocuarta revisión: se conserva la decisión de la novena revisión (chain_review_9). Novena revisión: 30 min en MI MACRO para 0.8 km en línea recta es más del doble de lo que la encuesta suele reportar para ese modo a esa distancia (15 min, la mediana de 45 viajes): los minutos son el error, no la hora. Con 15 min llega a las 07:15 y el viaje siguiente sale a las 07:30, 15 min después."
2418,3,1409800012150,Mujeres,19,Estudiante,,2,07:30,,Estudiar,,Escuela,,,,1409800011684,,1403900015366,,TREN LIGERO,,51,,,,,,
2418,3,1409800012150,Mujeres,19,Estudiante,,3,15:00,,Regresar a Casa,,Su casa,,,,1403900015366,,home,,TREN LIGERO,,63,,,,,,
2418,3,1409800012150,Mujeres,19,Estudiante,,4,15:40,,Regresar a Casa,,Su casa,,,,home,,home,,MI MACRO,,30,,,regreso_en_casa,,,
2419,3,1409800013290,Mujeres,48,Empleado,,1,07:02,,Trabajar,,Oficina,,"Comercio, mercado, tienda o centro comercial → Su casa",,141200001066A → home,,141200001066A,,Bicicleta,,50,,origen:copia;tipo_origen:copia,,changed,,
2419,3,1409800013290,Mujeres,48,Empleado,,2,17:01,,Regresar a Casa,,Su casa,,,,141200001066A,,home,,MI MACRO,,90,40,tipo_origen:copia,,changed,,"Decimocuarta revisión: se conserva la decisión de la novena revisión (chain_review_9). Novena revisión: 90 min en MI MACRO para 6.4 km en línea recta es más del doble de lo que la encuesta suele reportar para ese modo a esa distancia (40 min, la mediana de 555 viajes): los minutos son el error, no la hora. Con 40 min llega a las 17:41 y el viaje siguiente sale a las 18:16, 35 min después."
2419,3,1409800013290,Mujeres,48,Empleado,,3,18:16 → 18:31,18:16,Deportes o recreación,,Centro cultural o área recreativa,,,,home,,home,,A PIE,,13,,tipo_origen:copia;hora:llegada,,changed,,"Decimocuarta revisión: la salida queda a las 18:16, la que dan las reglas al leer de nuevo las horas del día tal como lo dejan las decisiones que se conservan (un renglón quitado, minutos de viaje corregidos, un motivo recodificado); sobre el día registrado daban las 18:31."
2419,3,1409800013290,Mujeres,48,Empleado,,4,18:34 → 18:44,18:34,Regresar a Casa,,Su casa,,,,home,,home,,A PIE,,13,,tipo_origen:copia;hora:llegada,,changed,,"Decimocuarta revisión: la salida queda a las 18:34, la que dan las reglas al leer de nuevo las horas del día tal como lo dejan las decisiones que se conservan (un renglón quitado, minutos de viaje corregidos, un motivo recodificado); sobre el día registrado daban las 18:44."
2421,4,1409800012841,Mujeres,32,Empleado,,1,07:02,,Trabajar,,Fábrica o taller,,Su casa,,home,,1403900011556,,MI MACRO,,80,,,,,,
2421,4,1409800012841,Mujeres,32,Empleado,,2,18:29,,"Compras (bienes, productos y servicios)",,"Comercio, mercado, tienda o centro comercial",,,,1403900011556,,1409800012150,,MI MACRO,,114,55,,,,,"Decimocuarta revisión: se conserva la decisión de la novena revisión (chain_review_9). Novena revisión: 114 min en MI MACRO para 9.4 km en línea recta es más del doble de lo que la encuesta suele reportar para ese modo a esa distancia (55 min, la mediana de 562 viajes): los minutos son el error, no la hora. Con 55 min llega a las 19:24 y el viaje siguiente sale a las 20:17, 53 min después."
2421,4,1409800012841,Mujeres,32,Empleado,,3,20:17 → 20:23,20:17,Regresar a Casa,,Su casa,,,,1409800012150,,home,,A PIE,,15,,hora:llegada,,changed,,"Decimocuarta revisión: la salida queda a las 20:17, la que dan las reglas al leer de nuevo las horas del día tal como lo dejan las decisiones que se conservan (un renglón quitado, minutos de viaje corregidos, un motivo recodificado); sobre el día registrado daban las 20:23."
2459,2,1409800012150,Mujeres,28,Estudiante,,1,07:04,,Otros (especifique),,Otros (especifique),,Su casa,,home,,1409800011684,,MI MACRO,,30,15,,,,,"Decimocuarta revisión: se conserva la decisión de la novena revisión (chain_review_9). Novena revisión: 30 min en MI MACRO para 0.8 km en línea recta es más del doble de lo que la encuesta suele reportar para ese modo a esa distancia (15 min, la mediana de 45 viajes): los minutos son el error, no la hora. Con 15 min llega a las 07:19 y el viaje siguiente sale a las 07:28, 9 min después."
2459,2,1409800012150,Mujeres,28,Estudiante,,2,07:28 → 07:34,07:28,Estudiar,,Escuela,,,,1409800011684,,1403900015366,,TREN LIGERO,,53,,hora:llegada,,changed,,"Decimocuarta revisión: la salida queda a las 07:28, la que dan las reglas al leer de nuevo las horas del día tal como lo dejan las decisiones que se conservan (un renglón quitado, minutos de viaje corregidos, un motivo recodificado); sobre el día registrado daban las 07:34."
2459,2,1409800012150,Mujeres,28,Estudiante,,3,15:04,,Regresar a Casa,,Su casa,,,,1403900015366,,home,,TREN LIGERO,,70,,,,,,
2459,2,1409800012150,Mujeres,28,Estudiante,,4,15:31,,Regresar a Casa,,Su casa,,,,home,,home,,MI MACRO,,30,,,regreso_en_casa,,,
2478,1,1409800012663,Hombres,51,Empleado,,1,08:00,,Trabajar,,"Comercio, mercado, tienda o centro comercial",,Su casa,,home,,1403900011626,,AUTOMÓVIL PARTICULAR,,60,,,,,,
2478,1,1409800012663,Hombres,51,Empleado,,2,14:32,,Regresar a Casa,,Su casa,,,,1403900011626,,home,,AUTOMÓVIL PARTICULAR,,120,40,,,,,"Decimocuarta revisión: se conserva la decisión de la novena revisión (chain_review_9). Novena revisión: 120 min en AUTOMÓVIL PARTICULAR para 10.9 km en línea recta es más del doble de lo que la encuesta suele reportar para ese modo a esa distancia (40 min, la mediana de 5474 viajes): los minutos son el error, no la hora. Con 40 min llega a las 15:12 y el viaje siguiente sale a las 16:19, 67 min después."
2478,1,1409800012663,Hombres,51,Empleado,,3,16:19 → 16:32,16:19,Trabajar,,"Comercio, mercado, tienda o centro comercial",,,,home,,1403900011626,,AUTOMÓVIL PARTICULAR,,60,,hora:llegada,,changed,,"Decimocuarta revisión: la salida queda a las 16:19, la que dan las reglas al leer de nuevo las horas del día tal como lo dejan las decisiones que se conservan (un renglón quitado, minutos de viaje corregidos, un motivo recodificado); sobre el día registrado daban las 16:32."
2478,1,1409800012663,Hombres,51,Empleado,,4,20:30,,Regresar a Casa,,Su casa,,,,1403900011626,,home,,AUTOMÓVIL PARTICULAR,,120,40,,,,,"Decimocuarta revisión: se conserva la decisión de la novena revisión (chain_review_9). Novena revisión: 120 min en AUTOMÓVIL PARTICULAR para 10.9 km en línea recta es más del doble de lo que la encuesta suele reportar para ese modo a esa distancia (40 min, la mediana de 5474 viajes): los minutos son el error, no la hora. Es el último viaje del día. Es el mismo recorrido, en el mismo modo, que otro viaje del día cuyos minutos chocaban con la salida siguiente."
2563,3,140970424098A,Hombres,36,Empleado,,1,07:49,,Trabajar,,"Comercio, mercado, tienda o centro comercial",,Fábrica o taller,Su casa,1403900011359,home,home,1403900011359,AUTOMÓVIL PARTICULAR,,64,,,inicio_fuera_de_casa,,,"Decimocuarta revisión: el viaje 1 se registró de 1403900011359 a casa y el siguiente de casa en adelante; la quinta revisión leyó que 1403900011359 es adonde fue, no de donde salió, sobre la lectura de la primera revisión, que empezaba el día en casa. Ninguna regla empieza hoy este día en casa, así que el origen del viaje 1 es la vivienda y la respuesta de dónde empezó el día, «Su casa». | Decimocuarta revisión: se conserva la decisión de la quinta revisión (chain_review_5). Origen y destino rotados en el registro: el viaje 1 se registró de 1403900011359 a casa y el siguiente de casa a otro lado, así que 1403900011359 (Comercio, mercado, tienda o centro comercial) es adonde fue y no de donde salió. La primera revisión puso el origen en casa pero dejó el destino en casa (un viaje de casa a casa); aquí el destino es 1403900011359. | Decimocuarta revisión: el viaje 1 se registró de 1403900011359 a casa y el siguiente de casa en adelante; la quinta revisión leyó que 1403900011359 es adonde fue, no de donde salió, sobre la lectura de la primera revisión, que empezaba el día en casa. Ninguna regla empieza hoy este día en casa, así que el origen del viaje 1 es la vivienda y la respuesta de dónde empezó el día, «Su casa»."
2563,3,140970424098A,Hombres,36,Empleado,,2,14:00,,Regresar a Casa,Otros (especifique),Su casa,Otros (especifique),,,home,1403900011359,1412000012454,,AUTOMÓVIL PARTICULAR,,5,,,regreso_sin_llegar,,,"Decimocuarta revisión: se conserva la decisión de la quinta revisión (chain_review_5). El motivo pasa de Regresar a Casa a “Estudiar”: la persona ya estaba en casa y el viaje va hacia la AGEB 1412000012454, de modo que es un viaje de ida y no el regreso. Sale de 1403900011359, donde terminó el viaje anterior (el registro lo daba saliendo de casa). | Decimocuarta revisión: el regreso a casa termina en 1412000012454, que no es el AGEB del hogar, y el día sigue desde ahí o vuelve a él; ni el tipo de lugar ni los demás viajes de la persona dicen qué hizo: «Otros», el propósito O que el modelo ya le daba."
2563,3,140970424098A,Hombres,36,Empleado,,3,16:00,,Trabajar,,"Comercio, mercado, tienda o centro comercial",,,,1412000012454,,home,,AUTOMÓVIL PARTICULAR,,5,,,,,,
2563,3,140970424098A,Hombres,36,Empleado,,4,20:00,,Regresar a Casa,,Su casa,,,,home,,home,,AUTOMÓVIL PARTICULAR,,5,,,,,,
2639,1,1412000015552,Hombres,26,Empleado,,1,06:30,,Trabajar,,Fábrica o taller,,Su casa,,home,,1412000012562,,AUTOMÓVIL PARTICULAR,,15,,,,,,
2639,1,1412000015552,Hombres,26,Empleado,,2,18:00 → 08:00,,Regresar a Casa,Otros (especifique),Su casa,Otros (especifique),,,1412000012562,,1409708331507,,AUTOMÓVIL PARTICULAR,,20,,hora:-10h,regreso_sin_llegar,changed,,"Decimocuarta revisión: el regreso a casa termina en 1409708331507, que no es el AGEB del hogar, y el día sigue desde ahí o vuelve a él; ni el tipo de lugar ni los demás viajes de la persona dicen qué hizo: «Otros», el propósito O que el modelo ya le daba."
2639,1,1412000015552,Hombres,26,Empleado,,3,14:00,,Deportes o recreación → Regresar a Casa,,Su casa,,,,1409708331507,,home,,CAMIÓN O AUTOBÚS,,50,,motivo:casa,,changed,,
2639,1,1412000015552,Hombres,26,Empleado,,4,20:02,,Regresar a Casa,,Su casa,,,,home,,home,,CAMIÓN O AUTOBÚS,,50,,,regreso_en_casa,,,
2698,2,1409704241761,Mujeres,38,Empleado,,1,07:30,,Llevar o recoger a alguien,,Escuela,,Su casa,,home,,1409700201013,,AUTOMÓVIL PARTICULAR,,30,15,,,,,"Decimocuarta revisión: se conserva la decisión de la novena revisión (chain_review_9). Novena revisión: 30 min en AUTOMÓVIL PARTICULAR para 1.7 km en línea recta es más del doble de lo que la encuesta suele reportar para ese modo a esa distancia (15 min, la mediana de 3832 viajes): los minutos son el error, no la hora. Con 15 min llega a las 07:45 y el viaje siguiente sale a las 08:00, 15 min después."
2698,2,1409704241761,Mujeres,38,Empleado,,2,07:40 → 08:00,07:45,Regresar a Casa,,Su casa,,,,1409700201013,,home,,AUTOMÓVIL PARTICULAR,,30,15,hora:llegada,,changed,,"Decimocuarta revisión: se conserva la decisión de la novena revisión (chain_review_9). La salida se recorre de 7:40 a 08:00, que es la hora a la que llega el viaje anterior (7:30 + 30 min de traslado): tal como estaba, el viaje empezaba antes de haber llegado. El origen se encadena con el destino del viaje 1 (Escuela en 1409700201013). Novena revisión: 30 min en AUTOMÓVIL PARTICULAR para 1.7 km en línea recta es más del doble de lo que la encuesta suele reportar para ese modo a esa distancia (15 min, la mediana de 3832 viajes): los minutos son el error, no la hora. Con 15 min llega a las 08:15 y el viaje siguiente sale a las 13:30, 315 min después. Es el mismo recorrido, en el mismo modo, que otro viaje del día cuyos minutos chocaban con la salida siguiente. | Decimocuarta revisión: la salida queda a las 07:45, la que dan las reglas al leer de nuevo las horas del día tal como lo dejan las decisiones que se conservan (un renglón quitado, minutos de viaje corregidos, un motivo recodificado); sobre el día registrado daban las 08:00."
2698,2,1409704241761,Mujeres,38,Empleado,,3,13:30,,Trabajar,,"Comercio, mercado, tienda o centro comercial",,,,home,,1412000012492,,AUTOMÓVIL PARTICULAR,,50,,,,,,
2698,2,1409704241761,Mujeres,38,Empleado,,4,23:00,,Regresar a Casa,,Su casa,,,,1412000012492,,home,,AUTOMÓVIL PARTICULAR,,20,,,,,,
2715,4,141200001340A,Hombres,31,Empleado,,1,15:30,05:30,Trabajar,,Fábrica o taller,,Su casa,,home,,1403900012179,,AUTOMÓVIL PARTICULAR,,30,,,,,,"Decimocuarta revisión: se toma la lectura de las horas de las tablas anteriores (las reglas anteriores), una sugerencia entre otras: con las reglas de hoy el día queda con un viaje que sale antes de que llegue el anterior, y con esa lectura con menos de media hora en el trabajo o la escuela. Cambia: viaje 1 15:30 → 05:30, viaje 4 12:10 → 14:10."
2715,4,141200001340A,Hombres,31,Empleado,,2,11:48,,Regresar a Casa,,Su casa,,,,1403900012179,,home,,AUTOMÓVIL PARTICULAR,,20,,,hora_invertida,,,
2715,4,141200001340A,Hombres,31,Empleado,,3,13:12,,Trabajar,,Fábrica o taller,,,,home,,1403900012179,,AUTOMÓVIL PARTICULAR,,30,,,,,,
2715,4,141200001340A,Hombres,31,Empleado,,4,12:10,14:10,Regresar a Casa,,Su casa,,,,1403900012179,,home,,AUTOMÓVIL PARTICULAR,,20,,,hora_invertida,,,"Decimocuarta revisión: se toma la lectura de las horas de las tablas anteriores (las reglas anteriores), una sugerencia entre otras: con las reglas de hoy el día queda con un viaje que sale antes de que llegue el anterior, y con esa lectura con menos de media hora en el trabajo o la escuela. Cambia: viaje 1 15:30 → 05:30, viaje 4 12:10 → 14:10."
2811,1,1409708441704,Hombres,56,Empleado,,1,08:30,,Trabajar,,"Comercio, mercado, tienda o centro comercial",,Su casa,,home,,1412000013166,,AUTOMÓVIL PARTICULAR,,45,,,,,,
2811,1,1409708441704,Hombres,56,Empleado,,2,05:47,15:47,Regresar a Casa,,Su casa,,,,1412000013166,,home,,AUTOMÓVIL PARTICULAR,,45,,,hora_invertida,,,"Decimocuarta revisión: se toma la lectura de las horas de las tablas anteriores (la undécima revisión), una sugerencia entre otras: con las reglas de hoy el día queda con un viaje que sale antes de que llegue el anterior, y con esa lectura con ningún problema. Cambia: viaje 2 05:47 → 15:47, viaje 3 07:28 → 17:28, viaje 4 06:00 → 20:00."
2811,1,1409708441704,Hombres,56,Empleado,,3,07:28,17:28,Trabajar,,"Comercio, mercado, tienda o centro comercial",,,,home,,1412000013166,,AUTOMÓVIL PARTICULAR,,45,,,,,,"Decimocuarta revisión: se toma la lectura de las horas de las tablas anteriores (la undécima revisión), una sugerencia entre otras: con las reglas de hoy el día queda con un viaje que sale antes de que llegue el anterior, y con esa lectura con ningún problema. Cambia: viaje 2 05:47 → 15:47, viaje 3 07:28 → 17:28, viaje 4 06:00 → 20:00."
2811,1,1409708441704,Hombres,56,Empleado,,4,06:00,20:00,Regresar a Casa,,Su casa,,,,1412000013166,,home,,AUTOMÓVIL PARTICULAR,,45,,,hora_invertida,,,"Decimocuarta revisión: se toma la lectura de las horas de las tablas anteriores (la undécima revisión), una sugerencia entre otras: con las reglas de hoy el día queda con un viaje que sale antes de que llegue el anterior, y con esa lectura con ningún problema. Cambia: viaje 2 05:47 → 15:47, viaje 3 07:28 → 17:28, viaje 4 06:00 → 20:00."
2823,1,1409800143229,Hombres,54,Empleado,,1,08:22,,Compras (comida),,"Comercio, mercado, tienda o centro comercial",,Su casa,,home,,1409800142127,,A PIE,,15,,,,,,
2823,1,1409800143229,Hombres,54,Empleado,,2,08:42,,Regresar a Casa,,Su casa,,,,1409800142127,,home,,A PIE,,15,,,,,,
2823,1,1409800143229,Hombres,54,Empleado,,3,18:00,,Visitar a alguien,,Otra vivienda,,,,home,,140980012,,AUTOMÓVIL PARTICULAR,,20,,,,,,
2823,1,1409800143229,Hombres,54,Empleado,,4,21:00,,Regresar a Casa,,Su casa,,,,140980012,,home,,AUTOMÓVIL PARTICULAR,,10,,,,,,
2823,1,1409800143229,Hombres,54,Empleado,,5,22:00,,Trabajar,,Fábrica o taller,,,,home,,1409704241761,,Transporte de personal,,30,,,,,,
2823,1,1409800143229,Hombres,54,Empleado,,6,20:18,,Regresar a Casa,,Su casa,,,,1409704241761,,home,,Transporte de personal,,30,,,hora_invertida,,dropped,"Decimocuarta revisión: se conserva la decisión de la segunda revisión (chain_review_2). Turno nocturno: sale a trabajar a las 22:00; este renglón es el regreso de la mañana siguiente, fuera del día de la encuesta: se descarta y el día termina en el trabajo."
2828,3,1409700320053,Mujeres,7,Estudiante,,1,06:50,,Estudiar,,Escuela,,Escuela,Su casa,1409700321441,home,home,1409700321441,A PIE,,5,,,inicio_fuera_de_casa,,,"Decimocuarta revisión: el viaje 1 se registró de 1409700321441 a casa y el siguiente de casa en adelante; la quinta revisión leyó que 1409700321441 es adonde fue, no de donde salió, sobre la lectura de la primera revisión, que empezaba el día en casa. Ninguna regla empieza hoy este día en casa, así que el origen del viaje 1 es la vivienda y la respuesta de dónde empezó el día, «Su casa». | Decimocuarta revisión: se conserva la decisión de la quinta revisión (chain_review_5). Origen y destino rotados en el registro: el viaje 1 se registró de 1409700321441 a casa y el siguiente de casa a otro lado, así que 1409700321441 (Escuela) es adonde fue y no de donde salió. La primera revisión puso el origen en casa pero dejó el destino en casa (un viaje de casa a casa); aquí el destino es 1409700321441. | Decimocuarta revisión: el viaje 1 se registró de 1409700321441 a casa y el siguiente de casa en adelante; la quinta revisión leyó que 1409700321441 es adonde fue, no de donde salió, sobre la lectura de la primera revisión, que empezaba el día en casa. Ninguna regla empieza hoy este día en casa, así que el origen del viaje 1 es la vivienda y la respuesta de dónde empezó el día, «Su casa»."
2828,3,1409700320053,Mujeres,7,Estudiante,,2,13:00,,Regresar a Casa,,Su casa,,,,home,1409700321441,home,,A PIE,,5,,,,,,"Decimocuarta revisión: se conserva la decisión de la quinta revisión (chain_review_5). Sale de 1409700321441, donde terminó el viaje anterior (el registro lo daba saliendo de casa)."
2845,3,1409700320053,Mujeres,9,Estudiante,,1,06:43,,Estudiar,,Escuela,,Escuela,Su casa,1409700321441,home,home,1409700321441,A PIE,,5,,,inicio_fuera_de_casa,,,"Decimocuarta revisión: el viaje 1 se registró de 1409700321441 a casa y el siguiente de casa en adelante; la quinta revisión leyó que 1409700321441 es adonde fue, no de donde salió, sobre la lectura de la primera revisión, que empezaba el día en casa. Ninguna regla empieza hoy este día en casa, así que el origen del viaje 1 es la vivienda y la respuesta de dónde empezó el día, «Su casa». | Decimocuarta revisión: se conserva la decisión de la quinta revisión (chain_review_5). Origen y destino rotados en el registro: el viaje 1 se registró de 1409700321441 a casa y el siguiente de casa a otro lado, así que 1409700321441 (Escuela) es adonde fue y no de donde salió. La primera revisión puso el origen en casa pero dejó el destino en casa (un viaje de casa a casa); aquí el destino es 1409700321441. | Decimocuarta revisión: el viaje 1 se registró de 1409700321441 a casa y el siguiente de casa en adelante; la quinta revisión leyó que 1409700321441 es adonde fue, no de donde salió, sobre la lectura de la primera revisión, que empezaba el día en casa. Ninguna regla empieza hoy este día en casa, así que el origen del viaje 1 es la vivienda y la respuesta de dónde empezó el día, «Su casa»."
2845,3,1409700320053,Mujeres,9,Estudiante,,2,13:07,,Regresar a Casa,,Su casa,,,,home,1409700321441,home,,A PIE,,5,,,,,,"Decimocuarta revisión: se conserva la decisión de la quinta revisión (chain_review_5). Sale de 1409700321441, donde terminó el viaje anterior (el registro lo daba saliendo de casa)."
2862,1,1409800142019,Hombres,53,Empleado,,1,08:00,,Trabajar,,Fábrica o taller,,Su casa,,home,,1403900011096,,AUTOMÓVIL PARTICULAR,,90,45,,,,,"Decimocuarta revisión: se conserva la decisión de la novena revisión (chain_review_9). Novena revisión: 90 min en AUTOMÓVIL PARTICULAR para 16.0 km en línea recta es más del doble de lo que la encuesta suele reportar para ese modo a esa distancia (45 min, la mediana de 4989 viajes): los minutos son el error, no la hora. Con 45 min llega a las 08:45 y el viaje siguiente sale a las 13:54, 309 min después. Es el mismo recorrido, en el mismo modo, que otro viaje del día cuyos minutos chocaban con la salida siguiente."
2862,1,1409800142019,Hombres,53,Empleado,,2,13:54,,Regresar a Casa,,Su casa,,,,1403900011096,,home,,AUTOMÓVIL PARTICULAR,,100,45,,,,,"Decimocuarta revisión: se conserva la decisión de la novena revisión (chain_review_9). Novena revisión: 100 min en AUTOMÓVIL PARTICULAR para 16.0 km en línea recta es más del doble de lo que la encuesta suele reportar para ese modo a esa distancia (45 min, la mediana de 4989 viajes): los minutos son el error, no la hora. Con 45 min llega a las 14:39 y el viaje siguiente sale a las 15:25, 46 min después."
2862,1,1409800142019,Hombres,53,Empleado,,3,15:25 → 15:34,15:25,Trabajar,,Fábrica o taller,,,,home,,1403900011096,,AUTOMÓVIL PARTICULAR,,90,45,hora:llegada,,changed,,"Decimocuarta revisión: se conserva la decisión de la novena revisión (chain_review_9). Novena revisión: 90 min en AUTOMÓVIL PARTICULAR para 16.0 km en línea recta es más del doble de lo que la encuesta suele reportar para ese modo a esa distancia (45 min, la mediana de 4989 viajes): los minutos son el error, no la hora. Con 45 min llega a las 16:10 y el viaje siguiente sale a las 18:00, 110 min después. Es el mismo recorrido, en el mismo modo, que otro viaje del día cuyos minutos chocaban con la salida siguiente. Novena revisión: la salida vuelve a las 15:25, la hora que reporta la encuesta: con los minutos de traslado que corrige esta revisión cabe después de la llegada del viaje anterior (14:39); una revisión anterior la había movido a las 15:34 para dejar sitio a los minutos de más. | Decimocuarta revisión: la salida queda a las 15:25, la que dan las reglas al leer de nuevo las horas del día tal como lo dejan las decisiones que se conservan (un renglón quitado, minutos de viaje corregidos, un motivo recodificado); sobre el día registrado daban las 15:34."
2862,1,1409800142019,Hombres,53,Empleado,,4,18:00,,Regresar a Casa,,Su casa,,,,1403900011096,,home,,AUTOMÓVIL PARTICULAR,,100,45,,,,,"Decimocuarta revisión: se conserva la decisión de la novena revisión (chain_review_9). Novena revisión: 100 min en AUTOMÓVIL PARTICULAR para 16.0 km en línea recta es más del doble de lo que la encuesta suele reportar para ese modo a esa distancia (45 min, la mediana de 4989 viajes): los minutos son el error, no la hora. Es el último viaje del día. Es el mismo recorrido, en el mismo modo, que otro viaje del día cuyos minutos chocaban con la salida siguiente."
2879,1,1409700320053,Hombres,53,Empleado,,1,05:00,,Trabajar,,Su casa,,Oficina,Su casa,141200001326A,home,home,141200001326A,CAMIÓN O AUTOBÚS,,130,,,inicio_fuera_de_casa;actividad_en_casa,,,"Decimocuarta revisión: el viaje 1 se registró de 141200001326A a casa y el siguiente de casa en adelante; la quinta revisión leyó que 141200001326A es adonde fue, no de donde salió, sobre la lectura de la primera revisión, que empezaba el día en casa. Ninguna regla empieza hoy este día en casa, así que el origen del viaje 1 es la vivienda y la respuesta de dónde empezó el día, «Su casa». | Decimocuarta revisión: se conserva la decisión de la quinta revisión (chain_review_5). Origen y destino rotados en el registro: el viaje 1 se registró de 141200001326A a casa y el siguiente de casa a otro lado, así que 141200001326A (Oficina) es adonde fue y no de donde salió. La primera revisión puso el origen en casa pero dejó el destino en casa (un viaje de casa a casa); aquí el destino es 141200001326A. | Decimocuarta revisión: el viaje 1 se registró de 141200001326A a casa y el siguiente de casa en adelante; la quinta revisión leyó que 141200001326A es adonde fue, no de donde salió, sobre la lectura de la primera revisión, que empezaba el día en casa. Ninguna regla empieza hoy este día en casa, así que el origen del viaje 1 es la vivienda y la respuesta de dónde empezó el día, «Su casa»."
2879,1,1409700320053,Hombres,53,Empleado,,2,16:00,,Compras (comida),,"Comercio, mercado, tienda o centro comercial",,,,home,141200001326A,141200001326A,,A PIE,,15,,,,,,"Decimocuarta revisión: se conserva la decisión de la quinta revisión (chain_review_5). Sale de 141200001326A, donde terminó el viaje anterior (el registro lo daba saliendo de casa)."
2879,1,1409700320053,Hombres,53,Empleado,,3,16:45,,Pagar algún servicio o al banco,,"Comercio, mercado, tienda o centro comercial",,,,141200001326A,,1412000011206,,CAMIÓN O AUTOBÚS,,75,,,,,,
2879,1,1409700320053,Hombres,53,Empleado,,4,19:00,,Regresar a Casa,,Su casa,,,,1412000011206,,home,,Mototaxi,,45,,,,,,
2903,1,140980012,Hombres,60,Empleado,,1,06:00,,Trabajar,,Fábrica o taller,,Su casa,,home,,1412000012331,,AUTOMÓVIL PARTICULAR,,50,,,,,,
2903,1,140980012,Hombres,60,Empleado,,2,12:40,,Regresar a Casa,,Su casa,,,,1412000012331,,home,,AUTOMÓVIL PARTICULAR,,90,45,,,,,"Decimocuarta revisión: se conserva la decisión de la novena revisión (chain_review_9). Novena revisión: 90 min en AUTOMÓVIL PARTICULAR para 19.6 km en línea recta es más del doble de lo que la encuesta suele reportar para ese modo a esa distancia (45 min, la mediana de 4989 viajes): los minutos son el error, no la hora. Con 45 min llega a las 13:25 y el viaje siguiente sale a las 14:01, 36 min después."
2903,1,140980012,Hombres,60,Empleado,,3,14:01 → 14:10,14:01,Trabajar,,Fábrica o taller,,,,home,,1412000012331,,AUTOMÓVIL PARTICULAR,,50,,hora:llegada,,changed,,"Decimocuarta revisión: la salida queda a las 14:01, la que dan las reglas al leer de nuevo las horas del día tal como lo dejan las decisiones que se conservan (un renglón quitado, minutos de viaje corregidos, un motivo recodificado); sobre el día registrado daban las 14:10."
2903,1,140980012,Hombres,60,Empleado,,4,18:00,,Regresar a Casa,,Su casa,,,,1412000012331,,home,,AUTOMÓVIL PARTICULAR,,90,45,,,,,"Decimocuarta revisión: se conserva la decisión de la novena revisión (chain_review_9). Novena revisión: 90 min en AUTOMÓVIL PARTICULAR para 19.6 km en línea recta es más del doble de lo que la encuesta suele reportar para ese modo a esa distancia (45 min, la mediana de 4989 viajes): los minutos son el error, no la hora. Es el último viaje del día. Es el mismo recorrido, en el mismo modo, que otro viaje del día cuyos minutos chocaban con la salida siguiente."
2913,2,1409800143229,Mujeres,31,Empleado,,1,07:00,,Trabajar,,Otra vivienda,,Su casa,,home,,1412000012505,,CAMIÓN O AUTOBÚS,,80,30,,,,,"Decimocuarta revisión: se conserva la decisión de la novena revisión (chain_review_9). Novena revisión: 80 min en CAMIÓN O AUTOBÚS para 4.6 km en línea recta es más del doble de lo que la encuesta suele reportar para ese modo a esa distancia (30 min, la mediana de 5401 viajes): los minutos son el error, no la hora. Con 30 min llega a las 07:30 y el viaje siguiente sale a las 17:00, 570 min después. Es el mismo recorrido, en el mismo modo, que otro viaje del día cuyos minutos chocaban con la salida siguiente."
2913,2,1409800143229,Mujeres,31,Empleado,,2,17:00,,Regresar a Casa,,Su casa,,,,1412000012505,,home,,CAMIÓN O AUTOBÚS,,80,30,,,,,"Decimocuarta revisión: se conserva la decisión de la novena revisión (chain_review_9). Novena revisión: 80 min en CAMIÓN O AUTOBÚS para 4.6 km en línea recta es más del doble de lo que la encuesta suele reportar para ese modo a esa distancia (30 min, la mediana de 5401 viajes): los minutos son el error, no la hora. Con 30 min llega a las 17:30 y el viaje siguiente sale a las 18:10, 40 min después."
2913,2,1409800143229,Mujeres,31,Empleado,,3,18:10 → 18:20,18:10,Deportes o recreación,,Centro cultural o área recreativa,,,,home,,home,,A PIE,,2,,hora:llegada,,changed,,"Decimocuarta revisión: la salida queda a las 18:10, la que dan las reglas al leer de nuevo las horas del día tal como lo dejan las decisiones que se conservan (un renglón quitado, minutos de viaje corregidos, un motivo recodificado); sobre el día registrado daban las 18:20."
2913,2,1409800143229,Mujeres,31,Empleado,,4,18:18 → 18:22,18:18,Regresar a Casa,,Su casa,,,,home,,home,,A PIE,,2,,hora:llegada,,changed,,"Decimocuarta revisión: la salida queda a las 18:18, la que dan las reglas al leer de nuevo las horas del día tal como lo dejan las decisiones que se conservan (un renglón quitado, minutos de viaje corregidos, un motivo recodificado); sobre el día registrado daban las 18:22."
2936,5,1409705603467,Mujeres,41,Empleado,,1,13:28,,Trabajar,,Fábrica o taller,,Su casa,,home,,140390001279A,,TREN LIGERO,,108,,,,,,
2936,5,1409705603467,Mujeres,41,Empleado,,2,12:00,15:16,Regresar a Casa,,Su casa,,,,140390001279A,,home,,Transporte de personal,,80,,,hora_invertida,,,"Decimocuarta revisión: ninguna lectura de las horas cierra el día: con las reglas queda un viaje que sale antes de que llegue el anterior, con la de las tablas anteriores una salida movida a la madrugada. Las salidas se mueven lo menos posible (196 min en total) para que ningún viaje salga antes de que llegue el anterior; queda menos de media hora en el trabajo o la escuela. Cambia: viaje 2 12:00 → 15:16."
2943,1,1409706663950,Hombres,31,Empleado,,1,19:00,09:00,Trabajar,,Fábrica o taller,,Su casa,,home,,1409800010281,,AUTOMÓVIL PARTICULAR,,30,,,,,,"Decimocuarta revisión: se toma la lectura de las horas de las tablas anteriores (las reglas anteriores), una sugerencia entre otras: con las reglas de hoy el día queda con un viaje que sale antes de que llegue el anterior, y con esa lectura con menos de media hora en el trabajo o la escuela. Cambia: viaje 1 19:00 → 09:00, viaje 4 17:00 → 19:00."
2943,1,1409706663950,Hombres,31,Empleado,,2,16:37,,Regresar a Casa,,Su casa,,,,1409800010281,,home,,AUTOMÓVIL PARTICULAR,,25,,,hora_invertida,,,
2943,1,1409706663950,Hombres,31,Empleado,,3,18:19,,Trabajar,,Fábrica o taller,,,,home,,1409800010281,,AUTOMÓVIL PARTICULAR,,30,,,,,,
2943,1,1409706663950,Hombres,31,Empleado,,4,17:00,19:00,Regresar a Casa,,Su casa,,,,1409800010281,,home,,AUTOMÓVIL PARTICULAR,,25,,,hora_invertida,,,"Decimocuarta revisión: se toma la lectura de las horas de las tablas anteriores (las reglas anteriores), una sugerencia entre otras: con las reglas de hoy el día queda con un viaje que sale antes de que llegue el anterior, y con esa lectura con menos de media hora en el trabajo o la escuela. Cambia: viaje 1 19:00 → 09:00, viaje 4 17:00 → 19:00."
3017,2,1409705603467,Hombres,26,Empleado,,1,06:30,,Trabajar,,Su casa,,Su casa,,1410100011408,home,home,1410100011408,AUTOMÓVIL PARTICULAR,,40,,,inicio_zona_ajena;actividad_en_casa,,,"Decimocuarta revisión: el primer viaje del día, «Trabajar», se registró de 1410100011408 a casa, el siguiente de casa en adelante, y la persona respondió que el día empezó en su casa: 1410100011408 es adonde fue el viaje y no de donde salió (la lectura de la quinta revisión de los registros rotados). El viaje va de casa a 1410100011408 y el siguiente sale de ahí."
3017,2,1409705603467,Hombres,26,Empleado,,2,15:30,,"Compras (bienes, productos y servicios)",,"Comercio, mercado, tienda o centro comercial",,,,home,1410100011408,1409800011928,,AUTOMÓVIL PARTICULAR,,25,,,,,,"Decimocuarta revisión: el primer viaje del día, «Trabajar», se registró de 1410100011408 a casa, el siguiente de casa en adelante, y la persona respondió que el día empezó en su casa: 1410100011408 es adonde fue el viaje y no de donde salió (la lectura de la quinta revisión de los registros rotados). El viaje va de casa a 1410100011408 y el siguiente sale de ahí."
3017,2,1409705603467,Hombres,26,Empleado,,3,16:30,,Deportes o recreación,,Centro cultural o área recreativa,,,,1409800011928,,1409700931028,,AUTOMÓVIL PARTICULAR,,25,,,,,,
3017,2,1409705603467,Hombres,26,Empleado,,4,19:30,,Regresar a Casa,,Su casa,,,,1409700931028,,home,,AUTOMÓVIL PARTICULAR,,20,,,,,,
3025,3,140970884397A,Mujeres,37,Empleado,,1,13:45,,Llevar o recoger a alguien,,Escuela,,Su casa,,home,,1409708441704,,A PIE,,10,,,,,,
3025,3,140970884397A,Mujeres,37,Empleado,,2,14:15,,Regresar a Casa,,Su casa,,,,1409708441704,,home,,A PIE,,10,,,,,,
3025,3,140970884397A,Mujeres,37,Empleado,,3,18:00,,Llevar o recoger a alguien,,Escuela,,,,home,,1409708441704,,A PIE,,10,,,,,,
3025,3,140970884397A,Mujeres,37,Empleado,,4,18:30,,Regresar a Casa,,Su casa,,,,1409708441704,,home,,A PIE,,10,,,,,,
3025,3,140970884397A,Mujeres,37,Empleado,,5,22:00,,Trabajar,,Fábrica o taller,,,,home,,1409700340250,,CAMIÓN O AUTOBÚS,,35,,,,,,
3025,3,140970884397A,Mujeres,37,Empleado,,6,19:06,22:35,Regresar a Casa,,Su casa,,,,1409700340250,,home,,CAMIÓN O AUTOBÚS,,35,,,hora_invertida,,,"Decimocuarta revisión: ninguna lectura de las horas cierra el día: con las reglas queda un viaje que sale antes de que llegue el anterior, con la de las tablas anteriores una salida movida a la madrugada; un primer viaje antes de las 05:00. Las salidas se mueven lo menos posible (209 min en total) para que ningún viaje salga antes de que llegue el anterior; queda menos de media hora en el trabajo o la escuela. Cambia: viaje 6 19:06 → 22:35."
3036,3,140970884397A,Hombres,15,Empleado,,1,09:00,,Trabajar,,Otra vivienda,,Su casa,,home,,1410100010946,,AUTOMÓVIL PARTICULAR,,120,60,,,,,"Decimocuarta revisión: se conserva la decisión de la novena revisión (chain_review_9). Novena revisión: 120 min en AUTOMÓVIL PARTICULAR para 24.7 km en línea recta es más del doble de lo que la encuesta suele reportar para ese modo a esa distancia (60 min, la mediana de 2401 viajes): los minutos son el error, no la hora. Con 60 min llega a las 10:00 y el viaje siguiente sale a las 13:32, 212 min después. Es el mismo recorrido, en el mismo modo, que otro viaje del día cuyos minutos chocaban con la salida siguiente."
3036,3,140970884397A,Hombres,15,Empleado,,2,13:32,,Regresar a Casa,,Su casa,,,,1410100010946,,home,,AUTOMÓVIL PARTICULAR,,120,60,,,,,"Decimocuarta revisión: se conserva la decisión de la novena revisión (chain_review_9). Novena revisión: 120 min en AUTOMÓVIL PARTICULAR para 24.7 km en línea recta es más del doble de lo que la encuesta suele reportar para ese modo a esa distancia (60 min, la mediana de 2401 viajes): los minutos son el error, no la hora. Con 60 min llega a las 14:32 y el viaje siguiente sale a las 15:24, 52 min después."
3036,3,140970884397A,Hombres,15,Empleado,,3,15:24 → 15:32,15:24,Trabajar,,Otra vivienda,,,,home,,1410100010946,,AUTOMÓVIL PARTICULAR,,120,60,hora:llegada,,changed,,"Decimocuarta revisión: se conserva la decisión de la novena revisión (chain_review_9). Novena revisión: 120 min en AUTOMÓVIL PARTICULAR para 24.7 km en línea recta es más del doble de lo que la encuesta suele reportar para ese modo a esa distancia (60 min, la mediana de 2401 viajes): los minutos son el error, no la hora. Con 60 min llega a las 16:24 y el viaje siguiente sale a las 17:00, 36 min después. Es el mismo recorrido, en el mismo modo, que otro viaje del día cuyos minutos chocaban con la salida siguiente. Novena revisión: la salida vuelve a las 15:24, la hora que reporta la encuesta: con los minutos de traslado que corrige esta revisión cabe después de la llegada del viaje anterior (14:32); una revisión anterior la había movido a las 15:32 para dejar sitio a los minutos de más. | Decimocuarta revisión: la salida queda a las 15:24, la que dan las reglas al leer de nuevo las horas del día tal como lo dejan las decisiones que se conservan (un renglón quitado, minutos de viaje corregidos, un motivo recodificado); sobre el día registrado daban las 15:32."
3036,3,140970884397A,Hombres,15,Empleado,,4,17:00 → 19:00,17:00,Regresar a Casa,,Su casa,,,,1410100010946,,home,,AUTOMÓVIL PARTICULAR,,120,60,hora:-10h+12h,,changed,,"Decimocuarta revisión: se conserva la decisión de la novena revisión (chain_review_9). Novena revisión: 120 min en AUTOMÓVIL PARTICULAR para 24.7 km en línea recta es más del doble de lo que la encuesta suele reportar para ese modo a esa distancia (60 min, la mediana de 2401 viajes): los minutos son el error, no la hora. Es el último viaje del día. Es el mismo recorrido, en el mismo modo, que otro viaje del día cuyos minutos chocaban con la salida siguiente. Novena revisión: la salida vuelve a las 17:00, la hora que reporta la encuesta: con los minutos de traslado que corrige esta revisión cabe después de la llegada del viaje anterior (16:24); la regla de horas la había movido a las 19:00 para dejar sitio a los minutos de más. | Decimocuarta revisión: la salida queda a las 17:00, la que dan las reglas al leer de nuevo las horas del día tal como lo dejan las decisiones que se conservan (un renglón quitado, minutos de viaje corregidos, un motivo recodificado); sobre el día registrado daban las 19:00."
3146,2,1409708223058,Hombres,31,Trabajador independiente,,1,08:00,,Trabajar,,Fábrica o taller,,Su casa,,home,,1403900011359,,AUTOMÓVIL PARTICULAR,,90,45,,,,,"Decimocuarta revisión: se conserva la decisión de la novena revisión (chain_review_9). Novena revisión: 90 min en AUTOMÓVIL PARTICULAR para 19.3 km en línea recta es más del doble de lo que la encuesta suele reportar para ese modo a esa distancia (45 min, la mediana de 4989 viajes): los minutos son el error, no la hora. Con 45 min llega a las 08:45 y el viaje siguiente sale a las 14:36, 351 min después. Es el mismo recorrido, en el mismo modo, que otro viaje del día cuyos minutos chocaban con la salida siguiente."
3146,2,1409708223058,Hombres,31,Trabajador independiente,,2,14:36,,Regresar a Casa,,Su casa,,,,1403900011359,,home,,AUTOMÓVIL PARTICULAR,,120,45,,,,,"Decimocuarta revisión: se conserva la decisión de la novena revisión (chain_review_9). Novena revisión: 120 min en AUTOMÓVIL PARTICULAR para 19.3 km en línea recta es más del doble de lo que la encuesta suele reportar para ese modo a esa distancia (45 min, la mediana de 4989 viajes): los minutos son el error, no la hora. Con 45 min llega a las 15:21 y el viaje siguiente sale a las 16:26, 65 min después."
3146,2,1409708223058,Hombres,31,Trabajador independiente,,3,16:26 → 16:36,16:26,Trabajar,,Fábrica o taller,,,,home,,1403900011359,,AUTOMÓVIL PARTICULAR,,90,45,hora:llegada,,changed,,"Decimocuarta revisión: se conserva la decisión de la novena revisión (chain_review_9). Novena revisión: 90 min en AUTOMÓVIL PARTICULAR para 19.3 km en línea recta es más del doble de lo que la encuesta suele reportar para ese modo a esa distancia (45 min, la mediana de 4989 viajes): los minutos son el error, no la hora. Con 45 min llega a las 17:11 y el viaje siguiente sale a las 19:00, 109 min después. Es el mismo recorrido, en el mismo modo, que otro viaje del día cuyos minutos chocaban con la salida siguiente. Novena revisión: la salida vuelve a las 16:26, la hora que reporta la encuesta: con los minutos de traslado que corrige esta revisión cabe después de la llegada del viaje anterior (15:21); una revisión anterior la había movido a las 16:36 para dejar sitio a los minutos de más. | Decimocuarta revisión: la salida queda a las 16:26, la que dan las reglas al leer de nuevo las horas del día tal como lo dejan las decisiones que se conservan (un renglón quitado, minutos de viaje corregidos, un motivo recodificado); sobre el día registrado daban las 16:36."
3146,2,1409708223058,Hombres,31,Trabajador independiente,,4,19:00,,Regresar a Casa,,Su casa,,,,1403900011359,,home,,AUTOMÓVIL PARTICULAR,,120,45,,,,,"Decimocuarta revisión: se conserva la decisión de la novena revisión (chain_review_9). Novena revisión: 120 min en AUTOMÓVIL PARTICULAR para 19.3 km en línea recta es más del doble de lo que la encuesta suele reportar para ese modo a esa distancia (45 min, la mediana de 4989 viajes): los minutos son el error, no la hora. Es el último viaje del día. Es el mismo recorrido, en el mismo modo, que otro viaje del día cuyos minutos chocaban con la salida siguiente."
3169,3,1403900010149,Hombres,19,Trabajador independiente,,1,06:16,,Hacer un trámite,,Otros (especifique),,Su casa,,home,,999990001,,AUTOMÓVIL PARTICULAR,,267,,,,,,
3169,3,1403900010149,Hombres,19,Trabajador independiente,,2,14:27,,Regresar a Casa,,Su casa,,,,999990001,,home,,AUTOMÓVIL PARTICULAR,,47,,,,,,
3169,3,1403900010149,Hombres,19,Trabajador independiente,,3,21:29,,Compras (comida),,"Comercio, mercado, tienda o centro comercial",,,,home,,1403900013656,,AUTOMÓVIL PARTICULAR,,55,15,,,,,"Decimocuarta revisión: se conserva la decisión de la novena revisión (chain_review_9). Novena revisión: 55 min en AUTOMÓVIL PARTICULAR para 1.6 km en línea recta es más del doble de lo que la encuesta suele reportar para ese modo a esa distancia (15 min, la mediana de 3832 viajes): los minutos son el error, no la hora. Con 15 min llega a las 21:44 y el viaje siguiente sale a las 22:01, 17 min después."
3169,3,1403900010149,Hombres,19,Trabajador independiente,,4,22:01 → 22:24,22:01,Regresar a Casa,,Su casa,,,,1403900013656,,home,,CAMIÓN O AUTOBÚS,,50,20,hora:llegada,,changed,,"Decimocuarta revisión: se conserva la decisión de la novena revisión (chain_review_9). Novena revisión: 50 min en CAMIÓN O AUTOBÚS para 1.6 km en línea recta es más del doble de lo que la encuesta suele reportar para ese modo a esa distancia (20 min, la mediana de 3335 viajes): los minutos son el error, no la hora. Con 20 min llega a las 22:21 y el viaje siguiente sale a las 22:27, 6 min después. Novena revisión: la salida vuelve a las 22:01, la hora que reporta la encuesta: con los minutos de traslado que corrige esta revisión cabe después de la llegada del viaje anterior (21:44); una revisión anterior la había movido a las 22:24 para dejar sitio a los minutos de más. | Decimocuarta revisión: la salida queda a las 22:01, la que dan las reglas al leer de nuevo las horas del día tal como lo dejan las decisiones que se conservan (un renglón quitado, minutos de viaje corregidos, un motivo recodificado); sobre el día registrado daban las 22:24."
3169,3,1403900010149,Hombres,19,Trabajador independiente,,5,22:27 → 23:14,22:27,Visitar a alguien,,Otra vivienda,,,,home,,1403900010153,,AUTOMÓVIL PARTICULAR,,30,10,hora:llegada,,changed,,"Decimocuarta revisión: se conserva la decisión de la novena revisión (chain_review_9). Novena revisión: 30 min en AUTOMÓVIL PARTICULAR para 0.6 km en línea recta es más del doble de lo que la encuesta suele reportar para ese modo a esa distancia (10 min, la mediana de 1718 viajes): los minutos son el error, no la hora. Con 10 min llega a las 22:37 y el viaje siguiente sale a las 23:29, 52 min después. Novena revisión: la salida vuelve a las 22:27, la hora que reporta la encuesta: con los minutos de traslado que corrige esta revisión cabe después de la llegada del viaje anterior (22:21); una revisión anterior la había movido a las 23:14 para dejar sitio a los minutos de más. | Decimocuarta revisión: la salida queda a las 22:27, la que dan las reglas al leer de nuevo las horas del día tal como lo dejan las decisiones que se conservan (un renglón quitado, minutos de viaje corregidos, un motivo recodificado); sobre el día registrado daban las 23:14."
3169,3,1403900010149,Hombres,19,Trabajador independiente,,6,23:29 → 23:44,23:29,Regresar a Casa,,Su casa,,,,1403900010153,,home,,AUTOMÓVIL PARTICULAR,,30,10,hora:llegada,,changed,,"Decimocuarta revisión: se conserva la decisión de la novena revisión (chain_review_9). Novena revisión: 30 min en AUTOMÓVIL PARTICULAR para 0.6 km en línea recta es más del doble de lo que la encuesta suele reportar para ese modo a esa distancia (10 min, la mediana de 1718 viajes): los minutos son el error, no la hora. Es el último viaje del día. Es el mismo recorrido, en el mismo modo, que otro viaje del día cuyos minutos chocaban con la salida siguiente. Novena revisión: la salida vuelve a las 23:29, la hora que reporta la encuesta: con los minutos de traslado que corrige esta revisión cabe después de la llegada del viaje anterior (22:37); una revisión anterior la había movido a las 23:44 para dejar sitio a los minutos de más. | Decimocuarta revisión: la salida queda a las 23:29, la que dan las reglas al leer de nuevo las horas del día tal como lo dejan las decisiones que se conservan (un renglón quitado, minutos de viaje corregidos, un motivo recodificado); sobre el día registrado daban las 23:44."
3186,1,1409708223749,Hombres,49,Empleado,,1,05:00,,Trabajar,,Fábrica o taller,,Su casa,,home,,1412000013664,,AUTOMÓVIL PARTICULAR,,120,,,,,,
3186,1,1409708223749,Hombres,49,Empleado,,2,11:39,,Regresar a Casa,,Su casa,,,,1412000013664,,home,,AUTOMÓVIL PARTICULAR,,120,,,,,,
3186,1,1409708223749,Hombres,49,Empleado,,3,13:23 → 13:39,15:23,Trabajar,,Fábrica o taller,,,,home,,1412000013664,,AUTOMÓVIL PARTICULAR,,120,,hora:llegada,,changed,,"Decimocuarta revisión: se toma la lectura de las horas de las tablas anteriores (la primera revisión), una sugerencia entre otras: con las reglas de hoy el día queda con menos de media hora en el trabajo o la escuela, y con esa lectura con ningún problema. Cambia: viaje 3 13:39 → 15:23, viaje 4 16:00 → 18:00, viaje 5 19:02 → 21:02, viaje 6 19:12 → 21:12."
3186,1,1409708223749,Hombres,49,Empleado,,4,16:00,18:00,Regresar a Casa,,Su casa,,,,1412000013664,,home,,AUTOMÓVIL PARTICULAR,,120,,,,,,"Decimocuarta revisión: se toma la lectura de las horas de las tablas anteriores (la primera revisión), una sugerencia entre otras: con las reglas de hoy el día queda con menos de media hora en el trabajo o la escuela, y con esa lectura con ningún problema. Cambia: viaje 3 13:39 → 15:23, viaje 4 16:00 → 18:00, viaje 5 19:02 → 21:02, viaje 6 19:12 → 21:12."
3186,1,1409708223749,Hombres,49,Empleado,,5,19:02,21:02,Compras (comida),,"Comercio, mercado, tienda o centro comercial",,,,home,,home,,A PIE,,3,,,,,,"Decimocuarta revisión: se toma la lectura de las horas de las tablas anteriores (la primera revisión), una sugerencia entre otras: con las reglas de hoy el día queda con menos de media hora en el trabajo o la escuela, y con esa lectura con ningún problema. Cambia: viaje 3 13:39 → 15:23, viaje 4 16:00 → 18:00, viaje 5 19:02 → 21:02, viaje 6 19:12 → 21:12."
3186,1,1409708223749,Hombres,49,Empleado,,6,19:12,21:12,Regresar a Casa,,Su casa,,,,home,,home,,A PIE,,3,,,,,,"Decimocuarta revisión: se toma la lectura de las horas de las tablas anteriores (la primera revisión), una sugerencia entre otras: con las reglas de hoy el día queda con menos de media hora en el trabajo o la escuela, y con esa lectura con ningún problema. Cambia: viaje 3 13:39 → 15:23, viaje 4 16:00 → 18:00, viaje 5 19:02 → 21:02, viaje 6 19:12 → 21:12."
3190,3,1409708331865,Mujeres,24,Empleado,,1,07:00,,Trabajar,,Fábrica o taller,,Su casa,,home,,140970104,,CAMIÓN O AUTOBÚS,,20,,,,,,
3190,3,1409708331865,Mujeres,24,Empleado,,2,17:00,09:05,Regresar a Casa,,Su casa,,,,140970104,,home,,CAMIÓN O AUTOBÚS,,25,,,,,,"Decimocuarta revisión: ninguna lectura de las horas cierra el día: con las reglas queda un viaje que sale antes de que llegue el anterior, con la de las tablas anteriores ningún problema. Las salidas se mueven lo menos posible (475 min en total) para que ningún viaje salga antes de que llegue el anterior; queda ningún problema. Cambia: viaje 2 17:00 → 09:05."
3190,3,1409708331865,Mujeres,24,Empleado,,3,09:30,,Estudiar,,Escuela,,,,home,,1409708312030,,MOTOCICLETA,,15,,,hora_invertida,,,
3190,3,1409708331865,Mujeres,24,Empleado,,4,13:30,,Regresar a Casa,,Su casa,,,,1409708312030,,home,,MOTOCICLETA,,15,,,,,,
3199,3,1409708223749,Hombres,21,Trabajador independiente,,1,08:00,,Trabajar,,Otra vivienda,,Su casa,,home,,1409708221598,,AUTOMÓVIL PARTICULAR,,80,10,,,,,"Decimocuarta revisión: se conserva la decisión de la novena revisión (chain_review_9). Novena revisión: 80 min en AUTOMÓVIL PARTICULAR para 0.7 km en línea recta es más del doble de lo que la encuesta suele reportar para ese modo a esa distancia (10 min, la mediana de 1718 viajes): los minutos son el error, no la hora. Con 10 min llega a las 08:10 y el viaje siguiente sale a las 10:33, 143 min después. Es el mismo recorrido, en el mismo modo, que otro viaje del día cuyos minutos chocaban con la salida siguiente."
3199,3,1409708223749,Hombres,21,Trabajador independiente,,2,10:33,,Regresar a Casa,,Su casa,,,,1409708221598,,home,,AUTOMÓVIL PARTICULAR,,120,10,,,,,"Decimocuarta revisión: se conserva la decisión de la novena revisión (chain_review_9). Novena revisión: 120 min en AUTOMÓVIL PARTICULAR para 0.7 km en línea recta es más del doble de lo que la encuesta suele reportar para ese modo a esa distancia (10 min, la mediana de 1718 viajes): los minutos son el error, no la hora. Con 10 min llega a las 10:43 y el viaje siguiente sale a las 12:29, 106 min después."
3199,3,1409708223749,Hombres,21,Trabajador independiente,,3,12:29 → 12:33,12:29,Trabajar,,Otra vivienda,,,,home,,1409708221598,,AUTOMÓVIL PARTICULAR,,5,,hora:llegada,,changed,,"Decimocuarta revisión: la salida queda a las 12:29, la que dan las reglas al leer de nuevo las horas del día tal como lo dejan las decisiones que se conservan (un renglón quitado, minutos de viaje corregidos, un motivo recodificado); sobre el día registrado daban las 12:33."
3199,3,1409708223749,Hombres,21,Trabajador independiente,,4,14:00,,Regresar a Casa,,Su casa,,,,1409708221598,,home,,AUTOMÓVIL PARTICULAR,,120,10,,,,,"Decimocuarta revisión: se conserva la decisión de la novena revisión (chain_review_9). Novena revisión: 120 min en AUTOMÓVIL PARTICULAR para 0.7 km en línea recta es más del doble de lo que la encuesta suele reportar para ese modo a esa distancia (10 min, la mediana de 1718 viajes): los minutos son el error, no la hora. Es el último viaje del día. Es el mismo recorrido, en el mismo modo, que otro viaje del día cuyos minutos chocaban con la salida siguiente."
3219,2,1409708823984,Hombres,29,Trabajador independiente,,1,08:00,,Trabajar,,"Comercio, mercado, tienda o centro comercial",,Su casa,,home,,1403900011359,,AUTOMÓVIL PARTICULAR,,90,45,,,,,"Decimocuarta revisión: se conserva la decisión de la novena revisión (chain_review_9). Novena revisión: 90 min en AUTOMÓVIL PARTICULAR para 17.6 km en línea recta es más del doble de lo que la encuesta suele reportar para ese modo a esa distancia (45 min, la mediana de 4989 viajes): los minutos son el error, no la hora. Con 45 min llega a las 08:45 y el viaje siguiente sale a las 14:46, 361 min después. Es el mismo recorrido, en el mismo modo, que otro viaje del día cuyos minutos chocaban con la salida siguiente."
3219,2,1409708823984,Hombres,29,Trabajador independiente,,2,14:46,,Regresar a Casa,,Su casa,,,,1403900011359,,home,,AUTOMÓVIL PARTICULAR,,90,45,,,,,"Decimocuarta revisión: se conserva la decisión de la novena revisión (chain_review_9). Novena revisión: 90 min en AUTOMÓVIL PARTICULAR para 17.6 km en línea recta es más del doble de lo que la encuesta suele reportar para ese modo a esa distancia (45 min, la mediana de 4989 viajes): los minutos son el error, no la hora. Con 45 min llega a las 15:31 y el viaje siguiente sale a las 16:09, 38 min después."
3219,2,1409708823984,Hombres,29,Trabajador independiente,,3,16:09 → 16:16,16:09,Trabajar,,"Comercio, mercado, tienda o centro comercial",,,,home,,1403900011359,,AUTOMÓVIL PARTICULAR,,90,45,hora:llegada,,changed,,"Decimocuarta revisión: se conserva la decisión de la novena revisión (chain_review_9). Novena revisión: 90 min en AUTOMÓVIL PARTICULAR para 17.6 km en línea recta es más del doble de lo que la encuesta suele reportar para ese modo a esa distancia (45 min, la mediana de 4989 viajes): los minutos son el error, no la hora. Con 45 min llega a las 16:54 y el viaje siguiente sale a las 20:00, 186 min después. Es el mismo recorrido, en el mismo modo, que otro viaje del día cuyos minutos chocaban con la salida siguiente. Novena revisión: la salida vuelve a las 16:09, la hora que reporta la encuesta: con los minutos de traslado que corrige esta revisión cabe después de la llegada del viaje anterior (15:31); una revisión anterior la había movido a las 16:16 para dejar sitio a los minutos de más. | Decimocuarta revisión: la salida queda a las 16:09, la que dan las reglas al leer de nuevo las horas del día tal como lo dejan las decisiones que se conservan (un renglón quitado, minutos de viaje corregidos, un motivo recodificado); sobre el día registrado daban las 16:16."
3219,2,1409708823984,Hombres,29,Trabajador independiente,,4,20:00,,Regresar a Casa,,Su casa,,,,1403900011359,,home,,AUTOMÓVIL PARTICULAR,,90,45,,,,,"Decimocuarta revisión: se conserva la decisión de la novena revisión (chain_review_9). Novena revisión: 90 min en AUTOMÓVIL PARTICULAR para 17.6 km en línea recta es más del doble de lo que la encuesta suele reportar para ese modo a esa distancia (45 min, la mediana de 4989 viajes): los minutos son el error, no la hora. Es el último viaje del día. Es el mismo recorrido, en el mismo modo, que otro viaje del día cuyos minutos chocaban con la salida siguiente."
3232,1,1409708823984,Hombres,46,Empleado,,1,04:00,,Trabajar,,"Comercio, mercado, tienda o centro comercial",,Su casa,,home,,1403900015366,,AUTOMÓVIL PARTICULAR,,90,45,,,,,"Decimocuarta revisión: se conserva la decisión de la novena revisión (chain_review_9). Novena revisión: 90 min en AUTOMÓVIL PARTICULAR para 14.2 km en línea recta es más del doble de lo que la encuesta suele reportar para ese modo a esa distancia (45 min, la mediana de 4989 viajes): los minutos son el error, no la hora. Con 45 min llega a las 04:45 y el viaje siguiente sale a las 10:45, 360 min después. Es el mismo recorrido, en el mismo modo, que otro viaje del día cuyos minutos chocaban con la salida siguiente."
3232,1,1409708823984,Hombres,46,Empleado,,2,10:45,,Regresar a Casa,,Su casa,,,,1403900015366,,home,,AUTOMÓVIL PARTICULAR,,90,45,,,,,"Decimocuarta revisión: se conserva la decisión de la novena revisión (chain_review_9). Novena revisión: 90 min en AUTOMÓVIL PARTICULAR para 14.2 km en línea recta es más del doble de lo que la encuesta suele reportar para ese modo a esa distancia (45 min, la mediana de 4989 viajes): los minutos son el error, no la hora. Con 45 min llega a las 11:30 y el viaje siguiente sale a las 12:14, 44 min después."
3232,1,1409708823984,Hombres,46,Empleado,,3,12:14 → 12:15,12:14,Trabajar,,"Comercio, mercado, tienda o centro comercial",,,,home,,1403900015366,,AUTOMÓVIL PARTICULAR,,90,45,hora:llegada,,changed,,"Decimocuarta revisión: se conserva la decisión de la novena revisión (chain_review_9). Novena revisión: 90 min en AUTOMÓVIL PARTICULAR para 14.2 km en línea recta es más del doble de lo que la encuesta suele reportar para ese modo a esa distancia (45 min, la mediana de 4989 viajes): los minutos son el error, no la hora. Con 45 min llega a las 12:59 y el viaje siguiente sale a las 16:00, 181 min después. Es el mismo recorrido, en el mismo modo, que otro viaje del día cuyos minutos chocaban con la salida siguiente. Novena revisión: la salida vuelve a las 12:14, la hora que reporta la encuesta: con los minutos de traslado que corrige esta revisión cabe después de la llegada del viaje anterior (11:30); una revisión anterior la había movido a las 12:15 para dejar sitio a los minutos de más. | Decimocuarta revisión: la salida queda a las 12:14, la que dan las reglas al leer de nuevo las horas del día tal como lo dejan las decisiones que se conservan (un renglón quitado, minutos de viaje corregidos, un motivo recodificado); sobre el día registrado daban las 12:15."
3232,1,1409708823984,Hombres,46,Empleado,,4,16:00,,Regresar a Casa,,Su casa,,,,1403900015366,,home,,AUTOMÓVIL PARTICULAR,,90,45,,,,,"Decimocuarta revisión: se conserva la decisión de la novena revisión (chain_review_9). Novena revisión: 90 min en AUTOMÓVIL PARTICULAR para 14.2 km en línea recta es más del doble de lo que la encuesta suele reportar para ese modo a esa distancia (45 min, la mediana de 4989 viajes): los minutos son el error, no la hora. Es el último viaje del día. Es el mismo recorrido, en el mismo modo, que otro viaje del día cuyos minutos chocaban con la salida siguiente."
3250,5,1409708221583,Hombres,48,Empleado,,1,06:01,,Trabajar,,Su casa,,"Comercio, mercado, tienda o centro comercial",,1403900012287,,1409708312045,,CAMIÓN O AUTOBÚS,,90,25,,inicio_fuera_de_casa;actividad_en_casa,,,"Decimocuarta revisión: se conserva la decisión de la novena revisión (chain_review_9). Novena revisión: 90 min en CAMIÓN O AUTOBÚS para 3.0 km en línea recta es más del doble de lo que la encuesta suele reportar para ese modo a esa distancia (25 min, la mediana de 3370 viajes): los minutos son el error, no la hora. Con 25 min llega a las 06:26 y el viaje siguiente sale a las 17:02, 636 min después. Es el mismo recorrido, en el mismo modo, que otro viaje del día cuyos minutos chocaban con la salida siguiente."
3250,5,1409708221583,Hombres,48,Empleado,,2,17:02,,Regresar a Casa,,Su casa,,,,1409708312045,,home,,CAMIÓN O AUTOBÚS,,90,25,,,,,"Decimocuarta revisión: se conserva la decisión de la novena revisión (chain_review_9). Novena revisión: 90 min en CAMIÓN O AUTOBÚS para 3.0 km en línea recta es más del doble de lo que la encuesta suele reportar para ese modo a esa distancia (25 min, la mediana de 3370 viajes): los minutos son el error, no la hora. Con 25 min llega a las 17:27 y el viaje siguiente sale a las 18:18, 51 min después."
3250,5,1409708221583,Hombres,48,Empleado,,3,18:18 → 18:32,18:18,Trabajar,,Su casa,,,,1403900012287 → home,,1409708312045,,CAMIÓN O AUTOBÚS,,90,25,origen:casa;hora:llegada,actividad_en_casa,changed,,"Decimocuarta revisión: se conserva la decisión de la novena revisión (chain_review_9). Novena revisión: 90 min en CAMIÓN O AUTOBÚS para 3.0 km en línea recta es más del doble de lo que la encuesta suele reportar para ese modo a esa distancia (25 min, la mediana de 3370 viajes): los minutos son el error, no la hora. Con 25 min llega a las 18:43 y el viaje siguiente sale a las 20:45, 122 min después. Es el mismo recorrido, en el mismo modo, que otro viaje del día cuyos minutos chocaban con la salida siguiente. Novena revisión: la salida vuelve a las 18:18, la hora que reporta la encuesta: con los minutos de traslado que corrige esta revisión cabe después de la llegada del viaje anterior (17:27); una revisión anterior la había movido a las 18:32 para dejar sitio a los minutos de más. | Decimocuarta revisión: la salida queda a las 18:18, la que dan las reglas al leer de nuevo las horas del día tal como lo dejan las decisiones que se conservan (un renglón quitado, minutos de viaje corregidos, un motivo recodificado); sobre el día registrado daban las 18:32."
3250,5,1409708221583,Hombres,48,Empleado,,4,20:45,,Regresar a Casa,,Su casa,,,,1409708312045,,home,,CAMIÓN O AUTOBÚS,,90,25,,,,,"Decimocuarta revisión: se conserva la decisión de la novena revisión (chain_review_9). Novena revisión: 90 min en CAMIÓN O AUTOBÚS para 3.0 km en línea recta es más del doble de lo que la encuesta suele reportar para ese modo a esa distancia (25 min, la mediana de 3370 viajes): los minutos son el error, no la hora. Es el último viaje del día. Es el mismo recorrido, en el mismo modo, que otro viaje del día cuyos minutos chocaban con la salida siguiente."
3257,3,1409708823984,Hombres,34,Estudiante,,1,07:13,,Estudiar,,Escuela,,Su casa,,home,,1403900013919,,CAMIÓN O AUTOBÚS,,120,,,,,,
3257,3,1409708823984,Hombres,34,Estudiante,,2,08:41,09:13,Regresar a Casa,,Su casa,,,,1403900013919,,home,,CAMIÓN O AUTOBÚS,,120,,,hora_invertida,,,"Decimocuarta revisión: se toma la lectura de las horas de las tablas anteriores (la primera revisión), una sugerencia entre otras: con las reglas de hoy el día queda con un viaje que sale antes de que llegue el anterior, y con esa lectura con menos de media hora en el trabajo o la escuela. Cambia: viaje 2 08:41 → 09:13."
3257,3,1409708823984,Hombres,34,Estudiante,,3,12:03,,Estudiar,,Escuela,,,,home,,1403900013919,,CAMIÓN O AUTOBÚS,,120,,,,,,
3257,3,1409708823984,Hombres,34,Estudiante,,4,20:03,,Regresar a Casa,,Su casa,,,,1403900013919,,home,,CAMIÓN O AUTOBÚS,,120,,,,,,
3271,1,1409708223700,Hombres,19,Estudiante,,1,07:04,,Guardería → Llevar o recoger a alguien,,Otros (especifique),,Su casa,,home,,1409708223486,,A PIE,,10,,motivo:guarderia,,changed,,
3271,1,1409708223700,Hombres,19,Estudiante,,2,07:22,,Regresar a Casa,,Su casa,,,,1409708223486,,home,,A PIE,,10,,,,,,
3271,1,1409708223700,Hombres,19,Estudiante,,3,14:00,,Visitar a alguien,,Otra vivienda,,,,home,,1409800011383,,CAMIÓN O AUTOBÚS,,90,,,,,,
3271,1,1409708223700,Hombres,19,Estudiante,,4,19:30,17:14,Regresar a Casa,,Su casa,,,,1409800011383,,home,,CAMIÓN O AUTOBÚS,,60,,,,,,"Decimocuarta revisión: se toma la lectura de las horas de las tablas anteriores (la duodécima revisión), una sugerencia entre otras: con las reglas de hoy el día queda con un viaje que sale antes de que llegue el anterior, y con esa lectura con ningún problema. Cambia: viaje 4 19:30 → 17:14."
3271,1,1409708223700,Hombres,19,Estudiante,,5,18:14,,Visitar a alguien,,Otra vivienda,,,,home,,1409800011383,,CAMIÓN O AUTOBÚS,,90,,,hora_invertida,,,
3271,1,1409708223700,Hombres,19,Estudiante,,6,19:49,,Regresar a Casa,,Su casa,,,,1409800011383,,home,,CAMIÓN O AUTOBÚS,,60,,,,,,
3307,3,1409708221935,Mujeres,11,Estudiante,,1,07:45,,Estudiar,,Escuela,,Su casa,,1409701801244,home,home,1409701801244,A PIE,,10,,,inicio_zona_ajena,,,"Decimocuarta revisión: el primer viaje del día, «Estudiar», se registró de 1409701801244 a casa, el siguiente de casa en adelante, y la persona respondió que el día empezó en su casa: 1409701801244 es adonde fue el viaje y no de donde salió (la lectura de la quinta revisión de los registros rotados). El viaje va de casa a 1409701801244 y el siguiente sale de ahí."
3307,3,1409708221935,Mujeres,11,Estudiante,,2,13:00,,Regresar a Casa,,Su casa,,,,home,1409701801244,home,,A PIE,,10,,,,,,"Decimocuarta revisión: el primer viaje del día, «Estudiar», se registró de 1409701801244 a casa, el siguiente de casa en adelante, y la persona respondió que el día empezó en su casa: 1409701801244 es adonde fue el viaje y no de donde salió (la lectura de la quinta revisión de los registros rotados). El viaje va de casa a 1409701801244 y el siguiente sale de ahí."
3308,1,1409708312045,Hombres,39,Empleado,,1,06:00,,Trabajar,,Su casa,Fábrica o taller,Fábrica o taller,Su casa,1403900012287,home,home,1403900012287,CAMIÓN O AUTOBÚS,,90,,,inicio_fuera_de_casa;actividad_en_casa,,,"Decimocuarta revisión: el viaje 1 se registró de 1403900012287 a casa y el siguiente de casa en adelante; la quinta revisión leyó que 1403900012287 es adonde fue, no de donde salió, sobre la lectura de la primera revisión, que empezaba el día en casa. Ninguna regla empieza hoy este día en casa, así que el origen del viaje 1 es la vivienda y la respuesta de dónde empezó el día, «Su casa». | Decimocuarta revisión: se conserva la decisión de la quinta revisión (chain_review_5). Origen y destino rotados en el registro: el viaje 1 se registró de 1403900012287 a casa y el siguiente de casa a otro lado, así que 1403900012287 (Fábrica o taller) es adonde fue y no de donde salió. La primera revisión puso el origen en casa pero dejó el destino en casa (un viaje de casa a casa); aquí el destino es 1403900012287. | Decimocuarta revisión: el viaje 1 se registró de 1403900012287 a casa y el siguiente de casa en adelante; la quinta revisión leyó que 1403900012287 es adonde fue, no de donde salió, sobre la lectura de la primera revisión, que empezaba el día en casa. Ninguna regla empieza hoy este día en casa, así que el origen del viaje 1 es la vivienda y la respuesta de dónde empezó el día, «Su casa»."
3308,1,1409708312045,Hombres,39,Empleado,,2,19:21,,Compras (comida),,"Restaurante, bar, cafetería",,,,home,1403900012287,140970831205A,,Bicicleta,,4,,,,,,"Decimocuarta revisión: se conserva la decisión de la quinta revisión (chain_review_5). Sale de 1403900012287, donde terminó el viaje anterior (el registro lo daba saliendo de casa)."
3308,1,1409708312045,Hombres,39,Empleado,,3,19:34,,Regresar a Casa,,Su casa,,,,140970831205A,,home,,A PIE,,4,,,,,,
3315,3,140970822358A,Mujeres,25,Empleado,,1,14:00,,"Compras (bienes, productos y servicios)",,"Comercio, mercado, tienda o centro comercial",,Su casa,,home,,1403900011626,,CAMIÓN O AUTOBÚS,,70,,,,,,
3315,3,140970822358A,Mujeres,25,Empleado,,2,20:00,16:55,Regresar a Casa,,Su casa,,,,1403900011626,,home,,CAMIÓN O AUTOBÚS,,70,,,,,,"Decimocuarta revisión: se toma la lectura de las horas de las tablas anteriores (la duodécima revisión), una sugerencia entre otras: con las reglas de hoy el día queda con un viaje que sale antes de que llegue el anterior, y con esa lectura con ningún problema. Cambia: viaje 2 20:00 → 16:55."
3315,3,140970822358A,Mujeres,25,Empleado,,3,18:05,,"Compras (bienes, productos y servicios)",,"Comercio, mercado, tienda o centro comercial",,,,home,,1403900011626,,CAMIÓN O AUTOBÚS,,70,,,hora_invertida,,,
3315,3,140970822358A,Mujeres,25,Empleado,,4,20:39,,Regresar a Casa,,Su casa,,,,1403900011626,,home,,CAMIÓN O AUTOBÚS,,70,,,,,,
3323,2,1403900011429,Hombres,57,Empleado,,1,10:00,,Trabajar,,Fábrica o taller,,Su casa,,home,,140980001007A,,Taxi plataforma (Uber/Didi),,60,,,,,,
3323,2,1403900011429,Hombres,57,Empleado,,2,07:53,17:53,Regresar a Casa,,Su casa,,,,140980001007A,,home,,AUTOMÓVIL PARTICULAR,,15,,,hora_invertida,,,"Decimocuarta revisión: se toma la lectura de las horas de las tablas anteriores (la primera revisión), una sugerencia entre otras: con las reglas de hoy el día queda con un viaje que sale antes de que llegue el anterior, y con esa lectura con ningún problema. Cambia: viaje 2 07:53 → 17:53, viaje 3 09:07 → 19:07, viaje 4 08:00 → 20:07, viaje 5 19:13 → 21:13, viaje 6 19:34 → 21:34."
3323,2,1403900011429,Hombres,57,Empleado,,3,09:07,19:07,Trabajar,,Fábrica o taller,,,,home,,140980001007A,,AUTOMÓVIL PARTICULAR,,60,25,,,,,"Decimocuarta revisión: se conserva la decisión de la novena revisión (chain_review_9). Novena revisión: 60 min en AUTOMÓVIL PARTICULAR para 4.3 km en línea recta es más del doble de lo que la encuesta suele reportar para ese modo a esa distancia (25 min, la mediana de 5029 viajes): los minutos son el error, no la hora. Con 25 min llega a las 19:32 y el viaje siguiente sale a las 20:07, 35 min después. | Decimocuarta revisión: se toma la lectura de las horas de las tablas anteriores (la primera revisión), una sugerencia entre otras: con las reglas de hoy el día queda con un viaje que sale antes de que llegue el anterior, y con esa lectura con ningún problema. Cambia: viaje 2 07:53 → 17:53, viaje 3 09:07 → 19:07, viaje 4 08:00 → 20:07, viaje 5 19:13 → 21:13, viaje 6 19:34 → 21:34."
3323,2,1403900011429,Hombres,57,Empleado,,4,08:00,20:07,Regresar a Casa,,Su casa,,,,140980001007A,,home,,AUTOMÓVIL PARTICULAR,,15,,,hora_invertida,,,"Decimocuarta revisión: se toma la lectura de las horas de las tablas anteriores (la primera revisión), una sugerencia entre otras: con las reglas de hoy el día queda con un viaje que sale antes de que llegue el anterior, y con esa lectura con ningún problema. Cambia: viaje 2 07:53 → 17:53, viaje 3 09:07 → 19:07, viaje 4 08:00 → 20:07, viaje 5 19:13 → 21:13, viaje 6 19:34 → 21:34."
3323,2,1403900011429,Hombres,57,Empleado,,5,19:13,21:13,Compras (comida),,"Comercio, mercado, tienda o centro comercial",,,,home,,1403900011217,,A PIE,,11,,,,,,"Decimocuarta revisión: se toma la lectura de las horas de las tablas anteriores (la primera revisión), una sugerencia entre otras: con las reglas de hoy el día queda con un viaje que sale antes de que llegue el anterior, y con esa lectura con ningún problema. Cambia: viaje 2 07:53 → 17:53, viaje 3 09:07 → 19:07, viaje 4 08:00 → 20:07, viaje 5 19:13 → 21:13, viaje 6 19:34 → 21:34."
3323,2,1403900011429,Hombres,57,Empleado,,6,19:34,21:34,Regresar a Casa,,Su casa,,,,1403900011217,,home,,A PIE,,11,,,,,,"Decimocuarta revisión: se toma la lectura de las horas de las tablas anteriores (la primera revisión), una sugerencia entre otras: con las reglas de hoy el día queda con un viaje que sale antes de que llegue el anterior, y con esa lectura con ningún problema. Cambia: viaje 2 07:53 → 17:53, viaje 3 09:07 → 19:07, viaje 4 08:00 → 20:07, viaje 5 19:13 → 21:13, viaje 6 19:34 → 21:34."
3352,2,1403900011185,Mujeres,22,,,1,09:00,,Visitar a alguien,,Otra vivienda,,Su casa,,140390001140A,home,home,140390001140A,A PIE,,10,,,inicio_zona_ajena,,,"Decimocuarta revisión: el primer viaje del día, «Visitar a alguien», se registró de 140390001140A a casa, el siguiente de casa en adelante, y la persona respondió que el día empezó en su casa: 140390001140A es adonde fue el viaje y no de donde salió (la lectura de la quinta revisión de los registros rotados). El viaje va de casa a 140390001140A y el siguiente sale de ahí."
3352,2,1403900011185,Mujeres,22,,,2,16:00,,Regresar a Casa,,Su casa,,,,home,140390001140A,home,,A PIE,,10,,,,,,"Decimocuarta revisión: el primer viaje del día, «Visitar a alguien», se registró de 140390001140A a casa, el siguiente de casa en adelante, y la persona respondió que el día empezó en su casa: 140390001140A es adonde fue el viaje y no de donde salió (la lectura de la quinta revisión de los registros rotados). El viaje va de casa a 140390001140A y el siguiente sale de ahí."
3372,3,140390001119A,Mujeres,18,Estudiante,,1,09:00,,Visitar a alguien,,Su casa,Otra vivienda,Otra vivienda,Su casa,1403900015012,home,home,1403900015012,AUTOMÓVIL PARTICULAR,,35,,,inicio_fuera_de_casa;actividad_en_casa,,,"Decimocuarta revisión: el viaje 1 se registró de 1403900015012 a casa y el siguiente de casa en adelante; la quinta revisión leyó que 1403900015012 es adonde fue, no de donde salió, sobre la lectura de la primera revisión, que empezaba el día en casa. Ninguna regla empieza hoy este día en casa, así que el origen del viaje 1 es la vivienda y la respuesta de dónde empezó el día, «Su casa». | Decimocuarta revisión: se conserva la decisión de la quinta revisión (chain_review_5). Origen y destino rotados en el registro: el viaje 1 se registró de 1403900015012 a casa y el siguiente de casa a otro lado, así que 1403900015012 (Otra vivienda) es adonde fue y no de donde salió. La primera revisión puso el origen en casa pero dejó el destino en casa (un viaje de casa a casa); aquí el destino es 1403900015012. | Decimocuarta revisión: el viaje 1 se registró de 1403900015012 a casa y el siguiente de casa en adelante; la quinta revisión leyó que 1403900015012 es adonde fue, no de donde salió, sobre la lectura de la primera revisión, que empezaba el día en casa. Ninguna regla empieza hoy este día en casa, así que el origen del viaje 1 es la vivienda y la respuesta de dónde empezó el día, «Su casa»."
3372,3,140390001119A,Mujeres,18,Estudiante,,2,19:00,,Regresar a Casa,,Su casa,,,,home,1403900015012,home,,AUTOMÓVIL PARTICULAR,,35,,,,,,"Decimocuarta revisión: se conserva la decisión de la quinta revisión (chain_review_5). Sale de 1403900015012, donde terminó el viaje anterior (el registro lo daba saliendo de casa)."
3378,2,1403900011185,Hombres,43,,,1,10:00,,"Compras (bienes, productos y servicios)",,"Comercio, mercado, tienda o centro comercial",,Su casa,,home,,home,,CAMIÓN O AUTOBÚS,,10,,,,,,
3378,2,1403900011185,Hombres,43,,,2,15:00,,Visitar a alguien,,Otra vivienda,,,,home,,1409800012466,,CAMIÓN O AUTOBÚS,,60,,,,,,
3378,2,1403900011185,Hombres,43,,,3,18:00,,Regresar a Casa,,Su casa,,,,1409800012466,,home,,CAMIÓN O AUTOBÚS,,60,,,,,,
3378,2,1403900011185,Hombres,43,,,4,21:00,,Visitar a alguien,,Otra vivienda,,,,home,,1409800012466,,CAMIÓN O AUTOBÚS,,60,,,,,,
3378,2,1403900011185,Hombres,43,,,5,20:02,22:00,Regresar a Casa,,Su casa,,,,1409800012466,,home,,CAMIÓN O AUTOBÚS,,60,,,hora_invertida,,,"Decimocuarta revisión: se toma la lectura de las horas de las tablas anteriores (la primera revisión), una sugerencia entre otras: con las reglas de hoy el día queda con un viaje que sale antes de que llegue el anterior, y con esa lectura con una estancia de cero minutos fuera de casa. Cambia: viaje 5 20:02 → 22:00."
3415,1,1403900010967,Hombres,53,Empleado,,1,09:00,,Trabajar,,Fábrica o taller,,Su casa,,home,,1403900011109,,Bicicleta,,15,,,,,,
3415,1,1403900010967,Hombres,53,Empleado,,2,19:00,,Regresar a Casa,,Su casa,,,,1403900011109,,home,,Bicicleta,,15,,,,,,
3415,1,1403900010967,Hombres,53,Empleado,,3,21:00,,"Compras (bienes, productos y servicios)",,"Comercio, mercado, tienda o centro comercial",,,,home,,1403900011325,,A PIE,,50,,,,,,
3415,1,1403900010967,Hombres,53,Empleado,,4,20:15,21:50,Regresar a Casa,,Su casa,,,,1403900011325,,home,,A PIE,,5,,,hora_invertida,,,"Decimocuarta revisión: se toma la lectura de las horas de las tablas anteriores (la duodécima revisión), una sugerencia entre otras: con las reglas de hoy el día queda con un viaje que sale antes de que llegue el anterior, y con esa lectura con una estancia de cero minutos fuera de casa. Cambia: viaje 4 20:15 → 21:50."
3438,3,1403900011452,Hombres,36,Empleado,,1,07:00,,Trabajar,,Oficina,,Su casa,,home,,1412000014836,,AUTOMÓVIL PARTICULAR,,90,45,,,,,"Decimocuarta revisión: se conserva la decisión de la novena revisión (chain_review_9). Novena revisión: 90 min en AUTOMÓVIL PARTICULAR para 16.6 km en línea recta es más del doble de lo que la encuesta suele reportar para ese modo a esa distancia (45 min, la mediana de 4989 viajes): los minutos son el error, no la hora. Con 45 min llega a las 07:45 y el viaje siguiente sale a las 12:45, 300 min después. Es el mismo recorrido, en el mismo modo, que otro viaje del día cuyos minutos chocaban con la salida siguiente."
3438,3,1403900011452,Hombres,36,Empleado,,2,12:45,,Regresar a Casa,,Su casa,,,,1412000014836,,home,,AUTOMÓVIL PARTICULAR,,90,45,,,,,"Decimocuarta revisión: se conserva la decisión de la novena revisión (chain_review_9). Novena revisión: 90 min en AUTOMÓVIL PARTICULAR para 16.6 km en línea recta es más del doble de lo que la encuesta suele reportar para ese modo a esa distancia (45 min, la mediana de 4989 viajes): los minutos son el error, no la hora. Con 45 min llega a las 13:30 y el viaje siguiente sale a las 14:24, 54 min después. Es el mismo recorrido, en el mismo modo, que otro viaje del día cuyos minutos chocaban con la salida siguiente."
3438,3,1403900011452,Hombres,36,Empleado,,3,14:24,,Trabajar,,Oficina,,,,home,,1412000014836,,AUTOMÓVIL PARTICULAR,,90,45,,,,,"Decimocuarta revisión: se conserva la decisión de la novena revisión (chain_review_9). Novena revisión: 90 min en AUTOMÓVIL PARTICULAR para 16.6 km en línea recta es más del doble de lo que la encuesta suele reportar para ese modo a esa distancia (45 min, la mediana de 4989 viajes): los minutos son el error, no la hora. Con 45 min llega a las 15:09 y el viaje siguiente sale a las 17:00, 111 min después. Es el mismo recorrido, en el mismo modo, que otro viaje del día cuyos minutos chocaban con la salida siguiente."
3438,3,1403900011452,Hombres,36,Empleado,,4,17:00,,Regresar a Casa,,Su casa,,,,1412000014836,,home,,AUTOMÓVIL PARTICULAR,,90,45,,,,,"Decimocuarta revisión: se conserva la decisión de la novena revisión (chain_review_9). Novena revisión: 90 min en AUTOMÓVIL PARTICULAR para 16.6 km en línea recta es más del doble de lo que la encuesta suele reportar para ese modo a esa distancia (45 min, la mediana de 4989 viajes): los minutos son el error, no la hora. Con 45 min llega a las 17:45 y el viaje siguiente sale a las 18:21, 36 min después."
3438,3,1403900011452,Hombres,36,Empleado,,5,18:21 → 18:30,18:21,Compras (comida),,"Restaurante, bar, cafetería",,,,home,,home,,A PIE,,11,,hora:llegada,,changed,,"Decimocuarta revisión: la salida queda a las 18:21, la que dan las reglas al leer de nuevo las horas del día tal como lo dejan las decisiones que se conservan (un renglón quitado, minutos de viaje corregidos, un motivo recodificado); sobre el día registrado daban las 18:30."
3438,3,1403900011452,Hombres,36,Empleado,,6,18:40 → 18:41,18:40,Regresar a Casa,,Su casa,,,,home,,home,,A PIE,,11,,hora:llegada,,changed,,"Decimocuarta revisión: la salida queda a las 18:40, la que dan las reglas al leer de nuevo las horas del día tal como lo dejan las decisiones que se conservan (un renglón quitado, minutos de viaje corregidos, un motivo recodificado); sobre el día registrado daban las 18:41."
3460,1,1403900011081,Hombres,46,Empleado,,1,07:23,,Llevar o recoger a alguien,,Otra vivienda,,Su casa,,home,,1403900010967,,A PIE,,9,,,,,,
3460,1,1403900011081,Hombres,46,Empleado,,2,07:36,,Regresar a Casa,,Su casa,,,,1403900010967,,home,,A PIE,,9,,,,,,
3460,1,1403900011081,Hombres,46,Empleado,,3,20:00,08:00,Trabajar,,Fábrica o taller,,,,1403900013923 → home,,1403900010238,,AUTOMÓVIL PARTICULAR,,45,,origen:casa,,changed,,"Decimocuarta revisión: se toma la lectura de las horas de las tablas anteriores (la primera revisión), una sugerencia entre otras: con las reglas de hoy el día queda con un viaje que sale antes de que llegue el anterior, y con esa lectura con menos de media hora en el trabajo o la escuela. Cambia: viaje 3 20:00 → 08:00, viaje 6 18:00 → 20:00."
3460,1,1403900011081,Hombres,46,Empleado,,4,17:44,,Regresar a Casa,,Su casa,,,,1403900010238,,home,,AUTOMÓVIL PARTICULAR,,45,,,hora_invertida,,,
3460,1,1403900011081,Hombres,46,Empleado,,5,19:01,,Trabajar,,Fábrica o taller,,,,home,,1403900010238,,AUTOMÓVIL PARTICULAR,,45,,,,,,
3460,1,1403900011081,Hombres,46,Empleado,,6,18:00,20:00,Regresar a Casa,,Su casa,,,,1403900010238,,home,,AUTOMÓVIL PARTICULAR,,45,,,hora_invertida,,,"Decimocuarta revisión: se toma la lectura de las horas de las tablas anteriores (la primera revisión), una sugerencia entre otras: con las reglas de hoy el día queda con un viaje que sale antes de que llegue el anterior, y con esa lectura con menos de media hora en el trabajo o la escuela. Cambia: viaje 3 20:00 → 08:00, viaje 6 18:00 → 20:00."
3618,4,1407000131486,Hombres,24,Empleado,,1,08:30,,Trabajar,,Fábrica o taller,,Su casa,,home,,1409800011684,,Bicicleta,,70,,,,,,
3618,4,1407000131486,Hombres,24,Empleado,,2,20:00,,Regresar a Casa,,Su casa,,,,1409800011684,,home,,Bicicleta,,70,,,,,,
3618,4,1407000131486,Hombres,24,Empleado,,3,22:30,,Visitar a alguien,,Otra vivienda,,,,home,,1412000012401,,Bicicleta,,12,,,,,,
3618,4,1407000131486,Hombres,24,Empleado,,4,12:00,00:00,Regresar a Casa,,Su casa,,,,1412000012401,,home,,Bicicleta,,15,,,hora_invertida,,,"Decimocuarta revisión: se toma la lectura de las horas de las tablas anteriores (la primera revisión), una sugerencia entre otras: con las reglas de hoy el día queda con un viaje que sale antes de que llegue el anterior, y con esa lectura con ningún problema. Cambia: viaje 4 12:00 → 00:00."
3621,6,1407000131429,Hombres,22,Empleado,,1,07:11,,Trabajar,Regresar a Casa,Su casa,,Fábrica o taller,,1409708312187,,home,,CAMIÓN O AUTOBÚS,,45,,,inicio_fuera_de_casa;actividad_en_casa,,,"Decimocuarta revisión: se conserva la decisión de la sexta revisión (chain_review_6). Llega a la vivienda (el AGEB del hogar, tipo Su casa) desde 1409708312187, donde hizo una actividad: es el regreso a casa, registrado con el motivo de la actividad (Trabajar). Al llegar a casa el propósito es casa; si el renglón siguiente repite el regreso desde casa, queda como no-viaje."
3621,6,1407000131429,Hombres,22,Empleado,,2,08:28,,Regresar a Casa → Trabajar,,Su casa → Fábrica o taller,,,,home,,1409708312187,,CAMIÓN O AUTOBÚS,,45,,motivo:lugar,,changed,,
3621,6,1407000131429,Hombres,22,Empleado,,3,20:00,,Trabajar → Regresar a Casa,,Su casa,,,,1409708312187,,home,,CAMIÓN O AUTOBÚS,,45,,motivo:casa,,changed,,
3621,6,1407000131429,Hombres,22,Empleado,,4,23:01,,Regresar a Casa,,Su casa,,,,home,,1409708312187,,CAMIÓN O AUTOBÚS,,45,,,regreso_en_casa,,,
3623,1,1409708714060,Mujeres,43,Empleado,,1,13:00,,Trabajar,,"Comercio, mercado, tienda o centro comercial",,Su casa,,home,,141200001550A,,CAMIÓN O AUTOBÚS,,105,,,,,,
3623,1,1409708714060,Mujeres,43,Empleado,,2,19:00,16:31,Regresar a Casa,,Su casa,,,,141200001550A,,home,,CAMIÓN O AUTOBÚS,,110,,,,,,"Decimocuarta revisión: ninguna lectura de las horas cierra el día: con las reglas queda un viaje que sale antes de que llegue el anterior, con la de las tablas anteriores una salida movida a la madrugada. Las salidas se mueven lo menos posible (149 min en total) para que ningún viaje salga antes de que llegue el anterior; queda ningún problema. Cambia: viaje 2 19:00 → 16:31."
3623,1,1409708714060,Mujeres,43,Empleado,,3,18:21,,Trabajar,,"Comercio, mercado, tienda o centro comercial",,,,home,,141200001550A,,CAMIÓN O AUTOBÚS,,20,,,hora_invertida,,,
3623,1,1409708714060,Mujeres,43,Empleado,,4,19:41,,Regresar a Casa,,Su casa,,,,141200001550A,,home,,CAMIÓN O AUTOBÚS,,15,,,,,,
3639,1,1409708311653,Mujeres,48,Empleado,,1,07:00,,Trabajar,,Fábrica o taller,,Su casa,,home,,1403900012145,,AUTOMÓVIL PARTICULAR,,80,,,,,,
3639,1,1409708311653,Mujeres,48,Empleado,,2,13:48,,Regresar a Casa,,Su casa,,,,1403900012145,,home,,AUTOMÓVIL PARTICULAR,,90,45,,,,,"Decimocuarta revisión: se conserva la decisión de la novena revisión (chain_review_9). Novena revisión: 90 min en AUTOMÓVIL PARTICULAR para 12.9 km en línea recta es más del doble de lo que la encuesta suele reportar para ese modo a esa distancia (45 min, la mediana de 4989 viajes): los minutos son el error, no la hora. Con 45 min llega a las 14:33 y el viaje siguiente sale a las 15:03, 30 min después."
3639,1,1409708311653,Mujeres,48,Empleado,,3,15:03 → 15:18,15:03,Trabajar,,Fábrica o taller,,,,home,,1403900012145,,AUTOMÓVIL PARTICULAR,,80,,hora:llegada,,changed,,"Decimocuarta revisión: la salida queda a las 15:03, la que dan las reglas al leer de nuevo las horas del día tal como lo dejan las decisiones que se conservan (un renglón quitado, minutos de viaje corregidos, un motivo recodificado); sobre el día registrado daban las 15:18."
3639,1,1409708311653,Mujeres,48,Empleado,,4,19:00,,Regresar a Casa,,Su casa,,,,1403900012145,,home,,AUTOMÓVIL PARTICULAR,,90,45,,,,,"Decimocuarta revisión: se conserva la decisión de la novena revisión (chain_review_9). Novena revisión: 90 min en AUTOMÓVIL PARTICULAR para 12.9 km en línea recta es más del doble de lo que la encuesta suele reportar para ese modo a esa distancia (45 min, la mediana de 4989 viajes): los minutos son el error, no la hora. Es el último viaje del día. Es el mismo recorrido, en el mismo modo, que otro viaje del día cuyos minutos chocaban con la salida siguiente."
3653,1,1409708311653,Mujeres,32,Empleado,,1,07:00,,Trabajar,,Oficina,,Su casa,,home,,1409700010922,,AUTOMÓVIL PARTICULAR,,50,,,,,,
3653,1,1409708311653,Mujeres,32,Empleado,,2,03:40,13:40,Regresar a Casa,,Su casa,,,,1409700010922,,home,,AUTOMÓVIL PARTICULAR,,50,,,hora_invertida,,,"Decimocuarta revisión: se toma la lectura de las horas de las tablas anteriores (las reglas anteriores), una sugerencia entre otras: con las reglas de hoy el día queda con un viaje que sale antes de que llegue el anterior, y con esa lectura con menos de media hora en el trabajo o la escuela. Cambia: viaje 2 03:40 → 13:40, viaje 3 05:03 → 15:03, viaje 4 04:00 → 16:00."
3653,1,1409708311653,Mujeres,32,Empleado,,3,05:03,15:03,Trabajar,,Oficina,,,,home,,1409700010922,,AUTOMÓVIL PARTICULAR,,50,,,,,,"Decimocuarta revisión: se toma la lectura de las horas de las tablas anteriores (las reglas anteriores), una sugerencia entre otras: con las reglas de hoy el día queda con un viaje que sale antes de que llegue el anterior, y con esa lectura con menos de media hora en el trabajo o la escuela. Cambia: viaje 2 03:40 → 13:40, viaje 3 05:03 → 15:03, viaje 4 04:00 → 16:00."
3653,1,1409708311653,Mujeres,32,Empleado,,4,04:00,16:00,Regresar a Casa,,Su casa,,,,1409700010922,,home,,AUTOMÓVIL PARTICULAR,,50,,,hora_invertida,,,"Decimocuarta revisión: se toma la lectura de las horas de las tablas anteriores (las reglas anteriores), una sugerencia entre otras: con las reglas de hoy el día queda con un viaje que sale antes de que llegue el anterior, y con esa lectura con menos de media hora en el trabajo o la escuela. Cambia: viaje 2 03:40 → 13:40, viaje 3 05:03 → 15:03, viaje 4 04:00 → 16:00."
3667,5,1407000131429,Mujeres,17,Estudiante,,1,14:00,,Estudiar,,Escuela,,Su casa,,home,,1409800012432,,CAMIÓN O AUTOBÚS,,45,,,,,,
3667,5,1407000131429,Mujeres,17,Estudiante,,2,19:00,,Regresar a Casa,,Su casa,,,,1409800012432,,home,,CAMIÓN O AUTOBÚS,,45,,,,,,
3667,5,1407000131429,Mujeres,17,Estudiante,,3,18:04,19:45,Estudiar,,Escuela,,,,home,,1409800012432,,CAMIÓN O AUTOBÚS,,45,,,hora_invertida,,,"Decimocuarta revisión: ninguna lectura de las horas cierra el día: con las reglas queda un viaje que sale antes de que llegue el anterior, con la de las tablas anteriores menos de media hora en el trabajo o la escuela. Las salidas se mueven lo menos posible (101 min en total) para que ningún viaje salga antes de que llegue el anterior; queda menos de media hora en el trabajo o la escuela. Cambia: viaje 3 18:04 → 19:45."
3667,5,1407000131429,Mujeres,17,Estudiante,,4,20:40,,Regresar a Casa,,Su casa,,,,1409800012432,,home,,CAMIÓN O AUTOBÚS,,45,,,,,,
3670,2,1409708311653,Hombres,66,Patrón o empresario,,1,06:00,,Trabajar,,"Comercio, mercado, tienda o centro comercial",,Su casa,,home,,14070140A,,AUTOMÓVIL PARTICULAR,,90,45,,,,,"Decimocuarta revisión: se conserva la decisión de la novena revisión (chain_review_9). Novena revisión: 90 min en AUTOMÓVIL PARTICULAR para 15.4 km en línea recta es más del doble de lo que la encuesta suele reportar para ese modo a esa distancia (45 min, la mediana de 4989 viajes): los minutos son el error, no la hora. Con 45 min llega a las 06:45 y el viaje siguiente sale a las 13:45, 420 min después. Es el mismo recorrido, en el mismo modo, que otro viaje del día cuyos minutos chocaban con la salida siguiente."
3670,2,1409708311653,Hombres,66,Patrón o empresario,,2,13:45,,Regresar a Casa,,Su casa,,,,14070140A,,home,,AUTOMÓVIL PARTICULAR,,90,45,,,,,"Decimocuarta revisión: se conserva la decisión de la novena revisión (chain_review_9). Novena revisión: 90 min en AUTOMÓVIL PARTICULAR para 15.4 km en línea recta es más del doble de lo que la encuesta suele reportar para ese modo a esa distancia (45 min, la mediana de 4989 viajes): los minutos son el error, no la hora. Con 45 min llega a las 14:30 y el viaje siguiente sale a las 15:02, 32 min después."
3670,2,1409708311653,Hombres,66,Patrón o empresario,,3,15:02 → 15:15,15:02,Trabajar,,"Comercio, mercado, tienda o centro comercial",,,,home,,14070140A,,AUTOMÓVIL PARTICULAR,,90,45,hora:llegada,,changed,,"Decimocuarta revisión: se conserva la decisión de la novena revisión (chain_review_9). Novena revisión: 90 min en AUTOMÓVIL PARTICULAR para 15.4 km en línea recta es más del doble de lo que la encuesta suele reportar para ese modo a esa distancia (45 min, la mediana de 4989 viajes): los minutos son el error, no la hora. Con 45 min llega a las 15:47 y el viaje siguiente sale a las 19:00, 193 min después. Es el mismo recorrido, en el mismo modo, que otro viaje del día cuyos minutos chocaban con la salida siguiente. Novena revisión: la salida vuelve a las 15:02, la hora que reporta la encuesta: con los minutos de traslado que corrige esta revisión cabe después de la llegada del viaje anterior (14:30); una revisión anterior la había movido a las 15:15 para dejar sitio a los minutos de más. | Decimocuarta revisión: la salida queda a las 15:02, la que dan las reglas al leer de nuevo las horas del día tal como lo dejan las decisiones que se conservan (un renglón quitado, minutos de viaje corregidos, un motivo recodificado); sobre el día registrado daban las 15:15."
3670,2,1409708311653,Hombres,66,Patrón o empresario,,4,19:00,,Regresar a Casa,,Su casa,,,,14070140A,,home,,AUTOMÓVIL PARTICULAR,,90,45,,,,,"Decimocuarta revisión: se conserva la decisión de la novena revisión (chain_review_9). Novena revisión: 90 min en AUTOMÓVIL PARTICULAR para 15.4 km en línea recta es más del doble de lo que la encuesta suele reportar para ese modo a esa distancia (45 min, la mediana de 4989 viajes): los minutos son el error, no la hora. Es el último viaje del día. Es el mismo recorrido, en el mismo modo, que otro viaje del día cuyos minutos chocaban con la salida siguiente."
3682,4,1409700353772,Mujeres,30,Estudiante,,1,14:00,,Estudiar,,Escuela,,Su casa,,home,,140972308,,CAMIÓN O AUTOBÚS,,40,,,,,,
3682,4,1409700353772,Mujeres,30,Estudiante,,2,19:00,,Regresar a Casa,,Su casa,,,,140972308,,home,,CAMIÓN O AUTOBÚS,,40,,,,,,
3682,4,1409700353772,Mujeres,30,Estudiante,,3,18:19,19:40,Estudiar,,Escuela,,,,home,,140972308,,CAMIÓN O AUTOBÚS,,15,,,hora_invertida,,,"Decimocuarta revisión: ninguna lectura de las horas cierra el día: con las reglas queda un viaje que sale antes de que llegue el anterior, con la de las tablas anteriores menos de media hora en el trabajo o la escuela. Las salidas se mueven lo menos posible (81 min en total) para que ningún viaje salga antes de que llegue el anterior; queda ningún problema. Cambia: viaje 3 18:19 → 19:40."
3682,4,1409700353772,Mujeres,30,Estudiante,,4,20:37,,Regresar a Casa,,Su casa,,,,140972308,,home,,CAMIÓN O AUTOBÚS,,25,,,,,,
3806,3,1407000430295,Mujeres,14,Estudiante,,1,08:08,,Compras (comida),,"Comercio, mercado, tienda o centro comercial",,Su casa,,home,,home,,A PIE,,9,,,,,,
3806,3,1407000430295,Mujeres,14,Estudiante,,2,08:21,,Regresar a Casa,,Su casa,,,,home,,home,,A PIE,,9,,,,,,
3806,3,1407000430295,Mujeres,14,Estudiante,,3,13:30,,Estudiar,,Escuela,,,,home,,1407000130401,,CAMIÓN O AUTOBÚS,,20,,,,,,
3806,3,1407000430295,Mujeres,14,Estudiante,,4,19:00,,Regresar a Casa,,Su casa,,,,1407000130401,,home,,CAMIÓN O AUTOBÚS,,20,,,,,,
3806,3,1407000430295,Mujeres,14,Estudiante,,5,18:00,19:20,Estudiar,,Escuela,,,,home,,1407000130401,,CAMIÓN O AUTOBÚS,,20,,,hora_invertida,,,"Decimocuarta revisión: ninguna lectura de las horas cierra el día: con las reglas queda un viaje que sale antes de que llegue el anterior, con la de las tablas anteriores menos de media hora en el trabajo o la escuela. Las salidas se mueven lo menos posible (80 min en total) para que ningún viaje salga antes de que llegue el anterior; queda ningún problema. Cambia: viaje 5 18:00 → 19:20."
3806,3,1407000430295,Mujeres,14,Estudiante,,6,20:39,,Regresar a Casa,,Su casa,,,,1407000130401,,home,,CAMIÓN O AUTOBÚS,,20,,,,,,
3840,2,140700014083A,Mujeres,38,Empleado,,1,08:00,,Trabajar,,Fábrica o taller,,Su casa,,1407000140859,home,home,1407000140859,A PIE,,15,,,inicio_zona_ajena,,,"Decimocuarta revisión: el primer viaje del día, «Trabajar», se registró de 1407000140859 a casa, el siguiente de casa en adelante, y la persona respondió que el día empezó en su casa: 1407000140859 es adonde fue el viaje y no de donde salió (la lectura de la quinta revisión de los registros rotados). El viaje va de casa a 1407000140859 y el siguiente sale de ahí."
3840,2,140700014083A,Mujeres,38,Empleado,,2,17:00,,Regresar a Casa,,Su casa,,,,home,1407000140859,home,,A PIE,,15,,,,,,"Decimocuarta revisión: el primer viaje del día, «Trabajar», se registró de 1407000140859 a casa, el siguiente de casa en adelante, y la persona respondió que el día empezó en su casa: 1407000140859 es adonde fue el viaje y no de donde salió (la lectura de la quinta revisión de los registros rotados). El viaje va de casa a 1407000140859 y el siguiente sale de ahí."
3840,2,140700014083A,Mujeres,38,Empleado,,3,19:10,,"Compras (bienes, productos y servicios)",,"Comercio, mercado, tienda o centro comercial",,,,home,,home,,A PIE,,2,,,,,,
3840,2,140700014083A,Mujeres,38,Empleado,,4,19:14,,Regresar a Casa,,Su casa,,,,home,,home,,A PIE,,2,,,,,,
3859,1,1407000430308,Hombres,37,Empleado,,1,13:00,,Trabajar,,"Comercio, mercado, tienda o centro comercial",,Su casa,,home,,1407000430295,,CAMIÓN O AUTOBÚS,,10,,,,,,
3859,1,1407000430308,Hombres,37,Empleado,,2,10:30,13:10,Regresar a Casa,,Su casa,,,,1407000430295,,home,,A PIE,,35,,,hora_invertida,,,"Decimocuarta revisión: ninguna lectura de las horas cierra el día: con las reglas queda un viaje que sale antes de que llegue el anterior, con la de las tablas anteriores una salida movida a la madrugada. Las salidas se mueven lo menos posible (160 min en total) para que ningún viaje salga antes de que llegue el anterior; queda menos de media hora en el trabajo o la escuela. Cambia: viaje 2 10:30 → 13:10."
3859,1,1407000430308,Hombres,37,Empleado,,3,18:11,,Otros (especifique),,Otros (especifique),,,,home,,1407000430492,,A PIE,,4,,,,,,
3859,1,1407000430308,Hombres,37,Empleado,,4,18:24,,Regresar a Casa,,Su casa,,,,1407000430492,,home,,A PIE,,4,,,,,,
3869,3,1407000130416,Hombres,24,Empleado,,1,08:00,,Trabajar,,Otra vivienda,,Su casa,,home,,140980001320A,,A PIE,,30,,,,,,
3869,3,1407000130416,Hombres,24,Empleado,,2,14:00,,Regresar a Casa,,Su casa,,,,140980001320A,,home,,A PIE,,30,,,,,,
3869,3,1407000130416,Hombres,24,Empleado,,3,16:00,,Trabajar,,Otra vivienda,,,,home,,140980001320A,,A PIE,,30,,,,,,
3869,3,1407000130416,Hombres,24,Empleado,,4,18:00,,Regresar a Casa,,Su casa,,,,140980001320A,,home,,A PIE,,30,,,,,,
3869,3,1407000130416,Hombres,24,Empleado,,5,12:00,18:30,Trabajar,,Otra vivienda,,,,home,,1409800013214,,A PIE,,25,,,hora_invertida,,,"Decimocuarta revisión: ninguna lectura de las horas cierra el día: con las reglas queda un viaje que sale antes de que llegue el anterior, con la de las tablas anteriores una salida movida a la madrugada. Las salidas se mueven lo menos posible (390 min en total) para que ningún viaje salga antes de que llegue el anterior; queda ningún problema. Cambia: viaje 5 12:00 → 18:30."
3869,3,1407000130416,Hombres,24,Empleado,,6,05:00,,Regresar a Casa,,Su casa,,,,1409800013214,,home,,A PIE,,25,,,hora_nocturna,,,
3950,3,140700021101A,Hombres,58,Profesor,,1,07:00,,Trabajar,,Escuela,,Su casa,,1409800011716,home,home,1409800011716,AUTOMÓVIL PARTICULAR,,15,,,inicio_zona_ajena,,,"Decimocuarta revisión: el primer viaje del día, «Trabajar», se registró de 1409800011716 a casa, el siguiente de casa en adelante, y la persona respondió que el día empezó en su casa: 1409800011716 es adonde fue el viaje y no de donde salió (la lectura de la quinta revisión de los registros rotados). El viaje va de casa a 1409800011716 y el siguiente sale de ahí."
3950,3,140700021101A,Hombres,58,Profesor,,2,14:00,,Regresar a Casa,,Su casa,,,,home,1409800011716,home,,AUTOMÓVIL PARTICULAR,,15,,,,,,"Decimocuarta revisión: el primer viaje del día, «Trabajar», se registró de 1409800011716 a casa, el siguiente de casa en adelante, y la persona respondió que el día empezó en su casa: 1409800011716 es adonde fue el viaje y no de donde salió (la lectura de la quinta revisión de los registros rotados). El viaje va de casa a 1409800011716 y el siguiente sale de ahí."
3950,3,140700021101A,Hombres,58,Profesor,,3,18:18,,Deportes o recreación,,Centro cultural o área recreativa,,,,home,,home,,A PIE,,2,,,,,,
3950,3,140700021101A,Hombres,58,Profesor,,4,18:28,,Regresar a Casa,,Su casa,,,,home,,home,,A PIE,,2,,,,,,
3955,3,1407000130420,Mujeres,33,Empleado,,1,13:00,,Trabajar,,Fábrica o taller,,Su casa,,home,,1403900012003,,CAMIÓN O AUTOBÚS,,90,,,,,,
3955,3,1407000130420,Mujeres,33,Empleado,,2,19:00,16:49,Regresar a Casa,,Su casa,,,,1403900012003,,home,,CAMIÓN O AUTOBÚS,,90,,,,,,"Decimocuarta revisión: ninguna lectura de las horas cierra el día: con las reglas queda un viaje que sale antes de que llegue el anterior, con la de las tablas anteriores menos de media hora en el trabajo o la escuela. Las salidas se mueven lo menos posible (131 min en total) para que ningún viaje salga antes de que llegue el anterior; queda menos de media hora en el trabajo o la escuela. Cambia: viaje 2 19:00 → 16:49."
3955,3,1407000130420,Mujeres,33,Empleado,,3,18:19,,Trabajar,,Fábrica o taller,,,,home,,1403900012003,,CAMIÓN O AUTOBÚS,,90,,,hora_invertida,,,
3955,3,1407000130420,Mujeres,33,Empleado,,4,19:48 → 19:49,,Regresar a Casa,,Su casa,,,,1403900012003,,home,,CAMIÓN O AUTOBÚS,,90,,hora:llegada,,changed,,
4030,5,1407000140825,Mujeres,28,Hogar,,1,09:06,,Compras (comida),,"Comercio, mercado, tienda o centro comercial",,Su casa,,home,,home,,A PIE,,5,,,,,,
4030,5,1407000140825,Mujeres,28,Hogar,,2,09:15,,Regresar a Casa,,Su casa,,,,home,,home,,A PIE,,5,,,,,,
4030,5,1407000140825,Mujeres,28,Hogar,,3,05:27 → 17:27,15:27,"Compras (bienes, productos y servicios)",,"Comercio, mercado, tienda o centro comercial",,,,home,,1407000140276,,A PIE,,2,,hora:+12h,,changed,,"Decimocuarta revisión: se toma la lectura de las horas de las tablas anteriores (la primera revisión y la undécima revisión), una sugerencia entre otras: con las reglas de hoy el día queda con una estancia de cero minutos fuera de casa, y con esa lectura con ningún problema. Cambia: viaje 3 17:27 → 15:27, viaje 4 17:29 → 17:26."
4030,5,1407000140825,Mujeres,28,Hogar,,4,17:26 → 17:29,17:26,Regresar a Casa,,Su casa,,,,1407000140276,,home,,A PIE,,2,,hora:llegada,,changed,,"Decimocuarta revisión: se toma la lectura de las horas de las tablas anteriores (la primera revisión y la undécima revisión), una sugerencia entre otras: con las reglas de hoy el día queda con una estancia de cero minutos fuera de casa, y con esa lectura con ningún problema. Cambia: viaje 3 17:27 → 15:27, viaje 4 17:29 → 17:26."
4039,5,1407000140825,Hombres,13,Empleado,,1,07:15,,Deportes o recreación,,Centro cultural o área recreativa,,Su casa,,home,,140700014083A,,A PIE,,11,,,,,,
4039,5,1407000140825,Hombres,13,Empleado,,2,07:31,,Regresar a Casa,,Su casa,,,,140700014083A,,home,,A PIE,,11,,,,,,
4039,5,1407000140825,Hombres,13,Empleado,,3,20:24 → 08:24,,Trabajar,,"Comercio, mercado, tienda o centro comercial",,,,home,,1412000010547,,CAMIÓN O AUTOBÚS,,50,,hora:-12h,,changed,,
4039,5,1407000140825,Hombres,13,Empleado,,4,15:09,,Compras (comida),,"Comercio, mercado, tienda o centro comercial",,,,1412000010547,,1412000010547,,A PIE,,5,,,,,,
4039,5,1407000140825,Hombres,13,Empleado,,5,15:08 → 15:14,17:08,Trabajar,,"Comercio, mercado, tienda o centro comercial",,,,1412000010547,,1412000010547,,A PIE,,5,,hora:llegada,,changed,,"Decimocuarta revisión: se toma la lectura de las horas de las tablas anteriores (la primera revisión y la undécima revisión), una sugerencia entre otras: con las reglas de hoy el día queda con una estancia de cero minutos fuera de casa, y con esa lectura con ningún problema. Cambia: viaje 5 15:14 → 17:08."
4039,5,1407000140825,Hombres,13,Empleado,,6,18:26,,Regresar a Casa,,Su casa,,,,1412000010547,,home,,CAMIÓN O AUTOBÚS,,70,,,,,,
4079,4,140700021076A,Mujeres,13,Estudiante,,1,12:07,,Compras (comida),,"Comercio, mercado, tienda o centro comercial",,Su casa,,home,,1407000210736,,A PIE,,2,,,,,,
4079,4,140700021076A,Mujeres,13,Estudiante,,2,12:04 → 12:09,14:04,Regresar a Casa,,Su casa,,,,1407000210736,,home,,A PIE,,2,,hora:llegada,,changed,,"Decimocuarta revisión: se toma la lectura de las horas de las tablas anteriores (la undécima revisión), una sugerencia entre otras: con las reglas de hoy el día queda con una estancia de cero minutos fuera de casa, y con esa lectura con ningún problema. Cambia: viaje 2 12:09 → 14:04."
4107,1,1407000431024,Hombres,51,Empleado,,1,08:10,,Trabajar,,Su casa,Fábrica o taller,Fábrica o taller,Su casa,1412000013058,home,home,1412000013058,CAMIÓN O AUTOBÚS,,70,,,inicio_fuera_de_casa;actividad_en_casa,,,"Decimocuarta revisión: el viaje 1 se registró de 1412000013058 a casa y el siguiente de casa en adelante; la quinta revisión leyó que 1412000013058 es adonde fue, no de donde salió, sobre la lectura de la primera revisión, que empezaba el día en casa. Ninguna regla empieza hoy este día en casa, así que el origen del viaje 1 es la vivienda y la respuesta de dónde empezó el día, «Su casa». | Decimocuarta revisión: se conserva la decisión de la quinta revisión (chain_review_5). Origen y destino rotados en el registro: el viaje 1 se registró de 1412000013058 a casa y el siguiente de casa a otro lado, así que 1412000013058 (Fábrica o taller) es adonde fue y no de donde salió. La primera revisión puso el origen en casa pero dejó el destino en casa (un viaje de casa a casa); aquí el destino es 1412000013058. | Decimocuarta revisión: el viaje 1 se registró de 1412000013058 a casa y el siguiente de casa en adelante; la quinta revisión leyó que 1412000013058 es adonde fue, no de donde salió, sobre la lectura de la primera revisión, que empezaba el día en casa. Ninguna regla empieza hoy este día en casa, así que el origen del viaje 1 es la vivienda y la respuesta de dónde empezó el día, «Su casa»."
4107,1,1407000431024,Hombres,51,Empleado,,2,19:30,,Regresar a Casa,,Su casa,,,,home,1412000013058,home,,CAMIÓN O AUTOBÚS,,40,,,,,,"Decimocuarta revisión: se conserva la decisión de la quinta revisión (chain_review_5). Sale de 1412000013058, donde terminó el viaje anterior (el registro lo daba saliendo de casa)."
4107,1,1407000431024,Hombres,51,Empleado,,3,21:30,,Regresar a Casa,,"Comercio, mercado, tienda o centro comercial",,,,home,,home,,A PIE,,10,,,regreso_en_casa,,,
4107,1,1407000431024,Hombres,51,Empleado,,4,09:55,,Regresar a Casa,,Su casa,,,,home,,home,,A PIE,,10,,,regreso_en_casa,,,
4149,1,1407000431039,Hombres,41,Empleado,,1,06:00,,Trabajar,,Su casa,Fábrica o taller,Fábrica o taller,Su casa,1403900012588,home,home,1403900012588,CAMIÓN O AUTOBÚS,,80,,,inicio_fuera_de_casa;actividad_en_casa,,,"Decimocuarta revisión: el viaje 1 se registró de 1403900012588 a casa y el siguiente de casa en adelante; la quinta revisión leyó que 1403900012588 es adonde fue, no de donde salió, sobre la lectura de la primera revisión, que empezaba el día en casa. Ninguna regla empieza hoy este día en casa, así que el origen del viaje 1 es la vivienda y la respuesta de dónde empezó el día, «Su casa». | Decimocuarta revisión: se conserva la decisión de la quinta revisión (chain_review_5). Origen y destino rotados en el registro: el viaje 1 se registró de 1403900012588 a casa y el siguiente de casa a otro lado, así que 1403900012588 (Fábrica o taller) es adonde fue y no de donde salió. La primera revisión puso el origen en casa pero dejó el destino en casa (un viaje de casa a casa); aquí el destino es 1403900012588. | Decimocuarta revisión: el viaje 1 se registró de 1403900012588 a casa y el siguiente de casa en adelante; la quinta revisión leyó que 1403900012588 es adonde fue, no de donde salió, sobre la lectura de la primera revisión, que empezaba el día en casa. Ninguna regla empieza hoy este día en casa, así que el origen del viaje 1 es la vivienda y la respuesta de dónde empezó el día, «Su casa»."
4149,1,1407000431039,Hombres,41,Empleado,,2,19:00,,Regresar a Casa,,Su casa,,,,home,1403900012588,home,,CAMIÓN O AUTOBÚS,,120,,,,,,"Decimocuarta revisión: se conserva la decisión de la quinta revisión (chain_review_5). Sale de 1403900012588, donde terminó el viaje anterior (el registro lo daba saliendo de casa)."
4230,3,140980243,Hombres,43,Empleado,,1,22:00,10:00,Trabajar,,Otros (especifique),,Su casa,,home,,14070140A,,AUTOMÓVIL PARTICULAR,,20,,,,,,"Decimocuarta revisión: se toma la lectura de las horas de las tablas anteriores (la primera revisión), una sugerencia entre otras: con las reglas de hoy el día queda con un viaje que sale antes de que llegue el anterior, y con esa lectura con menos de media hora en el trabajo o la escuela. Cambia: viaje 1 22:00 → 10:00, viaje 4 21:00 → 21:24."
4230,3,140980243,Hombres,43,Empleado,,2,19:40,,Regresar a Casa,,Su casa,,,,14070140A,,home,,AUTOMÓVIL PARTICULAR,,20,,,hora_invertida,,,
4230,3,140980243,Hombres,43,Empleado,,3,21:04,,Trabajar,,Otros (especifique),,,,home,,14070140A,,AUTOMÓVIL PARTICULAR,,20,,,,,,
4230,3,140980243,Hombres,43,Empleado,,4,21:00,21:24,Regresar a Casa,,Su casa,,,,14070140A,,home,,AUTOMÓVIL PARTICULAR,,20,,,hora_invertida,,,"Decimocuarta revisión: se toma la lectura de las horas de las tablas anteriores (la primera revisión), una sugerencia entre otras: con las reglas de hoy el día queda con un viaje que sale antes de que llegue el anterior, y con esa lectura con menos de media hora en el trabajo o la escuela. Cambia: viaje 1 22:00 → 10:00, viaje 4 21:00 → 21:24."
4266,1,1407000211005,Hombres,49,Empleado,,1,06:00,,Trabajar,,"Comercio, mercado, tienda o centro comercial",,Su casa,,home,,1403900011626,,Transporte de personal,,120,50,,,,,"Decimocuarta revisión: se conserva la decisión de la novena revisión (chain_review_9). Novena revisión: 120 min en Transporte de personal para 14.1 km en línea recta es más del doble de lo que la encuesta suele reportar para ese modo a esa distancia (50 min, la mediana de 691 viajes): los minutos son el error, no la hora. Con 50 min llega a las 06:50 y el viaje siguiente sale a las 07:35, 45 min después."
4266,1,1407000211005,Hombres,49,Empleado,,2,07:35,,Trabajar,,"Comercio, mercado, tienda o centro comercial",,,,1403900011626,,140700021101A,,Transporte de personal,,120,50,,hora_invertida,,,"Decimocuarta revisión: se conserva la decisión de la novena revisión (chain_review_9). Novena revisión: 120 min en Transporte de personal para 14.9 km en línea recta es más del doble de lo que la encuesta suele reportar para ese modo a esa distancia (50 min, la mediana de 691 viajes): los minutos son el error, no la hora. Con 50 min llega a las 08:25 y el viaje siguiente sale a las 11:40, 195 min después. Es el mismo recorrido, en el mismo modo, que otro viaje del día cuyos minutos chocaban con la salida siguiente. Novena revisión: la salida vuelve a las 07:35, la hora que reporta la encuesta: con los minutos de traslado que corrige esta revisión cabe después de la llegada del viaje anterior (06:50); una revisión anterior la había movido a las 08:00 para dejar sitio a los minutos de más."
4266,1,1407000211005,Hombres,49,Empleado,,3,11:40,,Trabajar,,"Comercio, mercado, tienda o centro comercial",,,,140700021101A,,1403900011626,,Transporte de personal,,120,50,,,,,"Decimocuarta revisión: se conserva la decisión de la novena revisión (chain_review_9). Novena revisión: 120 min en Transporte de personal para 14.9 km en línea recta es más del doble de lo que la encuesta suele reportar para ese modo a esa distancia (50 min, la mediana de 691 viajes): los minutos son el error, no la hora. Con 50 min llega a las 12:30 y el viaje siguiente sale a las 14:00, 90 min después. Es el mismo recorrido, en el mismo modo, que otro viaje del día cuyos minutos chocaban con la salida siguiente."
4266,1,1407000211005,Hombres,49,Empleado,,4,14:00,,Trabajar,,"Comercio, mercado, tienda o centro comercial",,,,1403900011626,,140700021101A,,Transporte de personal,,120,50,,,,,"Decimocuarta revisión: se conserva la decisión de la novena revisión (chain_review_9). Novena revisión: 120 min en Transporte de personal para 14.9 km en línea recta es más del doble de lo que la encuesta suele reportar para ese modo a esa distancia (50 min, la mediana de 691 viajes): los minutos son el error, no la hora. Con 50 min llega a las 14:50 y el viaje siguiente sale a las 16:00, 70 min después."
4266,1,1407000211005,Hombres,49,Empleado,,5,16:00,,Trabajar,,"Comercio, mercado, tienda o centro comercial",,,,140700021101A,,1403900011626,,Transporte de personal,,120,50,,,,,"Decimocuarta revisión: se conserva la decisión de la novena revisión (chain_review_9). Novena revisión: 120 min en Transporte de personal para 14.9 km en línea recta es más del doble de lo que la encuesta suele reportar para ese modo a esa distancia (50 min, la mediana de 691 viajes): los minutos son el error, no la hora. Con 50 min llega a las 16:50 y el viaje siguiente sale a las 17:35, 45 min después. Es el mismo recorrido, en el mismo modo, que otro viaje del día cuyos minutos chocaban con la salida siguiente."
4266,1,1407000211005,Hombres,49,Empleado,,6,17:35,,Trabajar,,"Comercio, mercado, tienda o centro comercial",,,,1403900011626,,140700021101A,,Transporte de personal,,120,50,,hora_invertida,,,"Decimocuarta revisión: se conserva la decisión de la novena revisión (chain_review_9). Novena revisión: 120 min en Transporte de personal para 14.9 km en línea recta es más del doble de lo que la encuesta suele reportar para ese modo a esa distancia (50 min, la mediana de 691 viajes): los minutos son el error, no la hora. Con 50 min llega a las 18:25 y el viaje siguiente sale a las 19:48, 83 min después. Es el mismo recorrido, en el mismo modo, que otro viaje del día cuyos minutos chocaban con la salida siguiente. Novena revisión: la salida vuelve a las 17:35, la hora que reporta la encuesta: con los minutos de traslado que corrige esta revisión cabe después de la llegada del viaje anterior (16:50); una revisión anterior la había movido a las 19:35 para dejar sitio a los minutos de más."
4266,1,1407000211005,Hombres,49,Empleado,,7,19:48,,Regresar a Casa,,Su casa,,,,140700021101A,,home,,Transporte de personal,,120,,,,,,
4294,1,1409800011097,Hombres,64,Empleado,,1,20:00,08:00,Trabajar,,"Comercio, mercado, tienda o centro comercial",,Su casa,,home,,1403900012662,,AUTOMÓVIL PARTICULAR,,20,,,,,,"Decimocuarta revisión: se toma la lectura de las horas de las tablas anteriores (la primera revisión), una sugerencia entre otras: con las reglas de hoy el día queda con un viaje que sale antes de que llegue el anterior, y con esa lectura con menos de media hora en el trabajo o la escuela. Cambia: viaje 1 20:00 → 08:00, viaje 4 16:00 → 18:00."
4294,1,1409800011097,Hombres,64,Empleado,,2,15:47,,Regresar a Casa,,Su casa,,,,1403900012662,,home,,AUTOMÓVIL PARTICULAR,,25,,,hora_invertida,,,
4294,1,1409800011097,Hombres,64,Empleado,,3,17:23,,Trabajar,,"Comercio, mercado, tienda o centro comercial",,,,home,,1403900012662,,AUTOMÓVIL PARTICULAR,,20,,,,,,
4294,1,1409800011097,Hombres,64,Empleado,,4,16:00,18:00,Regresar a Casa,,Su casa,,,,1403900012662,,home,,AUTOMÓVIL PARTICULAR,,25,,,hora_invertida,,,"Decimocuarta revisión: se toma la lectura de las horas de las tablas anteriores (la primera revisión), una sugerencia entre otras: con las reglas de hoy el día queda con un viaje que sale antes de que llegue el anterior, y con esa lectura con menos de media hora en el trabajo o la escuela. Cambia: viaje 1 20:00 → 08:00, viaje 4 16:00 → 18:00."
4355,4,1409800010347,Mujeres,13,Trabajador independiente,,1,08:18,,Llevar o recoger a alguien,,Otra vivienda,,Su casa,,home,,home,,A PIE,,10,,,,,,
4355,4,1409800010347,Mujeres,13,Trabajador independiente,,2,08:32,,Regresar a Casa,,Su casa,,,,home,,home,,A PIE,,10,,,,,,
4355,4,1409800010347,Mujeres,13,Trabajador independiente,,3,17:01,,Trabajar,,Otra vivienda,,,,home,,1403900012319,,TREN LIGERO,,55,,,,,,
4355,4,1409800010347,Mujeres,13,Trabajador independiente,,4,19:01,,Regresar a Casa,,Su casa,,,,1403900012319,,home,,CAMIÓN O AUTOBÚS,,110,30,,,,,"Decimocuarta revisión: se conserva la decisión de la novena revisión (chain_review_9). Novena revisión: 110 min en CAMIÓN O AUTOBÚS para 3.4 km en línea recta es más del doble de lo que la encuesta suele reportar para ese modo a esa distancia (30 min, la mediana de 5401 viajes): los minutos son el error, no la hora. Con 30 min llega a las 19:31 y el viaje siguiente sale a las 20:27, 56 min después."
4355,4,1409800010347,Mujeres,13,Trabajador independiente,,5,20:27 → 20:51,20:27,Compras (comida),,"Comercio, mercado, tienda o centro comercial",,,,home,,1409800010991,,AUTOMÓVIL PARTICULAR,,5,,hora:llegada,,changed,,"Decimocuarta revisión: la salida queda a las 20:27, la que dan las reglas al leer de nuevo las horas del día tal como lo dejan las decisiones que se conservan (un renglón quitado, minutos de viaje corregidos, un motivo recodificado); sobre el día registrado daban las 20:51."
4355,4,1409800010347,Mujeres,13,Trabajador independiente,,6,21:00,,Regresar a Casa,,Su casa,,,,1409800010991,,home,,AUTOMÓVIL PARTICULAR,,5,,,,,,
4372,2,1409800011078,Mujeres,19,Trabajador independiente,,1,14:00,,Trabajar,,"Comercio, mercado, tienda o centro comercial",,Su casa,,home,,141200001066A,,CAMIÓN O AUTOBÚS,,135,,,,,,
4372,2,1409800011078,Mujeres,19,Trabajador independiente,,2,19:00,17:13,Regresar a Casa,,Su casa,,,,141200001066A,,home,,CAMIÓN O AUTOBÚS,,135,,,,,,"Decimocuarta revisión: ninguna lectura de las horas cierra el día: con las reglas queda un viaje que sale antes de que llegue el anterior, con la de las tablas anteriores una salida movida a la madrugada. Las salidas se mueven lo menos posible (187 min en total) para que ningún viaje salga antes de que llegue el anterior; queda menos de media hora en el trabajo o la escuela. Cambia: viaje 2 19:00 → 17:13, viaje 3 18:08 → 19:28."
4372,2,1409800011078,Mujeres,19,Trabajador independiente,,3,18:08,19:28,Trabajar,,"Comercio, mercado, tienda o centro comercial",,,,home,,141200001066A,,CAMIÓN O AUTOBÚS,,20,,,hora_invertida,,,"Decimocuarta revisión: ninguna lectura de las horas cierra el día: con las reglas queda un viaje que sale antes de que llegue el anterior, con la de las tablas anteriores una salida movida a la madrugada. Las salidas se mueven lo menos posible (187 min en total) para que ningún viaje salga antes de que llegue el anterior; queda menos de media hora en el trabajo o la escuela. Cambia: viaje 2 19:00 → 17:13, viaje 3 18:08 → 19:28."
4372,2,1409800011078,Mujeres,19,Trabajador independiente,,4,19:48,,Regresar a Casa,,Su casa,,,,141200001066A,,home,,CAMIÓN O AUTOBÚS,,40,,,,,,
4377,1,1409800012625,Hombres,46,Empleado,,1,14:00,,Trabajar,,"Comercio, mercado, tienda o centro comercial",,Su casa,,home,,1403900011556,,CAMIÓN O AUTOBÚS,,60,,,,,,
4377,1,1409800012625,Hombres,46,Empleado,,2,12:00,15:00,Regresar a Casa,,Su casa,,,,1403900011556,,home,,AUTOMÓVIL PARTICULAR,,30,,,hora_invertida,,,"Decimocuarta revisión: ninguna lectura de las horas cierra el día: con las reglas queda un viaje que sale antes de que llegue el anterior, con la de las tablas anteriores una salida movida a la madrugada. Las salidas se mueven lo menos posible (180 min en total) para que ningún viaje salga antes de que llegue el anterior; queda menos de media hora en el trabajo o la escuela. Cambia: viaje 2 12:00 → 15:00."
4377,1,1409800012625,Hombres,46,Empleado,,3,19:17,,"Compras (bienes, productos y servicios)",,"Comercio, mercado, tienda o centro comercial",,,,home,,home,,A PIE,,1,,,,,,
4377,1,1409800012625,Hombres,46,Empleado,,4,19:20,,Regresar a Casa,,Su casa,,,,home,,home,,A PIE,,1,,,,,,
4379,3,1409800010968,Hombres,17,Estudiante,,1,13:06,,Estudiar,,Escuela,,Su casa,,home,,1403900012662,,CAMIÓN O AUTOBÚS,,10,,,,,,
4379,3,1409800010968,Hombres,17,Estudiante,,2,19:22,,Regresar a Casa,,Su casa,,,,1403900012662,,home,,CAMIÓN O AUTOBÚS,,10,,,,,,
4379,3,1409800010968,Hombres,17,Estudiante,,3,18:04,19:32,Estudiar,,Escuela,,,,home,,1403900012662,,CAMIÓN O AUTOBÚS,,10,,,hora_invertida,,,"Decimocuarta revisión: ninguna lectura de las horas cierra el día: con las reglas queda un viaje que sale antes de que llegue el anterior, con la de las tablas anteriores menos de media hora en el trabajo o la escuela. Las salidas se mueven lo menos posible (88 min en total) para que ningún viaje salga antes de que llegue el anterior; queda ningún problema. Cambia: viaje 3 18:04 → 19:32."
4379,3,1409800010968,Hombres,17,Estudiante,,4,20:41,,Regresar a Casa,,Su casa,,,,1403900012662,,home,,CAMIÓN O AUTOBÚS,,10,,,,,,
4393,4,1409800011044,Hombres,26,Empleado,,1,19:00,09:00,Trabajar,,Escuela,,Su casa,,home,,1403900011170,,AUTOMÓVIL PARTICULAR,,60,,,,,,"Decimocuarta revisión: se toma la lectura de las horas de las tablas anteriores (las reglas anteriores), una sugerencia entre otras: con las reglas de hoy el día queda con un viaje que sale antes de que llegue el anterior, y con esa lectura con menos de media hora en el trabajo o la escuela. Cambia: viaje 1 19:00 → 09:00, viaje 4 15:00 → 17:15."
4393,4,1409800011044,Hombres,26,Empleado,,2,14:30,,Regresar a Casa,,Su casa,,,,1403900011170,,home,,AUTOMÓVIL PARTICULAR,,60,,,hora_invertida,,,
4393,4,1409800011044,Hombres,26,Empleado,,3,16:15,,Trabajar,,Escuela,,,,home,,1403900011170,,AUTOMÓVIL PARTICULAR,,60,,,,,,
4393,4,1409800011044,Hombres,26,Empleado,,4,15:00,17:15,Regresar a Casa,,Su casa,,,,1403900011170,,home,,AUTOMÓVIL PARTICULAR,,60,,,hora_invertida,,,"Decimocuarta revisión: se toma la lectura de las horas de las tablas anteriores (las reglas anteriores), una sugerencia entre otras: con las reglas de hoy el día queda con un viaje que sale antes de que llegue el anterior, y con esa lectura con menos de media hora en el trabajo o la escuela. Cambia: viaje 1 19:00 → 09:00, viaje 4 15:00 → 17:15."
4406,4,1409800012625,Mujeres,19,Estudiante,,1,08:02,,Compras (comida),,"Comercio, mercado, tienda o centro comercial",,Su casa,,home,,1409800012254,,A PIE,,15,,,,,,
4406,4,1409800012625,Mujeres,19,Estudiante,,2,08:20,,Regresar a Casa,,Su casa,,,,1409800012254,,home,,A PIE,,15,,,,,,
4406,4,1409800012625,Mujeres,19,Estudiante,,3,13:00,,Estudiar,,Escuela,,,,home,,1403900013995,,CAMIÓN O AUTOBÚS,,50,,,,,,
4406,4,1409800012625,Mujeres,19,Estudiante,,4,18:40,,Regresar a Casa,,Su casa,,,,1403900013995,,home,,CAMIÓN O AUTOBÚS,,50,,,,,,
4406,4,1409800012625,Mujeres,19,Estudiante,,5,18:08,19:30,Estudiar,,Escuela,,,,home,,1403900013995,,CAMIÓN O AUTOBÚS,,50,,,hora_invertida,,,"Decimocuarta revisión: ninguna lectura de las horas cierra el día: con las reglas queda un viaje que sale antes de que llegue el anterior, con la de las tablas anteriores menos de media hora en el trabajo o la escuela. Las salidas se mueven lo menos posible (82 min en total) para que ningún viaje salga antes de que llegue el anterior; queda menos de media hora en el trabajo o la escuela. Cambia: viaje 5 18:08 → 19:30."
4406,4,1409800012625,Mujeres,19,Estudiante,,6,20:44,,Regresar a Casa,,Su casa,,,,1403900013995,,home,,CAMIÓN O AUTOBÚS,,50,,,,,,
4431,3,1409800012786,Hombres,42,Empleado,,1,16:30,,Trabajar,,Otros (especifique),,Su casa,,home,,99999000A,,AUTOMÓVIL PARTICULAR,,30,,,,,,
4431,3,1409800012786,Hombres,42,Empleado,,2,04:52,,Regresar a Casa,,Su casa,,,,99999000A,,home,,AUTOMÓVIL PARTICULAR,,30,,,hora_nocturna,,,
4431,3,1409800012786,Hombres,42,Empleado,,3,06:21,,Trabajar,,Otros (especifique),,,,home,,99999000A,,AUTOMÓVIL PARTICULAR,,30,,,,,,
4431,3,1409800012786,Hombres,42,Empleado,,4,01:00,06:51,Regresar a Casa,,Su casa,,,,99999000A,,home,,AUTOMÓVIL PARTICULAR,,30,,,hora_invertida,,,"Decimocuarta revisión: ninguna lectura de las horas cierra el día: con las reglas queda un viaje que sale antes de que llegue el anterior, con la de las tablas anteriores una salida movida a la madrugada; menos de media hora en el trabajo o la escuela. Las salidas se mueven lo menos posible (351 min en total) para que ningún viaje salga antes de que llegue el anterior; queda menos de media hora en el trabajo o la escuela; un día de más de 20 horas. Cambia: viaje 4 01:00 → 06:51."
4431,3,1409800012786,Hombres,42,Empleado,,5,19:14,,Llevar o recoger a alguien,,Otra vivienda,,,,home,,1409800011044,,A PIE,,8,,,,,,
4431,3,1409800012786,Hombres,42,Empleado,,6,19:24,,Regresar a Casa,,Su casa,,,,1409800011044,,home,,A PIE,,8,,,,,,
4447,1,140980001110A,Mujeres,30,Empleado,,1,06:00,,Trabajar,,Fábrica o taller,,Su casa,,home,,1409800012220,,A PIE,,15,,,,,,
4447,1,140980001110A,Mujeres,30,Empleado,,2,15:00,,Regresar a Casa,,Su casa,,,,1409800012220,,1409800011735,home,A PIE,,15,,,regreso_sin_llegar;fin_fuera_de_casa,,,"Decimocuarta revisión: el regreso a casa, último viaje del día, termina en 1409800011735, un AGEB que no es el del hogar y que ningún otro viaje del día toca; el motivo y el tipo de lugar dicen «Su casa»: termina en la vivienda, geocodificada en otro AGEB."
4559,2,140510001004A,Hombres,30,Empleado,,1,06:00,,Trabajar,,"Deportivo, gimnasio",,Su casa,,home,,140510016,,AUTOMÓVIL PARTICULAR,,10,,,,,,
4559,2,140510001004A,Hombres,30,Empleado,,2,10:00,,Trabajar,,Oficina,,,,140510016,,1403900011378,,AUTOMÓVIL PARTICULAR,,60,,,,,,
4559,2,140510001004A,Hombres,30,Empleado,,3,17:00,,Regresar a Casa,,Su casa,,,,1403900011378,,home,,AUTOMÓVIL PARTICULAR,,90,,,,,,
4559,2,140510001004A,Hombres,30,Empleado,,4,21:00,,Otros (especifique),,Otra vivienda,,,,home,,1407000200257,,AUTOMÓVIL PARTICULAR,,10,,,,,,
4559,2,140510001004A,Hombres,30,Empleado,,5,12:00,00:00,Regresar a Casa,,Su casa,,,,1407000200257,,home,,AUTOMÓVIL PARTICULAR,,15,,,hora_invertida,,,"Decimocuarta revisión: se toma la lectura de las horas de las tablas anteriores (la primera revisión), una sugerencia entre otras: con las reglas de hoy el día queda con un viaje que sale antes de que llegue el anterior, y con esa lectura con ningún problema. Cambia: viaje 5 12:00 → 00:00."
4569,3,140510001004A,Mujeres,38,,,1,06:20,,Llevar o recoger a alguien,,Escuela,,Su casa,,home,,1405100010054,,A PIE,,10,,,,,,
4569,3,140510001004A,Mujeres,38,,,2,13:00,07:20,Regresar a Casa,,Su casa,,,,1405100010054,,home,,A PIE,,10,,,,,,"Decimocuarta revisión: ninguna lectura de las horas cierra el día: con las reglas queda un viaje que sale antes de que llegue el anterior, con la de las tablas anteriores una salida movida a la madrugada. Las salidas se mueven lo menos posible (340 min en total) para que ningún viaje salga antes de que llegue el anterior; queda ningún problema. Cambia: viaje 2 13:00 → 07:20."
4569,3,140510001004A,Mujeres,38,,,3,07:30,,Llevar o recoger a alguien,,Escuela,,,,home,,1405100010069,,A PIE,,15,,,hora_invertida,,,
4569,3,140510001004A,Mujeres,38,,,4,08:00,,Regresar a Casa,,Su casa,,,,1405100010069,,home,,A PIE,,10,,,,,,
4569,3,140510001004A,Mujeres,38,,,5,12:15,,Llevar o recoger a alguien,,Escuela,,,,home,,1405100010069,,A PIE,,15,,,,,,
4569,3,140510001004A,Mujeres,38,,,6,13:00,,Llevar o recoger a alguien,,Escuela,,,,1405100010069,,1405100010054,,A PIE,,10,,,,,,
4569,3,140510001004A,Mujeres,38,,,7,13:10,,Regresar a Casa,,Su casa,,,,1405100010054,,home,,A PIE,,10,,,,,,
4606,3,140510001004A,Hombres,20,Trabajador independiente,,1,07:00,,Trabajar,,Fábrica o taller,,Su casa,,home,,1407000200257,,CAMIÓN O AUTOBÚS,,40,,,,,,
4606,3,140510001004A,Hombres,20,Trabajador independiente,,2,17:30,,Regresar a Casa,Otros (especifique),Su casa,Otros (especifique),,,1407000200257,,1405100010054,,CAMIÓN O AUTOBÚS,,40,,,regreso_sin_llegar,,,"Decimocuarta revisión: el regreso a casa termina en 1405100010054, que no es el AGEB del hogar, y el día sigue desde ahí o vuelve a él; ni el tipo de lugar ni los demás viajes de la persona dicen qué hizo: «Otros», el propósito O que el modelo ya le daba."
4606,3,140510001004A,Hombres,20,Trabajador independiente,,3,21:00,,Compras (comida),,"Comercio, mercado, tienda o centro comercial",,,,1405100010054,,home,,A PIE,,5,,,,,,
4606,3,140510001004A,Hombres,20,Trabajador independiente,,4,21:10,,Regresar a Casa,,Su casa,,,,home,,home,,A PIE,,5,,,,,,
4663,1,140510001004A,Hombres,59,Empleado,,1,06:00,,Trabajar,,"Hospital, clínica, consultorio, laboratorio clínico",,Su casa,,home,,140390001101A,,AUTOMÓVIL PARTICULAR,,90,,,,,,
4663,1,140510001004A,Hombres,59,Empleado,,2,05:44,15:44,Regresar a Casa,,Su casa,,,,140390001101A,,home,,AUTOMÓVIL PARTICULAR,,90,,,hora_invertida,,,"Decimocuarta revisión: se toma la lectura de las horas de las tablas anteriores (la primera revisión), una sugerencia entre otras: con las reglas de hoy el día queda con un viaje que sale antes de que llegue el anterior, y con esa lectura con una estancia de cero minutos fuera de casa. Cambia: viaje 2 05:44 → 15:44, viaje 3 07:25 → 17:25, viaje 4 08:00 → 20:00, viaje 5 19:04 → 21:30, viaje 6 19:16 → 21:34."
4663,1,140510001004A,Hombres,59,Empleado,,3,07:25,17:25,Trabajar,,"Hospital, clínica, consultorio, laboratorio clínico",,,,home,,140390001101A,,AUTOMÓVIL PARTICULAR,,90,,,,,,"Decimocuarta revisión: se toma la lectura de las horas de las tablas anteriores (la primera revisión), una sugerencia entre otras: con las reglas de hoy el día queda con un viaje que sale antes de que llegue el anterior, y con esa lectura con una estancia de cero minutos fuera de casa. Cambia: viaje 2 05:44 → 15:44, viaje 3 07:25 → 17:25, viaje 4 08:00 → 20:00, viaje 5 19:04 → 21:30, viaje 6 19:16 → 21:34."
4663,1,140510001004A,Hombres,59,Empleado,,4,08:00,20:00,Regresar a Casa,,Su casa,,,,140390001101A,,home,,AUTOMÓVIL PARTICULAR,,90,,,hora_invertida,,,"Decimocuarta revisión: se toma la lectura de las horas de las tablas anteriores (la primera revisión), una sugerencia entre otras: con las reglas de hoy el día queda con un viaje que sale antes de que llegue el anterior, y con esa lectura con una estancia de cero minutos fuera de casa. Cambia: viaje 2 05:44 → 15:44, viaje 3 07:25 → 17:25, viaje 4 08:00 → 20:00, viaje 5 19:04 → 21:30, viaje 6 19:16 → 21:34."
4663,1,140510001004A,Hombres,59,Empleado,,5,19:04,21:30,Deportes o recreación,,Centro cultural o área recreativa,,,,home,,home,,A PIE,,4,,,,,,"Decimocuarta revisión: se toma la lectura de las horas de las tablas anteriores (la primera revisión), una sugerencia entre otras: con las reglas de hoy el día queda con un viaje que sale antes de que llegue el anterior, y con esa lectura con una estancia de cero minutos fuera de casa. Cambia: viaje 2 05:44 → 15:44, viaje 3 07:25 → 17:25, viaje 4 08:00 → 20:00, viaje 5 19:04 → 21:30, viaje 6 19:16 → 21:34."
4663,1,140510001004A,Hombres,59,Empleado,,6,19:16,21:34,Regresar a Casa,,Su casa,,,,home,,home,,A PIE,,4,,,,,,"Decimocuarta revisión: se toma la lectura de las horas de las tablas anteriores (la primera revisión), una sugerencia entre otras: con las reglas de hoy el día queda con un viaje que sale antes de que llegue el anterior, y con esa lectura con una estancia de cero minutos fuera de casa. Cambia: viaje 2 05:44 → 15:44, viaje 3 07:25 → 17:25, viaje 4 08:00 → 20:00, viaje 5 19:04 → 21:30, viaje 6 19:16 → 21:34."
4698,1,1405100010139,Hombres,62,Empleado,,1,19:00,,Trabajar,,Otros (especifique),,Su casa,,home,,1409700340250,,AUTOMÓVIL PARTICULAR,,120,60,,,,,"Decimocuarta revisión: se conserva la decisión de la novena revisión (chain_review_9). Novena revisión: 120 min en AUTOMÓVIL PARTICULAR para 34.5 km en línea recta es más del doble de lo que la encuesta suele reportar para ese modo a esa distancia (60 min, la mediana de 2401 viajes): los minutos son el error, no la hora. Con 60 min llega a las 08:00 y el viaje siguiente sale a las 20:49, 769 min después. Es el mismo recorrido, en el mismo modo, que otro viaje del día cuyos minutos chocaban con la salida siguiente."
4698,1,1405100010139,Hombres,62,Empleado,,2,20:49 → 21:00,20:49,Regresar a Casa,,Su casa,,,,1409700340250,,home,,AUTOMÓVIL PARTICULAR,,120,60,hora:llegada,,changed,,"Decimocuarta revisión: se conserva la decisión de la novena revisión (chain_review_9). Novena revisión: 120 min en AUTOMÓVIL PARTICULAR para 34.5 km en línea recta es más del doble de lo que la encuesta suele reportar para ese modo a esa distancia (60 min, la mediana de 2401 viajes): los minutos son el error, no la hora. Con 60 min llega a las 21:49 y el viaje siguiente sale a las 22:00, 11 min después. Novena revisión: la salida vuelve a las 20:49, la hora que reporta la encuesta: con los minutos de traslado que corrige esta revisión cabe después de la llegada del viaje anterior (08:00); una revisión anterior la había movido a las 20:00 para dejar sitio a los minutos de más. | Decimocuarta revisión: la salida queda a las 20:49, la que dan las reglas al leer de nuevo las horas del día tal como lo dejan las decisiones que se conservan (un renglón quitado, minutos de viaje corregidos, un motivo recodificado); sobre el día registrado daban las 21:00."
4698,1,1405100010139,Hombres,62,Empleado,,3,22:00 → 23:00,22:00,Trabajar,,Otros (especifique),,,,home,,1409700340250,,AUTOMÓVIL PARTICULAR,,120,60,hora:llegada,,changed,,"Decimocuarta revisión: se conserva la decisión de la novena revisión (chain_review_9). Novena revisión: 120 min en AUTOMÓVIL PARTICULAR para 34.5 km en línea recta es más del doble de lo que la encuesta suele reportar para ese modo a esa distancia (60 min, la mediana de 2401 viajes): los minutos son el error, no la hora. Con 60 min llega a las 23:00 y el viaje siguiente sale a las 23:01, 1 min después. | Decimocuarta revisión: la salida queda a las 22:00, la que dan las reglas al leer de nuevo las horas del día tal como lo dejan las decisiones que se conservan (un renglón quitado, minutos de viaje corregidos, un motivo recodificado); sobre el día registrado daban las 23:00."
4698,1,1405100010139,Hombres,62,Empleado,,4,23:01,,Regresar a Casa,,Su casa,,,,1409700340250,,home,,AUTOMÓVIL PARTICULAR,,120,60,,hora_invertida;hora_2301,,,"Decimocuarta revisión: se conserva la decisión de la novena revisión (chain_review_9). Novena revisión: 120 min en AUTOMÓVIL PARTICULAR para 34.5 km en línea recta es más del doble de lo que la encuesta suele reportar para ese modo a esa distancia (60 min, la mediana de 2401 viajes): los minutos son el error, no la hora. Es el último viaje del día. Es el mismo recorrido, en el mismo modo, que otro viaje del día cuyos minutos chocaban con la salida siguiente. Novena revisión: la salida vuelve a las 23:01, la hora que reporta la encuesta: con los minutos de traslado que corrige esta revisión cabe después de la llegada del viaje anterior (23:00); una revisión anterior la había movido a las 00:00 para dejar sitio a los minutos de más."
4738,1,140510001004A,Mujeres,38,Hogar,,1,11:00,,"Compras (bienes, productos y servicios)",,"Comercio, mercado, tienda o centro comercial",,Su casa,,1407000010098,home,home,1407000010098,CAMIÓN O AUTOBÚS,,15,,,inicio_zona_ajena,,,"Decimocuarta revisión: el primer viaje del día, «Compras (bienes, productos y servicios)», se registró de 1407000010098 a casa, el siguiente de casa en adelante, y la persona respondió que el día empezó en su casa: 1407000010098 es adonde fue el viaje y no de donde salió (la lectura de la quinta revisión de los registros rotados). El viaje va de casa a 1407000010098 y el siguiente sale de ahí."
4738,1,140510001004A,Mujeres,38,Hogar,,2,12:30,,Regresar a Casa,,Su casa,,,,home,1407000010098,home,,CAMIÓN O AUTOBÚS,,15,,,,,,"Decimocuarta revisión: el primer viaje del día, «Compras (bienes, productos y servicios)», se registró de 1407000010098 a casa, el siguiente de casa en adelante, y la persona respondió que el día empezó en su casa: 1407000010098 es adonde fue el viaje y no de donde salió (la lectura de la quinta revisión de los registros rotados). El viaje va de casa a 1407000010098 y el siguiente sale de ahí."
4738,1,140510001004A,Mujeres,38,Hogar,,3,18:18,,Otros (especifique),,Otros (especifique),,,,home,,1405100010054,,A PIE,,1,,,,,,
4738,1,140510001004A,Mujeres,38,Hogar,,4,18:22,,Regresar a Casa,,Su casa,,,,1405100010054,,home,,A PIE,,1,,,,,,
4870,2,1403900011715,Hombres,53,Empleado,,1,07:00,,Trabajar,,Oficina,,Su casa,,home,,1403900010030,,AUTOMÓVIL PARTICULAR,,80,40,,,,,"Decimocuarta revisión: se conserva la decisión de la novena revisión (chain_review_9). Novena revisión: 80 min en AUTOMÓVIL PARTICULAR para 8.5 km en línea recta es más del doble de lo que la encuesta suele reportar para ese modo a esa distancia (40 min, la mediana de 5474 viajes): los minutos son el error, no la hora. Con 40 min llega a las 07:40 y el viaje siguiente sale a las 12:48, 308 min después. Es el mismo recorrido, en el mismo modo, que otro viaje del día cuyos minutos chocaban con la salida siguiente."
4870,2,1403900011715,Hombres,53,Empleado,,2,12:48,,Regresar a Casa,,Su casa,,,,1403900010030,,home,,AUTOMÓVIL PARTICULAR,,80,40,,,,,"Decimocuarta revisión: se conserva la decisión de la novena revisión (chain_review_9). Novena revisión: 80 min en AUTOMÓVIL PARTICULAR para 8.5 km en línea recta es más del doble de lo que la encuesta suele reportar para ese modo a esa distancia (40 min, la mediana de 5474 viajes): los minutos son el error, no la hora. Con 40 min llega a las 13:28 y el viaje siguiente sale a las 14:00, 32 min después."
4870,2,1403900011715,Hombres,53,Empleado,,3,14:00 → 14:08,14:00,Trabajar,,Oficina,,,,home,,1403900010030,,AUTOMÓVIL PARTICULAR,,80,40,hora:llegada,,changed,,"Decimocuarta revisión: se conserva la decisión de la novena revisión (chain_review_9). Novena revisión: 80 min en AUTOMÓVIL PARTICULAR para 8.5 km en línea recta es más del doble de lo que la encuesta suele reportar para ese modo a esa distancia (40 min, la mediana de 5474 viajes): los minutos son el error, no la hora. Con 40 min llega a las 14:40 y el viaje siguiente sale a las 17:00, 140 min después. Es el mismo recorrido, en el mismo modo, que otro viaje del día cuyos minutos chocaban con la salida siguiente. Novena revisión: la salida vuelve a las 14:00, la hora que reporta la encuesta: con los minutos de traslado que corrige esta revisión cabe después de la llegada del viaje anterior (13:28); una revisión anterior la había movido a las 14:08 para dejar sitio a los minutos de más. | Decimocuarta revisión: la salida queda a las 14:00, la que dan las reglas al leer de nuevo las horas del día tal como lo dejan las decisiones que se conservan (un renglón quitado, minutos de viaje corregidos, un motivo recodificado); sobre el día registrado daban las 14:08."
4870,2,1403900011715,Hombres,53,Empleado,,4,17:00,,Regresar a Casa,,Su casa,,,,1403900010030,,home,,AUTOMÓVIL PARTICULAR,,80,40,,,,,"Decimocuarta revisión: se conserva la decisión de la novena revisión (chain_review_9). Novena revisión: 80 min en AUTOMÓVIL PARTICULAR para 8.5 km en línea recta es más del doble de lo que la encuesta suele reportar para ese modo a esa distancia (40 min, la mediana de 5474 viajes): los minutos son el error, no la hora. Es el último viaje del día. Es el mismo recorrido, en el mismo modo, que otro viaje del día cuyos minutos chocaban con la salida siguiente."
4885,3,1409800011824,Hombres,29,Empleado,,1,07:00,,Trabajar,,"Hospital, clínica, consultorio, laboratorio clínico",,Su casa,,home,,1409708623414,,AUTOMÓVIL PARTICULAR,,90,45,,,,,"Decimocuarta revisión: se conserva la decisión de la novena revisión (chain_review_9). Novena revisión: 90 min en AUTOMÓVIL PARTICULAR para 13.4 km en línea recta es más del doble de lo que la encuesta suele reportar para ese modo a esa distancia (45 min, la mediana de 4989 viajes): los minutos son el error, no la hora. Con 45 min llega a las 07:45 y el viaje siguiente sale a las 13:49, 364 min después. Es el mismo recorrido, en el mismo modo, que otro viaje del día cuyos minutos chocaban con la salida siguiente."
4885,3,1409800011824,Hombres,29,Empleado,,2,13:49,,Regresar a Casa,,Su casa,,,,1409708623414,,home,,AUTOMÓVIL PARTICULAR,,90,45,,,,,"Decimocuarta revisión: se conserva la decisión de la novena revisión (chain_review_9). Novena revisión: 90 min en AUTOMÓVIL PARTICULAR para 13.4 km en línea recta es más del doble de lo que la encuesta suele reportar para ese modo a esa distancia (45 min, la mediana de 4989 viajes): los minutos son el error, no la hora. Con 45 min llega a las 14:34 y el viaje siguiente sale a las 15:04, 30 min después."
4885,3,1409800011824,Hombres,29,Empleado,,3,15:04 → 15:19,15:04,Trabajar,,"Hospital, clínica, consultorio, laboratorio clínico",,,,home,,1409708623414,,AUTOMÓVIL PARTICULAR,,90,45,hora:llegada,,changed,,"Decimocuarta revisión: se conserva la decisión de la novena revisión (chain_review_9). Novena revisión: 90 min en AUTOMÓVIL PARTICULAR para 13.4 km en línea recta es más del doble de lo que la encuesta suele reportar para ese modo a esa distancia (45 min, la mediana de 4989 viajes): los minutos son el error, no la hora. Con 45 min llega a las 15:49 y el viaje siguiente sale a las 18:00, 131 min después. Es el mismo recorrido, en el mismo modo, que otro viaje del día cuyos minutos chocaban con la salida siguiente. Novena revisión: la salida vuelve a las 15:04, la hora que reporta la encuesta: con los minutos de traslado que corrige esta revisión cabe después de la llegada del viaje anterior (14:34); una revisión anterior la había movido a las 15:19 para dejar sitio a los minutos de más. | Decimocuarta revisión: la salida queda a las 15:04, la que dan las reglas al leer de nuevo las horas del día tal como lo dejan las decisiones que se conservan (un renglón quitado, minutos de viaje corregidos, un motivo recodificado); sobre el día registrado daban las 15:19."
4885,3,1409800011824,Hombres,29,Empleado,,4,18:00,,Regresar a Casa,,Su casa,,,,1409708623414,,home,,AUTOMÓVIL PARTICULAR,,90,45,,,,,"Decimocuarta revisión: se conserva la decisión de la novena revisión (chain_review_9). Novena revisión: 90 min en AUTOMÓVIL PARTICULAR para 13.4 km en línea recta es más del doble de lo que la encuesta suele reportar para ese modo a esa distancia (45 min, la mediana de 4989 viajes): los minutos son el error, no la hora. Es el último viaje del día. Es el mismo recorrido, en el mismo modo, que otro viaje del día cuyos minutos chocaban con la salida siguiente."
4892,1,1403900012268,Hombres,46,Trabajador independiente,,1,05:00,,Trabajar,,"Comercio, mercado, tienda o centro comercial",,Su casa,,home,,1403900011359,,AUTOMÓVIL PARTICULAR,,120,25,,,,,"Decimocuarta revisión: se conserva la decisión de la novena revisión (chain_review_9). Novena revisión: 120 min en AUTOMÓVIL PARTICULAR para 4.8 km en línea recta es más del doble de lo que la encuesta suele reportar para ese modo a esa distancia (25 min, la mediana de 5029 viajes): los minutos son el error, no la hora. Con 25 min llega a las 05:25 y el viaje siguiente sale a las 08:45, 200 min después. Es el mismo recorrido, en el mismo modo, que otro viaje del día cuyos minutos chocaban con la salida siguiente."
4892,1,1403900012268,Hombres,46,Trabajador independiente,,2,08:45,,Regresar a Casa,,Su casa,,,,1403900011359,,home,,AUTOMÓVIL PARTICULAR,,120,25,,,,,"Decimocuarta revisión: se conserva la decisión de la novena revisión (chain_review_9). Novena revisión: 120 min en AUTOMÓVIL PARTICULAR para 4.8 km en línea recta es más del doble de lo que la encuesta suele reportar para ese modo a esa distancia (25 min, la mediana de 5029 viajes): los minutos son el error, no la hora. Con 25 min llega a las 09:10 y el viaje siguiente sale a las 10:25, 75 min después."
4892,1,1403900012268,Hombres,46,Trabajador independiente,,3,10:25 → 10:45,10:25,Trabajar,,"Comercio, mercado, tienda o centro comercial",,,,home,,1403900011359,,AUTOMÓVIL PARTICULAR,,120,25,hora:llegada,,changed,,"Decimocuarta revisión: se conserva la decisión de la novena revisión (chain_review_9). Novena revisión: 120 min en AUTOMÓVIL PARTICULAR para 4.8 km en línea recta es más del doble de lo que la encuesta suele reportar para ese modo a esa distancia (25 min, la mediana de 5029 viajes): los minutos son el error, no la hora. Con 25 min llega a las 10:50 y el viaje siguiente sale a las 12:00, 70 min después. Novena revisión: la salida vuelve a las 10:25, la hora que reporta la encuesta: con los minutos de traslado que corrige esta revisión cabe después de la llegada del viaje anterior (09:10); una revisión anterior la había movido a las 10:30 para dejar sitio a los minutos de más. | Decimocuarta revisión: la salida queda a las 10:25, la que dan las reglas al leer de nuevo las horas del día tal como lo dejan las decisiones que se conservan (un renglón quitado, minutos de viaje corregidos, un motivo recodificado); sobre el día registrado daban las 10:45."
4892,1,1403900012268,Hombres,46,Trabajador independiente,,4,12:00,,Regresar a Casa,,Su casa,,,,1403900011359,,home,,AUTOMÓVIL PARTICULAR,,120,25,,hora_invertida,,,"Decimocuarta revisión: se conserva la decisión de la novena revisión (chain_review_9). Novena revisión: 120 min en AUTOMÓVIL PARTICULAR para 4.8 km en línea recta es más del doble de lo que la encuesta suele reportar para ese modo a esa distancia (25 min, la mediana de 5029 viajes): los minutos son el error, no la hora. Es el último viaje del día. Es el mismo recorrido, en el mismo modo, que otro viaje del día cuyos minutos chocaban con la salida siguiente. Novena revisión: la salida vuelve a las 12:00, la hora que reporta la encuesta: con los minutos de traslado que corrige esta revisión cabe después de la llegada del viaje anterior (10:50); una revisión anterior la había movido a las 12:15 para dejar sitio a los minutos de más."
4901,4,1403900012268,Hombres,49,Empleado,,1,05:00,,Trabajar,,"Comercio, mercado, tienda o centro comercial",,Su casa,,home,,1409800011078,,AUTOMÓVIL PARTICULAR,,120,30,,,,,"Decimocuarta revisión: se conserva la decisión de la novena revisión (chain_review_9). Novena revisión: 120 min en AUTOMÓVIL PARTICULAR para 5.0 km en línea recta es más del doble de lo que la encuesta suele reportar para ese modo a esa distancia (30 min, la mediana de 5549 viajes): los minutos son el error, no la hora. Con 30 min llega a las 05:30 y el viaje siguiente sale a las 06:52, 82 min después."
4901,4,1403900012268,Hombres,49,Empleado,,2,06:52 → 07:00,06:52,Regresar a Casa,,Su casa,,,,1409800011078,,home,,AUTOMÓVIL PARTICULAR,,120,30,hora:llegada,,changed,,"Decimocuarta revisión: se conserva la decisión de la novena revisión (chain_review_9). Novena revisión: 120 min en AUTOMÓVIL PARTICULAR para 5.0 km en línea recta es más del doble de lo que la encuesta suele reportar para ese modo a esa distancia (30 min, la mediana de 5549 viajes): los minutos son el error, no la hora. Con 30 min llega a las 07:22 y el viaje siguiente sale a las 18:10, 648 min después. Es el mismo recorrido, en el mismo modo, que otro viaje del día cuyos minutos chocaban con la salida siguiente. Novena revisión: la salida vuelve a las 06:52, la hora que reporta la encuesta: con los minutos de traslado que corrige esta revisión cabe después de la llegada del viaje anterior (05:30); una revisión anterior la había movido a las 07:00 para dejar sitio a los minutos de más. | Decimocuarta revisión: la salida queda a las 06:52, la que dan las reglas al leer de nuevo las horas del día tal como lo dejan las decisiones que se conservan (un renglón quitado, minutos de viaje corregidos, un motivo recodificado); sobre el día registrado daban las 07:00."
4901,4,1403900012268,Hombres,49,Empleado,,3,08:10 → 18:10,,Trabajar,,"Comercio, mercado, tienda o centro comercial",,,,home,,1409800011078,,AUTOMÓVIL PARTICULAR,,120,30,hora:+10h,,changed,,"Decimocuarta revisión: se conserva la decisión de la novena revisión (chain_review_9). Novena revisión: 120 min en AUTOMÓVIL PARTICULAR para 5.0 km en línea recta es más del doble de lo que la encuesta suele reportar para ese modo a esa distancia (30 min, la mediana de 5549 viajes): los minutos son el error, no la hora. Con 30 min llega a las 18:40 y el viaje siguiente sale a las 21:00, 140 min después. Es el mismo recorrido, en el mismo modo, que otro viaje del día cuyos minutos chocaban con la salida siguiente."
4901,4,1403900012268,Hombres,49,Empleado,,4,09:00 → 21:00,,Regresar a Casa,,Su casa,,,,1409800011078,,home,,AUTOMÓVIL PARTICULAR,,120,30,hora:+12h,,changed,,"Decimocuarta revisión: se conserva la decisión de la novena revisión (chain_review_9). Novena revisión: 120 min en AUTOMÓVIL PARTICULAR para 5.0 km en línea recta es más del doble de lo que la encuesta suele reportar para ese modo a esa distancia (30 min, la mediana de 5549 viajes): los minutos son el error, no la hora. Es el último viaje del día. Es el mismo recorrido, en el mismo modo, que otro viaje del día cuyos minutos chocaban con la salida siguiente."
4938,5,1409800011824,Hombres,29,Empleado,yes,1,06:04,,Trabajar,,Su casa,,Fábrica o taller,Su casa,1407000140558,home,home,1407000140558,Transporte de personal,,15,,,inicio_fuera_de_casa;actividad_en_casa,,,"Decimocuarta revisión: el viaje 1 se registró de 1407000140558 a casa y el siguiente de casa en adelante; la quinta revisión leyó que 1407000140558 es adonde fue, no de donde salió, sobre la lectura de la primera revisión, que empezaba el día en casa. Ninguna regla empieza hoy este día en casa, así que el origen del viaje 1 es la vivienda y la respuesta de dónde empezó el día, «Su casa». | Decimocuarta revisión: se conserva la decisión de la quinta revisión (chain_review_5). Origen y destino rotados en el registro: el viaje 1 se registró de 1407000140558 a casa y el siguiente de casa a otro lado, así que 1407000140558 (Fábrica o taller) es adonde fue y no de donde salió. La primera revisión puso el origen en casa pero dejó el destino en casa (un viaje de casa a casa); aquí el destino es 1407000140558. | Decimocuarta revisión: el viaje 1 se registró de 1407000140558 a casa y el siguiente de casa en adelante; la quinta revisión leyó que 1407000140558 es adonde fue, no de donde salió, sobre la lectura de la primera revisión, que empezaba el día en casa. Ninguna regla empieza hoy este día en casa, así que el origen del viaje 1 es la vivienda y la respuesta de dónde empezó el día, «Su casa»."
4938,5,1409800011824,Hombres,29,Empleado,yes,2,15:05,,Regresar a Casa,,Su casa,,,,home,1407000140558,home,,Transporte de personal,,15,,,,,,"Decimocuarta revisión: se conserva la decisión de la quinta revisión (chain_review_5). Sale de 1407000140558, donde terminó el viaje anterior (el registro lo daba saliendo de casa)."
4943,3,1410100010768,Hombres,21,Empleado,,1,08:20,,Trabajar,,Oficina,,Su casa,,home,,1403900011537,,CAMIÓN O AUTOBÚS,,20,,,,,,
4943,3,1410100010768,Hombres,21,Empleado,,2,20:00,,Regresar a Casa,,Su casa,,,,1403900011537,,home,,AUTOMÓVIL PARTICULAR,,15,,,,,,
4943,3,1410100010768,Hombres,21,Empleado,,3,21:30,,Deportes o recreación,,"Restaurante, bar, cafetería",,,,home,,1403900013800,,CAMIÓN O AUTOBÚS,,25,,,,,,
4943,3,1410100010768,Hombres,21,Empleado,,4,12:00,00:00,Regresar a Casa,,Su casa,,,,1403900013800,,home,,Taxi plataforma (Uber/Didi),,15,,,hora_invertida,,,"Decimocuarta revisión: se toma la lectura de las horas de las tablas anteriores (la duodécima revisión), una sugerencia entre otras: con las reglas de hoy el día queda con un viaje que sale antes de que llegue el anterior, y con esa lectura con ningún problema. Cambia: viaje 4 12:00 → 00:00."
4963,2,1409800011824,Hombres,27,Empleado,yes,1,06:00,,Trabajar,,Su casa,,Fábrica o taller,Su casa,1407000140558,home,home,1407000140558,Transporte de personal,,15,,,inicio_fuera_de_casa;actividad_en_casa,,,"Decimocuarta revisión: el viaje 1 se registró de 1407000140558 a casa y el siguiente de casa en adelante; la quinta revisión leyó que 1407000140558 es adonde fue, no de donde salió, sobre la lectura de la primera revisión, que empezaba el día en casa. Ninguna regla empieza hoy este día en casa, así que el origen del viaje 1 es la vivienda y la respuesta de dónde empezó el día, «Su casa». | Decimocuarta revisión: se conserva la decisión de la quinta revisión (chain_review_5). Origen y destino rotados en el registro: el viaje 1 se registró de 1407000140558 a casa y el siguiente de casa a otro lado, así que 1407000140558 (Fábrica o taller) es adonde fue y no de donde salió. La primera revisión puso el origen en casa pero dejó el destino en casa (un viaje de casa a casa); aquí el destino es 1407000140558. | Decimocuarta revisión: el viaje 1 se registró de 1407000140558 a casa y el siguiente de casa en adelante; la quinta revisión leyó que 1407000140558 es adonde fue, no de donde salió, sobre la lectura de la primera revisión, que empezaba el día en casa. Ninguna regla empieza hoy este día en casa, así que el origen del viaje 1 es la vivienda y la respuesta de dónde empezó el día, «Su casa»."
4963,2,1409800011824,Hombres,27,Empleado,yes,2,15:00,,Regresar a Casa,,Su casa,,,,home,1407000140558,home,,Transporte de personal,,15,,,,,,"Decimocuarta revisión: se conserva la decisión de la quinta revisión (chain_review_5). Sale de 1407000140558, donde terminó el viaje anterior (el registro lo daba saliendo de casa)."
5029,1,1409800013394,Hombres,53,Empleado,,1,07:00,,Trabajar,,Oficina,,Su casa,,1409800010879 → home,,1409800010879,,CAMIÓN O AUTOBÚS,,50,,origen:copia,,changed,,
5029,1,1409800013394,Hombres,53,Empleado,,2,06:43,16:43,Regresar a Casa,,Su casa,,,,1409800010879,,home,,AUTOMÓVIL PARTICULAR,,50,,,hora_invertida,,,"Decimocuarta revisión: se toma la lectura de las horas de las tablas anteriores (la primera revisión), una sugerencia entre otras: con las reglas de hoy el día queda con un viaje que sale antes de que llegue el anterior, y con esa lectura con una estancia de cero minutos fuera de casa. Cambia: viaje 2 06:43 → 16:43, viaje 3 08:18 → 18:18, viaje 4 08:00 → 20:00, viaje 5 18:04 → 20:50, viaje 6 18:06 → 20:51."
5029,1,1409800013394,Hombres,53,Empleado,,3,08:18,18:18,Trabajar,,Oficina,,,,home,,1409800010879,,AUTOMÓVIL PARTICULAR,,50,,,,,,"Decimocuarta revisión: se toma la lectura de las horas de las tablas anteriores (la primera revisión), una sugerencia entre otras: con las reglas de hoy el día queda con un viaje que sale antes de que llegue el anterior, y con esa lectura con una estancia de cero minutos fuera de casa. Cambia: viaje 2 06:43 → 16:43, viaje 3 08:18 → 18:18, viaje 4 08:00 → 20:00, viaje 5 18:04 → 20:50, viaje 6 18:06 → 20:51."
5029,1,1409800013394,Hombres,53,Empleado,,4,08:00,20:00,Regresar a Casa,,Su casa,,,,1409800010879,,home,,AUTOMÓVIL PARTICULAR,,50,,,hora_invertida,,,"Decimocuarta revisión: se toma la lectura de las horas de las tablas anteriores (la primera revisión), una sugerencia entre otras: con las reglas de hoy el día queda con un viaje que sale antes de que llegue el anterior, y con esa lectura con una estancia de cero minutos fuera de casa. Cambia: viaje 2 06:43 → 16:43, viaje 3 08:18 → 18:18, viaje 4 08:00 → 20:00, viaje 5 18:04 → 20:50, viaje 6 18:06 → 20:51."
5029,1,1409800013394,Hombres,53,Empleado,,5,18:04,20:50,Compras (comida),,"Comercio, mercado, tienda o centro comercial",,,,home,,1409800013055,,A PIE,,1,,,,,,"Decimocuarta revisión: se toma la lectura de las horas de las tablas anteriores (la primera revisión), una sugerencia entre otras: con las reglas de hoy el día queda con un viaje que sale antes de que llegue el anterior, y con esa lectura con una estancia de cero minutos fuera de casa. Cambia: viaje 2 06:43 → 16:43, viaje 3 08:18 → 18:18, viaje 4 08:00 → 20:00, viaje 5 18:04 → 20:50, viaje 6 18:06 → 20:51."
5029,1,1409800013394,Hombres,53,Empleado,,6,18:06,20:51,Regresar a Casa,,Su casa,,,,1409800013055,,home,,A PIE,,1,,,,,,"Decimocuarta revisión: se toma la lectura de las horas de las tablas anteriores (la primera revisión), una sugerencia entre otras: con las reglas de hoy el día queda con un viaje que sale antes de que llegue el anterior, y con esa lectura con una estancia de cero minutos fuera de casa. Cambia: viaje 2 06:43 → 16:43, viaje 3 08:18 → 18:18, viaje 4 08:00 → 20:00, viaje 5 18:04 → 20:50, viaje 6 18:06 → 20:51."
5126,3,1410100010452,Mujeres,27,Empleado,,1,05:50,,Trabajar,,"Comercio, mercado, tienda o centro comercial",,Su casa,,home,,1409800011260,,CAMIÓN O AUTOBÚS,,120,60,,,,,"Decimocuarta revisión: se conserva la decisión de la novena revisión (chain_review_9). Novena revisión: 120 min en CAMIÓN O AUTOBÚS para 12.5 km en línea recta es más del doble de lo que la encuesta suele reportar para ese modo a esa distancia (60 min, la mediana de 5803 viajes): los minutos son el error, no la hora. Con 60 min llega a las 06:50 y el viaje siguiente sale a las 17:30, 640 min después. Es el mismo recorrido, en el mismo modo, que otro viaje del día cuyos minutos chocaban con la salida siguiente."
5126,3,1410100010452,Mujeres,27,Empleado,,2,17:30,,Regresar a Casa,,Su casa,,,,1409800011260,,home,,CAMIÓN O AUTOBÚS,,120,60,,,,,"Decimocuarta revisión: se conserva la decisión de la novena revisión (chain_review_9). Novena revisión: 120 min en CAMIÓN O AUTOBÚS para 12.5 km en línea recta es más del doble de lo que la encuesta suele reportar para ese modo a esa distancia (60 min, la mediana de 5803 viajes): los minutos son el error, no la hora. Con 60 min llega a las 18:30 y el viaje siguiente sale a las 19:30, 60 min después."
5126,3,1410100010452,Mujeres,27,Empleado,,3,18:18,18:30,Trabajar,,"Comercio, mercado, tienda o centro comercial",,,,home,,1409800011260,,CAMIÓN O AUTOBÚS,,60,,,hora_invertida,,,"Decimocuarta revisión: la salida queda a las 18:30, la que dan las reglas al leer de nuevo las horas del día tal como lo dejan las decisiones que se conservan (un renglón quitado, minutos de viaje corregidos, un motivo recodificado); sobre el día registrado daban las 18:18."
5126,3,1410100010452,Mujeres,27,Empleado,,4,20:45,,Regresar a Casa,,Su casa,,,,1409800011260,,home,,CAMIÓN O AUTOBÚS,,60,,,,,,
5179,2,1410100011592,Mujeres,31,Hogar,,1,07:55,07:05,Llevar o recoger a alguien,,Escuela,,Su casa,,home,,1410100011573,,MOTOCICLETA,,55,,,,,,"Decimocuarta revisión: se toma la lectura de las horas de las tablas anteriores (la duodécima revisión), una sugerencia entre otras: con las reglas de hoy el día queda con una estancia de 8 horas o más en un mandado o una visita, y con esa lectura con ningún problema. Cambia: viaje 1 07:55 → 07:05, viaje 2 20:00 → 08:00, viaje 3 20:10 → 08:10, viaje 4 20:20 → 08:20, viaje 5 20:55 → 08:55, viaje 6 21:01 → 09:01, viaje 7 21:30 → 09:30."
5179,2,1410100011592,Mujeres,31,Hogar,,2,08:00 → 20:00,08:00,Regresar a Casa,,Su casa,,,,1410100011573,,home,,MOTOCICLETA,,5,,hora:+12h,,changed,,"Decimocuarta revisión: se toma la lectura de las horas de las tablas anteriores (la duodécima revisión), una sugerencia entre otras: con las reglas de hoy el día queda con una estancia de 8 horas o más en un mandado o una visita, y con esa lectura con ningún problema. Cambia: viaje 1 07:55 → 07:05, viaje 2 20:00 → 08:00, viaje 3 20:10 → 08:10, viaje 4 20:20 → 08:20, viaje 5 20:55 → 08:55, viaje 6 21:01 → 09:01, viaje 7 21:30 → 09:30."
5179,2,1410100011592,Mujeres,31,Hogar,,3,08:10 → 20:10,08:10,Llevar o recoger a alguien,,Otros (especifique),,,,home,,1410100272336,,MOTOCICLETA,,10,,hora:+12h,,changed,,"Decimocuarta revisión: se toma la lectura de las horas de las tablas anteriores (la duodécima revisión), una sugerencia entre otras: con las reglas de hoy el día queda con una estancia de 8 horas o más en un mandado o una visita, y con esa lectura con ningún problema. Cambia: viaje 1 07:55 → 07:05, viaje 2 20:00 → 08:00, viaje 3 20:10 → 08:10, viaje 4 20:20 → 08:20, viaje 5 20:55 → 08:55, viaje 6 21:01 → 09:01, viaje 7 21:30 → 09:30."
5179,2,1410100011592,Mujeres,31,Hogar,,4,08:15 → 20:20,08:20,Regresar a Casa,,Su casa,,,,1410100272336,,home,,MOTOCICLETA,,15,,hora:+12h;hora:llegada,,changed,,"Decimocuarta revisión: se toma la lectura de las horas de las tablas anteriores (la duodécima revisión), una sugerencia entre otras: con las reglas de hoy el día queda con una estancia de 8 horas o más en un mandado o una visita, y con esa lectura con ningún problema. Cambia: viaje 1 07:55 → 07:05, viaje 2 20:00 → 08:00, viaje 3 20:10 → 08:10, viaje 4 20:20 → 08:20, viaje 5 20:55 → 08:55, viaje 6 21:01 → 09:01, viaje 7 21:30 → 09:30."
5179,2,1410100011592,Mujeres,31,Hogar,,5,08:55 → 20:55,08:55,Llevar o recoger a alguien,,Escuela,,,,home,,1410100011573,,MOTOCICLETA,,6,,hora:+12h,,changed,,"Decimocuarta revisión: se toma la lectura de las horas de las tablas anteriores (la duodécima revisión), una sugerencia entre otras: con las reglas de hoy el día queda con una estancia de 8 horas o más en un mandado o una visita, y con esa lectura con ningún problema. Cambia: viaje 1 07:55 → 07:05, viaje 2 20:00 → 08:00, viaje 3 20:10 → 08:10, viaje 4 20:20 → 08:20, viaje 5 20:55 → 08:55, viaje 6 21:01 → 09:01, viaje 7 21:30 → 09:30."
5179,2,1410100011592,Mujeres,31,Hogar,,6,09:00 → 21:01,09:01,Regresar a Casa,,Su casa,,,,1410100011573,,home,,MOTOCICLETA,,3,,hora:+12h;hora:llegada,,changed,,"Decimocuarta revisión: se toma la lectura de las horas de las tablas anteriores (la duodécima revisión), una sugerencia entre otras: con las reglas de hoy el día queda con una estancia de 8 horas o más en un mandado o una visita, y con esa lectura con ningún problema. Cambia: viaje 1 07:55 → 07:05, viaje 2 20:00 → 08:00, viaje 3 20:10 → 08:10, viaje 4 20:20 → 08:20, viaje 5 20:55 → 08:55, viaje 6 21:01 → 09:01, viaje 7 21:30 → 09:30."
5179,2,1410100011592,Mujeres,31,Hogar,,7,09:30 → 21:30,09:30,Compras (comida),,"Comercio, mercado, tienda o centro comercial",,,,home,,1410100011573,,MOTOCICLETA,,5,,hora:+12h,fin_fuera_de_casa,changed,,"Decimocuarta revisión: se toma la lectura de las horas de las tablas anteriores (la duodécima revisión), una sugerencia entre otras: con las reglas de hoy el día queda con una estancia de 8 horas o más en un mandado o una visita, y con esa lectura con ningún problema. Cambia: viaje 1 07:55 → 07:05, viaje 2 20:00 → 08:00, viaje 3 20:10 → 08:10, viaje 4 20:20 → 08:20, viaje 5 20:55 → 08:55, viaje 6 21:01 → 09:01, viaje 7 21:30 → 09:30."
5246,1,1410100341978,Hombres,28,Empleado,,1,07:30,,Trabajar,,Fábrica o taller,,Su casa,,home,,1403900013976,,CAMIÓN O AUTOBÚS,,40,,,,,,
5246,1,1410100341978,Hombres,28,Empleado,,2,18:10,13:45,Regresar a Casa,,Su casa,,,,1403900013976,,home,,CAMIÓN O AUTOBÚS,,75,,,,,,"Decimocuarta revisión: ninguna lectura de las horas cierra el día: con las reglas queda un viaje que sale antes de que llegue el anterior, con la de las tablas anteriores menos de media hora en el trabajo o la escuela. Las salidas se mueven lo menos posible (265 min en total) para que ningún viaje salga antes de que llegue el anterior; queda ningún problema. Cambia: viaje 2 18:10 → 13:45."
5246,1,1410100341978,Hombres,28,Empleado,,3,15:00,,Trabajar,,Fábrica o taller,,,,home,,1403900013976,,AUTOMÓVIL PARTICULAR,,40,,,hora_invertida,,,
5246,1,1410100341978,Hombres,28,Empleado,,4,16:30,,Regresar a Casa,,Su casa,,,,1403900013976,,home,,AUTOMÓVIL PARTICULAR,,60,,,,,,
5246,1,1410100341978,Hombres,28,Empleado,,5,17:20 → 17:30,,Llevar o recoger a alguien,,Escuela,,,,home,,1410100342463,,A PIE,,10,,hora:llegada,,changed,,
5246,1,1410100341978,Hombres,28,Empleado,,6,17:35 → 17:40,,Regresar a Casa,,Su casa,,,,1410100342463,,home,,A PIE,,10,,hora:llegada,,changed,,
5265,3,141011963,Hombres,22,Empleado,,1,07:29,,Trabajar,,Fábrica o taller,,Su casa,,home,,1403900013976,,TREN LIGERO,,69,,,,,,
5265,3,141011963,Hombres,22,Empleado,,2,18:13,13:48,Regresar a Casa,,Su casa,,,,1403900013976,,home,,TREN LIGERO,,75,,,,,,"Decimocuarta revisión: ninguna lectura de las horas cierra el día: con las reglas queda un viaje que sale antes de que llegue el anterior, con la de las tablas anteriores menos de media hora en el trabajo o la escuela. Las salidas se mueven lo menos posible (265 min en total) para que ningún viaje salga antes de que llegue el anterior; queda ningún problema. Cambia: viaje 2 18:13 → 13:48."
5265,3,141011963,Hombres,22,Empleado,,3,15:03,,Trabajar,,Fábrica o taller,,,,home,,1403900013976,,AUTOMÓVIL PARTICULAR,,40,,,hora_invertida,,,
5265,3,141011963,Hombres,22,Empleado,,4,16:27,,Regresar a Casa,,Su casa,,,,1403900013976,,home,,AUTOMÓVIL PARTICULAR,,60,,,,,,
5265,3,141011963,Hombres,22,Empleado,,5,17:21 → 17:27,,Llevar o recoger a alguien,,Escuela,,,,home,,1410100342463,,A PIE,,10,,hora:llegada,,changed,,
5265,3,141011963,Hombres,22,Empleado,,6,17:33 → 17:37,,Regresar a Casa,,Su casa,,,,1410100342463,,home,,A PIE,,10,,hora:llegada,,changed,,
5299,3,1410100341978,Hombres,24,Estudiante,,1,07:00,,Estudiar,,Escuela,,Escuela,Su casa,141012552,home,home,141012552,AUTOMÓVIL PARTICULAR,,40,,,inicio_fuera_de_casa,,,"Decimocuarta revisión: el viaje 1 se registró de 141012552 a casa y el siguiente de casa en adelante; la quinta revisión leyó que 141012552 es adonde fue, no de donde salió, sobre la lectura de la primera revisión, que empezaba el día en casa. Ninguna regla empieza hoy este día en casa, así que el origen del viaje 1 es la vivienda y la respuesta de dónde empezó el día, «Su casa». | Decimocuarta revisión: se conserva la decisión de la quinta revisión (chain_review_5). Origen y destino rotados en el registro: el viaje 1 se registró de 141012552 a casa y el siguiente de casa a otro lado, así que 141012552 (Escuela) es adonde fue y no de donde salió. La primera revisión puso el origen en casa pero dejó el destino en casa (un viaje de casa a casa); aquí el destino es 141012552. | Decimocuarta revisión: el viaje 1 se registró de 141012552 a casa y el siguiente de casa en adelante; la quinta revisión leyó que 141012552 es adonde fue, no de donde salió, sobre la lectura de la primera revisión, que empezaba el día en casa. Ninguna regla empieza hoy este día en casa, así que el origen del viaje 1 es la vivienda y la respuesta de dónde empezó el día, «Su casa»."
5299,3,1410100341978,Hombres,24,Estudiante,,2,16:30,,Regresar a Casa,,Su casa,,,,home,141012552,home,,AUTOMÓVIL PARTICULAR,,40,,,,,,"Decimocuarta revisión: se conserva la decisión de la quinta revisión (chain_review_5). Sale de 141012552, donde terminó el viaje anterior (el registro lo daba saliendo de casa)."
5310,5,1410100011323,Hombres,44,Empleado,,1,07:23,,Al médico o atención de salud,,"Hospital, clínica, consultorio, laboratorio clínico",,Su casa,,home,,1410100010861,,A PIE,,3,,,,,,
5310,5,1410100011323,Hombres,44,Empleado,,2,07:32,,Regresar a Casa,,Su casa,,,,1410100010861,,home,,A PIE,,3,,,,,,
5310,5,1410100011323,Hombres,44,Empleado,,3,14:00,,Trabajar,,"Comercio, mercado, tienda o centro comercial",,,,home,,140980001007A,,CAMIÓN O AUTOBÚS,,45,,,,,,
5310,5,1410100011323,Hombres,44,Empleado,,4,19:03,,Regresar a Casa,,Su casa,,,,140980001007A,,home,,CAMIÓN O AUTOBÚS,,55,,,,,,
5310,5,1410100011323,Hombres,44,Empleado,,5,18:09,19:58,Trabajar,,"Comercio, mercado, tienda o centro comercial",,,,home,,140980001007A,,CAMIÓN O AUTOBÚS,,45,,,hora_invertida,,,"Decimocuarta revisión: ninguna lectura de las horas cierra el día: con las reglas queda un viaje que sale antes de que llegue el anterior, con la de las tablas anteriores menos de media hora en el trabajo o la escuela. Las salidas se mueven lo menos posible (109 min en total) para que ningún viaje salga antes de que llegue el anterior; queda menos de media hora en el trabajo o la escuela. Cambia: viaje 5 18:09 → 19:58."
5310,5,1410100011323,Hombres,44,Empleado,,6,20:51,,Regresar a Casa,,Su casa,,,,140980001007A,,home,,CAMIÓN O AUTOBÚS,,55,,,,,,
5314,2,1410100010912,Mujeres,41,Hogar,,1,14:00,,"Compras (bienes, productos y servicios)",,"Comercio, mercado, tienda o centro comercial",,Su casa,,home,,1410100010927,,CAMIÓN O AUTOBÚS,,15,,,,,,
5314,2,1410100010912,Mujeres,41,Hogar,,2,11:00,14:15,Regresar a Casa,,Su casa,,,,1410100010927,,home,,A PIE,,10,,,hora_invertida,,,"Decimocuarta revisión: se toma la lectura de las horas de las tablas anteriores (la duodécima revisión), una sugerencia entre otras: con las reglas de hoy el día queda con un viaje que sale antes de que llegue el anterior, y con esa lectura con una estancia de cero minutos fuera de casa. Cambia: viaje 2 11:00 → 14:15."
5314,2,1410100010912,Mujeres,41,Hogar,,3,19:12,,Llevar o recoger a alguien,,Otra vivienda,,,,home,,home,,A PIE,,14,,,,,,
5314,2,1410100010912,Mujeres,41,Hogar,,4,19:33,,Regresar a Casa,,Su casa,,,,home,,home,,A PIE,,14,,,,,,
5365,2,1410100220113,Hombres,42,Empleado,,1,07:07,,Deportes o recreación,,"Deportivo, gimnasio",,Su casa,,home,,home,,A PIE,,10,,,,,,
5365,2,1410100220113,Hombres,42,Empleado,,2,07:24,,Regresar a Casa,,Su casa,,,,home,,home,,A PIE,,10,,,,,,
5365,2,1410100220113,Hombres,42,Empleado,,3,20:00,08:00,Trabajar,,Otros (especifique),,,,home,,141240090,,AUTOMÓVIL PARTICULAR,,10,,,,,,"Decimocuarta revisión: se toma la lectura de las horas de las tablas anteriores (la primera revisión), una sugerencia entre otras: con las reglas de hoy el día queda con un viaje que sale antes de que llegue el anterior, y con esa lectura con menos de media hora en el trabajo o la escuela. Cambia: viaje 3 20:00 → 08:00, viaje 6 16:00 → 18:00."
5365,2,1410100220113,Hombres,42,Empleado,,4,15:35,,Regresar a Casa,,Su casa,,,,141240090,,home,,AUTOMÓVIL PARTICULAR,,10,,,hora_invertida,,,
5365,2,1410100220113,Hombres,42,Empleado,,5,17:25,,Trabajar,,Otros (especifique),,,,home,,141240090,,AUTOMÓVIL PARTICULAR,,10,,,,,,
5365,2,1410100220113,Hombres,42,Empleado,,6,16:00,18:00,Regresar a Casa,,Su casa,,,,141240090,,home,,AUTOMÓVIL PARTICULAR,,10,,,hora_invertida,,,"Decimocuarta revisión: se toma la lectura de las horas de las tablas anteriores (la primera revisión), una sugerencia entre otras: con las reglas de hoy el día queda con un viaje que sale antes de que llegue el anterior, y con esa lectura con menos de media hora en el trabajo o la escuela. Cambia: viaje 3 20:00 → 08:00, viaje 6 16:00 → 18:00."
5435,2,141010001065A,Mujeres,24,Empleado,,1,07:00,,Trabajar,,"Comercio, mercado, tienda o centro comercial",,Su casa,,home,,141200001301A,,CAMIÓN O AUTOBÚS,,100,,,,,,
5435,2,141010001065A,Mujeres,24,Empleado,,2,17:00,,Regresar a Casa,,Su casa,,,,141200001301A,,home,,CAMIÓN O AUTOBÚS,,130,60,,,,,"Decimocuarta revisión: se conserva la decisión de la novena revisión (chain_review_9). Novena revisión: 130 min en CAMIÓN O AUTOBÚS para 18.5 km en línea recta es más del doble de lo que la encuesta suele reportar para ese modo a esa distancia (60 min, la mediana de 5803 viajes): los minutos son el error, no la hora. Con 60 min llega a las 18:00 y el viaje siguiente sale a las 19:04, 64 min después."
5435,2,141010001065A,Mujeres,24,Empleado,,3,19:04 → 19:10,19:04,"Compras (bienes, productos y servicios)",,"Comercio, mercado, tienda o centro comercial",,,,home,,1410100011164,,A PIE,,12,,hora:llegada,,changed,,"Decimocuarta revisión: la salida queda a las 19:04, la que dan las reglas al leer de nuevo las horas del día tal como lo dejan las decisiones que se conservan (un renglón quitado, minutos de viaje corregidos, un motivo recodificado); sobre el día registrado daban las 19:10."
5435,2,141010001065A,Mujeres,24,Empleado,,4,19:24,,Regresar a Casa,,Su casa,,,,1410100011164,,home,,A PIE,,12,,,,,,
5482,5,1410100010397,Mujeres,17,Estudiante,,1,07:18,,Deportes o recreación,,"Deportivo, gimnasio",,Su casa,,home,,1410100010522,,A PIE,,2,,,,,,
5482,5,1410100010397,Mujeres,17,Estudiante,,2,07:23,,Regresar a Casa,,Su casa,,,,1410100010522,,home,,A PIE,,2,,,,,,
5482,5,1410100010397,Mujeres,17,Estudiante,,3,13:00,,Estudiar,,Escuela,,,,home,,1403900011429,,CAMIÓN O AUTOBÚS,,30,,,,,,
5482,5,1410100010397,Mujeres,17,Estudiante,,4,19:20,16:30,Regresar a Casa,,Su casa,,,,1403900011429,,home,,CAMIÓN O AUTOBÚS,,30,,,,,,"Decimocuarta revisión: se toma la lectura de las horas de las tablas anteriores (la duodécima revisión), una sugerencia entre otras: con las reglas de hoy el día queda con un viaje que sale antes de que llegue el anterior, y con esa lectura con ningún problema. Cambia: viaje 4 19:20 → 16:30."
5482,5,1410100010397,Mujeres,17,Estudiante,,5,17:00,,Compras (comida),,"Comercio, mercado, tienda o centro comercial",,,,home,,home,,A PIE,,5,,,hora_invertida,,,
5482,5,1410100010397,Mujeres,17,Estudiante,,6,17:15,,Regresar a Casa,,Su casa,,,,home,,home,,A PIE,,5,,,,,,
5506,2,1410100010630,Hombres,46,Empleado,,1,07:00,,Trabajar,,"Comercio, mercado, tienda o centro comercial",,Su casa,,1403900011397 → home,,1412000011009,,CAMIÓN O AUTOBÚS,,40,,origen:respuesta,,changed,,
5506,2,1410100010630,Hombres,46,Empleado,,2,14:22,,Regresar a Casa,Otros (especifique),Su casa,Otros (especifique),,,1412000011009,,1403900011397,,CAMIÓN O AUTOBÚS,,45,,,regreso_sin_llegar,,,"Decimocuarta revisión: el regreso a casa termina en 1403900011397, que no es el AGEB del hogar, y el día sigue desde ahí o vuelve a él; ni el tipo de lugar ni los demás viajes de la persona dicen qué hizo: «Otros», el propósito O que el modelo ya le daba."
5506,2,1410100010630,Hombres,46,Empleado,,3,16:58,,Trabajar,,"Comercio, mercado, tienda o centro comercial",,,,1403900011397,,1412000011009,,CAMIÓN O AUTOBÚS,,40,,,,,,
5506,2,1410100010630,Hombres,46,Empleado,,4,18:00,,Regresar a Casa,,Su casa,,,,1412000011009,,home,,CAMIÓN O AUTOBÚS,,45,,,,,,
5560,4,1410100091802,Mujeres,21,Empleado,,1,07:00,,Trabajar,,"Comercio, mercado, tienda o centro comercial",,Su casa,,home,,141200001066A,,CAMIÓN O AUTOBÚS,,120,60,,,,,"Decimocuarta revisión: se conserva la decisión de la novena revisión (chain_review_9). Novena revisión: 120 min en CAMIÓN O AUTOBÚS para 17.9 km en línea recta es más del doble de lo que la encuesta suele reportar para ese modo a esa distancia (60 min, la mediana de 5803 viajes): los minutos son el error, no la hora. Con 60 min llega a las 08:00 y el viaje siguiente sale a las 17:00, 540 min después. Es el mismo recorrido, en el mismo modo, que otro viaje del día cuyos minutos chocaban con la salida siguiente."
5560,4,1410100091802,Mujeres,21,Empleado,,2,17:00,,Regresar a Casa,,Su casa,,,,141200001066A,,home,,CAMIÓN O AUTOBÚS,,120,60,,,,,"Decimocuarta revisión: se conserva la decisión de la novena revisión (chain_review_9). Novena revisión: 120 min en CAMIÓN O AUTOBÚS para 17.9 km en línea recta es más del doble de lo que la encuesta suele reportar para ese modo a esa distancia (60 min, la mediana de 5803 viajes): los minutos son el error, no la hora. Con 60 min llega a las 18:00 y el viaje siguiente sale a las 18:19, 19 min después."
5560,4,1410100091802,Mujeres,21,Empleado,,3,18:19 → 19:00,18:19,Trabajar,,"Comercio, mercado, tienda o centro comercial",,,,home,,141200001066A,,CAMIÓN O AUTOBÚS,,120,60,hora:llegada,,changed,,"Decimocuarta revisión: se conserva la decisión de la novena revisión (chain_review_9). Novena revisión: 120 min en CAMIÓN O AUTOBÚS para 17.9 km en línea recta es más del doble de lo que la encuesta suele reportar para ese modo a esa distancia (60 min, la mediana de 5803 viajes): los minutos son el error, no la hora. Con 60 min llega a las 19:19 y el viaje siguiente sale a las 20:45, 86 min después. Novena revisión: la salida vuelve a las 18:19, la hora que reporta la encuesta: con los minutos de traslado que corrige esta revisión cabe después de la llegada del viaje anterior (18:00); una revisión anterior la había movido a las 19:00 para dejar sitio a los minutos de más. | Decimocuarta revisión: la salida queda a las 18:19, la que dan las reglas al leer de nuevo las horas del día tal como lo dejan las decisiones que se conservan (un renglón quitado, minutos de viaje corregidos, un motivo recodificado); sobre el día registrado daban las 19:00."
5560,4,1410100091802,Mujeres,21,Empleado,,4,20:45 → 21:00,20:45,Regresar a Casa,,Su casa,,,,141200001066A,,home,,CAMIÓN O AUTOBÚS,,120,60,hora:llegada,,changed,,"Decimocuarta revisión: se conserva la decisión de la novena revisión (chain_review_9). Novena revisión: 120 min en CAMIÓN O AUTOBÚS para 17.9 km en línea recta es más del doble de lo que la encuesta suele reportar para ese modo a esa distancia (60 min, la mediana de 5803 viajes): los minutos son el error, no la hora. Es el último viaje del día. Es el mismo recorrido, en el mismo modo, que otro viaje del día cuyos minutos chocaban con la salida siguiente. Novena revisión: la salida vuelve a las 20:45, la hora que reporta la encuesta: con los minutos de traslado que corrige esta revisión cabe después de la llegada del viaje anterior (19:19); una revisión anterior la había movido a las 21:00 para dejar sitio a los minutos de más. | Decimocuarta revisión: la salida queda a las 20:45, la que dan las reglas al leer de nuevo las horas del día tal como lo dejan las decisiones que se conservan (un renglón quitado, minutos de viaje corregidos, un motivo recodificado); sobre el día registrado daban las 21:00."
5568,1,1410100091677,Mujeres,70,Jubilado o pensionado,,1,11:10,,"Compras (bienes, productos y servicios)",,"Comercio, mercado, tienda o centro comercial",,Su casa,,home,,1410100092196,,A PIE,,5,,,,,,
5568,1,1410100091677,Mujeres,70,Jubilado o pensionado,,2,11:20,,Regresar a Casa,,Su casa,,,,1410100092196,,home,,A PIE,,5,,,,,,
5568,1,1410100091677,Mujeres,70,Jubilado o pensionado,,3,14:00,,Compras (comida),,"Comercio, mercado, tienda o centro comercial",,,,home,,1410100092196,,A PIE,,5,,,,,,
5568,1,1410100091677,Mujeres,70,Jubilado o pensionado,,4,14:15,,Regresar a Casa,,Su casa,,,,1410100092196,,1410100092124,home,A PIE,,5,,,regreso_sin_llegar;fin_fuera_de_casa,,,"Decimocuarta revisión: el regreso a casa, último viaje del día, termina en 1410100092124, un AGEB que no es el del hogar y que ningún otro viaje del día toca; el motivo y el tipo de lugar dicen «Su casa»: termina en la vivienda, geocodificada en otro AGEB."
5723,5,1403900010454,Hombres,33,Estudiante,,1,07:11,,Compras (comida),,"Comercio, mercado, tienda o centro comercial",,Su casa,,home,,1403900010473,,A PIE,,4,,,,,,
5723,5,1403900010454,Hombres,33,Estudiante,,2,07:22,,Regresar a Casa,,Su casa,,,,1403900010473,,home,,A PIE,,4,,,,,,
5723,5,1403900010454,Hombres,33,Estudiante,,3,13:21,,Estudiar,,Escuela,,,,home,,140390001119A,,CAMIÓN O AUTOBÚS,,25,,,,,,
5723,5,1403900010454,Hombres,33,Estudiante,,4,19:05,,Regresar a Casa,,Su casa,,,,140390001119A,,home,,CAMIÓN O AUTOBÚS,,25,,,,,,
5723,5,1403900010454,Hombres,33,Estudiante,,5,18:13,19:30,Estudiar,,Escuela,,,,home,,140390001119A,,CAMIÓN O AUTOBÚS,,25,,,hora_invertida,,,"Decimocuarta revisión: ninguna lectura de las horas cierra el día: con las reglas queda un viaje que sale antes de que llegue el anterior, con la de las tablas anteriores menos de media hora en el trabajo o la escuela. Las salidas se mueven lo menos posible (77 min en total) para que ningún viaje salga antes de que llegue el anterior; queda ningún problema. Cambia: viaje 5 18:13 → 19:30."
5723,5,1403900010454,Hombres,33,Estudiante,,6,20:47,,Regresar a Casa,,Su casa,,,,140390001119A,,home,,CAMIÓN O AUTOBÚS,,25,,,,,,
5734,2,1403900010204,Hombres,44,Empleado,,1,10:00,,Trabajar,,"Comercio, mercado, tienda o centro comercial",,Su casa,,home,,1403900010223,,AUTOMÓVIL PARTICULAR,,15,,,,,,
5734,2,1403900010204,Hombres,44,Empleado,,2,02:46,12:46,Regresar a Casa,,Su casa,,,,1403900010223,,home,,AUTOMÓVIL PARTICULAR,,15,,,hora_invertida,,,"Decimocuarta revisión: se toma la lectura de las horas de las tablas anteriores (la primera revisión), una sugerencia entre otras: con las reglas de hoy el día queda con un viaje que sale antes de que llegue el anterior, y con esa lectura con ningún problema. Cambia: viaje 2 02:46 → 12:46, viaje 3 04:21 → 14:21, viaje 4 01:00 → 16:36."
5734,2,1403900010204,Hombres,44,Empleado,,3,04:21,14:21,Trabajar,,"Comercio, mercado, tienda o centro comercial",,,,home,,1403900010223,,AUTOMÓVIL PARTICULAR,,15,,,,,,"Decimocuarta revisión: se toma la lectura de las horas de las tablas anteriores (la primera revisión), una sugerencia entre otras: con las reglas de hoy el día queda con un viaje que sale antes de que llegue el anterior, y con esa lectura con ningún problema. Cambia: viaje 2 02:46 → 12:46, viaje 3 04:21 → 14:21, viaje 4 01:00 → 16:36."
5734,2,1403900010204,Hombres,44,Empleado,,4,01:00,16:36,Regresar a Casa,,Su casa,,,,1403900010223,,home,,AUTOMÓVIL PARTICULAR,,15,,,hora_invertida,,,"Decimocuarta revisión: se toma la lectura de las horas de las tablas anteriores (la primera revisión), una sugerencia entre otras: con las reglas de hoy el día queda con un viaje que sale antes de que llegue el anterior, y con esa lectura con ningún problema. Cambia: viaje 2 02:46 → 12:46, viaje 3 04:21 → 14:21, viaje 4 01:00 → 16:36."
5734,2,1403900010204,Hombres,44,Empleado,,5,18:10,,Deportes o recreación,,Centro cultural o área recreativa,,,,home,,home,,A PIE,,10,,,,,,
5734,2,1403900010204,Hombres,44,Empleado,,6,18:29,,Regresar a Casa,,Su casa,,,,home,,home,,A PIE,,10,,,,,,
5750,1,1403900013891,Hombres,68,Jubilado o pensionado,,1,08:00,,Trabajar,,Oficina,,Su casa,,1403900015597,home,home,1403900015597,CAMIÓN O AUTOBÚS,,15,,,inicio_zona_ajena,,,"Decimocuarta revisión: el primer viaje del día, «Trabajar», se registró de 1403900015597 a casa, el siguiente de casa en adelante, y la persona respondió que el día empezó en su casa: 1403900015597 es adonde fue el viaje y no de donde salió (la lectura de la quinta revisión de los registros rotados). El viaje va de casa a 1403900015597 y el siguiente sale de ahí."
5750,1,1403900013891,Hombres,68,Jubilado o pensionado,,2,14:00,,Regresar a Casa,Otros (especifique),Su casa,Otros (especifique),,,home,1403900015597,1403900015597,,CAMIÓN O AUTOBÚS,,15,,,regreso_sin_llegar,,,"Decimocuarta revisión: el primer viaje del día, «Trabajar», se registró de 1403900015597 a casa, el siguiente de casa en adelante, y la persona respondió que el día empezó en su casa: 1403900015597 es adonde fue el viaje y no de donde salió (la lectura de la quinta revisión de los registros rotados). El viaje va de casa a 1403900015597 y el siguiente sale de ahí. | Decimocuarta revisión: el regreso a casa termina en 1403900015597, que no es el AGEB del hogar, y el día sigue desde ahí o vuelve a él; ni el tipo de lugar ni los demás viajes de la persona dicen qué hizo: «Otros», el propósito O que el modelo ya le daba."
5750,1,1403900013891,Hombres,68,Jubilado o pensionado,,3,18:11,,Trabajar,,Oficina,,,,1403900015597,,home,,CAMIÓN O AUTOBÚS,,15,,,,,,
5750,1,1403900013891,Hombres,68,Jubilado o pensionado,,4,20:41,,Regresar a Casa,Otros (especifique),Su casa,Otros (especifique),,,home,,1403900015597,,CAMIÓN O AUTOBÚS,,15,,,regreso_sin_llegar;fin_fuera_de_casa,,,"Decimocuarta revisión: el regreso a casa termina en 1403900015597, que no es el AGEB del hogar, y el día sigue desde ahí o vuelve a él; ni el tipo de lugar ni los demás viajes de la persona dicen qué hizo: «Otros», el propósito O que el modelo ya le daba."
5833,1,1403900013482,Mujeres,38,Empleado,,1,07:55,,Llevar o recoger a alguien,,Escuela,,Su casa,,home,,1403900013923,,MI MACRO,,50,20,,,,,"Decimocuarta revisión: se conserva la decisión de la novena revisión (chain_review_9). Novena revisión: 50 min en MI MACRO para 1.7 km en línea recta es más del doble de lo que la encuesta suele reportar para ese modo a esa distancia (20 min, la mediana de 156 viajes): los minutos son el error, no la hora. Con 20 min llega a las 08:15 y el viaje siguiente sale a las 08:45, 30 min después."
5833,1,1403900013482,Mujeres,38,Empleado,,2,08:05 → 08:45,08:15,Regresar a Casa,,Su casa,,,,1403900013923,,home,,CAMIÓN O AUTOBÚS,,20,,hora:llegada,,changed,,"Decimocuarta revisión: la salida queda a las 08:15, la que dan las reglas al leer de nuevo las horas del día tal como lo dejan las decisiones que se conservan (un renglón quitado, minutos de viaje corregidos, un motivo recodificado); sobre el día registrado daban las 08:45."
5833,1,1403900013482,Mujeres,38,Empleado,,3,12:25,,Llevar o recoger a alguien,,Escuela,,,,home,,1403900013923,,A PIE,,5,,,,,,
5833,1,1403900013482,Mujeres,38,Empleado,,4,12:35,,Regresar a Casa,,Su casa,,,,1403900013923,,home,,A PIE,,5,,,,,,
5833,1,1403900013482,Mujeres,38,Empleado,,5,16:00,,Trabajar,,"Comercio, mercado, tienda o centro comercial",,,,home,,1403900011359,,MI MACRO,,60,,,,,,
5833,1,1403900013482,Mujeres,38,Empleado,,6,21:00,,Regresar a Casa,,Su casa,,,,1403900011359,,home,,MI MACRO,,60,,,,,,
5834,2,1403900010238,Hombres,33,Empleado,,1,13:00,01:00,Trabajar,,"Restaurante, bar, cafetería",,Su casa,,140390001158A → home,,140390001158A,,AUTOMÓVIL PARTICULAR,,50,,origen:copia,,changed,,"Decimocuarta revisión: se toma la lectura de las horas de las tablas anteriores (la primera revisión), una sugerencia entre otras: con las reglas de hoy el día queda con un viaje que sale antes de que llegue el anterior, y con esa lectura con una salida movida a la madrugada. Cambia: viaje 1 13:00 → 01:00, viaje 4 12:00 → 14:00."
5834,2,1403900010238,Hombres,33,Empleado,,2,10:45,,Regresar a Casa,,Su casa,,,,140390001158A,,home,,AUTOMÓVIL PARTICULAR,,40,,,hora_invertida,,,
5834,2,1403900010238,Hombres,33,Empleado,,3,12:15,,Trabajar,,"Restaurante, bar, cafetería",,,,home,,140390001158A,,AUTOMÓVIL PARTICULAR,,50,,,,,,
5834,2,1403900010238,Hombres,33,Empleado,,4,12:00,14:00,Regresar a Casa,,Su casa,,,,140390001158A,,home,,AUTOMÓVIL PARTICULAR,,40,,,hora_invertida,,,"Decimocuarta revisión: se toma la lectura de las horas de las tablas anteriores (la primera revisión), una sugerencia entre otras: con las reglas de hoy el día queda con un viaje que sale antes de que llegue el anterior, y con esa lectura con una salida movida a la madrugada. Cambia: viaje 1 13:00 → 01:00, viaje 4 12:00 → 14:00."
5834,3,1403900010238,Hombres,27,Empleado,,1,13:07,01:07,Trabajar,,"Restaurante, bar, cafetería",,Su casa,,140390001158A → home,,140390001158A,,AUTOMÓVIL PARTICULAR,,50,,origen:copia,,changed,,"Decimocuarta revisión: se toma la lectura de las horas de las tablas anteriores (la primera revisión), una sugerencia entre otras: con las reglas de hoy el día queda con un viaje que sale antes de que llegue el anterior, y con esa lectura con una salida movida a la madrugada. Cambia: viaje 1 13:07 → 01:07, viaje 4 12:05 → 14:05."
5834,3,1403900010238,Hombres,27,Empleado,,2,10:47,,Regresar a Casa,,Su casa,,,,140390001158A,,home,,AUTOMÓVIL PARTICULAR,,40,,,hora_invertida,,,
5834,3,1403900010238,Hombres,27,Empleado,,3,12:03,,Trabajar,,"Restaurante, bar, cafetería",,,,home,,140390001158A,,AUTOMÓVIL PARTICULAR,,50,,,,,,
5834,3,1403900010238,Hombres,27,Empleado,,4,12:05,14:05,Regresar a Casa,,Su casa,,,,140390001158A,,home,,AUTOMÓVIL PARTICULAR,,40,,,hora_invertida,,,"Decimocuarta revisión: se toma la lectura de las horas de las tablas anteriores (la primera revisión), una sugerencia entre otras: con las reglas de hoy el día queda con un viaje que sale antes de que llegue el anterior, y con esa lectura con una salida movida a la madrugada. Cambia: viaje 1 13:07 → 01:07, viaje 4 12:05 → 14:05."
5840,5,1403900014404,Mujeres,43,Empleado,,1,07:52,,Llevar o recoger a alguien,,Escuela,,Su casa,,home,,1403900013923,,MI MACRO,,50,20,,,,,"Decimocuarta revisión: se conserva la decisión de la novena revisión (chain_review_9). Novena revisión: 50 min en MI MACRO para 1.7 km en línea recta es más del doble de lo que la encuesta suele reportar para ese modo a esa distancia (20 min, la mediana de 156 viajes): los minutos son el error, no la hora. Con 20 min llega a las 08:12 y el viaje siguiente sale a las 08:42, 30 min después."
5840,5,1403900014404,Mujeres,43,Empleado,,2,08:06 → 08:42,08:12,Regresar a Casa,,Su casa,,,,1403900013923,,home,,CAMIÓN O AUTOBÚS,,20,,hora:llegada,,changed,,"Decimocuarta revisión: la salida queda a las 08:12, la que dan las reglas al leer de nuevo las horas del día tal como lo dejan las decisiones que se conservan (un renglón quitado, minutos de viaje corregidos, un motivo recodificado); sobre el día registrado daban las 08:42."
5840,5,1403900014404,Mujeres,43,Empleado,,3,12:25,,Llevar o recoger a alguien,,Escuela,,,,home,,1403900013923,,A PIE,,5,,,,,,
5840,5,1403900014404,Mujeres,43,Empleado,,4,12:35,,Regresar a Casa,,Su casa,,,,1403900013923,,home,,A PIE,,5,,,,,,
5840,5,1403900014404,Mujeres,43,Empleado,,5,16:02,,Trabajar,,"Comercio, mercado, tienda o centro comercial",,,,home,,1403900011359,,MI MACRO,,60,,,,,,
5840,5,1403900014404,Mujeres,43,Empleado,,6,21:00,,Regresar a Casa,,Su casa,,,,1403900011359,,home,,MI MACRO,,60,,,,,,
5905,3,1403900013618,Hombres,50,Empleado,,1,08:00,,Trabajar,,Otra vivienda,,Su casa,,home,,1412000012505,,AUTOMÓVIL PARTICULAR,,120,45,,,,,"Decimocuarta revisión: se conserva la decisión de la novena revisión (chain_review_9). Novena revisión: 120 min en AUTOMÓVIL PARTICULAR para 18.8 km en línea recta es más del doble de lo que la encuesta suele reportar para ese modo a esa distancia (45 min, la mediana de 4989 viajes): los minutos son el error, no la hora. Con 45 min llega a las 08:45 y el viaje siguiente sale a las 12:40, 235 min después. Es el mismo recorrido, en el mismo modo, que otro viaje del día cuyos minutos chocaban con la salida siguiente."
5905,3,1403900013618,Hombres,50,Empleado,,2,12:40,,Regresar a Casa,,Su casa,,,,1412000012505,,home,,AUTOMÓVIL PARTICULAR,,120,45,,,,,"Decimocuarta revisión: se conserva la decisión de la novena revisión (chain_review_9). Novena revisión: 120 min en AUTOMÓVIL PARTICULAR para 18.8 km en línea recta es más del doble de lo que la encuesta suele reportar para ese modo a esa distancia (45 min, la mediana de 4989 viajes): los minutos son el error, no la hora. Con 45 min llega a las 13:25 y el viaje siguiente sale a las 14:24, 59 min después."
5905,3,1403900013618,Hombres,50,Empleado,,3,14:24 → 14:40,14:24,Trabajar,,Otra vivienda,,,,home,,1412000012505,,AUTOMÓVIL PARTICULAR,,120,45,hora:llegada,,changed,,"Decimocuarta revisión: se conserva la decisión de la novena revisión (chain_review_9). Novena revisión: 120 min en AUTOMÓVIL PARTICULAR para 18.8 km en línea recta es más del doble de lo que la encuesta suele reportar para ese modo a esa distancia (45 min, la mediana de 4989 viajes): los minutos son el error, no la hora. Con 45 min llega a las 15:09 y el viaje siguiente sale a las 16:00, 51 min después. Es el mismo recorrido, en el mismo modo, que otro viaje del día cuyos minutos chocaban con la salida siguiente. Novena revisión: la salida vuelve a las 14:24, la hora que reporta la encuesta: con los minutos de traslado que corrige esta revisión cabe después de la llegada del viaje anterior (13:25); una revisión anterior la había movido a las 14:40 para dejar sitio a los minutos de más. | Decimocuarta revisión: la salida queda a las 14:24, la que dan las reglas al leer de nuevo las horas del día tal como lo dejan las decisiones que se conservan (un renglón quitado, minutos de viaje corregidos, un motivo recodificado); sobre el día registrado daban las 14:40."
5905,3,1403900013618,Hombres,50,Empleado,,4,16:00,,Regresar a Casa,,Su casa,,,,1412000012505,,home,,AUTOMÓVIL PARTICULAR,,120,45,,hora_invertida,,,"Decimocuarta revisión: se conserva la decisión de la novena revisión (chain_review_9). Novena revisión: 120 min en AUTOMÓVIL PARTICULAR para 18.8 km en línea recta es más del doble de lo que la encuesta suele reportar para ese modo a esa distancia (45 min, la mediana de 4989 viajes): los minutos son el error, no la hora. Con 45 min llega a las 16:45 y el viaje siguiente sale a las 18:07, 82 min después. Es el mismo recorrido, en el mismo modo, que otro viaje del día cuyos minutos chocaban con la salida siguiente. Novena revisión: la salida vuelve a las 16:00, la hora que reporta la encuesta: con los minutos de traslado que corrige esta revisión cabe después de la llegada del viaje anterior (15:09); una revisión anterior la había movido a las 18:00 para dejar sitio a los minutos de más."
5905,3,1403900013618,Hombres,50,Empleado,,5,18:07,,"Compras (bienes, productos y servicios)",,"Comercio, mercado, tienda o centro comercial",,,,home,,home,,A PIE,,10,,,,,,
5905,3,1403900013618,Hombres,50,Empleado,,6,18:20,,Regresar a Casa,,Su casa,,,,home,,home,,A PIE,,10,,,,,,
5908,4,1403900013590,Mujeres,41,Empleado,,1,07:54,,Llevar o recoger a alguien,,Escuela,,Su casa,,home,,1403900013923,,MI MACRO,,50,20,,,,,"Decimocuarta revisión: se conserva la decisión de la novena revisión (chain_review_9). Novena revisión: 50 min en MI MACRO para 1.3 km en línea recta es más del doble de lo que la encuesta suele reportar para ese modo a esa distancia (20 min, la mediana de 156 viajes): los minutos son el error, no la hora. Con 20 min llega a las 08:14 y el viaje siguiente sale a las 08:44, 30 min después."
5908,4,1403900013590,Mujeres,41,Empleado,,2,08:07 → 08:44,08:14,Regresar a Casa,,Su casa,,,,1403900013923,,home,,CAMIÓN O AUTOBÚS,,20,,hora:llegada,,changed,,"Decimocuarta revisión: la salida queda a las 08:14, la que dan las reglas al leer de nuevo las horas del día tal como lo dejan las decisiones que se conservan (un renglón quitado, minutos de viaje corregidos, un motivo recodificado); sobre el día registrado daban las 08:44."
5908,4,1403900013590,Mujeres,41,Empleado,,3,12:28,,Llevar o recoger a alguien,,Escuela,,,,home,,1403900013923,,A PIE,,5,,,,,,
5908,4,1403900013590,Mujeres,41,Empleado,,4,12:33,,Regresar a Casa,,Su casa,,,,1403900013923,,home,,A PIE,,5,,,,,,
5908,4,1403900013590,Mujeres,41,Empleado,,5,16:00,,Trabajar,,"Comercio, mercado, tienda o centro comercial",,,,home,,1403900011359,,CAMIÓN O AUTOBÚS,,60,,,,,,
5908,4,1403900013590,Mujeres,41,Empleado,,6,21:03,,Regresar a Casa,,Su casa,,,,1403900011359,,home,,CAMIÓN O AUTOBÚS,,60,,,,,,
6139,1,1412000011032,Hombres,26,Empleado,,1,08:00,,Trabajar,,Otros (especifique),,Su casa,,home,,1412000013772,,A PIE,,20,,,,,,
6139,1,1412000011032,Hombres,26,Empleado,,2,09:30,,Trabajar,,"Comercio, mercado, tienda o centro comercial",,,,1412000013772,,1412000013772,,AUTOMÓVIL PARTICULAR,,45,,,,,,
6139,1,1412000011032,Hombres,26,Empleado,,3,21:40,,Regresar a Casa → Trabajar,,Fábrica o taller,,,,1412000013772,,1412000013772,,AUTOMÓVIL PARTICULAR,,45,,motivo:tipo_destino,,changed,,
6139,1,1412000011032,Hombres,26,Empleado,,4,21:50,22:25,Regresar a Casa,,Su casa,,,,1412000013772,,home,,A PIE,,20,,,hora_invertida,,,"Decimocuarta revisión: se toma la lectura de las horas de las tablas anteriores (la primera revisión), una sugerencia entre otras: con las reglas de hoy el día queda con un viaje que sale antes de que llegue el anterior, y con esa lectura con menos de media hora en el trabajo o la escuela. Cambia: viaje 4 21:50 → 22:25."
6172,4,1412000012280,Hombres,16,Estudiante,,1,13:00,,Estudiar,,Escuela,,Su casa,,home,,1412000011032,,CAMIÓN O AUTOBÚS,,15,,,,,,
6172,4,1412000012280,Hombres,16,Estudiante,,2,19:30,,Regresar a Casa,,Su casa,,,,1412000011032,,home,,CAMIÓN O AUTOBÚS,,15,,,,,,
6172,4,1412000012280,Hombres,16,Estudiante,,3,18:23,19:45,Estudiar,,Escuela,,,,home,,1412000011032,,CAMIÓN O AUTOBÚS,,15,,,hora_invertida,,,"Decimocuarta revisión: ninguna lectura de las horas cierra el día: con las reglas queda un viaje que sale antes de que llegue el anterior, con la de las tablas anteriores menos de media hora en el trabajo o la escuela. Las salidas se mueven lo menos posible (82 min en total) para que ningún viaje salga antes de que llegue el anterior; queda ningún problema. Cambia: viaje 3 18:23 → 19:45."
6172,4,1412000012280,Hombres,16,Estudiante,,4,20:42,,Regresar a Casa,,Su casa,,,,1412000011032,,home,,CAMIÓN O AUTOBÚS,,15,,,,,,
6173,1,1412000012242,Hombres,44,Empleado,,1,06:30,,Trabajar,,Oficina,,Su casa,,home,,1412000014198,,CAMIÓN O AUTOBÚS,,90,20,,,,,"Decimocuarta revisión: se conserva la decisión de la novena revisión (chain_review_9). Novena revisión: 90 min en CAMIÓN O AUTOBÚS para 1.3 km en línea recta es más del doble de lo que la encuesta suele reportar para ese modo a esa distancia (20 min, la mediana de 3335 viajes): los minutos son el error, no la hora. Con 20 min llega a las 06:50 y el viaje siguiente sale a las 18:33, 703 min después. Es el mismo recorrido, en el mismo modo, que otro viaje del día cuyos minutos chocaban con la salida siguiente."
6173,1,1412000012242,Hombres,44,Empleado,,2,18:33,,Regresar a Casa,,Su casa,,,,1412000014198,,home,,CAMIÓN O AUTOBÚS,,90,20,,,,,"Decimocuarta revisión: se conserva la decisión de la novena revisión (chain_review_9). Novena revisión: 90 min en CAMIÓN O AUTOBÚS para 1.3 km en línea recta es más del doble de lo que la encuesta suele reportar para ese modo a esa distancia (20 min, la mediana de 3335 viajes): los minutos son el error, no la hora. Con 20 min llega a las 18:53 y el viaje siguiente sale a las 19:52, 59 min después."
6173,1,1412000012242,Hombres,44,Empleado,,3,19:52 → 20:03,19:52,Trabajar,,Oficina,,,,home,,1412000014198,,CAMIÓN O AUTOBÚS,,90,20,hora:llegada,,changed,,"Decimocuarta revisión: se conserva la decisión de la novena revisión (chain_review_9). Novena revisión: 90 min en CAMIÓN O AUTOBÚS para 1.3 km en línea recta es más del doble de lo que la encuesta suele reportar para ese modo a esa distancia (20 min, la mediana de 3335 viajes): los minutos son el error, no la hora. Con 20 min llega a las 20:12 y el viaje siguiente sale a las 21:30, 78 min después. Novena revisión: la salida vuelve a las 19:52, la hora que reporta la encuesta: con los minutos de traslado que corrige esta revisión cabe después de la llegada del viaje anterior (18:53); una revisión anterior la había movido a las 20:03 para dejar sitio a los minutos de más. | Decimocuarta revisión: la salida queda a las 19:52, la que dan las reglas al leer de nuevo las horas del día tal como lo dejan las decisiones que se conservan (un renglón quitado, minutos de viaje corregidos, un motivo recodificado); sobre el día registrado daban las 20:03."
6173,1,1412000012242,Hombres,44,Empleado,,4,21:30 → 21:33,21:30,Regresar a Casa,,Su casa,,,,1412000014198,,home,,CAMIÓN O AUTOBÚS,,90,20,hora:llegada,,changed,,"Decimocuarta revisión: se conserva la decisión de la novena revisión (chain_review_9). Novena revisión: 90 min en CAMIÓN O AUTOBÚS para 1.3 km en línea recta es más del doble de lo que la encuesta suele reportar para ese modo a esa distancia (20 min, la mediana de 3335 viajes): los minutos son el error, no la hora. Es el último viaje del día. Es el mismo recorrido, en el mismo modo, que otro viaje del día cuyos minutos chocaban con la salida siguiente. Novena revisión: la salida vuelve a las 21:30, la hora que reporta la encuesta: con los minutos de traslado que corrige esta revisión cabe después de la llegada del viaje anterior (20:12); una revisión anterior la había movido a las 21:33 para dejar sitio a los minutos de más. | Decimocuarta revisión: la salida queda a las 21:30, la que dan las reglas al leer de nuevo las horas del día tal como lo dejan las decisiones que se conservan (un renglón quitado, minutos de viaje corregidos, un motivo recodificado); sobre el día registrado daban las 21:33."
6213,3,1410100010490,Mujeres,19,Estudiante,,1,08:00,,Estudiar,,Escuela,,Su casa,,home,,1410100010645,,CAMIÓN O AUTOBÚS,,20,,,,,,
6213,3,1410100010490,Mujeres,19,Estudiante,,2,15:00,,Regresar a Casa,,Su casa,,,,1410100010645,,home,,CAMIÓN O AUTOBÚS,,20,,,,,,
6213,3,1410100010490,Mujeres,19,Estudiante,,3,18:00,,Trabajar,,"Comercio, mercado, tienda o centro comercial",,,,home,,home,,A PIE,,15,,,,,,
6213,3,1410100010490,Mujeres,19,Estudiante,,4,12:00,00:00,Regresar a Casa,,Su casa,,,,home,,home,,A PIE,,15,,,hora_invertida,,,"Decimocuarta revisión: se toma la lectura de las horas de las tablas anteriores (la primera revisión), una sugerencia entre otras: con las reglas de hoy el día queda con un viaje que sale antes de que llegue el anterior, y con esa lectura con ningún problema. Cambia: viaje 4 12:00 → 00:00."
6220,5,1410100010537,Mujeres,15,Estudiante,,1,13:00,,Estudiar,,Escuela,,Su casa,,1410100011041,home,home,1410100011041,A PIE,,10,,,inicio_zona_ajena,,,"Decimocuarta revisión: el primer viaje del día, «Estudiar», se registró de 1410100011041 a casa, el siguiente de casa en adelante, y la persona respondió que el día empezó en su casa: 1410100011041 es adonde fue el viaje y no de donde salió (la lectura de la quinta revisión de los registros rotados). El viaje va de casa a 1410100011041 y el siguiente sale de ahí."
6220,5,1410100010537,Mujeres,15,Estudiante,,2,19:00,,Regresar a Casa,,Su casa,,,,home,1410100011041,home,,A PIE,,15,,,,,,"Decimocuarta revisión: el primer viaje del día, «Estudiar», se registró de 1410100011041 a casa, el siguiente de casa en adelante, y la persona respondió que el día empezó en su casa: 1410100011041 es adonde fue el viaje y no de donde salió (la lectura de la quinta revisión de los registros rotados). El viaje va de casa a 1410100011041 y el siguiente sale de ahí."
6289,4,141011963,Hombres,49,Patrón o empresario,,1,04:00,,Trabajar,,"Comercio, mercado, tienda o centro comercial",,Su casa,,home,,999990005,,AUTOMÓVIL PARTICULAR,,120,,,,,,
6289,4,141011963,Hombres,49,Patrón o empresario,,2,06:51,,Regresar a Casa,,Su casa,,,,999990005,,home,,AUTOMÓVIL PARTICULAR,,120,,,,,,
6289,4,141011963,Hombres,49,Patrón o empresario,,3,08:11 → 08:51,,Trabajar,,"Comercio, mercado, tienda o centro comercial",,,,home,,999990005,,AUTOMÓVIL PARTICULAR,,120,,hora:llegada,,changed,,
6289,4,141011963,Hombres,49,Patrón o empresario,,4,09:01,19:01,Regresar a Casa,,Su casa,,,,999990005,,home,,AUTOMÓVIL PARTICULAR,,120,,,hora_invertida,,,"Decimocuarta revisión: se toma la lectura de las horas de las tablas anteriores (la primera revisión), una sugerencia entre otras: con las reglas de hoy el día queda con un viaje que sale antes de que llegue el anterior, y con esa lectura con ningún problema. Cambia: viaje 4 09:01 → 19:01, viaje 5 19:12 → 21:12, viaje 6 19:19 → 21:19."
6289,4,141011963,Hombres,49,Patrón o empresario,,5,19:12,21:12,Otros (especifique),,Otros (especifique),,,,home,,home,,A PIE,,5,,,,,,"Decimocuarta revisión: se toma la lectura de las horas de las tablas anteriores (la primera revisión), una sugerencia entre otras: con las reglas de hoy el día queda con un viaje que sale antes de que llegue el anterior, y con esa lectura con ningún problema. Cambia: viaje 4 09:01 → 19:01, viaje 5 19:12 → 21:12, viaje 6 19:19 → 21:19."
6289,4,141011963,Hombres,49,Patrón o empresario,,6,19:19,21:19,Regresar a Casa,,Su casa,,,,home,,home,,A PIE,,5,,,,,,"Decimocuarta revisión: se toma la lectura de las horas de las tablas anteriores (la primera revisión), una sugerencia entre otras: con las reglas de hoy el día queda con un viaje que sale antes de que llegue el anterior, y con esa lectura con ningún problema. Cambia: viaje 4 09:01 → 19:01, viaje 5 19:12 → 21:12, viaje 6 19:19 → 21:19."
6361,6,1403900010736,Hombres,47,Persona trabajadora del hogar,,1,10:03,,Otros (especifique),,"Deportivo, gimnasio",,Su casa,,home,,1403900011359,,CAMIÓN O AUTOBÚS,,120,25,,,,,"Decimocuarta revisión: se conserva la decisión de la novena revisión (chain_review_9). Novena revisión: 120 min en CAMIÓN O AUTOBÚS para 2.1 km en línea recta es más del doble de lo que la encuesta suele reportar para ese modo a esa distancia (25 min, la mediana de 3370 viajes): los minutos son el error, no la hora. Con 25 min llega a las 10:28 y el viaje siguiente sale a las 12:02, 94 min después."
6361,6,1403900010736,Hombres,47,Persona trabajadora del hogar,,2,10:02 → 12:03,12:02,Deportes o recreación,,"Deportivo, gimnasio",,,,1403900011359,,1403900011359,,CAMIÓN O AUTOBÚS,,120,,hora:-10h+12h;hora:llegada,,changed,,"Decimocuarta revisión: la salida queda a las 12:02, la que dan las reglas al leer de nuevo las horas del día tal como lo dejan las decisiones que se conservan (un renglón quitado, minutos de viaje corregidos, un motivo recodificado); sobre el día registrado daban las 12:03."
6361,6,1403900010736,Hombres,47,Persona trabajadora del hogar,,3,19:09,,Compras (comida),,"Comercio, mercado, tienda o centro comercial",,,,1403900011359,,140390001101A,,A PIE,,11,,,,,,
6361,6,1403900010736,Hombres,47,Persona trabajadora del hogar,,4,19:30,,Deportes o recreación,,Centro cultural o área recreativa,,,,140390001101A,,1403900011359,,A PIE,,11,,,fin_fuera_de_casa,,,
6476,2,1412000012613,Mujeres,22,Empleado,,1,08:00,,Trabajar,,Su casa,,Su casa,,1412000010405,home,home,1412000010405,A PIE,,5,,,inicio_zona_ajena;actividad_en_casa,,,"Decimocuarta revisión: el primer viaje del día, «Trabajar», se registró de 1412000010405 a casa, el siguiente de casa en adelante, y la persona respondió que el día empezó en su casa: 1412000010405 es adonde fue el viaje y no de donde salió (la lectura de la quinta revisión de los registros rotados). El viaje va de casa a 1412000010405 y el siguiente sale de ahí."
6476,2,1412000012613,Mujeres,22,Empleado,,2,17:30,,Regresar a Casa,,Su casa,,,,home,1412000010405,home,,A PIE,,5,,,,,,"Decimocuarta revisión: el primer viaje del día, «Trabajar», se registró de 1412000010405 a casa, el siguiente de casa en adelante, y la persona respondió que el día empezó en su casa: 1412000010405 es adonde fue el viaje y no de donde salió (la lectura de la quinta revisión de los registros rotados). El viaje va de casa a 1412000010405 y el siguiente sale de ahí."
6487,2,1412000012613,Mujeres,27,Empleado,,1,06:00,,Trabajar,,Su casa,,Su casa,,home,,home,,Bicicleta,,5,,,actividad_en_casa,,,
6487,2,1412000012613,Mujeres,27,Empleado,,2,21:00,09:00,Trabajar,,Fábrica o taller,,,,home,,1412000011579,,Bicicleta,,5,,,,,,"Decimocuarta revisión: se toma la lectura de las horas de las tablas anteriores (la primera revisión y la undécima revisión), una sugerencia entre otras: con las reglas de hoy el día queda con menos de media hora en el trabajo o la escuela, y con esa lectura con ningún problema. Cambia: viaje 2 21:00 → 09:00, viaje 3 21:05 → 20:58."
6487,2,1412000012613,Mujeres,27,Empleado,,3,20:58 → 21:05,20:58,Regresar a Casa,,Su casa,,,,1412000011579,,home,,Bicicleta,,5,,hora:llegada,,changed,,"Decimocuarta revisión: se toma la lectura de las horas de las tablas anteriores (la primera revisión y la undécima revisión), una sugerencia entre otras: con las reglas de hoy el día queda con menos de media hora en el trabajo o la escuela, y con esa lectura con ningún problema. Cambia: viaje 2 21:00 → 09:00, viaje 3 21:05 → 20:58."
6488,3,1412000010231,Mujeres,54,Empleado,,1,08:00,,Trabajar,,Oficina,,Su casa,,home,,1412000013293,,Taxi plataforma (Uber/Didi),,20,,,,,,
6488,3,1412000010231,Mujeres,54,Empleado,,2,18:00,,Compras (comida),,"Comercio, mercado, tienda o centro comercial",,,,1412000013293,,1412000012702,,AUTOMÓVIL PARTICULAR,,25,,,,,,
6488,3,1412000010231,Mujeres,54,Empleado,,3,20:00,,Regresar a Casa,,Su casa,,,,1412000012702,,1412000011210,home,AUTOMÓVIL PARTICULAR,,15,,,regreso_sin_llegar;fin_fuera_de_casa,,,"Decimocuarta revisión: el regreso a casa, último viaje del día, termina en 1412000011210, un AGEB que no es el del hogar y que ningún otro viaje del día toca; el motivo y el tipo de lugar dicen «Su casa»: termina en la vivienda, geocodificada en otro AGEB."
6489,4,1412000012613,Mujeres,23,Empleado,,1,07:30,,Trabajar,,Su casa,,Oficina,Su casa,1403900011359,home,home,1403900011359,TREN LIGERO,,25,,,inicio_fuera_de_casa;actividad_en_casa,,,"Decimocuarta revisión: el viaje 1 se registró de 1403900011359 a casa y el siguiente de casa en adelante; la quinta revisión leyó que 1403900011359 es adonde fue, no de donde salió, sobre la lectura de la primera revisión, que empezaba el día en casa. Ninguna regla empieza hoy este día en casa, así que el origen del viaje 1 es la vivienda y la respuesta de dónde empezó el día, «Su casa». | Decimocuarta revisión: se conserva la decisión de la quinta revisión (chain_review_5). Origen y destino rotados en el registro: el viaje 1 se registró de 1403900011359 a casa y el siguiente de casa a otro lado, así que 1403900011359 (Oficina) es adonde fue y no de donde salió. La primera revisión puso el origen en casa pero dejó el destino en casa (un viaje de casa a casa); aquí el destino es 1403900011359. | Decimocuarta revisión: el viaje 1 se registró de 1403900011359 a casa y el siguiente de casa en adelante; la quinta revisión leyó que 1403900011359 es adonde fue, no de donde salió, sobre la lectura de la primera revisión, que empezaba el día en casa. Ninguna regla empieza hoy este día en casa, así que el origen del viaje 1 es la vivienda y la respuesta de dónde empezó el día, «Su casa»."
6489,4,1412000012613,Mujeres,23,Empleado,,2,14:00,,Regresar a Casa,,Su casa,,,,home,1403900011359,home,,CAMIÓN O AUTOBÚS,,35,,,,,,"Decimocuarta revisión: se conserva la decisión de la quinta revisión (chain_review_5). Sale de 1403900011359, donde terminó el viaje anterior (el registro lo daba saliendo de casa)."
6572,1,1412000014249,Hombres,79,Jubilado o pensionado,,1,08:00,,Compras (comida),,"Comercio, mercado, tienda o centro comercial",,Su casa,,1412000012929,home,home,1412000012929,CAMIÓN O AUTOBÚS,,15,,,inicio_zona_ajena,,,"Decimocuarta revisión: el primer viaje del día, «Compras (comida)», se registró de 1412000012929 a casa, el siguiente de casa en adelante, y la persona respondió que el día empezó en su casa: 1412000012929 es adonde fue el viaje y no de donde salió (la lectura de la quinta revisión de los registros rotados). El viaje va de casa a 1412000012929 y el siguiente sale de ahí."
6572,1,1412000014249,Hombres,79,Jubilado o pensionado,,2,09:00,,Trabajar,,Oficina,,,,home,1412000012929,1412000012929,,CAMIÓN O AUTOBÚS,,15,,,,,,"Decimocuarta revisión: el primer viaje del día, «Compras (comida)», se registró de 1412000012929 a casa, el siguiente de casa en adelante, y la persona respondió que el día empezó en su casa: 1412000012929 es adonde fue el viaje y no de donde salió (la lectura de la quinta revisión de los registros rotados). El viaje va de casa a 1412000012929 y el siguiente sale de ahí."
6572,1,1412000014249,Hombres,79,Jubilado o pensionado,,3,20:30,,Regresar a Casa,,Su casa,,,,1412000012929,,home,,CAMIÓN O AUTOBÚS,,15,,,,,,
6575,2,1412000012670,Mujeres,39,Hogar,,1,08:01,,Visitar a alguien,,Otra vivienda,,Su casa,,home,,1412000013185,,CAMIÓN O AUTOBÚS,,45,,,,,,
6575,2,1412000012670,Mujeres,39,Hogar,,2,15:01,,Regresar a Casa,,Su casa,,,,1412000013185,,home,,CAMIÓN O AUTOBÚS,,55,25,,,,,"Decimocuarta revisión: se conserva la decisión de la novena revisión (chain_review_9). Novena revisión: 55 min en CAMIÓN O AUTOBÚS para 2.1 km en línea recta es más del doble de lo que la encuesta suele reportar para ese modo a esa distancia (25 min, la mediana de 3370 viajes): los minutos son el error, no la hora. Con 25 min llega a las 15:26 y el viaje siguiente sale a las 18:13, 167 min después. Es el mismo recorrido, en el mismo modo, que otro viaje del día cuyos minutos chocaban con la salida siguiente."
6575,2,1412000012670,Mujeres,39,Hogar,,3,18:13,,Visitar a alguien,,Otra vivienda,,,,home,,1412000013185,,CAMIÓN O AUTOBÚS,,45,,,,,,
6575,2,1412000012670,Mujeres,39,Hogar,,4,20:40,,Regresar a Casa,,Su casa,,,,1412000013185,,home,,CAMIÓN O AUTOBÚS,,55,25,,,,,"Decimocuarta revisión: se conserva la decisión de la novena revisión (chain_review_9). Novena revisión: 55 min en CAMIÓN O AUTOBÚS para 2.1 km en línea recta es más del doble de lo que la encuesta suele reportar para ese modo a esa distancia (25 min, la mediana de 3370 viajes): los minutos son el error, no la hora. Con 25 min llega a las 21:05 y el viaje siguiente sale a las 21:33, 28 min después."
6575,2,1412000012670,Mujeres,39,Hogar,,5,21:33 → 21:35,21:33,Visitar a alguien,,Otra vivienda,,,,home,,1412000010392,,Mi Bici,,10,,hora:llegada,fin_fuera_de_casa,changed,,"Decimocuarta revisión: la salida queda a las 21:33, la que dan las reglas al leer de nuevo las horas del día tal como lo dejan las decisiones que se conservan (un renglón quitado, minutos de viaje corregidos, un motivo recodificado); sobre el día registrado daban las 21:35."
6585,2,1412000011579,Hombres,49,Empleado,,1,08:00,,Trabajar,,Su casa,,Fábrica o taller,Su casa,1412000011009,home,home,1412000011009,CAMIÓN O AUTOBÚS,,60,,,inicio_fuera_de_casa;actividad_en_casa,,,"Decimocuarta revisión: el viaje 1 se registró de 1412000011009 a casa y el siguiente de casa en adelante; la quinta revisión leyó que 1412000011009 es adonde fue, no de donde salió, sobre la lectura de la primera revisión, que empezaba el día en casa. Ninguna regla empieza hoy este día en casa, así que el origen del viaje 1 es la vivienda y la respuesta de dónde empezó el día, «Su casa». | Decimocuarta revisión: se conserva la decisión de la quinta revisión (chain_review_5). Origen y destino rotados en el registro: el viaje 1 se registró de 1412000011009 a casa y el siguiente de casa a otro lado, así que 1412000011009 (Fábrica o taller) es adonde fue y no de donde salió. La primera revisión puso el origen en casa pero dejó el destino en casa (un viaje de casa a casa); aquí el destino es 1412000011009. | Decimocuarta revisión: el viaje 1 se registró de 1412000011009 a casa y el siguiente de casa en adelante; la quinta revisión leyó que 1412000011009 es adonde fue, no de donde salió, sobre la lectura de la primera revisión, que empezaba el día en casa. Ninguna regla empieza hoy este día en casa, así que el origen del viaje 1 es la vivienda y la respuesta de dónde empezó el día, «Su casa»."
6585,2,1412000011579,Hombres,49,Empleado,,2,19:00,,Regresar a Casa,,Su casa,,,,home,1412000011009,home,,CAMIÓN O AUTOBÚS,,60,,,,,,"Decimocuarta revisión: se conserva la decisión de la quinta revisión (chain_review_5). Sale de 1412000011009, donde terminó el viaje anterior (el registro lo daba saliendo de casa)."
6634,1,1403900010562,Mujeres,34,Empleado,,1,06:45,,Llevar o recoger a alguien,,Escuela,,Su casa,,home,,141200001116A,,AUTOMÓVIL PARTICULAR,,35,15,,,,,"Decimocuarta revisión: se conserva la decisión de la novena revisión (chain_review_9). Novena revisión: 35 min en AUTOMÓVIL PARTICULAR para 1.5 km en línea recta es más del doble de lo que la encuesta suele reportar para ese modo a esa distancia (15 min, la mediana de 3832 viajes): los minutos son el error, no la hora. Con 15 min llega a las 07:00 y el viaje siguiente sale a las 07:15, 15 min después."
6634,1,1403900010562,Mujeres,34,Empleado,,2,07:15 → 07:20,07:15,Trabajar,,Oficina,,,,141200001116A,,1412000011278,,AUTOMÓVIL PARTICULAR,,30,,hora:llegada,,changed,,"Decimocuarta revisión: la salida queda a las 07:15, la que dan las reglas al leer de nuevo las horas del día tal como lo dejan las decisiones que se conservan (un renglón quitado, minutos de viaje corregidos, un motivo recodificado); sobre el día registrado daban las 07:20."
6634,1,1403900010562,Mujeres,34,Empleado,,3,16:00,,Llevar o recoger a alguien,,Otra vivienda,,,,1412000011278,,1403900011043,,AUTOMÓVIL PARTICULAR,,40,,,,,,
6634,1,1403900010562,Mujeres,34,Empleado,,4,18:30,,Regresar a Casa,,Su casa,,,,1403900011043,,home,,AUTOMÓVIL PARTICULAR,,15,,,,,,
6650,2,1403900010929,Mujeres,58,Hogar,,1,09:00,,Visitar a alguien,,Otra vivienda,,Su casa,,home,,1403900010030,,AUTOMÓVIL PARTICULAR,,15,,,,,,
6650,2,1403900010929,Mujeres,58,Hogar,,2,10:15,,Compras (comida),,"Restaurante, bar, cafetería",,,,1403900010030,,1412000014198,,AUTOMÓVIL PARTICULAR,,15,,,,,,
6650,2,1403900010929,Mujeres,58,Hogar,,3,11:40,,Visitar a alguien,,Otra vivienda,,,,1412000014198,,1403900010030,,AUTOMÓVIL PARTICULAR,,15,,,,,,
6650,2,1403900010929,Mujeres,58,Hogar,,4,13:30,,Regresar a Casa,,Su casa,,,,1403900010030,,home,,AUTOMÓVIL PARTICULAR,,25,,,,,,
6650,2,1403900010929,Mujeres,58,Hogar,,5,20:30,,Deportes o recreación,,"Comercio, mercado, tienda o centro comercial",,,,home,,1403900011043,,AUTOMÓVIL PARTICULAR,,10,,,,,,
6650,2,1403900010929,Mujeres,58,Hogar,,6,12:00,00:00,Regresar a Casa,,Su casa,,,,1403900011043,,home,,AUTOMÓVIL PARTICULAR,,10,,,hora_invertida,,,"Decimocuarta revisión: se toma la lectura de las horas de las tablas anteriores (la primera revisión), una sugerencia entre otras: con las reglas de hoy el día queda con un viaje que sale antes de que llegue el anterior, y con esa lectura con ningún problema. Cambia: viaje 6 12:00 → 00:00."
6661,2,1403900010280,Mujeres,49,Hogar,yes,1,07:00,,Llevar o recoger a alguien,,Oficina,,Su casa,,home,,1403900010596,,AUTOMÓVIL PARTICULAR,,30,10,,,,,"Decimocuarta revisión: se conserva la decisión de la novena revisión (chain_review_9). Novena revisión: 30 min en AUTOMÓVIL PARTICULAR para 0.9 km en línea recta es más del doble de lo que la encuesta suele reportar para ese modo a esa distancia (10 min, la mediana de 1718 viajes): los minutos son el error, no la hora. Con 10 min llega a las 07:10 y el viaje siguiente sale a las 07:30, 20 min después."
6661,2,1403900010280,Mujeres,49,Hogar,yes,2,07:30,,Regresar a Casa,,Su casa,,,,1403900010596,,home,,AUTOMÓVIL PARTICULAR,,30,10,,,,,"Decimocuarta revisión: se conserva la decisión de la novena revisión (chain_review_9). Novena revisión: 30 min en AUTOMÓVIL PARTICULAR para 0.9 km en línea recta es más del doble de lo que la encuesta suele reportar para ese modo a esa distancia (10 min, la mediana de 1718 viajes): los minutos son el error, no la hora. Con 10 min llega a las 07:40 y el viaje siguiente sale a las 08:00, 20 min después."
6661,2,1403900010280,Mujeres,49,Hogar,yes,3,07:35 → 08:00,07:40,Llevar o recoger a alguien,,Escuela,,,,home,,1409800011928,,AUTOMÓVIL PARTICULAR,,65,,hora:llegada,,changed,,"Decimocuarta revisión: la salida queda a las 07:40, la que dan las reglas al leer de nuevo las horas del día tal como lo dejan las decisiones que se conservan (un renglón quitado, minutos de viaje corregidos, un motivo recodificado); sobre el día registrado daban las 08:00."
6661,2,1403900010280,Mujeres,49,Hogar,yes,4,08:40 → 09:05,08:45,Regresar a Casa,,Su casa,,,,1409800011928,,home,,AUTOMÓVIL PARTICULAR,,45,,hora:llegada,,changed,,"Decimocuarta revisión: la salida queda a las 08:45, la que dan las reglas al leer de nuevo las horas del día tal como lo dejan las decisiones que se conservan (un renglón quitado, minutos de viaje corregidos, un motivo recodificado); sobre el día registrado daban las 09:05."
6661,2,1403900010280,Mujeres,49,Hogar,yes,5,15:00,,Llevar o recoger a alguien,,Escuela,,,,home,,1409800011928,,AUTOMÓVIL PARTICULAR,,65,,,,,,
6661,2,1403900010280,Mujeres,49,Hogar,yes,6,16:30,,Regresar a Casa,,Su casa,,,,1409800011928,,home,,AUTOMÓVIL PARTICULAR,,45,,,,,,
6699,1,1403900011293,Hombres,66,Empleado,,1,08:20,,Otros (especifique),,Otros (especifique),,Su casa,,home,,1403900011560,,A PIE,,11,,,,,,
6699,1,1403900011293,Hombres,66,Empleado,,2,08:38,,Regresar a Casa,,Su casa,,,,1403900011560,,home,,A PIE,,11,,,,,,
6699,1,1403900011293,Hombres,66,Empleado,,3,12:30,10:40,Trabajar,,Escuela,,,,home,,140980001053A,,AUTOMÓVIL PARTICULAR,,20,,,,,,"Decimocuarta revisión: ninguna lectura de las horas cierra el día: con las reglas queda un viaje que sale antes de que llegue el anterior, con la de las tablas anteriores menos de media hora en el trabajo o la escuela. Las salidas se mueven lo menos posible (110 min en total) para que ningún viaje salga antes de que llegue el anterior; queda menos de media hora en el trabajo o la escuela. Cambia: viaje 3 12:30 → 10:40."
6699,1,1403900011293,Hombres,66,Empleado,,4,11:00,,Regresar a Casa,,Su casa,,,,140980001053A,,home,,AUTOMÓVIL PARTICULAR,,20,,,hora_invertida,,,
6699,1,1403900011293,Hombres,66,Empleado,,5,12:30,,Trabajar,,"Hospital, clínica, consultorio, laboratorio clínico",,,,home,,1412000010392,,AUTOMÓVIL PARTICULAR,,30,,,,,,
6699,1,1403900011293,Hombres,66,Empleado,,6,20:14,,Regresar a Casa,,Su casa,,,,1412000010392,,home,,AUTOMÓVIL PARTICULAR,,35,,,,,,
6766,1,1403900010933,Hombres,25,Estudiante,,1,08:24,,Compras (comida),,"Comercio, mercado, tienda o centro comercial",,Su casa,,home,,home,,A PIE,,2,,,,,,
6766,1,1403900010933,Hombres,25,Estudiante,,2,08:35,,Regresar a Casa,,Su casa,,,,home,,home,,A PIE,,2,,,,,,
6766,1,1403900010933,Hombres,25,Estudiante,,3,19:30,09:30,Estudiar,,Escuela,,,,home,,141200001098A,,MOTOCICLETA,,20,,,,,,"Decimocuarta revisión: se toma la lectura de las horas de las tablas anteriores (la primera revisión), una sugerencia entre otras: con las reglas de hoy el día queda con un viaje que sale antes de que llegue el anterior, y con esa lectura con ningún problema. Cambia: viaje 3 19:30 → 09:30, viaje 6 12:00 → 00:00."
6766,1,1403900010933,Hombres,25,Estudiante,,4,14:40,,Regresar a Casa,,Su casa,,,,141200001098A,,home,,MOTOCICLETA,,25,,,hora_invertida,,,
6766,1,1403900010933,Hombres,25,Estudiante,,5,18:30,,"Compras (bienes, productos y servicios)",,"Comercio, mercado, tienda o centro comercial",,,,home,,1403900011310,,MOTOCICLETA,,15,,,,,,
6766,1,1403900010933,Hombres,25,Estudiante,,6,12:00,00:00,Regresar a Casa,,Su casa,,,,1403900011310,,home,,MOTOCICLETA,,25,,,hora_invertida,,,"Decimocuarta revisión: se toma la lectura de las horas de las tablas anteriores (la primera revisión), una sugerencia entre otras: con las reglas de hoy el día queda con un viaje que sale antes de que llegue el anterior, y con esa lectura con ningún problema. Cambia: viaje 3 19:30 → 09:30, viaje 6 12:00 → 00:00."
6821,1,1412000011155,Hombres,53,Empleado,,1,20:00,08:00,Trabajar,,Oficina,,Su casa,,home,,1403900011147,,AUTOMÓVIL PARTICULAR,,35,,,,,,"Decimocuarta revisión: se toma la lectura de las horas de las tablas anteriores (la primera revisión), una sugerencia entre otras: con las reglas de hoy el día queda con un viaje que sale antes de que llegue el anterior, y con esa lectura con ningún problema. Cambia: viaje 1 20:00 → 08:00, viaje 3 18:26 → 17:27, viaje 4 17:00 → 19:01."
6821,1,1412000011155,Hombres,53,Empleado,,2,16:47,,Regresar a Casa,,Su casa,,,,1403900011147,,home,,AUTOMÓVIL PARTICULAR,,40,,,hora_invertida,,,
6821,1,1412000011155,Hombres,53,Empleado,,3,18:26,17:27,Trabajar,,Oficina,,,,home,,1403900011147,,AUTOMÓVIL PARTICULAR,,35,,,,,,"Decimocuarta revisión: se toma la lectura de las horas de las tablas anteriores (la primera revisión), una sugerencia entre otras: con las reglas de hoy el día queda con un viaje que sale antes de que llegue el anterior, y con esa lectura con ningún problema. Cambia: viaje 1 20:00 → 08:00, viaje 3 18:26 → 17:27, viaje 4 17:00 → 19:01."
6821,1,1412000011155,Hombres,53,Empleado,,4,17:00,19:01,Regresar a Casa,,Su casa,,,,1403900011147,,home,,AUTOMÓVIL PARTICULAR,,40,,,hora_invertida,,,"Decimocuarta revisión: se toma la lectura de las horas de las tablas anteriores (la primera revisión), una sugerencia entre otras: con las reglas de hoy el día queda con un viaje que sale antes de que llegue el anterior, y con esa lectura con ningún problema. Cambia: viaje 1 20:00 → 08:00, viaje 3 18:26 → 17:27, viaje 4 17:00 → 19:01."
6834,1,1412000011193,Hombres,64,Profesor,,1,06:30,,Trabajar,,Escuela,,Su casa,,home,,1403900013641,,AUTOMÓVIL PARTICULAR,,120,45,,,,,"Decimocuarta revisión: se conserva la decisión de la novena revisión (chain_review_9). Novena revisión: 120 min en AUTOMÓVIL PARTICULAR para 13.0 km en línea recta es más del doble de lo que la encuesta suele reportar para ese modo a esa distancia (45 min, la mediana de 4989 viajes): los minutos son el error, no la hora. Con 45 min llega a las 07:15 y el viaje siguiente sale a las 13:00, 345 min después. Es el mismo recorrido, en el mismo modo, que otro viaje del día cuyos minutos chocaban con la salida siguiente."
6834,1,1412000011193,Hombres,64,Profesor,,2,13:00,,Compras (comida),,"Comercio, mercado, tienda o centro comercial",,,,1403900013641,,1403900013641,,A PIE,,7,,,,,,
6834,1,1412000011193,Hombres,64,Profesor,,3,14:30,,Trabajar,,Escuela,,,,1403900013641,,1403900013641,,A PIE,,7,,,,,,
6834,1,1412000011193,Hombres,64,Profesor,,4,20:00,,Regresar a Casa,,Su casa,,,,1403900013641,,home,,AUTOMÓVIL PARTICULAR,,110,45,,,,,"Decimocuarta revisión: se conserva la decisión de la novena revisión (chain_review_9). Novena revisión: 110 min en AUTOMÓVIL PARTICULAR para 13.0 km en línea recta es más del doble de lo que la encuesta suele reportar para ese modo a esa distancia (45 min, la mediana de 4989 viajes): los minutos son el error, no la hora. Con 45 min llega a las 20:45 y el viaje siguiente sale a las 21:40, 55 min después."
6834,1,1412000011193,Hombres,64,Profesor,,5,21:40 → 21:50,21:40,"Compras (bienes, productos y servicios)",,Otra vivienda,,,,home,,1412000011210,,A PIE,,5,,hora:llegada,,changed,,"Decimocuarta revisión: la salida queda a las 21:40, la que dan las reglas al leer de nuevo las horas del día tal como lo dejan las decisiones que se conservan (un renglón quitado, minutos de viaje corregidos, un motivo recodificado); sobre el día registrado daban las 21:50."
6834,1,1412000011193,Hombres,64,Profesor,,6,21:55,,Regresar a Casa,,Su casa,,,,1412000011210,,home,,A PIE,,5,,,,,,
6859,3,1412000011193,Mujeres,31,Empleado,,1,05:00,,Trabajar,,Otra vivienda,,Su casa,,home,,999990005,,AUTOMÓVIL PARTICULAR,,120,,,,,,
6859,3,1412000011193,Mujeres,31,Empleado,,2,07:47,,Regresar a Casa,,Su casa,,,,999990005,,home,,AUTOMÓVIL PARTICULAR,,120,,,,,,
6859,3,1412000011193,Mujeres,31,Empleado,,3,09:27 → 09:47,,Trabajar,,Otra vivienda,,,,home,,999990005,,AUTOMÓVIL PARTICULAR,,120,,hora:llegada,,changed,,
6859,3,1412000011193,Mujeres,31,Empleado,,4,10:01,11:47,Regresar a Casa,,Su casa,,,,999990005,,home,,AUTOMÓVIL PARTICULAR,,120,,,hora_invertida,,,"Decimocuarta revisión: ninguna lectura de las horas cierra el día: con las reglas queda un viaje que sale antes de que llegue el anterior, con la de las tablas anteriores menos de media hora en el trabajo o la escuela. Las salidas se mueven lo menos posible (106 min en total) para que ningún viaje salga antes de que llegue el anterior; queda menos de media hora en el trabajo o la escuela. Cambia: viaje 4 10:01 → 11:47."
6859,3,1412000011193,Mujeres,31,Empleado,,5,19:18,,Deportes o recreación,,"Deportivo, gimnasio",,,,home,,home,,A PIE,,7,,,,,,
6859,3,1412000011193,Mujeres,31,Empleado,,6,19:35,,Regresar a Casa,,Su casa,,,,home,,home,,A PIE,,7,,,,,,
6884,1,1412000011193,Mujeres,31,,,1,14:00,,Visitar a alguien,,Otra vivienda,,Su casa,,1412000010617,home,home,1412000010617,A PIE,,10,,,inicio_zona_ajena,,,"Decimocuarta revisión: el primer viaje del día, «Visitar a alguien», se registró de 1412000010617 a casa, el siguiente de casa en adelante, y la persona respondió que el día empezó en su casa: 1412000010617 es adonde fue el viaje y no de donde salió (la lectura de la quinta revisión de los registros rotados). El viaje va de casa a 1412000010617 y el siguiente sale de ahí."
6884,1,1412000011193,Mujeres,31,,,2,17:00,,Regresar a Casa,,Su casa,,,,home,1412000010617,home,,A PIE,,10,,,,,,"Decimocuarta revisión: el primer viaje del día, «Visitar a alguien», se registró de 1412000010617 a casa, el siguiente de casa en adelante, y la persona respondió que el día empezó en su casa: 1412000010617 es adonde fue el viaje y no de donde salió (la lectura de la quinta revisión de los registros rotados). El viaje va de casa a 1412000010617 y el siguiente sale de ahí."
6926,3,1412000011155,Hombres,28,Empleado,,1,19:00,09:00,Trabajar,,"Comercio, mercado, tienda o centro comercial",,Su casa,,home,,1412000011206,,AUTOMÓVIL PARTICULAR,,35,,,,,,"Decimocuarta revisión: se toma la lectura de las horas de las tablas anteriores (las reglas anteriores), una sugerencia entre otras: con las reglas de hoy el día queda con un viaje que sale antes de que llegue el anterior, y con esa lectura con menos de media hora en el trabajo o la escuela. Cambia: viaje 1 19:00 → 09:00, viaje 4 16:00 → 18:00."
6926,3,1412000011155,Hombres,28,Empleado,,2,15:38,,Regresar a Casa,,Su casa,,,,1412000011206,,home,,AUTOMÓVIL PARTICULAR,,30,,,hora_invertida,,,
6926,3,1412000011155,Hombres,28,Empleado,,3,17:05,,Trabajar,,"Comercio, mercado, tienda o centro comercial",,,,home,,1412000011206,,AUTOMÓVIL PARTICULAR,,35,,,,,,
6926,3,1412000011155,Hombres,28,Empleado,,4,16:00,18:00,Regresar a Casa,,Su casa,,,,1412000011206,,home,,AUTOMÓVIL PARTICULAR,,30,,,hora_invertida,,,"Decimocuarta revisión: se toma la lectura de las horas de las tablas anteriores (las reglas anteriores), una sugerencia entre otras: con las reglas de hoy el día queda con un viaje que sale antes de que llegue el anterior, y con esa lectura con menos de media hora en el trabajo o la escuela. Cambia: viaje 1 19:00 → 09:00, viaje 4 16:00 → 18:00."
6929,3,1412000012914,Hombres,21,Empleado,,1,22:00,10:00,Trabajar,,Otra vivienda,,Su casa,,home,,1407000130238,,AUTOMÓVIL PARTICULAR,,30,,,,,,"Decimocuarta revisión: se toma la lectura de las horas de las tablas anteriores (la primera revisión), una sugerencia entre otras: con las reglas de hoy el día queda con un viaje que sale antes de que llegue el anterior, y con esa lectura con ningún problema. Cambia: viaje 1 22:00 → 10:00, viaje 2 08:00 → 20:00, viaje 3 15:00 → 05:00."
6929,3,1412000012914,Hombres,21,Empleado,,2,08:00,20:00,Estudiar,,Escuela,,,,1407000130238,,1403900014546,,AUTOMÓVIL PARTICULAR,,30,,,hora_invertida,,,"Decimocuarta revisión: se toma la lectura de las horas de las tablas anteriores (la primera revisión), una sugerencia entre otras: con las reglas de hoy el día queda con un viaje que sale antes de que llegue el anterior, y con esa lectura con ningún problema. Cambia: viaje 1 22:00 → 10:00, viaje 2 08:00 → 20:00, viaje 3 15:00 → 05:00."
6929,3,1412000012914,Hombres,21,Empleado,,3,15:00,05:00,Regresar a Casa,,Su casa,,,,1403900014546,,home,,AUTOMÓVIL PARTICULAR,,30,,,,,,"Decimocuarta revisión: se toma la lectura de las horas de las tablas anteriores (la primera revisión), una sugerencia entre otras: con las reglas de hoy el día queda con un viaje que sale antes de que llegue el anterior, y con esa lectura con ningún problema. Cambia: viaje 1 22:00 → 10:00, viaje 2 08:00 → 20:00, viaje 3 15:00 → 05:00."
6949,2,1412000011210,Hombres,36,Empleado,,1,18:00,08:00,Trabajar,,Otros (especifique),,Su casa,,home,,1410100010931,,AUTOMÓVIL PARTICULAR,,90,,,,,,"Decimocuarta revisión: se toma la lectura de las horas de las tablas anteriores (las reglas anteriores), una sugerencia entre otras: con las reglas de hoy el día queda con un viaje que sale antes de que llegue el anterior, y con esa lectura con menos de media hora en el trabajo o la escuela. Cambia: viaje 1 18:00 → 08:00, viaje 4 17:00 → 19:00."
6949,2,1412000011210,Hombres,36,Empleado,,2,15:31,,Regresar a Casa,,Su casa,,,,1410100010931,,home,,AUTOMÓVIL PARTICULAR,,90,,,hora_invertida,,,
6949,2,1412000011210,Hombres,36,Empleado,,3,17:01,,Trabajar,,Otros (especifique),,,,home,,1410100010931,,AUTOMÓVIL PARTICULAR,,90,,,,,,
6949,2,1412000011210,Hombres,36,Empleado,,4,17:00,19:00,Regresar a Casa,,Su casa,,,,1410100010931,,home,,AUTOMÓVIL PARTICULAR,,90,,,hora_invertida,,,"Decimocuarta revisión: se toma la lectura de las horas de las tablas anteriores (las reglas anteriores), una sugerencia entre otras: con las reglas de hoy el día queda con un viaje que sale antes de que llegue el anterior, y con esa lectura con menos de media hora en el trabajo o la escuela. Cambia: viaje 1 18:00 → 08:00, viaje 4 17:00 → 19:00."
6987,1,141200001116A,Hombres,23,Estudiante,,1,09:20,,Trabajar,,Otra vivienda,,"Comercio, mercado, tienda o centro comercial → Su casa",,1412000013306 → home,,1412000013306,,AUTOMÓVIL PARTICULAR,,40,15,origen:copia;tipo_origen:copia,,changed,,"Decimocuarta revisión: se conserva la decisión de la novena revisión (chain_review_9). Novena revisión: 40 min en AUTOMÓVIL PARTICULAR para 1.9 km en línea recta es más del doble de lo que la encuesta suele reportar para ese modo a esa distancia (15 min, la mediana de 3832 viajes): los minutos son el error, no la hora. Con 15 min llega a las 09:35 y el viaje siguiente sale a las 09:55, 20 min después."
6987,1,141200001116A,Hombres,23,Estudiante,,2,09:55 → 10:00,09:55,Regresar a Casa,,Su casa,,,,1412000013306,,home,,AUTOMÓVIL PARTICULAR,,30,15,tipo_origen:copia;hora:llegada,,changed,,"Decimocuarta revisión: se conserva la decisión de la novena revisión (chain_review_9). Novena revisión: 30 min en AUTOMÓVIL PARTICULAR para 1.9 km en línea recta es más del doble de lo que la encuesta suele reportar para ese modo a esa distancia (15 min, la mediana de 3832 viajes): los minutos son el error, no la hora. Con 15 min llega a las 10:10 y el viaje siguiente sale a las 11:04, 54 min después. Es el mismo recorrido, en el mismo modo, que otro viaje del día cuyos minutos chocaban con la salida siguiente. Novena revisión: la salida vuelve a las 09:55, la hora que reporta la encuesta: con los minutos de traslado que corrige esta revisión cabe después de la llegada del viaje anterior (09:35); una revisión anterior la había movido a las 10:00 para dejar sitio a los minutos de más. | Decimocuarta revisión: la salida queda a las 09:55, la que dan las reglas al leer de nuevo las horas del día tal como lo dejan las decisiones que se conservan (un renglón quitado, minutos de viaje corregidos, un motivo recodificado); sobre el día registrado daban las 10:00."
6987,1,141200001116A,Hombres,23,Estudiante,,3,11:04,,Trabajar,,Otra vivienda,,,,home,,1412000013306,,AUTOMÓVIL PARTICULAR,,40,15,tipo_origen:copia,,changed,,"Decimocuarta revisión: se conserva la decisión de la novena revisión (chain_review_9). Novena revisión: 40 min en AUTOMÓVIL PARTICULAR para 1.9 km en línea recta es más del doble de lo que la encuesta suele reportar para ese modo a esa distancia (15 min, la mediana de 3832 viajes): los minutos son el error, no la hora. Con 15 min llega a las 11:19 y el viaje siguiente sale a las 12:30, 71 min después. Es el mismo recorrido, en el mismo modo, que otro viaje del día cuyos minutos chocaban con la salida siguiente."
6987,1,141200001116A,Hombres,23,Estudiante,,4,12:30,,Regresar a Casa,,Su casa,,,,1412000013306,,home,,AUTOMÓVIL PARTICULAR,,30,15,tipo_origen:copia,,changed,,"Decimocuarta revisión: se conserva la decisión de la novena revisión (chain_review_9). Novena revisión: 30 min en AUTOMÓVIL PARTICULAR para 1.9 km en línea recta es más del doble de lo que la encuesta suele reportar para ese modo a esa distancia (15 min, la mediana de 3832 viajes): los minutos son el error, no la hora. Es el último viaje del día. Es el mismo recorrido, en el mismo modo, que otro viaje del día cuyos minutos chocaban con la salida siguiente."
7002,2,1412000012914,Mujeres,61,Hogar,,1,07:00,,Al médico o atención de salud,,"Hospital, clínica, consultorio, laboratorio clínico",,Su casa,,home,,1412000014605,,AUTOMÓVIL PARTICULAR,,35,,,,,,
7002,2,1412000012914,Mujeres,61,Hogar,,2,09:00,,Compras (comida),,"Comercio, mercado, tienda o centro comercial",,,,1412000014605,,1412000014376,,AUTOMÓVIL PARTICULAR,,35,,,,,,
7002,2,1412000012914,Mujeres,61,Hogar,,3,12:00,,Regresar a Casa,,Su casa,,,,1412000014376,,home,,AUTOMÓVIL PARTICULAR,,30,,,,,,
7002,2,1412000012914,Mujeres,61,Hogar,,4,19:00,,Deportes o recreación,,"Comercio, mercado, tienda o centro comercial",,,,home,,1412000013293,,Taxi plataforma (Uber/Didi),,20,,,,,,
7002,2,1412000012914,Mujeres,61,Hogar,,5,12:00,00:00,Regresar a Casa,,Su casa,,,,1412000013293,,home,,Taxi plataforma (Uber/Didi),,25,,,hora_invertida,,,"Decimocuarta revisión: se toma la lectura de las horas de las tablas anteriores (la primera revisión), una sugerencia entre otras: con las reglas de hoy el día queda con un viaje que sale antes de que llegue el anterior, y con esa lectura con ningún problema. Cambia: viaje 5 12:00 → 00:00."
7002,4,1412000012914,Mujeres,41,Hogar,,1,10:40,,Visitar a alguien,,"Comercio, mercado, tienda o centro comercial",,Su casa,,home,,1403900011293,,Taxi plataforma (Uber/Didi),,25,,,,,,
7002,4,1412000012914,Mujeres,41,Hogar,,2,11:30,,Regresar a Casa,,Su casa,,,,1403900011293,,home,,Taxi plataforma (Uber/Didi),,30,,,,,,
7002,4,1412000012914,Mujeres,41,Hogar,,3,19:00,,Deportes o recreación,,"Comercio, mercado, tienda o centro comercial",,,,home,,1412000013293,,Taxi plataforma (Uber/Didi),,20,,,,,,
7002,4,1412000012914,Mujeres,41,Hogar,,4,12:00,00:00,Regresar a Casa,,Su casa,,,,1412000013293,,home,,Taxi plataforma (Uber/Didi),,25,,,hora_invertida,,,"Decimocuarta revisión: se toma la lectura de las horas de las tablas anteriores (la primera revisión), una sugerencia entre otras: con las reglas de hoy el día queda con un viaje que sale antes de que llegue el anterior, y con esa lectura con ningún problema. Cambia: viaje 4 12:00 → 00:00."
7085,2,1412000011206,Mujeres,16,Estudiante,,1,13:24,,Estudiar,,Escuela,,Su casa,,home,,1412000015266,,CAMIÓN O AUTOBÚS,,15,,,,,,
7085,2,1412000011206,Mujeres,16,Estudiante,,2,19:09,,Regresar a Casa,,Su casa,,,,1412000015266,,home,,CAMIÓN O AUTOBÚS,,15,,,,,,
7085,2,1412000011206,Mujeres,16,Estudiante,,3,18:19,19:24,Estudiar,,Escuela,,,,home,,1412000015266,,CAMIÓN O AUTOBÚS,,15,,,hora_invertida,,,"Decimocuarta revisión: ninguna lectura de las horas cierra el día: con las reglas queda un viaje que sale antes de que llegue el anterior, con la de las tablas anteriores menos de media hora en el trabajo o la escuela. Las salidas se mueven lo menos posible (65 min en total) para que ningún viaje salga antes de que llegue el anterior; queda ningún problema. Cambia: viaje 3 18:19 → 19:24."
7085,2,1412000011206,Mujeres,16,Estudiante,,4,20:54,,Regresar a Casa,,Su casa,,,,1412000015266,,home,,CAMIÓN O AUTOBÚS,,15,,,,,,
7096,1,141200157,Mujeres,49,Hogar,,1,07:00,,Llevar o recoger a alguien,,Escuela,,Su casa,,home,,141200001397A,,AUTOMÓVIL PARTICULAR,,20,,,,,,
7096,1,141200157,Mujeres,49,Hogar,,2,14:00,,Regresar a Casa,,Su casa,,,,141200001397A,,home,,AUTOMÓVIL PARTICULAR,,20,,,,,,
7096,1,141200157,Mujeres,49,Hogar,,3,12:00,14:20,Llevar o recoger a alguien,,Escuela,,,,home,,141200001397A,,AUTOMÓVIL PARTICULAR,,25,,,hora_invertida,,,"Decimocuarta revisión: se toma la lectura de las horas de las tablas anteriores (la primera revisión), una sugerencia entre otras: con las reglas de hoy el día queda con un viaje que sale antes de que llegue el anterior, y con esa lectura con ningún problema. Cambia: viaje 3 12:00 → 14:20."
7096,1,141200157,Mujeres,49,Hogar,,4,20:32,,Regresar a Casa,,Su casa,,,,141200001397A,,home,,AUTOMÓVIL PARTICULAR,,25,,,,,,
7101,1,141200157,Hombres,66,Jubilado o pensionado,,1,07:30,,Trabajar,,"Comercio, mercado, tienda o centro comercial",,Su casa,,home,,1403900014565,,AUTOMÓVIL PARTICULAR,,30,,,,,,
7101,1,141200157,Hombres,66,Jubilado o pensionado,,2,07:44,08:00,Regresar a Casa,,Su casa,,,,1403900014565,,home,,AUTOMÓVIL PARTICULAR,,15,,,hora_invertida,,,"Decimocuarta revisión: se toma la lectura de las horas de las tablas anteriores (la primera revisión), una sugerencia entre otras: con las reglas de hoy el día queda con un viaje que sale antes de que llegue el anterior, y con esa lectura con menos de media hora en el trabajo o la escuela. Cambia: viaje 2 07:44 → 08:00."
7101,1,141200157,Hombres,66,Jubilado o pensionado,,3,09:16,,Trabajar,,"Comercio, mercado, tienda o centro comercial",,,,home,,1403900014565,,AUTOMÓVIL PARTICULAR,,30,,,,,,
7101,1,141200157,Hombres,66,Jubilado o pensionado,,4,10:00,,Regresar a Casa,,Su casa,,,,1403900014565,,home,,AUTOMÓVIL PARTICULAR,,15,,,,,,
7101,1,141200157,Hombres,66,Jubilado o pensionado,,5,18:14,,Otros (especifique),,Otros (especifique),,,,home,,home,,A PIE,,5,,,,,,
7101,1,141200157,Hombres,66,Jubilado o pensionado,,6,18:20,,Regresar a Casa,,Su casa,,,,home,,home,,A PIE,,5,,,,,,
7181,4,1412000012863,Mujeres,7,Estudiante,,1,07:39,,Estudiar,,Escuela,,Su casa,,home,,1412000013518,,A PIE,,8,,,,,,
7181,4,1412000012863,Mujeres,7,Estudiante,,2,13:06,,Regresar a Casa,,Su casa,,,,1412000013518,,home,,A PIE,,8,,,,,,
7181,4,1412000012863,Mujeres,7,Estudiante,,3,15:09,,Compras (comida),,"Comercio, mercado, tienda o centro comercial",,,,home,,home,,A PIE,,2,,,,,,
7181,4,1412000012863,Mujeres,7,Estudiante,,4,15:06 → 15:11,17:06,Regresar a Casa,,Su casa,,,,home,,home,,A PIE,,2,,hora:llegada,,changed,,"Decimocuarta revisión: se toma la lectura de las horas de las tablas anteriores (la undécima revisión), una sugerencia entre otras: con las reglas de hoy el día queda con una estancia de cero minutos fuera de casa, y con esa lectura con ningún problema. Cambia: viaje 4 15:11 → 17:06."
7229,1,1412000013575,Mujeres,60,Empleado,,1,15:00,05:00,Trabajar,,Otros (especifique),,Su casa,,home,,1412000011206,,AUTOMÓVIL PARTICULAR,,5,,,,,,"Decimocuarta revisión: se toma la lectura de las horas de las tablas anteriores (la primera revisión y la undécima revisión), una sugerencia entre otras: con las reglas de hoy el día queda con menos de media hora en el trabajo o la escuela, y con esa lectura con ningún problema. Cambia: viaje 1 15:00 → 05:00, viaje 2 15:05 → 14:51."
7229,1,1412000013575,Mujeres,60,Empleado,,2,14:51 → 15:05,14:51,Regresar a Casa,,Su casa,,,,1412000011206,,home,,AUTOMÓVIL PARTICULAR,,5,,hora:llegada,,changed,,"Decimocuarta revisión: se toma la lectura de las horas de las tablas anteriores (la primera revisión y la undécima revisión), una sugerencia entre otras: con las reglas de hoy el día queda con menos de media hora en el trabajo o la escuela, y con esa lectura con ningún problema. Cambia: viaje 1 15:00 → 05:00, viaje 2 15:05 → 14:51."
7229,1,1412000013575,Mujeres,60,Empleado,,3,16:05,,Trabajar,,Otros (especifique),,,,home,,1412000011206,,AUTOMÓVIL PARTICULAR,,5,,,,,,
7229,1,1412000013575,Mujeres,60,Empleado,,4,17:00,,Regresar a Casa,,Su casa,,,,1412000011206,,home,,AUTOMÓVIL PARTICULAR,,5,,,,,,
7239,1,1412000013575,Hombres,57,,,1,10:00,,Compras (comida),,"Comercio, mercado, tienda o centro comercial",,Su casa,,home,,1412000014376,,AUTOMÓVIL PARTICULAR,,35,,,,,,
7239,1,1412000013575,Hombres,57,,,2,11:40,,"Compras (bienes, productos y servicios)",,"Comercio, mercado, tienda o centro comercial",,,,1412000014376,,1403900013321,,AUTOMÓVIL PARTICULAR,,15,,,,,,
7239,1,1412000013575,Hombres,57,,,3,14:00,,Regresar a Casa,,Su casa,,,,1403900013321,,home,,AUTOMÓVIL PARTICULAR,,30,,,,,,
7239,1,1412000013575,Hombres,57,,,4,19:00,,Deportes o recreación,,"Comercio, mercado, tienda o centro comercial",,,,home,,1403900011043,,AUTOMÓVIL PARTICULAR,,30,,,,,,
7239,1,1412000013575,Hombres,57,,,5,12:00,00:00,Regresar a Casa,,Su casa,,,,1403900011043,,home,,AUTOMÓVIL PARTICULAR,,25,,,hora_invertida,,,"Decimocuarta revisión: se toma la lectura de las horas de las tablas anteriores (la primera revisión), una sugerencia entre otras: con las reglas de hoy el día queda con un viaje que sale antes de que llegue el anterior, y con esa lectura con ningún problema. Cambia: viaje 5 12:00 → 00:00."
7239,2,1412000013575,Mujeres,53,Hogar,,1,10:00,,Compras (comida),,"Comercio, mercado, tienda o centro comercial",,Su casa,,home,,1412000014376,,AUTOMÓVIL PARTICULAR,,30,,,,,,
7239,2,1412000013575,Mujeres,53,Hogar,,2,11:40,,"Compras (bienes, productos y servicios)",,"Comercio, mercado, tienda o centro comercial",,,,1412000014376,,1403900013321,,AUTOMÓVIL PARTICULAR,,15,,,,,,
7239,2,1412000013575,Mujeres,53,Hogar,,3,14:00,,Regresar a Casa,,Su casa,,,,1403900013321,,home,,AUTOMÓVIL PARTICULAR,,30,,,,,,
7239,2,1412000013575,Mujeres,53,Hogar,,4,19:00,,Deportes o recreación,,"Comercio, mercado, tienda o centro comercial",,,,home,,1403900011043,,AUTOMÓVIL PARTICULAR,,25,,,,,,
7239,2,1412000013575,Mujeres,53,Hogar,,5,12:00,00:00,Regresar a Casa,,Su casa,,,,1403900011043,,home,,AUTOMÓVIL PARTICULAR,,30,,,hora_invertida,,,"Decimocuarta revisión: se toma la lectura de las horas de las tablas anteriores (la primera revisión), una sugerencia entre otras: con las reglas de hoy el día queda con un viaje que sale antes de que llegue el anterior, y con esa lectura con ningún problema. Cambia: viaje 5 12:00 → 00:00."
7322,1,1412000010814,Hombres,74,Empleado,,1,12:00,,Trabajar,,Oficina,,Su casa,,home,,1412000014836,,AUTOMÓVIL PARTICULAR,,20,,,,,,
7322,1,1412000010814,Hombres,74,Empleado,,2,11:45,12:20,Regresar a Casa,,Su casa,,,,1412000014836,,home,,AUTOMÓVIL PARTICULAR,,30,,,hora_invertida,,,"Decimocuarta revisión: ninguna lectura de las horas cierra el día: con las reglas queda un viaje que sale antes de que llegue el anterior, con la de las tablas anteriores una salida movida a la madrugada; menos de media hora en el trabajo o la escuela. Las salidas se mueven lo menos posible (35 min en total) para que ningún viaje salga antes de que llegue el anterior; queda menos de media hora en el trabajo o la escuela. Cambia: viaje 2 11:45 → 12:20."
7322,1,1412000010814,Hombres,74,Empleado,,3,13:07,,Trabajar,,Oficina,,,,home,,1412000014836,,AUTOMÓVIL PARTICULAR,,20,,,,,,
7322,1,1412000010814,Hombres,74,Empleado,,4,13:30,,Regresar a Casa,,Su casa,,,,1412000014836,,home,,AUTOMÓVIL PARTICULAR,,30,,,,,,
7382,3,1412000010814,Mujeres,33,Empleado,,1,20:00,08:00,Trabajar,,Oficina,,Su casa,,home,,1403900010596,,AUTOMÓVIL PARTICULAR,,45,,,,,,"Decimocuarta revisión: se toma la lectura de las horas de las tablas anteriores (la primera revisión), una sugerencia entre otras: con las reglas de hoy el día queda con un viaje que sale antes de que llegue el anterior, y con esa lectura con ningún problema. Cambia: viaje 1 20:00 → 08:00, viaje 3 19:29 → 18:30, viaje 4 18:30 → 20:30."
7382,3,1412000010814,Mujeres,33,Empleado,,2,17:34,,Regresar a Casa,,Su casa,,,,1403900010596,,home,,AUTOMÓVIL PARTICULAR,,45,,,hora_invertida,,,
7382,3,1412000010814,Mujeres,33,Empleado,,3,19:29,18:30,Trabajar,,Oficina,,,,home,,1403900010596,,AUTOMÓVIL PARTICULAR,,45,,,,,,"Decimocuarta revisión: se toma la lectura de las horas de las tablas anteriores (la primera revisión), una sugerencia entre otras: con las reglas de hoy el día queda con un viaje que sale antes de que llegue el anterior, y con esa lectura con ningún problema. Cambia: viaje 1 20:00 → 08:00, viaje 3 19:29 → 18:30, viaje 4 18:30 → 20:30."
7382,3,1412000010814,Mujeres,33,Empleado,,4,18:30,20:30,Regresar a Casa,,Su casa,,,,1403900010596,,home,,AUTOMÓVIL PARTICULAR,,45,,,hora_invertida,,,"Decimocuarta revisión: se toma la lectura de las horas de las tablas anteriores (la primera revisión), una sugerencia entre otras: con las reglas de hoy el día queda con un viaje que sale antes de que llegue el anterior, y con esa lectura con ningún problema. Cambia: viaje 1 20:00 → 08:00, viaje 3 19:29 → 18:30, viaje 4 18:30 → 20:30."
7389,2,1412000013274,Mujeres,58,,,1,10:10,,Compras (comida),,"Comercio, mercado, tienda o centro comercial",,Su casa,,home,,141200001326A,,A PIE,,2,,,,,,
7389,2,1412000013274,Mujeres,58,,,2,10:08 → 10:12,12:08,Regresar a Casa,,Su casa,,,,141200001326A,,home,,A PIE,,2,,hora:llegada,,changed,,"Decimocuarta revisión: se toma la lectura de las horas de las tablas anteriores (la undécima revisión), una sugerencia entre otras: con las reglas de hoy el día queda con una estancia de cero minutos fuera de casa, y con esa lectura con ningún problema. Cambia: viaje 2 10:12 → 12:08."
7389,2,1412000013274,Mujeres,58,,,3,19:13,,Llevar o recoger a alguien,,Otra vivienda,,,,home,,141200001326A,,A PIE,,8,,,,,,
7389,2,1412000013274,Mujeres,58,,,4,19:22,,Regresar a Casa,,Su casa,,,,141200001326A,,home,,A PIE,,8,,,,,,
7420,1,1412000015285,Mujeres,28,Trabajador independiente,,1,16:00,,Trabajar,,"Comercio, mercado, tienda o centro comercial",,Su casa,,home,,1412000013382,,A PIE,,15,,,,,,
7420,1,1412000015285,Mujeres,28,Trabajador independiente,,2,04:43,,Regresar a Casa,,Su casa,,,,1412000013382,,home,,AUTOMÓVIL PARTICULAR,,5,,,hora_nocturna,,,
7420,1,1412000015285,Mujeres,28,Trabajador independiente,,3,06:23,,Trabajar,,"Comercio, mercado, tienda o centro comercial",,,,home,,1412000013382,,AUTOMÓVIL PARTICULAR,,15,,,,,,
7420,1,1412000015285,Mujeres,28,Trabajador independiente,,4,02:30,06:38,Regresar a Casa,,Su casa,,,,1412000013382,,home,,AUTOMÓVIL PARTICULAR,,5,,,hora_invertida,,,"Decimocuarta revisión: ninguna lectura de las horas cierra el día: con las reglas queda un viaje que sale antes de que llegue el anterior, con la de las tablas anteriores una salida movida a la madrugada; menos de media hora en el trabajo o la escuela. Las salidas se mueven lo menos posible (248 min en total) para que ningún viaje salga antes de que llegue el anterior; queda menos de media hora en el trabajo o la escuela; un día de más de 20 horas. Cambia: viaje 4 02:30 → 06:38."
7420,1,1412000015285,Mujeres,28,Trabajador independiente,,5,19:15,,"Compras (bienes, productos y servicios)",,"Comercio, mercado, tienda o centro comercial",,,,home,,1412000016512,,A PIE,,7,,,,,,
7420,1,1412000015285,Mujeres,28,Trabajador independiente,,6,19:29,,Regresar a Casa,,Su casa,,,,1412000016512,,home,,A PIE,,7,,,,,,
7425,3,1410100011126,Hombres,18,Empleado,,1,06:05,,Trabajar,,Otra vivienda,,Su casa,,home,,1412000010405,,AUTOMÓVIL PARTICULAR,,120,60,,,,,"Decimocuarta revisión: se conserva la decisión de la novena revisión (chain_review_9). Novena revisión: 120 min en AUTOMÓVIL PARTICULAR para 20.8 km en línea recta es más del doble de lo que la encuesta suele reportar para ese modo a esa distancia (60 min, la mediana de 2401 viajes): los minutos son el error, no la hora. Con 60 min llega a las 07:05 y el viaje siguiente sale a las 12:32, 327 min después. Es el mismo recorrido, en el mismo modo, que otro viaje del día cuyos minutos chocaban con la salida siguiente."
7425,3,1410100011126,Hombres,18,Empleado,,2,12:32,,Regresar a Casa,,Su casa,,,,1412000010405,,home,,AUTOMÓVIL PARTICULAR,,120,60,,,,,"Decimocuarta revisión: se conserva la decisión de la novena revisión (chain_review_9). Novena revisión: 120 min en AUTOMÓVIL PARTICULAR para 20.8 km en línea recta es más del doble de lo que la encuesta suele reportar para ese modo a esa distancia (60 min, la mediana de 2401 viajes): los minutos son el error, no la hora. Con 60 min llega a las 13:32 y el viaje siguiente sale a las 14:10, 38 min después."
7425,3,1410100011126,Hombres,18,Empleado,,3,14:10 → 16:10,14:10,Trabajar,,Otra vivienda,,,,home,,1412000010405,,AUTOMÓVIL PARTICULAR,,120,60,hora:-10h+12h,,changed,,"Decimocuarta revisión: se conserva la decisión de la novena revisión (chain_review_9). Novena revisión: 120 min en AUTOMÓVIL PARTICULAR para 20.8 km en línea recta es más del doble de lo que la encuesta suele reportar para ese modo a esa distancia (60 min, la mediana de 2401 viajes): los minutos son el error, no la hora. Con 60 min llega a las 15:10 y el viaje siguiente sale a las 18:08, 178 min después. Es el mismo recorrido, en el mismo modo, que otro viaje del día cuyos minutos chocaban con la salida siguiente. Novena revisión: la salida vuelve a las 14:10, la hora que reporta la encuesta: con los minutos de traslado que corrige esta revisión cabe después de la llegada del viaje anterior (13:32); una revisión anterior la había movido a las 14:32 para dejar sitio a los minutos de más. | Decimocuarta revisión: la salida queda a las 14:10, la que dan las reglas al leer de nuevo las horas del día tal como lo dejan las decisiones que se conservan (un renglón quitado, minutos de viaje corregidos, un motivo recodificado); sobre el día registrado daban las 16:10."
7425,3,1410100011126,Hombres,18,Empleado,,4,18:08 → 20:08,18:08,Regresar a Casa,,Su casa,,,,1412000010405,,home,,AUTOMÓVIL PARTICULAR,,120,60,hora:-10h+12h,,changed,,"Decimocuarta revisión: se conserva la decisión de la novena revisión (chain_review_9). Novena revisión: 120 min en AUTOMÓVIL PARTICULAR para 20.8 km en línea recta es más del doble de lo que la encuesta suele reportar para ese modo a esa distancia (60 min, la mediana de 2401 viajes): los minutos son el error, no la hora. Es el último viaje del día. Es el mismo recorrido, en el mismo modo, que otro viaje del día cuyos minutos chocaban con la salida siguiente. Novena revisión: la salida vuelve a las 18:08, la hora que reporta la encuesta: con los minutos de traslado que corrige esta revisión cabe después de la llegada del viaje anterior (15:10); una revisión anterior la había movido a las 18:10 para dejar sitio a los minutos de más. | Decimocuarta revisión: la salida queda a las 18:08, la que dan las reglas al leer de nuevo las horas del día tal como lo dejan las decisiones que se conservan (un renglón quitado, minutos de viaje corregidos, un motivo recodificado); sobre el día registrado daban las 20:08."
7460,1,1412000013378,Mujeres,36,Empleado,,1,07:00,,Llevar o recoger a alguien,,Escuela,,Su casa,,home,,1412000016635,,AUTOMÓVIL PARTICULAR,,10,,,,,,
7460,1,1412000013378,Mujeres,36,Empleado,,2,07:30,,Trabajar,,Oficina,,,,1412000016635,,1403900013656,,AUTOMÓVIL PARTICULAR,,40,,,,,,
7460,1,1412000013378,Mujeres,36,Empleado,,3,13:30,,Llevar o recoger a alguien,,Escuela,,,,1403900013656,,1412000016635,,AUTOMÓVIL PARTICULAR,,55,,,,,,
7460,1,1412000013378,Mujeres,36,Empleado,,4,02:00,14:25,Regresar a Casa,,Su casa,,,,1412000016635,,home,,AUTOMÓVIL PARTICULAR,,40,,,hora_nocturna,,,"Decimocuarta revisión: se toma la lectura de las horas de las tablas anteriores (la primera revisión), una sugerencia entre otras: con las reglas de hoy el día queda con una estancia de 8 horas o más en un mandado o una visita; un día de más de 20 horas, y con esa lectura con ningún problema. Cambia: viaje 4 02:00 → 14:25."
7460,1,1412000013378,Mujeres,36,Empleado,,5,16:20,,Deportes o recreación,,Escuela,,,,home,,1412000014215,,AUTOMÓVIL PARTICULAR,,35,,,,,,
7460,1,1412000013378,Mujeres,36,Empleado,,6,20:00,,Regresar a Casa,,Su casa,,,,1412000014215,,home,,AUTOMÓVIL PARTICULAR,,60,,,,,,
7498,4,141200001326A,Hombres,27,Empleado,,1,11:00,,Trabajar,,Oficina,,Su casa,,home,,1409700010941,,AUTOMÓVIL PARTICULAR,,100,,,,,,
7498,4,141200001326A,Hombres,27,Empleado,,2,17:31,,Regresar a Casa,,Su casa,,,,1409700010941,,home,,AUTOMÓVIL PARTICULAR,,120,60,,,,,"Decimocuarta revisión: se conserva la decisión de la novena revisión (chain_review_9). Novena revisión: 120 min en AUTOMÓVIL PARTICULAR para 30.8 km en línea recta es más del doble de lo que la encuesta suele reportar para ese modo a esa distancia (60 min, la mediana de 2401 viajes): los minutos son el error, no la hora. Con 60 min llega a las 18:31 y el viaje siguiente sale a las 19:10, 39 min después."
7498,4,141200001326A,Hombres,27,Empleado,,3,19:10 → 19:31,19:10,Trabajar,,Oficina,,,,home,,1409700010941,,AUTOMÓVIL PARTICULAR,,100,,hora:llegada,,changed,,"Decimocuarta revisión: la salida queda a las 19:10, la que dan las reglas al leer de nuevo las horas del día tal como lo dejan las decisiones que se conservan (un renglón quitado, minutos de viaje corregidos, un motivo recodificado); sobre el día registrado daban las 19:31."
7498,4,141200001326A,Hombres,27,Empleado,,4,22:00,,Regresar a Casa,,Su casa,,,,1409700010941,,home,,AUTOMÓVIL PARTICULAR,,120,60,,,,,"Decimocuarta revisión: se conserva la decisión de la novena revisión (chain_review_9). Novena revisión: 120 min en AUTOMÓVIL PARTICULAR para 30.8 km en línea recta es más del doble de lo que la encuesta suele reportar para ese modo a esa distancia (60 min, la mediana de 2401 viajes): los minutos son el error, no la hora. Es el último viaje del día. Es el mismo recorrido, en el mismo modo, que otro viaje del día cuyos minutos chocaban con la salida siguiente."
7499,3,1412000013274,Hombres,26,Empleado,,1,08:00,,Trabajar,,Oficina,,Su casa,,home,,1412000010373,,AUTOMÓVIL PARTICULAR,,90,40,,,,,"Decimocuarta revisión: se conserva la decisión de la novena revisión (chain_review_9). Novena revisión: 90 min en AUTOMÓVIL PARTICULAR para 8.8 km en línea recta es más del doble de lo que la encuesta suele reportar para ese modo a esa distancia (40 min, la mediana de 5474 viajes): los minutos son el error, no la hora. Con 40 min llega a las 08:40 y el viaje siguiente sale a las 14:51, 371 min después. Es el mismo recorrido, en el mismo modo, que otro viaje del día cuyos minutos chocaban con la salida siguiente."
7499,3,1412000013274,Hombres,26,Empleado,,2,14:51,,Regresar a Casa,,Su casa,,,,1412000010373,,home,,AUTOMÓVIL PARTICULAR,,90,40,,,,,"Decimocuarta revisión: se conserva la decisión de la novena revisión (chain_review_9). Novena revisión: 90 min en AUTOMÓVIL PARTICULAR para 8.8 km en línea recta es más del doble de lo que la encuesta suele reportar para ese modo a esa distancia (40 min, la mediana de 5474 viajes): los minutos son el error, no la hora. Con 40 min llega a las 15:31 y el viaje siguiente sale a las 16:11, 40 min después."
7499,3,1412000013274,Hombres,26,Empleado,,3,16:11 → 16:21,16:11,Trabajar,,Oficina,,,,home,,1412000010373,,AUTOMÓVIL PARTICULAR,,90,40,hora:llegada,,changed,,"Decimocuarta revisión: se conserva la decisión de la novena revisión (chain_review_9). Novena revisión: 90 min en AUTOMÓVIL PARTICULAR para 8.8 km en línea recta es más del doble de lo que la encuesta suele reportar para ese modo a esa distancia (40 min, la mediana de 5474 viajes): los minutos son el error, no la hora. Con 40 min llega a las 16:51 y el viaje siguiente sale a las 20:00, 189 min después. Es el mismo recorrido, en el mismo modo, que otro viaje del día cuyos minutos chocaban con la salida siguiente. Novena revisión: la salida vuelve a las 16:11, la hora que reporta la encuesta: con los minutos de traslado que corrige esta revisión cabe después de la llegada del viaje anterior (15:31); una revisión anterior la había movido a las 16:21 para dejar sitio a los minutos de más. | Decimocuarta revisión: la salida queda a las 16:11, la que dan las reglas al leer de nuevo las horas del día tal como lo dejan las decisiones que se conservan (un renglón quitado, minutos de viaje corregidos, un motivo recodificado); sobre el día registrado daban las 16:21."
7499,3,1412000013274,Hombres,26,Empleado,,4,20:00,,Regresar a Casa,,Su casa,,,,1412000010373,,home,,AUTOMÓVIL PARTICULAR,,90,40,,,,,"Decimocuarta revisión: se conserva la decisión de la novena revisión (chain_review_9). Novena revisión: 90 min en AUTOMÓVIL PARTICULAR para 8.8 km en línea recta es más del doble de lo que la encuesta suele reportar para ese modo a esa distancia (40 min, la mediana de 5474 viajes): los minutos son el error, no la hora. Es el último viaje del día. Es el mismo recorrido, en el mismo modo, que otro viaje del día cuyos minutos chocaban con la salida siguiente."
7511,1,1412000013274,Hombres,29,Empleado,,1,07:00,,Trabajar,,Oficina,,Su casa,,home,,1412000016550,,MOTOCICLETA,,20,,,,,,
7511,1,1412000013274,Hombres,29,Empleado,,2,14:00,,Regresar a Casa,,Su casa,,,,1412000016550,,home,,MOTOCICLETA,,20,,,,,,
7511,1,1412000013274,Hombres,29,Empleado,,3,15:00,,Trabajar,,"Restaurante, bar, cafetería",,,,home,,1412000017046,,MOTOCICLETA,,15,,,,,,
7511,1,1412000013274,Hombres,29,Empleado,,4,12:00,00:00,Regresar a Casa,,Su casa,,,,1412000017046,,home,,MOTOCICLETA,,15,,,hora_invertida,,,"Decimocuarta revisión: se toma la lectura de las horas de las tablas anteriores (la primera revisión), una sugerencia entre otras: con las reglas de hoy el día queda con un viaje que sale antes de que llegue el anterior, y con esa lectura con ningún problema. Cambia: viaje 4 12:00 → 00:00."
7539,6,1409800012150,Mujeres,22,Empleado,,1,09:00,,Trabajar,,Su casa,,Otra vivienda,,1412000010373,,1409800012841,,TREN LIGERO,,80,,,inicio_fuera_de_casa;actividad_en_casa,,,
7539,6,1409800012150,Mujeres,22,Empleado,,2,20:04,,Trabajar,,Otros (especifique),,,,1409800012841,,1409800010879,,A PIE,,79,,,,,,
7539,6,1409800012150,Mujeres,22,Empleado,,3,20:49,21:23,Regresar a Casa,,Su casa,,,,1409800010879,,home,,A PIE,,79,,,hora_invertida,,,"Decimocuarta revisión: se toma la lectura de las horas de las tablas anteriores (la primera revisión), una sugerencia entre otras: con las reglas de hoy el día queda con un viaje que sale antes de que llegue el anterior, y con esa lectura con menos de media hora en el trabajo o la escuela. Cambia: viaje 3 20:49 → 21:23."
7546,5,1409800010370,Mujeres,32,Empleado,,1,09:00,,Trabajar,,Su casa,,"Comercio, mercado, tienda o centro comercial",,1412000010373,,1409800012841,,CAMIÓN O AUTOBÚS,,80,,,inicio_fuera_de_casa;actividad_en_casa,,,
7546,5,1409800010370,Mujeres,32,Empleado,,2,20:01,,Trabajar,,Otros (especifique),,,,1409800012841,,1409800010879,,CAMIÓN O AUTOBÚS,,79,,,,,,
7546,5,1409800010370,Mujeres,32,Empleado,,3,20:49,21:20,Regresar a Casa,,Su casa,,,,1409800010879,,home,,CAMIÓN O AUTOBÚS,,79,,,hora_invertida,,,"Decimocuarta revisión: se toma la lectura de las horas de las tablas anteriores (la primera revisión), una sugerencia entre otras: con las reglas de hoy el día queda con un viaje que sale antes de que llegue el anterior, y con esa lectura con menos de media hora en el trabajo o la escuela. Cambia: viaje 3 20:49 → 21:20."
7549,2,1409800012150,Hombres,60,Empleado,,1,06:30,,Trabajar,,Fábrica o taller,,Su casa,,home,,1412000010617,,AUTOMÓVIL PARTICULAR,,60,,,,,,
7549,2,1409800012150,Hombres,60,Empleado,,2,06:44,07:30,Regresar a Casa,,Su casa,,,,1412000010617,,home,,AUTOMÓVIL PARTICULAR,,60,,,hora_invertida,,,"Decimocuarta revisión: se toma la lectura de las horas de las tablas anteriores (la primera revisión), una sugerencia entre otras: con las reglas de hoy el día queda con un viaje que sale antes de que llegue el anterior, y con esa lectura con menos de media hora en el trabajo o la escuela. Cambia: viaje 2 06:44 → 07:30, viaje 3 08:27 → 08:30, viaje 4 09:00 → 19:00, viaje 5 19:17 → 21:17, viaje 6 19:31 → 21:31."
7549,2,1409800012150,Hombres,60,Empleado,,3,08:27,08:30,Trabajar,,Fábrica o taller,,,,home,,1412000010617,,AUTOMÓVIL PARTICULAR,,60,,,,,,"Decimocuarta revisión: se toma la lectura de las horas de las tablas anteriores (la primera revisión), una sugerencia entre otras: con las reglas de hoy el día queda con un viaje que sale antes de que llegue el anterior, y con esa lectura con menos de media hora en el trabajo o la escuela. Cambia: viaje 2 06:44 → 07:30, viaje 3 08:27 → 08:30, viaje 4 09:00 → 19:00, viaje 5 19:17 → 21:17, viaje 6 19:31 → 21:31."
7549,2,1409800012150,Hombres,60,Empleado,,4,09:00,19:00,Regresar a Casa,,Su casa,,,,1412000010617,,home,,AUTOMÓVIL PARTICULAR,,60,,,hora_invertida,,,"Decimocuarta revisión: se toma la lectura de las horas de las tablas anteriores (la primera revisión), una sugerencia entre otras: con las reglas de hoy el día queda con un viaje que sale antes de que llegue el anterior, y con esa lectura con menos de media hora en el trabajo o la escuela. Cambia: viaje 2 06:44 → 07:30, viaje 3 08:27 → 08:30, viaje 4 09:00 → 19:00, viaje 5 19:17 → 21:17, viaje 6 19:31 → 21:31."
7549,2,1409800012150,Hombres,60,Empleado,,5,19:17,21:17,Otros (especifique),,Otros (especifique),,,,home,,home,,A PIE,,13,,,,,,"Decimocuarta revisión: se toma la lectura de las horas de las tablas anteriores (la primera revisión), una sugerencia entre otras: con las reglas de hoy el día queda con un viaje que sale antes de que llegue el anterior, y con esa lectura con menos de media hora en el trabajo o la escuela. Cambia: viaje 2 06:44 → 07:30, viaje 3 08:27 → 08:30, viaje 4 09:00 → 19:00, viaje 5 19:17 → 21:17, viaje 6 19:31 → 21:31."
7549,2,1409800012150,Hombres,60,Empleado,,6,19:31,21:31,Regresar a Casa,,Su casa,,,,home,,home,,A PIE,,13,,,,,,"Decimocuarta revisión: se toma la lectura de las horas de las tablas anteriores (la primera revisión), una sugerencia entre otras: con las reglas de hoy el día queda con un viaje que sale antes de que llegue el anterior, y con esa lectura con menos de media hora en el trabajo o la escuela. Cambia: viaje 2 06:44 → 07:30, viaje 3 08:27 → 08:30, viaje 4 09:00 → 19:00, viaje 5 19:17 → 21:17, viaje 6 19:31 → 21:31."
7590,5,1409800012150,Mujeres,47,Empleado,,1,06:11,,Llevar o recoger a alguien,,Escuela,,Su casa,,home,,1409800010370,,A PIE,,15,,,,,,
7590,5,1409800012150,Mujeres,47,Empleado,,2,06:29,,Trabajar,,Fábrica o taller,,,,1409800010370,,141200001066A,,MI MACRO,,60,,,,,,
7590,5,1409800012150,Mujeres,47,Empleado,,3,18:23,,Pagar algún servicio o al banco,,"Comercio, mercado, tienda o centro comercial",,,,141200001066A,,home,,MI MACRO,,102,40,,,,,"Decimocuarta revisión: se conserva la decisión de la novena revisión (chain_review_9). Novena revisión: 102 min en MI MACRO para 6.7 km en línea recta es más del doble de lo que la encuesta suele reportar para ese modo a esa distancia (40 min, la mediana de 555 viajes): los minutos son el error, no la hora. Con 40 min llega a las 19:03 y el viaje siguiente sale a las 20:02, 59 min después."
7590,5,1409800012150,Mujeres,47,Empleado,,4,20:02 → 20:05,20:02,Regresar a Casa,,Su casa,,,,home,,home,,A PIE,,20,,hora:llegada,,changed,,"Decimocuarta revisión: la salida queda a las 20:02, la que dan las reglas al leer de nuevo las horas del día tal como lo dejan las decisiones que se conservan (un renglón quitado, minutos de viaje corregidos, un motivo recodificado); sobre el día registrado daban las 20:05."
7614,1,1409709033908,Hombres,57,Empleado,,1,07:00,,Trabajar,,"Comercio, mercado, tienda o centro comercial",,Su casa,,home,,1409700010918,,A PIE,,10,,,,,,
7614,1,1409709033908,Hombres,57,Empleado,,2,07:00 → 07:10,19:00,Regresar a Casa,,Su casa,,,,1409700010918,,home,,A PIE,,10,,hora:llegada,,changed,,"Decimocuarta revisión: se toma la lectura de las horas de las tablas anteriores (la undécima revisión), una sugerencia entre otras: con las reglas de hoy el día queda con menos de media hora en el trabajo o la escuela, y con esa lectura con ningún problema. Cambia: viaje 2 07:10 → 19:00."
7614,1,1409709033908,Hombres,57,Empleado,,3,19:12,,Llevar o recoger a alguien,,Otra vivienda,,,,home,,1409801282875,,A PIE,,5,,,,,,
7614,1,1409709033908,Hombres,57,Empleado,,4,19:27,,Regresar a Casa,,Su casa,,,,1409801282875,,home,,A PIE,,5,,,,,,
7641,2,1409800012150,Mujeres,29,Empleado,,1,09:02,,Trabajar,,Su casa,,Otra vivienda,,1412000010373,,1409800012841,,A PIE,,80,,,inicio_fuera_de_casa;actividad_en_casa,,,
7641,2,1409800012150,Mujeres,29,Empleado,,2,20:02,,Trabajar,,Otros (especifique),,,,1409800012841,,1409800010879,,MI MACRO,,79,,,,,,
7641,2,1409800012150,Mujeres,29,Empleado,,3,20:48,21:21,Regresar a Casa,,Su casa,,,,1409800010879,,home,,MI MACRO,,79,,,hora_invertida,,,"Decimocuarta revisión: se toma la lectura de las horas de las tablas anteriores (la primera revisión), una sugerencia entre otras: con las reglas de hoy el día queda con un viaje que sale antes de que llegue el anterior, y con esa lectura con menos de media hora en el trabajo o la escuela. Cambia: viaje 3 20:48 → 21:21."
7664,4,140970602,Mujeres,33,Trabajador independiente,,1,09:00,,Trabajar,,Oficina,,Su casa,,home,,1412000014836,,AUTOMÓVIL PARTICULAR,,40,,,,,,
7664,4,140970602,Mujeres,33,Trabajador independiente,,2,05:50,15:50,Regresar a Casa,,Su casa,,,,1412000014836,,home,,AUTOMÓVIL PARTICULAR,,45,,,hora_invertida,,,"Decimocuarta revisión: se toma la lectura de las horas de las tablas anteriores (las reglas anteriores), una sugerencia entre otras: con las reglas de hoy el día queda con un viaje que sale antes de que llegue el anterior, y con esa lectura con menos de media hora en el trabajo o la escuela. Cambia: viaje 2 05:50 → 15:50, viaje 3 07:22 → 17:22, viaje 4 06:00 → 18:02."
7664,4,140970602,Mujeres,33,Trabajador independiente,,3,07:22,17:22,Trabajar,,Oficina,,,,home,,1412000014836,,AUTOMÓVIL PARTICULAR,,40,,,,,,"Decimocuarta revisión: se toma la lectura de las horas de las tablas anteriores (las reglas anteriores), una sugerencia entre otras: con las reglas de hoy el día queda con un viaje que sale antes de que llegue el anterior, y con esa lectura con menos de media hora en el trabajo o la escuela. Cambia: viaje 2 05:50 → 15:50, viaje 3 07:22 → 17:22, viaje 4 06:00 → 18:02."
7664,4,140970602,Mujeres,33,Trabajador independiente,,4,06:00,18:02,Regresar a Casa,,Su casa,,,,1412000014836,,home,,AUTOMÓVIL PARTICULAR,,45,,,hora_invertida,,,"Decimocuarta revisión: se toma la lectura de las horas de las tablas anteriores (las reglas anteriores), una sugerencia entre otras: con las reglas de hoy el día queda con un viaje que sale antes de que llegue el anterior, y con esa lectura con menos de media hora en el trabajo o la escuela. Cambia: viaje 2 05:50 → 15:50, viaje 3 07:22 → 17:22, viaje 4 06:00 → 18:02."
7697,3,1407000140558,Hombres,14,Estudiante,,1,07:02,,Compras (comida),,"Comercio, mercado, tienda o centro comercial",,Su casa,,home,,1409800011824,,A PIE,,7,,,,,,
7697,3,1407000140558,Hombres,14,Estudiante,,2,07:15,,Regresar a Casa,,Su casa,,,,1409800011824,,home,,A PIE,,7,,,,,,
7697,3,1407000140558,Hombres,14,Estudiante,,3,13:00,,Estudiar,,Escuela,,,,home,,1407000130083,,CAMIÓN O AUTOBÚS,,10,,,,,,
7697,3,1407000140558,Hombres,14,Estudiante,,4,19:40,,Regresar a Casa,,Su casa,,,,1407000130083,,home,,CAMIÓN O AUTOBÚS,,10,,,,,,
7697,3,1407000140558,Hombres,14,Estudiante,,5,18:10,19:50,Estudiar,,Escuela,,,,home,,1407000130083,,CAMIÓN O AUTOBÚS,,10,,,hora_invertida,,,"Decimocuarta revisión: ninguna lectura de las horas cierra el día: con las reglas queda un viaje que sale antes de que llegue el anterior, con la de las tablas anteriores menos de media hora en el trabajo o la escuela. Las salidas se mueven lo menos posible (100 min en total) para que ningún viaje salga antes de que llegue el anterior; queda ningún problema. Cambia: viaje 5 18:10 → 19:50."
7697,3,1407000140558,Hombres,14,Estudiante,,6,20:47,,Regresar a Casa,,Su casa,,,,1407000130083,,home,,CAMIÓN O AUTOBÚS,,10,,,,,,
7712,1,1409800012714,Hombres,31,Empleado,,1,07:10,,Trabajar,,"Comercio, mercado, tienda o centro comercial",,Su casa,,home,,1409700010922,,AUTOMÓVIL PARTICULAR,,45,,,,,,
7712,1,1409800012714,Hombres,31,Empleado,,2,04:35,14:35,Regresar a Casa,,Su casa,,,,1409700010922,,home,,AUTOMÓVIL PARTICULAR,,50,,,hora_invertida,,,"Decimocuarta revisión: se toma la lectura de las horas de las tablas anteriores (las reglas anteriores), una sugerencia entre otras: con las reglas de hoy el día queda con un viaje que sale antes de que llegue el anterior, y con esa lectura con menos de media hora en el trabajo o la escuela. Cambia: viaje 2 04:35 → 14:35, viaje 3 06:13 → 16:13, viaje 4 05:00 → 17:00."
7712,1,1409800012714,Hombres,31,Empleado,,3,06:13,16:13,Trabajar,,"Comercio, mercado, tienda o centro comercial",,,,home,,1409700010922,,AUTOMÓVIL PARTICULAR,,45,,,,,,"Decimocuarta revisión: se toma la lectura de las horas de las tablas anteriores (las reglas anteriores), una sugerencia entre otras: con las reglas de hoy el día queda con un viaje que sale antes de que llegue el anterior, y con esa lectura con menos de media hora en el trabajo o la escuela. Cambia: viaje 2 04:35 → 14:35, viaje 3 06:13 → 16:13, viaje 4 05:00 → 17:00."
7712,1,1409800012714,Hombres,31,Empleado,,4,05:00,17:00,Regresar a Casa,,Su casa,,,,1409700010922,,home,,AUTOMÓVIL PARTICULAR,,50,,,hora_invertida,,,"Decimocuarta revisión: se toma la lectura de las horas de las tablas anteriores (las reglas anteriores), una sugerencia entre otras: con las reglas de hoy el día queda con un viaje que sale antes de que llegue el anterior, y con esa lectura con menos de media hora en el trabajo o la escuela. Cambia: viaje 2 04:35 → 14:35, viaje 3 06:13 → 16:13, viaje 4 05:00 → 17:00."
7712,1,1409800012714,Hombres,31,Empleado,,5,19:15,,Compras (comida),,"Comercio, mercado, tienda o centro comercial",,,,home,,home,,A PIE,,6,,,,,,
7712,1,1409800012714,Hombres,31,Empleado,,6,19:29,,Regresar a Casa,,Su casa,,,,home,,home,,A PIE,,6,,,,,,
7715,2,1409800012555,Hombres,38,Empleado,,1,08:19,,Compras (comida),,"Comercio, mercado, tienda o centro comercial",,Su casa,,home,,1412000012469,,A PIE,,1,,,,,,
7715,2,1409800012555,Hombres,38,Empleado,,2,08:23,,Regresar a Casa,,Su casa,,,,1412000012469,,home,,A PIE,,1,,,,,,
7715,2,1409800012555,Hombres,38,Empleado,,3,18:00,,Trabajar,,Fábrica o taller,,,,home,,1403900012427,,AUTOMÓVIL PARTICULAR,,35,,,,,,
7715,2,1409800012555,Hombres,38,Empleado,,4,16:00,20:00,Llevar o recoger a alguien,,Otra vivienda,,,,1403900012427,,1409800012362,,AUTOMÓVIL PARTICULAR,,20,,,hora_invertida,,,"Decimocuarta revisión: se toma la lectura de las horas de las tablas anteriores (la primera revisión), una sugerencia entre otras: con las reglas de hoy el día queda con un viaje que sale antes de que llegue el anterior, y con esa lectura con ningún problema. Cambia: viaje 4 16:00 → 20:00, viaje 5 20:00 → 20:20."
7715,2,1409800012555,Hombres,38,Empleado,,5,20:00,20:20,Regresar a Casa,,Su casa,,,,1409800012362,,home,,AUTOMÓVIL PARTICULAR,,20,,,,,,"Decimocuarta revisión: se toma la lectura de las horas de las tablas anteriores (la primera revisión), una sugerencia entre otras: con las reglas de hoy el día queda con un viaje que sale antes de que llegue el anterior, y con esa lectura con ningún problema. Cambia: viaje 4 16:00 → 20:00, viaje 5 20:00 → 20:20."
7741,3,1412000010636,Hombres,33,Empleado,,1,12:03,,Trabajar,,Fábrica o taller,,Su casa,,home,,1409700340250,,AUTOMÓVIL PARTICULAR,,90,,,,,,
7741,3,1412000010636,Hombres,33,Empleado,,2,21:28,15:32,Regresar a Casa,,Su casa,,,,1409700340250,,home,,AUTOMÓVIL PARTICULAR,,70,,,,,,"Decimocuarta revisión: ninguna lectura de las horas cierra el día: con las reglas queda un viaje que sale antes de que llegue el anterior, con la de las tablas anteriores una salida movida a la madrugada; un día de más de 20 horas. Las salidas se mueven lo menos posible (356 min en total) para que ningún viaje salga antes de que llegue el anterior; queda ningún problema. Cambia: viaje 2 21:28 → 15:32."
7741,3,1412000010636,Hombres,33,Empleado,,3,16:42,,"Compras (bienes, productos y servicios)",,"Comercio, mercado, tienda o centro comercial",,,,home,,1412000014732,,Mi Bici,,5,,,hora_invertida,,,
7741,3,1412000010636,Hombres,33,Empleado,,4,20:26,,Regresar a Casa,,Su casa,,,,1412000014732,,home,,Mi Bici,,5,,,,,,
7774,2,1412000013170,Hombres,59,Trabajador independiente,,1,06:30,,Llevar o recoger a alguien,,Escuela,,Su casa,,home,,1403900011359,,AUTOMÓVIL PARTICULAR,,17,,,,,,
7774,2,1412000013170,Hombres,59,Trabajador independiente,,2,08:00,,Regresar a Casa,,Su casa,,,,1403900011359,,home,,AUTOMÓVIL PARTICULAR,,55,,,,,,
7774,2,1412000013170,Hombres,59,Trabajador independiente,,3,09:30,,Trabajar,,"Comercio, mercado, tienda o centro comercial",,,,home,,1403900011359,,AUTOMÓVIL PARTICULAR,,45,,,,,,
7774,2,1412000013170,Hombres,59,Trabajador independiente,,4,20:00,,Regresar a Casa,,Su casa,,,,1403900011359,,home,,AUTOMÓVIL PARTICULAR,,60,30,,,,,"Decimocuarta revisión: se conserva la decisión de la novena revisión (chain_review_9). Novena revisión: 60 min en AUTOMÓVIL PARTICULAR para 7.1 km en línea recta es más del doble de lo que la encuesta suele reportar para ese modo a esa distancia (30 min, la mediana de 5549 viajes): los minutos son el error, no la hora. Con 30 min llega a las 20:30 y el viaje siguiente sale a las 21:00, 30 min después."
7774,2,1412000013170,Hombres,59,Trabajador independiente,,5,21:00,,"Compras (bienes, productos y servicios)",,"Comercio, mercado, tienda o centro comercial",,,,home,,1403900015525,,AUTOMÓVIL PARTICULAR,,5,,,,,,
7774,2,1412000013170,Hombres,59,Trabajador independiente,,6,20:47 → 21:05,,Regresar a Casa,,Su casa,,,,1403900015525,,home,,AUTOMÓVIL PARTICULAR,,5,,hora:llegada,,changed,,
7776,3,1412000010636,Mujeres,25,Empleado,,1,07:30,,Trabajar,,Oficina,,Su casa,,home,,1409700201013,,AUTOMÓVIL PARTICULAR,,45,,,,,,
7776,3,1412000010636,Mujeres,25,Empleado,,2,18:00,,Regresar a Casa,,Su casa,,,,1409700201013,,home,,AUTOMÓVIL PARTICULAR,,45,,,,,,
7776,3,1412000010636,Mujeres,25,Empleado,,3,07:37,19:37,Trabajar,,Fábrica o taller,,,,home,,1403900011359,,Mi Bici,,7,,,hora_invertida,,,"Decimocuarta revisión: se toma la lectura de las horas de las tablas anteriores (la primera revisión), una sugerencia entre otras: con las reglas de hoy el día queda con un viaje que sale antes de que llegue el anterior, y con esa lectura con ningún problema. Cambia: viaje 3 07:37 → 19:37, viaje 4 13:18 → 01:18."
7776,3,1412000010636,Mujeres,25,Empleado,,4,13:18,01:18,Regresar a Casa,,Su casa,,,,1403900011359,,home,,Mi Bici,,7,,,,,,"Decimocuarta revisión: se toma la lectura de las horas de las tablas anteriores (la primera revisión), una sugerencia entre otras: con las reglas de hoy el día queda con un viaje que sale antes de que llegue el anterior, y con esa lectura con ningún problema. Cambia: viaje 3 07:37 → 19:37, viaje 4 13:18 → 01:18."
7791,4,1412000015266,Hombres,12,Empleado,yes,1,20:03,08:03,Trabajar,,Otra vivienda,,Su casa,,home,,999990001,,AUTOMÓVIL PARTICULAR,,60,,,,,,"Decimocuarta revisión: se toma la lectura de las horas de las tablas anteriores (la primera revisión), una sugerencia entre otras: con las reglas de hoy el día queda con un viaje que sale antes de que llegue el anterior, y con esa lectura con ningún problema. Cambia: viaje 1 20:03 → 08:03, viaje 2 17:43 → 19:13, viaje 3 19:26 → 20:43, viaje 4 18:30 → 22:13."
7791,4,1412000015266,Hombres,12,Empleado,yes,2,17:43,19:13,Regresar a Casa,,Su casa,,,,999990001,,home,,AUTOMÓVIL PARTICULAR,,90,,,hora_invertida,,,"Decimocuarta revisión: se toma la lectura de las horas de las tablas anteriores (la primera revisión), una sugerencia entre otras: con las reglas de hoy el día queda con un viaje que sale antes de que llegue el anterior, y con esa lectura con ningún problema. Cambia: viaje 1 20:03 → 08:03, viaje 2 17:43 → 19:13, viaje 3 19:26 → 20:43, viaje 4 18:30 → 22:13."
7791,4,1412000015266,Hombres,12,Empleado,yes,3,19:26,20:43,Trabajar,,Otra vivienda,,,,home,,999990001,,AUTOMÓVIL PARTICULAR,,60,,,,,,"Decimocuarta revisión: se toma la lectura de las horas de las tablas anteriores (la primera revisión), una sugerencia entre otras: con las reglas de hoy el día queda con un viaje que sale antes de que llegue el anterior, y con esa lectura con ningún problema. Cambia: viaje 1 20:03 → 08:03, viaje 2 17:43 → 19:13, viaje 3 19:26 → 20:43, viaje 4 18:30 → 22:13."
7791,4,1412000015266,Hombres,12,Empleado,yes,4,18:30,22:13,Regresar a Casa,,Su casa,,,,999990001,,home,,AUTOMÓVIL PARTICULAR,,90,,,hora_invertida,,,"Decimocuarta revisión: se toma la lectura de las horas de las tablas anteriores (la primera revisión), una sugerencia entre otras: con las reglas de hoy el día queda con un viaje que sale antes de que llegue el anterior, y con esa lectura con ningún problema. Cambia: viaje 1 20:03 → 08:03, viaje 2 17:43 → 19:13, viaje 3 19:26 → 20:43, viaje 4 18:30 → 22:13."
7871,1,1412000013170,Mujeres,43,Hogar,,1,07:30,,Trabajar,,Oficina,,Oficina,Su casa,1403900011359,home,home,1403900011359,AUTOMÓVIL PARTICULAR,,60,,,inicio_fuera_de_casa,,,"Decimocuarta revisión: el viaje 1 se registró de 1403900011359 a casa y el siguiente de casa en adelante; la quinta revisión leyó que 1403900011359 es adonde fue, no de donde salió, sobre la lectura de la primera revisión, que empezaba el día en casa. Ninguna regla empieza hoy este día en casa, así que el origen del viaje 1 es la vivienda y la respuesta de dónde empezó el día, «Su casa». | Decimocuarta revisión: se conserva la decisión de la quinta revisión (chain_review_5). Origen y destino rotados en el registro: el viaje 1 se registró de 1403900011359 a casa y el siguiente de casa a otro lado, así que 1403900011359 (Oficina) es adonde fue y no de donde salió. La primera revisión puso el origen en casa pero dejó el destino en casa (un viaje de casa a casa); aquí el destino es 1403900011359. | Decimocuarta revisión: el viaje 1 se registró de 1403900011359 a casa y el siguiente de casa en adelante; la quinta revisión leyó que 1403900011359 es adonde fue, no de donde salió, sobre la lectura de la primera revisión, que empezaba el día en casa. Ninguna regla empieza hoy este día en casa, así que el origen del viaje 1 es la vivienda y la respuesta de dónde empezó el día, «Su casa»."
7871,1,1412000013170,Mujeres,43,Hogar,,2,15:30,,Regresar a Casa,,Su casa,,,,home,1403900011359,home,,AUTOMÓVIL PARTICULAR,,20,,,,,,"Decimocuarta revisión: se conserva la decisión de la quinta revisión (chain_review_5). Sale de 1403900011359, donde terminó el viaje anterior (el registro lo daba saliendo de casa)."
7871,1,1412000013170,Mujeres,43,Hogar,,3,19:03,,Deportes o recreación,,Centro cultural o área recreativa,,,,home,,home,,A PIE,,6,,,,,,
7871,1,1412000013170,Mujeres,43,Hogar,,4,19:11,,Regresar a Casa,,Su casa,,,,home,,home,,A PIE,,6,,,,,,
7901,1,1412000014732,Hombres,74,Empleado,,1,09:00,,Trabajar,,Otra vivienda,,Su casa,,home,,1412000011225,,AUTOMÓVIL PARTICULAR,,25,,,,,,
7901,1,1412000014732,Hombres,74,Empleado,,2,04:40,14:40,Regresar a Casa,,Su casa,,,,1412000011225,,home,,AUTOMÓVIL PARTICULAR,,25,,,hora_invertida,,,"Decimocuarta revisión: se toma la lectura de las horas de las tablas anteriores (las reglas anteriores), una sugerencia entre otras: con las reglas de hoy el día queda con un viaje que sale antes de que llegue el anterior, y con esa lectura con menos de media hora en el trabajo o la escuela. Cambia: viaje 2 04:40 → 14:40, viaje 3 06:29 → 16:29, viaje 4 05:00 → 17:00."
7901,1,1412000014732,Hombres,74,Empleado,,3,06:29,16:29,Trabajar,,Otra vivienda,,,,home,,1412000011225,,AUTOMÓVIL PARTICULAR,,25,,,,,,"Decimocuarta revisión: se toma la lectura de las horas de las tablas anteriores (las reglas anteriores), una sugerencia entre otras: con las reglas de hoy el día queda con un viaje que sale antes de que llegue el anterior, y con esa lectura con menos de media hora en el trabajo o la escuela. Cambia: viaje 2 04:40 → 14:40, viaje 3 06:29 → 16:29, viaje 4 05:00 → 17:00."
7901,1,1412000014732,Hombres,74,Empleado,,4,05:00,17:00,Regresar a Casa,,Su casa,,,,1412000011225,,home,,AUTOMÓVIL PARTICULAR,,25,,,hora_invertida,,,"Decimocuarta revisión: se toma la lectura de las horas de las tablas anteriores (las reglas anteriores), una sugerencia entre otras: con las reglas de hoy el día queda con un viaje que sale antes de que llegue el anterior, y con esa lectura con menos de media hora en el trabajo o la escuela. Cambia: viaje 2 04:40 → 14:40, viaje 3 06:29 → 16:29, viaje 4 05:00 → 17:00."
7919,1,1412000011282,Hombres,59,Empleado,,1,07:00,,Trabajar,,Oficina,,Su casa,,home,,1412000010710,,AUTOMÓVIL PARTICULAR,,60,25,,,,,"Decimocuarta revisión: se conserva la decisión de la novena revisión (chain_review_9). Novena revisión: 60 min en AUTOMÓVIL PARTICULAR para 3.7 km en línea recta es más del doble de lo que la encuesta suele reportar para ese modo a esa distancia (25 min, la mediana de 5029 viajes): los minutos son el error, no la hora. Con 25 min llega a las 07:25 y el viaje siguiente sale a las 12:55, 330 min después. Es el mismo recorrido, en el mismo modo, que otro viaje del día cuyos minutos chocaban con la salida siguiente."
7919,1,1412000011282,Hombres,59,Empleado,,2,12:55,,Regresar a Casa,,Su casa,,,,1412000010710,,home,,AUTOMÓVIL PARTICULAR,,90,25,,,,,"Decimocuarta revisión: se conserva la decisión de la novena revisión (chain_review_9). Novena revisión: 90 min en AUTOMÓVIL PARTICULAR para 3.7 km en línea recta es más del doble de lo que la encuesta suele reportar para ese modo a esa distancia (25 min, la mediana de 5029 viajes): los minutos son el error, no la hora. Con 25 min llega a las 13:20 y el viaje siguiente sale a las 14:06, 46 min después. Es el mismo recorrido, en el mismo modo, que otro viaje del día cuyos minutos chocaban con la salida siguiente."
7919,1,1412000011282,Hombres,59,Empleado,,3,14:06 → 16:06,14:06,Trabajar,,Oficina,,,,home,,1412000010710,,AUTOMÓVIL PARTICULAR,,60,25,hora:-10h+12h,,changed,,"Decimocuarta revisión: se conserva la decisión de la novena revisión (chain_review_9). Novena revisión: 60 min en AUTOMÓVIL PARTICULAR para 3.7 km en línea recta es más del doble de lo que la encuesta suele reportar para ese modo a esa distancia (25 min, la mediana de 5029 viajes): los minutos son el error, no la hora. Con 25 min llega a las 14:31 y el viaje siguiente sale a las 17:00, 149 min después. Novena revisión: la salida vuelve a las 14:06, la hora que reporta la encuesta: con los minutos de traslado que corrige esta revisión cabe después de la llegada del viaje anterior (13:20); la regla de horas la había movido a las 16:06 para dejar sitio a los minutos de más. | Decimocuarta revisión: la salida queda a las 14:06, la que dan las reglas al leer de nuevo las horas del día tal como lo dejan las decisiones que se conservan (un renglón quitado, minutos de viaje corregidos, un motivo recodificado); sobre el día registrado daban las 16:06."
7919,1,1412000011282,Hombres,59,Empleado,,4,17:00 → 19:00,17:00,Regresar a Casa,,Su casa,,,,1412000010710,,home,,AUTOMÓVIL PARTICULAR,,90,25,hora:-10h+12h,,changed,,"Decimocuarta revisión: se conserva la decisión de la novena revisión (chain_review_9). Novena revisión: 90 min en AUTOMÓVIL PARTICULAR para 3.7 km en línea recta es más del doble de lo que la encuesta suele reportar para ese modo a esa distancia (25 min, la mediana de 5029 viajes): los minutos son el error, no la hora. Es el último viaje del día. Es el mismo recorrido, en el mismo modo, que otro viaje del día cuyos minutos chocaban con la salida siguiente. Novena revisión: la salida vuelve a las 17:00, la hora que reporta la encuesta: con los minutos de traslado que corrige esta revisión cabe después de la llegada del viaje anterior (14:31); una revisión anterior la había movido a las 17:06 para dejar sitio a los minutos de más. | Decimocuarta revisión: la salida queda a las 17:00, la que dan las reglas al leer de nuevo las horas del día tal como lo dejan las decisiones que se conservan (un renglón quitado, minutos de viaje corregidos, un motivo recodificado); sobre el día registrado daban las 19:00."
7935,1,1412000011282,Hombres,33,Empleado,,1,08:00,,Trabajar,,Oficina,,Su casa,,home,,1403900011804,,AUTOMÓVIL PARTICULAR,,40,,,,,,
7935,1,1412000011282,Hombres,33,Empleado,,2,20:00,10:07,Regresar a Casa,,Su casa,,,,1403900011804,,home,,AUTOMÓVIL PARTICULAR,,50,,,,,,"Decimocuarta revisión: ninguna lectura de las horas cierra el día: con las reglas queda un viaje que sale antes de que llegue el anterior, con la de las tablas anteriores menos de media hora en el trabajo o la escuela. Las salidas se mueven lo menos posible (876 min en total) para que ningún viaje salga antes de que llegue el anterior; queda menos de media hora en el trabajo o la escuela. Cambia: viaje 2 20:00 → 10:07, viaje 3 06:14 → 10:57."
7935,1,1412000011282,Hombres,33,Empleado,,3,06:14,10:57,Trabajar,,Fábrica o taller,,,,home,,1403900011325,,Mi Bici,,12,,,hora_invertida,,,"Decimocuarta revisión: ninguna lectura de las horas cierra el día: con las reglas queda un viaje que sale antes de que llegue el anterior, con la de las tablas anteriores menos de media hora en el trabajo o la escuela. Las salidas se mueven lo menos posible (876 min en total) para que ningún viaje salga antes de que llegue el anterior; queda menos de media hora en el trabajo o la escuela. Cambia: viaje 2 20:00 → 10:07, viaje 3 06:14 → 10:57."
7935,1,1412000011282,Hombres,33,Empleado,,4,11:09,,Regresar a Casa,,Su casa,,,,1403900011325,,home,,Mi Bici,,12,,,,,,
7993,2,1403900011753,Hombres,32,Empleado,,1,22:00,10:00,Trabajar,,Oficina,,Su casa,,home,,1403900010613,,AUTOMÓVIL PARTICULAR,,15,,,,,,"Decimocuarta revisión: se toma la lectura de las horas de las tablas anteriores (la primera revisión y la décima revisión), una sugerencia entre otras: con las reglas de hoy el día queda con un viaje que sale antes de que llegue el anterior, y con esa lectura con ningún problema. Cambia: viaje 1 22:00 → 10:00, viaje 4 14:00 → 22:00."
7993,2,1403900011753,Hombres,32,Empleado,,2,14:43,,Regresar a Casa,,Su casa,,,,1403900010613,,home,,AUTOMÓVIL PARTICULAR,,15,,,hora_invertida,,,
7993,2,1403900011753,Hombres,32,Empleado,,3,16:21,,Trabajar,,Oficina,,,,home,,1403900010613,,AUTOMÓVIL PARTICULAR,,15,,,,,,
7993,2,1403900011753,Hombres,32,Empleado,,4,14:00,22:00,Regresar a Casa,,Su casa,,,,1403900010613,,home,,AUTOMÓVIL PARTICULAR,,15,,,hora_invertida,,,"Decimocuarta revisión: se toma la lectura de las horas de las tablas anteriores (la primera revisión y la décima revisión), una sugerencia entre otras: con las reglas de hoy el día queda con un viaje que sale antes de que llegue el anterior, y con esa lectura con ningún problema. Cambia: viaje 1 22:00 → 10:00, viaje 4 14:00 → 22:00."
8024,3,1403900013321,Hombres,16,Estudiante,,1,13:00,,Estudiar,,Escuela,,Su casa,,1403900014461 → home,,1403900014461,,CAMIÓN O AUTOBÚS,,25,,origen:copia,,changed,,
8024,3,1403900013321,Hombres,16,Estudiante,,2,19:00,,Regresar a Casa,,Su casa,,,,1403900014461,,home,,CAMIÓN O AUTOBÚS,,25,,,,,,
8024,3,1403900013321,Hombres,16,Estudiante,,3,18:05,19:25,Estudiar,,Escuela,,,,1403900014461 → home,,1403900014461,,CAMIÓN O AUTOBÚS,,25,,origen:casa,hora_invertida,changed,,"Decimocuarta revisión: ninguna lectura de las horas cierra el día: con las reglas queda un viaje que sale antes de que llegue el anterior, con la de las tablas anteriores menos de media hora en el trabajo o la escuela. Las salidas se mueven lo menos posible (80 min en total) para que ningún viaje salga antes de que llegue el anterior; queda ningún problema. Cambia: viaje 3 18:05 → 19:25."
8024,3,1403900013321,Hombres,16,Estudiante,,4,20:42,,Regresar a Casa,,Su casa,,,,1403900014461,,home,,CAMIÓN O AUTOBÚS,,25,,,,,,
8108,2,1403900012376,Hombres,54,Empleado,,1,07:00,,Trabajar,,Otros (especifique),,Su casa,,home,,1403900011359,,AUTOMÓVIL PARTICULAR,,120,25,,,,,"Decimocuarta revisión: se conserva la decisión de la novena revisión (chain_review_9). Novena revisión: 120 min en AUTOMÓVIL PARTICULAR para 3.2 km en línea recta es más del doble de lo que la encuesta suele reportar para ese modo a esa distancia (25 min, la mediana de 5029 viajes): los minutos son el error, no la hora. Con 25 min llega a las 07:25 y el viaje siguiente sale a las 13:41, 376 min después. Es el mismo recorrido, en el mismo modo, que otro viaje del día cuyos minutos chocaban con la salida siguiente."
8108,2,1403900012376,Hombres,54,Empleado,,2,13:41,,Regresar a Casa,,Su casa,,,,1403900011359,,home,,AUTOMÓVIL PARTICULAR,,120,25,,,,,"Decimocuarta revisión: se conserva la decisión de la novena revisión (chain_review_9). Novena revisión: 120 min en AUTOMÓVIL PARTICULAR para 3.2 km en línea recta es más del doble de lo que la encuesta suele reportar para ese modo a esa distancia (25 min, la mediana de 5029 viajes): los minutos son el error, no la hora. Con 25 min llega a las 14:06 y el viaje siguiente sale a las 15:14, 68 min después."
8108,2,1403900012376,Hombres,54,Empleado,,3,15:14 → 17:14,15:14,Trabajar,,Otros (especifique),,,,home,,1403900011359,,AUTOMÓVIL PARTICULAR,,120,25,hora:-10h+12h,,changed,,"Decimocuarta revisión: se conserva la decisión de la novena revisión (chain_review_9). Novena revisión: 120 min en AUTOMÓVIL PARTICULAR para 3.2 km en línea recta es más del doble de lo que la encuesta suele reportar para ese modo a esa distancia (25 min, la mediana de 5029 viajes): los minutos son el error, no la hora. Con 25 min llega a las 15:39 y el viaje siguiente sale a las 19:00, 201 min después. Es el mismo recorrido, en el mismo modo, que otro viaje del día cuyos minutos chocaban con la salida siguiente. Novena revisión: la salida vuelve a las 15:14, la hora que reporta la encuesta: con los minutos de traslado que corrige esta revisión cabe después de la llegada del viaje anterior (14:06); una revisión anterior la había movido a las 15:41 para dejar sitio a los minutos de más. | Decimocuarta revisión: la salida queda a las 15:14, la que dan las reglas al leer de nuevo las horas del día tal como lo dejan las decisiones que se conservan (un renglón quitado, minutos de viaje corregidos, un motivo recodificado); sobre el día registrado daban las 17:14."
8108,2,1403900012376,Hombres,54,Empleado,,4,19:00 → 21:00,19:00,Regresar a Casa,,Su casa,,,,1403900011359,,home,,AUTOMÓVIL PARTICULAR,,120,25,hora:-10h+12h,,changed,,"Decimocuarta revisión: se conserva la decisión de la novena revisión (chain_review_9). Novena revisión: 120 min en AUTOMÓVIL PARTICULAR para 3.2 km en línea recta es más del doble de lo que la encuesta suele reportar para ese modo a esa distancia (25 min, la mediana de 5029 viajes): los minutos son el error, no la hora. Es el último viaje del día. Es el mismo recorrido, en el mismo modo, que otro viaje del día cuyos minutos chocaban con la salida siguiente. Novena revisión: la salida vuelve a las 19:00, la hora que reporta la encuesta: con los minutos de traslado que corrige esta revisión cabe después de la llegada del viaje anterior (15:39); una revisión anterior la había movido a las 19:14 para dejar sitio a los minutos de más. | Decimocuarta revisión: la salida queda a las 19:00, la que dan las reglas al leer de nuevo las horas del día tal como lo dejan las decisiones que se conservan (un renglón quitado, minutos de viaje corregidos, un motivo recodificado); sobre el día registrado daban las 21:00."
8130,2,1403900015648,Mujeres,26,Trabajador independiente,,1,07:40,,Llevar o recoger a alguien,,Escuela,,Su casa,,home,,1403900011556,,A PIE,,15,,,,,,
8130,2,1403900015648,Mujeres,26,Trabajador independiente,,2,16:00,11:15,Regresar a Casa,,Su casa,,,,1403900011556,,home,,A PIE,,15,,,,,,"Decimocuarta revisión: ninguna lectura de las horas cierra el día: con las reglas queda un viaje que sale antes de que llegue el anterior, con la de las tablas anteriores ningún problema. Las salidas se mueven lo menos posible (285 min en total) para que ningún viaje salga antes de que llegue el anterior; queda ningún problema. Cambia: viaje 2 16:00 → 11:15."
8130,2,1403900015648,Mujeres,26,Trabajador independiente,,3,11:30,,Llevar o recoger a alguien,,Escuela,,,,home,,1403900011556,,A PIE,,20,,,hora_invertida,,,
8130,2,1403900015648,Mujeres,26,Trabajador independiente,,4,12:10,,Regresar a Casa,,Su casa,,,,1403900011556,,home,,A PIE,,20,,,,,,
8130,2,1403900015648,Mujeres,26,Trabajador independiente,,5,19:21,,Otros (especifique),,Otros (especifique),,,,home,,1403900011753,,A PIE,,14,,,,,,
8130,2,1403900015648,Mujeres,26,Trabajador independiente,,6,19:41,,Regresar a Casa,,Su casa,,,,1403900011753,,home,,A PIE,,14,,,,,,
8185,1,1403900014052,Hombres,30,Empleado,,1,07:00,,Trabajar,,Fábrica o taller,,Su casa,,home,,1412000010617,,AUTOMÓVIL PARTICULAR,,80,40,,,,,"Decimocuarta revisión: se conserva la decisión de la novena revisión (chain_review_9). Novena revisión: 80 min en AUTOMÓVIL PARTICULAR para 10.9 km en línea recta es más del doble de lo que la encuesta suele reportar para ese modo a esa distancia (40 min, la mediana de 5474 viajes): los minutos son el error, no la hora. Con 40 min llega a las 07:40 y el viaje siguiente sale a las 12:44, 304 min después. Es el mismo recorrido, en el mismo modo, que otro viaje del día cuyos minutos chocaban con la salida siguiente."
8185,1,1403900014052,Hombres,30,Empleado,,2,12:44,,Regresar a Casa,,Su casa,,,,1412000010617,,home,,AUTOMÓVIL PARTICULAR,,90,40,,,,,"Decimocuarta revisión: se conserva la decisión de la novena revisión (chain_review_9). Novena revisión: 90 min en AUTOMÓVIL PARTICULAR para 10.9 km en línea recta es más del doble de lo que la encuesta suele reportar para ese modo a esa distancia (40 min, la mediana de 5474 viajes): los minutos son el error, no la hora. Con 40 min llega a las 13:24 y el viaje siguiente sale a las 14:11, 47 min después."
8185,1,1403900014052,Hombres,30,Empleado,,3,14:11 → 14:14,14:11,Trabajar,,Fábrica o taller,,,,home,,1412000010617,,AUTOMÓVIL PARTICULAR,,80,40,hora:llegada,,changed,,"Decimocuarta revisión: se conserva la decisión de la novena revisión (chain_review_9). Novena revisión: 80 min en AUTOMÓVIL PARTICULAR para 10.9 km en línea recta es más del doble de lo que la encuesta suele reportar para ese modo a esa distancia (40 min, la mediana de 5474 viajes): los minutos son el error, no la hora. Con 40 min llega a las 14:51 y el viaje siguiente sale a las 17:30, 159 min después. Es el mismo recorrido, en el mismo modo, que otro viaje del día cuyos minutos chocaban con la salida siguiente. Novena revisión: la salida vuelve a las 14:11, la hora que reporta la encuesta: con los minutos de traslado que corrige esta revisión cabe después de la llegada del viaje anterior (13:24); una revisión anterior la había movido a las 14:14 para dejar sitio a los minutos de más. | Decimocuarta revisión: la salida queda a las 14:11, la que dan las reglas al leer de nuevo las horas del día tal como lo dejan las decisiones que se conservan (un renglón quitado, minutos de viaje corregidos, un motivo recodificado); sobre el día registrado daban las 14:14."
8185,1,1403900014052,Hombres,30,Empleado,,4,17:30,,Regresar a Casa,,Su casa,,,,1412000010617,,home,,AUTOMÓVIL PARTICULAR,,90,40,,,,,"Decimocuarta revisión: se conserva la decisión de la novena revisión (chain_review_9). Novena revisión: 90 min en AUTOMÓVIL PARTICULAR para 10.9 km en línea recta es más del doble de lo que la encuesta suele reportar para ese modo a esa distancia (40 min, la mediana de 5474 viajes): los minutos son el error, no la hora. Con 40 min llega a las 18:10 y el viaje siguiente sale a las 19:10, 60 min después. Es el mismo recorrido, en el mismo modo, que otro viaje del día cuyos minutos chocaban con la salida siguiente."
8185,1,1403900014052,Hombres,30,Empleado,,5,19:10,,"Compras (bienes, productos y servicios)",,"Comercio, mercado, tienda o centro comercial",,,,home,,1403900012709,,A PIE,,13,,,,,,
8185,1,1403900014052,Hombres,30,Empleado,,6,19:33,,Regresar a Casa,,Su casa,,,,1403900012709,,home,,A PIE,,13,,,,,,
8201,1,1412000015459,Hombres,51,Empleado,,1,19:00,09:00,Trabajar,,Oficina,,Su casa,,home,,999990005,,AUTOMÓVIL PARTICULAR,,90,,,,,,"Decimocuarta revisión: se toma la lectura de las horas de las tablas anteriores (la primera revisión), una sugerencia entre otras: con las reglas de hoy el día queda con un viaje que sale antes de que llegue el anterior, y con esa lectura con ningún problema. Cambia: viaje 1 19:00 → 09:00, viaje 3 18:39 → 20:23, viaje 4 18:00 → 06:00."
8201,1,1412000015459,Hombres,51,Empleado,,2,16:39,,Regresar a Casa,,Su casa,,,,999990005,,home,,AUTOMÓVIL PARTICULAR,,120,,,hora_invertida,,,
8201,1,1412000015459,Hombres,51,Empleado,,3,18:23 → 18:39,20:23,Trabajar,,Oficina,,,,home,,999990005,,AUTOMÓVIL PARTICULAR,,90,,hora:llegada,,changed,,"Decimocuarta revisión: se toma la lectura de las horas de las tablas anteriores (la primera revisión), una sugerencia entre otras: con las reglas de hoy el día queda con un viaje que sale antes de que llegue el anterior, y con esa lectura con ningún problema. Cambia: viaje 1 19:00 → 09:00, viaje 3 18:39 → 20:23, viaje 4 18:00 → 06:00."
8201,1,1412000015459,Hombres,51,Empleado,,4,18:00,06:00,Regresar a Casa,,Su casa,,,,999990005,,home,,AUTOMÓVIL PARTICULAR,,120,,,hora_invertida,,,"Decimocuarta revisión: se toma la lectura de las horas de las tablas anteriores (la primera revisión), una sugerencia entre otras: con las reglas de hoy el día queda con un viaje que sale antes de que llegue el anterior, y con esa lectura con ningún problema. Cambia: viaje 1 19:00 → 09:00, viaje 3 18:39 → 20:23, viaje 4 18:00 → 06:00."
8293,1,1412000012721,Hombres,30,Trabajador independiente,,1,08:10,,"Compras (bienes, productos y servicios)",,"Comercio, mercado, tienda o centro comercial",,Su casa,,home,,1412000014380,,A PIE,,7,,,,,,
8293,1,1412000012721,Hombres,30,Trabajador independiente,,2,08:24,,Regresar a Casa,,Su casa,,,,1412000014380,,home,,A PIE,,7,,,,,,
8293,1,1412000012721,Hombres,30,Trabajador independiente,,3,16:00,,Trabajar,,Otra vivienda,,,,home,,1403900011359,,AUTOMÓVIL PARTICULAR,,120,,,,,,
8293,1,1412000012721,Hombres,30,Trabajador independiente,,4,16:50,18:50,Regresar a Casa,,Su casa,,,,1403900011359,,home,,AUTOMÓVIL PARTICULAR,,60,,,hora_invertida,,,"Decimocuarta revisión: se toma la lectura de las horas de las tablas anteriores (la primera revisión y la segunda revisión), una sugerencia entre otras: con las reglas de hoy el día queda con un viaje que sale antes de que llegue el anterior, y con esa lectura con ningún problema. Cambia: viaje 4 16:50 → 18:50, viaje 5 18:25 → 20:25, viaje 6 19:09 → 23:09."
8293,1,1412000012721,Hombres,30,Trabajador independiente,,5,18:25,20:25,Trabajar,,Otra vivienda,,,,home,,1403900011359,,AUTOMÓVIL PARTICULAR,,120,,,,,,"Decimocuarta revisión: se toma la lectura de las horas de las tablas anteriores (la primera revisión y la segunda revisión), una sugerencia entre otras: con las reglas de hoy el día queda con un viaje que sale antes de que llegue el anterior, y con esa lectura con ningún problema. Cambia: viaje 4 16:50 → 18:50, viaje 5 18:25 → 20:25, viaje 6 19:09 → 23:09."
8293,1,1412000012721,Hombres,30,Trabajador independiente,,6,19:09,23:09,Regresar a Casa,,Su casa,,,,1403900011359,,home,,AUTOMÓVIL PARTICULAR,,60,,,hora_invertida,,,"Decimocuarta revisión: se toma la lectura de las horas de las tablas anteriores (la primera revisión y la segunda revisión), una sugerencia entre otras: con las reglas de hoy el día queda con un viaje que sale antes de que llegue el anterior, y con esa lectura con ningún problema. Cambia: viaje 4 16:50 → 18:50, viaje 5 18:25 → 20:25, viaje 6 19:09 → 23:09."
8293,2,1412000012721,Hombres,26,Trabajador independiente,,1,12:00,10:30,Trabajar,,Otra vivienda,,Su casa,,home,,1412000010710,,AUTOMÓVIL PARTICULAR,,60,,,,,,"Decimocuarta revisión: ninguna lectura de las horas cierra el día: con las reglas queda un viaje que sale antes de que llegue el anterior, con la de las tablas anteriores una salida movida a la madrugada; un día de más de 20 horas. Las salidas se mueven lo menos posible (168 min en total) para que ningún viaje salga antes de que llegue el anterior; queda menos de media hora en el trabajo o la escuela. Cambia: viaje 1 12:00 → 10:30, viaje 4 13:00 → 14:18."
8293,2,1412000012721,Hombres,26,Trabajador independiente,,2,11:30,,Regresar a Casa,,Su casa,,,,1412000010710,,home,,AUTOMÓVIL PARTICULAR,,60,,,hora_invertida,,,
8293,2,1412000012721,Hombres,26,Trabajador independiente,,3,13:18,,Trabajar,,Otra vivienda,,,,home,,1412000010710,,AUTOMÓVIL PARTICULAR,,60,,,,,,
8293,2,1412000012721,Hombres,26,Trabajador independiente,,4,13:00,14:18,Regresar a Casa,,Su casa,,,,1412000010710,,home,,AUTOMÓVIL PARTICULAR,,60,,,hora_invertida,,,"Decimocuarta revisión: ninguna lectura de las horas cierra el día: con las reglas queda un viaje que sale antes de que llegue el anterior, con la de las tablas anteriores una salida movida a la madrugada; un día de más de 20 horas. Las salidas se mueven lo menos posible (168 min en total) para que ningún viaje salga antes de que llegue el anterior; queda menos de media hora en el trabajo o la escuela. Cambia: viaje 1 12:00 → 10:30, viaje 4 13:00 → 14:18."
8320,1,1412000014465,Mujeres,68,Hogar,,1,14:00,,Pagar algún servicio o al banco,,"Comercio, mercado, tienda o centro comercial",,Su casa,,home,,141200001066A,,Taxi plataforma (Uber/Didi),,25,,,,,,
8320,1,1412000014465,Mujeres,68,Hogar,,2,17:30,,Regresar a Casa,,Su casa,,,,141200001066A,,home,,Taxi plataforma (Uber/Didi),,40,20,,,,,"Decimocuarta revisión: se conserva la decisión de la novena revisión (chain_review_9). Novena revisión: 40 min en Taxi plataforma (Uber/Didi) para 2.6 km en línea recta es más del doble de lo que la encuesta suele reportar para ese modo a esa distancia (20 min, la mediana de 222 viajes): los minutos son el error, no la hora. Con 20 min llega a las 17:50 y el viaje siguiente sale a las 18:02, 12 min después."
8320,1,1412000014465,Mujeres,68,Hogar,,3,18:02 → 18:10,18:02,"Compras (bienes, productos y servicios)",,"Comercio, mercado, tienda o centro comercial",,,,home,,1412000010706,,A PIE,,5,,hora:llegada,,changed,,"Decimocuarta revisión: la salida queda a las 18:02, la que dan las reglas al leer de nuevo las horas del día tal como lo dejan las decisiones que se conservan (un renglón quitado, minutos de viaje corregidos, un motivo recodificado); sobre el día registrado daban las 18:10."
8320,1,1412000014465,Mujeres,68,Hogar,,4,18:16,,Regresar a Casa,,Su casa,,,,1412000010706,,home,,A PIE,,5,,,,,,
8454,3,141200001657A,Hombres,28,Empleado,,1,07:00,,Trabajar,,"Comercio, mercado, tienda o centro comercial",,Su casa,,home,,999990001,,AUTOMÓVIL PARTICULAR,,120,,,,,,
8454,3,141200001657A,Hombres,28,Empleado,,2,12:38,,Regresar a Casa,,Su casa,,,,999990001,,home,,AUTOMÓVIL PARTICULAR,,120,,,,,,
8454,3,141200001657A,Hombres,28,Empleado,,3,14:19 → 14:38,16:19,Trabajar,,"Comercio, mercado, tienda o centro comercial",,,,home,,999990001,,AUTOMÓVIL PARTICULAR,,120,,hora:llegada,,changed,,"Decimocuarta revisión: se toma la lectura de las horas de las tablas anteriores (la primera revisión), una sugerencia entre otras: con las reglas de hoy el día queda con menos de media hora en el trabajo o la escuela, y con esa lectura con ningún problema. Cambia: viaje 3 14:38 → 16:19, viaje 4 17:00 → 19:00, viaje 5 19:21 → 21:21, viaje 6 19:39 → 21:39."
8454,3,141200001657A,Hombres,28,Empleado,,4,17:00,19:00,Regresar a Casa,,Su casa,,,,999990001,,home,,AUTOMÓVIL PARTICULAR,,120,,,,,,"Decimocuarta revisión: se toma la lectura de las horas de las tablas anteriores (la primera revisión), una sugerencia entre otras: con las reglas de hoy el día queda con menos de media hora en el trabajo o la escuela, y con esa lectura con ningún problema. Cambia: viaje 3 14:38 → 16:19, viaje 4 17:00 → 19:00, viaje 5 19:21 → 21:21, viaje 6 19:39 → 21:39."
8454,3,141200001657A,Hombres,28,Empleado,,5,19:21,21:21,Deportes o recreación,,"Deportivo, gimnasio",,,,home,,1412000016141,,A PIE,,14,,,,,,"Decimocuarta revisión: se toma la lectura de las horas de las tablas anteriores (la primera revisión), una sugerencia entre otras: con las reglas de hoy el día queda con menos de media hora en el trabajo o la escuela, y con esa lectura con ningún problema. Cambia: viaje 3 14:38 → 16:19, viaje 4 17:00 → 19:00, viaje 5 19:21 → 21:21, viaje 6 19:39 → 21:39."
8454,3,141200001657A,Hombres,28,Empleado,,6,19:39,21:39,Regresar a Casa,,Su casa,,,,1412000016141,,home,,A PIE,,14,,,,,,"Decimocuarta revisión: se toma la lectura de las horas de las tablas anteriores (la primera revisión), una sugerencia entre otras: con las reglas de hoy el día queda con menos de media hora en el trabajo o la escuela, y con esa lectura con ningún problema. Cambia: viaje 3 14:38 → 16:19, viaje 4 17:00 → 19:00, viaje 5 19:21 → 21:21, viaje 6 19:39 → 21:39."
8582,1,1412000012505,Hombres,61,,,1,10:00,,"Compras (bienes, productos y servicios)",,"Comercio, mercado, tienda o centro comercial",,Su casa,,home,,1412000012492,,AUTOMÓVIL PARTICULAR,,10,,,,,,
8582,1,1412000012505,Hombres,61,,,2,12:00,,Visitar a alguien,,Otra vivienda,,,,1412000012492,,1412000010706,,AUTOMÓVIL PARTICULAR,,40,,,,,,
8582,1,1412000012505,Hombres,61,,,3,15:00,,Regresar a Casa,,Su casa,,,,1412000010706,,home,,AUTOMÓVIL PARTICULAR,,40,,,,,,
8582,1,1412000012505,Hombres,61,,,4,20:30,,Visitar a alguien,,Otra vivienda,,,,home,,1403900011043,,AUTOMÓVIL PARTICULAR,,40,,,,,,
8582,1,1412000012505,Hombres,61,,,5,12:00,00:00,Regresar a Casa,,Su casa,,,,1403900011043,,home,,AUTOMÓVIL PARTICULAR,,40,,,hora_invertida,,,"Decimocuarta revisión: se toma la lectura de las horas de las tablas anteriores (la primera revisión), una sugerencia entre otras: con las reglas de hoy el día queda con un viaje que sale antes de que llegue el anterior, y con esa lectura con ningún problema. Cambia: viaje 5 12:00 → 00:00."
8582,2,1412000012505,Mujeres,59,Hogar,,1,10:00,,"Compras (bienes, productos y servicios)",,"Comercio, mercado, tienda o centro comercial",,Su casa,,home,,1412000012492,,AUTOMÓVIL PARTICULAR,,10,,,,,,
8582,2,1412000012505,Mujeres,59,Hogar,,2,12:00,,Visitar a alguien,,Otra vivienda,,,,1412000012492,,1412000010706,,AUTOMÓVIL PARTICULAR,,40,,,,,,
8582,2,1412000012505,Mujeres,59,Hogar,,3,15:00,,Regresar a Casa,,Su casa,,,,1412000010706,,home,,AUTOMÓVIL PARTICULAR,,40,,,,,,
8582,2,1412000012505,Mujeres,59,Hogar,,4,20:30,,Visitar a alguien,,Otra vivienda,,,,home,,1403900011043,,AUTOMÓVIL PARTICULAR,,40,,,,,,
8582,2,1412000012505,Mujeres,59,Hogar,,5,12:00,00:00,Regresar a Casa,,Su casa,,,,1403900011043,,home,,AUTOMÓVIL PARTICULAR,,40,,,hora_invertida,,,"Decimocuarta revisión: se toma la lectura de las horas de las tablas anteriores (la primera revisión), una sugerencia entre otras: con las reglas de hoy el día queda con un viaje que sale antes de que llegue el anterior, y con esa lectura con ningún problema. Cambia: viaje 5 12:00 → 00:00."
8590,3,1412000012473,Hombres,39,Trabajador independiente,,1,07:30,,Trabajar,,Oficina,,Su casa,,home,,1412000010405,,AUTOMÓVIL PARTICULAR,,90,45,,,,,"Decimocuarta revisión: se conserva la decisión de la novena revisión (chain_review_9). Novena revisión: 90 min en AUTOMÓVIL PARTICULAR para 13.7 km en línea recta es más del doble de lo que la encuesta suele reportar para ese modo a esa distancia (45 min, la mediana de 4989 viajes): los minutos son el error, no la hora. Con 45 min llega a las 08:15 y el viaje siguiente sale a las 13:34, 319 min después. Es el mismo recorrido, en el mismo modo, que otro viaje del día cuyos minutos chocaban con la salida siguiente."
8590,3,1412000012473,Hombres,39,Trabajador independiente,,2,13:34,,Regresar a Casa,,Su casa,,,,1412000010405,,home,,AUTOMÓVIL PARTICULAR,,90,45,,,,,"Decimocuarta revisión: se conserva la decisión de la novena revisión (chain_review_9). Novena revisión: 90 min en AUTOMÓVIL PARTICULAR para 13.7 km en línea recta es más del doble de lo que la encuesta suele reportar para ese modo a esa distancia (45 min, la mediana de 4989 viajes): los minutos son el error, no la hora. Con 45 min llega a las 14:19 y el viaje siguiente sale a las 15:02, 43 min después."
8590,3,1412000012473,Hombres,39,Trabajador independiente,,3,15:02 → 15:04,15:02,Trabajar,,Oficina,,,,home,,1412000010405,,AUTOMÓVIL PARTICULAR,,90,45,hora:llegada,,changed,,"Decimocuarta revisión: se conserva la decisión de la novena revisión (chain_review_9). Novena revisión: 90 min en AUTOMÓVIL PARTICULAR para 13.7 km en línea recta es más del doble de lo que la encuesta suele reportar para ese modo a esa distancia (45 min, la mediana de 4989 viajes): los minutos son el error, no la hora. Con 45 min llega a las 15:47 y el viaje siguiente sale a las 19:00, 193 min después. Es el mismo recorrido, en el mismo modo, que otro viaje del día cuyos minutos chocaban con la salida siguiente. Novena revisión: la salida vuelve a las 15:02, la hora que reporta la encuesta: con los minutos de traslado que corrige esta revisión cabe después de la llegada del viaje anterior (14:19); una revisión anterior la había movido a las 15:04 para dejar sitio a los minutos de más. | Decimocuarta revisión: la salida queda a las 15:02, la que dan las reglas al leer de nuevo las horas del día tal como lo dejan las decisiones que se conservan (un renglón quitado, minutos de viaje corregidos, un motivo recodificado); sobre el día registrado daban las 15:04."
8590,3,1412000012473,Hombres,39,Trabajador independiente,,4,19:00,,Regresar a Casa,,Su casa,,,,1412000010405,,home,,AUTOMÓVIL PARTICULAR,,90,45,,,,,"Decimocuarta revisión: se conserva la decisión de la novena revisión (chain_review_9). Novena revisión: 90 min en AUTOMÓVIL PARTICULAR para 13.7 km en línea recta es más del doble de lo que la encuesta suele reportar para ese modo a esa distancia (45 min, la mediana de 4989 viajes): los minutos son el error, no la hora. Es el último viaje del día. Es el mismo recorrido, en el mismo modo, que otro viaje del día cuyos minutos chocaban con la salida siguiente."
8590,5,1412000012473,Hombres,34,Empleado,,1,07:30,,Trabajar,,Oficina,,Su casa,,home,,1409700010918,,AUTOMÓVIL PARTICULAR,,90,45,,,,,"Decimocuarta revisión: se conserva la decisión de la novena revisión (chain_review_9). Novena revisión: 90 min en AUTOMÓVIL PARTICULAR para 14.8 km en línea recta es más del doble de lo que la encuesta suele reportar para ese modo a esa distancia (45 min, la mediana de 4989 viajes): los minutos son el error, no la hora. Con 45 min llega a las 08:15 y el viaje siguiente sale a las 13:41, 326 min después. Es el mismo recorrido, en el mismo modo, que otro viaje del día cuyos minutos chocaban con la salida siguiente."
8590,5,1412000012473,Hombres,34,Empleado,,2,13:41,,Regresar a Casa,,Su casa,,,,1409700010918,,home,,AUTOMÓVIL PARTICULAR,,90,45,,,,,"Decimocuarta revisión: se conserva la decisión de la novena revisión (chain_review_9). Novena revisión: 90 min en AUTOMÓVIL PARTICULAR para 14.8 km en línea recta es más del doble de lo que la encuesta suele reportar para ese modo a esa distancia (45 min, la mediana de 4989 viajes): los minutos son el error, no la hora. Con 45 min llega a las 14:26 y el viaje siguiente sale a las 15:01, 35 min después."
8590,5,1412000012473,Hombres,34,Empleado,,3,15:01 → 15:11,15:01,Trabajar,,Oficina,,,,home,,1409700010918,,AUTOMÓVIL PARTICULAR,,90,45,hora:llegada,,changed,,"Decimocuarta revisión: se conserva la decisión de la novena revisión (chain_review_9). Novena revisión: 90 min en AUTOMÓVIL PARTICULAR para 14.8 km en línea recta es más del doble de lo que la encuesta suele reportar para ese modo a esa distancia (45 min, la mediana de 4989 viajes): los minutos son el error, no la hora. Con 45 min llega a las 15:46 y el viaje siguiente sale a las 18:00, 134 min después. Es el mismo recorrido, en el mismo modo, que otro viaje del día cuyos minutos chocaban con la salida siguiente. Novena revisión: la salida vuelve a las 15:01, la hora que reporta la encuesta: con los minutos de traslado que corrige esta revisión cabe después de la llegada del viaje anterior (14:26); una revisión anterior la había movido a las 15:11 para dejar sitio a los minutos de más. | Decimocuarta revisión: la salida queda a las 15:01, la que dan las reglas al leer de nuevo las horas del día tal como lo dejan las decisiones que se conservan (un renglón quitado, minutos de viaje corregidos, un motivo recodificado); sobre el día registrado daban las 15:11."
8590,5,1412000012473,Hombres,34,Empleado,,4,18:00,,Regresar a Casa,,Su casa,,,,1409700010918,,home,,AUTOMÓVIL PARTICULAR,,90,45,,,,,"Decimocuarta revisión: se conserva la decisión de la novena revisión (chain_review_9). Novena revisión: 90 min en AUTOMÓVIL PARTICULAR para 14.8 km en línea recta es más del doble de lo que la encuesta suele reportar para ese modo a esa distancia (45 min, la mediana de 4989 viajes): los minutos son el error, no la hora. Es el último viaje del día. Es el mismo recorrido, en el mismo modo, que otro viaje del día cuyos minutos chocaban con la salida siguiente."
8635,2,1403900013336,Hombres,49,Trabajador independiente,,1,07:00,,Trabajar,,Otra vivienda,,Su casa,,home,,1412400010175,,AUTOMÓVIL PARTICULAR,,100,,,,,,
8635,2,1403900013336,Hombres,49,Trabajador independiente,,2,11:32,,Regresar a Casa,,Su casa,,,,1412400010175,,home,,AUTOMÓVIL PARTICULAR,,120,60,,,,,"Decimocuarta revisión: se conserva la decisión de la novena revisión (chain_review_9). Novena revisión: 120 min en AUTOMÓVIL PARTICULAR para 33.8 km en línea recta es más del doble de lo que la encuesta suele reportar para ese modo a esa distancia (60 min, la mediana de 2401 viajes): los minutos son el error, no la hora. Con 60 min llega a las 12:32 y el viaje siguiente sale a las 13:18, 46 min después."
8635,2,1403900013336,Hombres,49,Trabajador independiente,,3,13:18 → 13:32,13:18,Trabajar,,Otra vivienda,,,,home,,1412400010175,,AUTOMÓVIL PARTICULAR,,100,,hora:llegada,,changed,,"Decimocuarta revisión: la salida queda a las 13:18, la que dan las reglas al leer de nuevo las horas del día tal como lo dejan las decisiones que se conservan (un renglón quitado, minutos de viaje corregidos, un motivo recodificado); sobre el día registrado daban las 13:32."
8635,2,1403900013336,Hombres,49,Trabajador independiente,,4,15:00 → 15:12,15:00,Regresar a Casa,,Su casa,,,,1412400010175,,home,,AUTOMÓVIL PARTICULAR,,120,60,hora:llegada,,changed,,"Decimocuarta revisión: se conserva la decisión de la novena revisión (chain_review_9). Novena revisión: 120 min en AUTOMÓVIL PARTICULAR para 33.8 km en línea recta es más del doble de lo que la encuesta suele reportar para ese modo a esa distancia (60 min, la mediana de 2401 viajes): los minutos son el error, no la hora. Es el último viaje del día. Es el mismo recorrido, en el mismo modo, que otro viaje del día cuyos minutos chocaban con la salida siguiente. Novena revisión: la salida vuelve a las 15:00, la hora que reporta la encuesta: con los minutos de traslado que corrige esta revisión cabe después de la llegada del viaje anterior (14:58); una revisión anterior la había movido a las 15:12 para dejar sitio a los minutos de más. | Decimocuarta revisión: la salida queda a las 15:00, la que dan las reglas al leer de nuevo las horas del día tal como lo dejan las decisiones que se conservan (un renglón quitado, minutos de viaje corregidos, un motivo recodificado); sobre el día registrado daban las 15:12."
8686,1,1412000016300,Hombres,36,Trabajador independiente,,1,09:00,,Trabajar,,"Comercio, mercado, tienda o centro comercial",,Su casa,,home,,1412000014836,,AUTOMÓVIL PARTICULAR,,40,,,,,,
8686,1,1412000016300,Hombres,36,Trabajador independiente,,2,04:37,14:37,Regresar a Casa,,Su casa,,,,1412000014836,,home,,AUTOMÓVIL PARTICULAR,,50,,,hora_invertida,,,"Decimocuarta revisión: se toma la lectura de las horas de las tablas anteriores (las reglas anteriores), una sugerencia entre otras: con las reglas de hoy el día queda con un viaje que sale antes de que llegue el anterior, y con esa lectura con menos de media hora en el trabajo o la escuela. Cambia: viaje 2 04:37 → 14:37, viaje 3 06:09 → 16:09, viaje 4 05:00 → 17:00."
8686,1,1412000016300,Hombres,36,Trabajador independiente,,3,06:09,16:09,Trabajar,,"Comercio, mercado, tienda o centro comercial",,,,home,,1412000014836,,AUTOMÓVIL PARTICULAR,,40,,,,,,"Decimocuarta revisión: se toma la lectura de las horas de las tablas anteriores (las reglas anteriores), una sugerencia entre otras: con las reglas de hoy el día queda con un viaje que sale antes de que llegue el anterior, y con esa lectura con menos de media hora en el trabajo o la escuela. Cambia: viaje 2 04:37 → 14:37, viaje 3 06:09 → 16:09, viaje 4 05:00 → 17:00."
8686,1,1412000016300,Hombres,36,Trabajador independiente,,4,05:00,17:00,Regresar a Casa,,Su casa,,,,1412000014836,,home,,AUTOMÓVIL PARTICULAR,,50,,,hora_invertida,,,"Decimocuarta revisión: se toma la lectura de las horas de las tablas anteriores (las reglas anteriores), una sugerencia entre otras: con las reglas de hoy el día queda con un viaje que sale antes de que llegue el anterior, y con esa lectura con menos de media hora en el trabajo o la escuela. Cambia: viaje 2 04:37 → 14:37, viaje 3 06:09 → 16:09, viaje 4 05:00 → 17:00."
8699,2,1412000015444,Hombres,19,Estudiante,,1,09:00,,Trabajar,,"Comercio, mercado, tienda o centro comercial",,Su casa,,home,,1412000014643,,CAMIÓN O AUTOBÚS,,30,,,,,,
8699,2,1412000015444,Hombres,19,Estudiante,,2,19:30,11:35,Regresar a Casa,,Su casa,,,,1412000014643,,home,,CAMIÓN O AUTOBÚS,,40,,,,,,"Decimocuarta revisión: ninguna lectura de las horas cierra el día: con las reglas queda un viaje que sale antes de que llegue el anterior, con la de las tablas anteriores menos de media hora en el trabajo o la escuela. Las salidas se mueven lo menos posible (750 min en total) para que ningún viaje salga antes de que llegue el anterior; queda menos de media hora en el trabajo o la escuela. Cambia: viaje 2 19:30 → 11:35, viaje 3 07:40 → 12:15."
8699,2,1412000015444,Hombres,19,Estudiante,,3,07:40,12:15,Estudiar,,Escuela,,,,home,,1412000014677,,A PIE,,15,,,hora_invertida,,,"Decimocuarta revisión: ninguna lectura de las horas cierra el día: con las reglas queda un viaje que sale antes de que llegue el anterior, con la de las tablas anteriores menos de media hora en el trabajo o la escuela. Las salidas se mueven lo menos posible (750 min en total) para que ningún viaje salga antes de que llegue el anterior; queda menos de media hora en el trabajo o la escuela. Cambia: viaje 2 19:30 → 11:35, viaje 3 07:40 → 12:15."
8699,2,1412000015444,Hombres,19,Estudiante,,4,12:30,,Regresar a Casa,,Su casa,,,,1412000014677,,home,,A PIE,,15,,,,,,
8700,1,1412000015340,Mujeres,33,Empleado,,1,07:00,,Trabajar,,Oficina,,Su casa,,home,,1412000013147,,AUTOMÓVIL PARTICULAR,,45,,,,,,
8700,1,1412000015340,Mujeres,33,Empleado,,2,16:30,,Pagar algún servicio o al banco,,"Comercio, mercado, tienda o centro comercial",,,,1412000013147,,1412000013147,,AUTOMÓVIL PARTICULAR,,15,,,,,,
8700,1,1412000015340,Mujeres,33,Empleado,,3,17:30,,Regresar a Casa,,Su casa,,,,1412000013147,,home,,AUTOMÓVIL PARTICULAR,,50,25,,,,,"Decimocuarta revisión: se conserva la decisión de la novena revisión (chain_review_9). Novena revisión: 50 min en AUTOMÓVIL PARTICULAR para 3.3 km en línea recta es más del doble de lo que la encuesta suele reportar para ese modo a esa distancia (25 min, la mediana de 5029 viajes): los minutos son el error, no la hora. Con 25 min llega a las 17:55 y el viaje siguiente sale a las 18:19, 24 min después."
8700,1,1412000015340,Mujeres,33,Empleado,,4,18:19 → 18:20,18:19,"Compras (bienes, productos y servicios)",,"Comercio, mercado, tienda o centro comercial",,,,home,,1412000015444,,A PIE,,12,,hora:llegada,,changed,,"Decimocuarta revisión: la salida queda a las 18:19, la que dan las reglas al leer de nuevo las horas del día tal como lo dejan las decisiones que se conservan (un renglón quitado, minutos de viaje corregidos, un motivo recodificado); sobre el día registrado daban las 18:20."
8700,1,1412000015340,Mujeres,33,Empleado,,5,18:32,,Regresar a Casa,,Su casa,,,,1412000015444,,home,,A PIE,,12,,,,,,
8709,2,1412000017366,Hombres,28,Trabajador independiente,,1,08:30,,Trabajar,,Otros (especifique),,Su casa,,home,,1409700010918,,AUTOMÓVIL PARTICULAR,,90,45,,,,,"Decimocuarta revisión: se conserva la decisión de la novena revisión (chain_review_9). Novena revisión: 90 min en AUTOMÓVIL PARTICULAR para 16.4 km en línea recta es más del doble de lo que la encuesta suele reportar para ese modo a esa distancia (45 min, la mediana de 4989 viajes): los minutos son el error, no la hora. Con 45 min llega a las 09:15 y el viaje siguiente sale a las 14:33, 318 min después. Es el mismo recorrido, en el mismo modo, que otro viaje del día cuyos minutos chocaban con la salida siguiente."
8709,2,1412000017366,Hombres,28,Trabajador independiente,,2,14:33,,Regresar a Casa,,Su casa,,,,1409700010918,,home,,AUTOMÓVIL PARTICULAR,,120,45,,,,,"Decimocuarta revisión: se conserva la decisión de la novena revisión (chain_review_9). Novena revisión: 120 min en AUTOMÓVIL PARTICULAR para 16.4 km en línea recta es más del doble de lo que la encuesta suele reportar para ese modo a esa distancia (45 min, la mediana de 4989 viajes): los minutos son el error, no la hora. Con 45 min llega a las 15:18 y el viaje siguiente sale a las 16:27, 69 min después."
8709,2,1412000017366,Hombres,28,Trabajador independiente,,3,16:27 → 16:33,16:27,Trabajar,,Otros (especifique),,,,home,,1409700010918,,AUTOMÓVIL PARTICULAR,,90,45,hora:llegada,,changed,,"Decimocuarta revisión: se conserva la decisión de la novena revisión (chain_review_9). Novena revisión: 90 min en AUTOMÓVIL PARTICULAR para 16.4 km en línea recta es más del doble de lo que la encuesta suele reportar para ese modo a esa distancia (45 min, la mediana de 4989 viajes): los minutos son el error, no la hora. Con 45 min llega a las 17:12 y el viaje siguiente sale a las 19:00, 108 min después. Es el mismo recorrido, en el mismo modo, que otro viaje del día cuyos minutos chocaban con la salida siguiente. Novena revisión: la salida vuelve a las 16:27, la hora que reporta la encuesta: con los minutos de traslado que corrige esta revisión cabe después de la llegada del viaje anterior (15:18); una revisión anterior la había movido a las 16:33 para dejar sitio a los minutos de más. | Decimocuarta revisión: la salida queda a las 16:27, la que dan las reglas al leer de nuevo las horas del día tal como lo dejan las decisiones que se conservan (un renglón quitado, minutos de viaje corregidos, un motivo recodificado); sobre el día registrado daban las 16:33."
8709,2,1412000017366,Hombres,28,Trabajador independiente,,4,19:00,,Regresar a Casa,,Su casa,,,,1409700010918,,home,,AUTOMÓVIL PARTICULAR,,120,45,,,,,"Decimocuarta revisión: se conserva la decisión de la novena revisión (chain_review_9). Novena revisión: 120 min en AUTOMÓVIL PARTICULAR para 16.4 km en línea recta es más del doble de lo que la encuesta suele reportar para ese modo a esa distancia (45 min, la mediana de 4989 viajes): los minutos son el error, no la hora. Es el último viaje del día. Es el mismo recorrido, en el mismo modo, que otro viaje del día cuyos minutos chocaban con la salida siguiente."
8748,1,1412000016141,Hombres,36,Empleado,,1,07:23,,Compras (comida),,"Comercio, mercado, tienda o centro comercial",,Su casa,,home,,1412000013630,,A PIE,,1,,,,,,
8748,1,1412000016141,Hombres,36,Empleado,,2,07:27,,Regresar a Casa,,Su casa,,,,1412000013630,,home,,A PIE,,1,,,,,,
8748,1,1412000016141,Hombres,36,Empleado,,3,22:00,10:00,Trabajar,,Oficina,,,,home,,1412000013293,,AUTOMÓVIL PARTICULAR,,45,,,,,,"Decimocuarta revisión: se toma la lectura de las horas de las tablas anteriores (la primera revisión), una sugerencia entre otras: con las reglas de hoy el día queda con un viaje que sale antes de que llegue el anterior, y con esa lectura con menos de media hora en el trabajo o la escuela. Cambia: viaje 3 22:00 → 10:00, viaje 6 18:00 → 20:00."
8748,1,1412000016141,Hombres,36,Empleado,,4,17:36,,Regresar a Casa,,Su casa,,,,1412000013293,,home,,AUTOMÓVIL PARTICULAR,,45,,,hora_invertida,,,
8748,1,1412000016141,Hombres,36,Empleado,,5,19:09,,Trabajar,,Oficina,,,,home,,1412000013293,,AUTOMÓVIL PARTICULAR,,45,,,,,,
8748,1,1412000016141,Hombres,36,Empleado,,6,18:00,20:00,Regresar a Casa,,Su casa,,,,1412000013293,,home,,AUTOMÓVIL PARTICULAR,,45,,,hora_invertida,,,"Decimocuarta revisión: se toma la lectura de las horas de las tablas anteriores (la primera revisión), una sugerencia entre otras: con las reglas de hoy el día queda con un viaje que sale antes de que llegue el anterior, y con esa lectura con menos de media hora en el trabajo o la escuela. Cambia: viaje 3 22:00 → 10:00, viaje 6 18:00 → 20:00."
8752,1,1412000016438,Hombres,43,Trabajador independiente,,1,08:00,,Trabajar,,Oficina,,Su casa,,home,,1403900011908,,AUTOMÓVIL PARTICULAR,,90,45,,,,,"Decimocuarta revisión: se conserva la decisión de la novena revisión (chain_review_9). Novena revisión: 90 min en AUTOMÓVIL PARTICULAR para 15.1 km en línea recta es más del doble de lo que la encuesta suele reportar para ese modo a esa distancia (45 min, la mediana de 4989 viajes): los minutos son el error, no la hora. Con 45 min llega a las 08:45 y el viaje siguiente sale a las 19:00, 615 min después. Es el mismo recorrido, en el mismo modo, que otro viaje del día cuyos minutos chocaban con la salida siguiente."
8752,1,1412000016438,Hombres,43,Trabajador independiente,,2,19:00,,Regresar a Casa,,Su casa,,,,1403900011908,,home,,AUTOMÓVIL PARTICULAR,,120,45,,,,,"Decimocuarta revisión: se conserva la decisión de la novena revisión (chain_review_9). Novena revisión: 120 min en AUTOMÓVIL PARTICULAR para 15.1 km en línea recta es más del doble de lo que la encuesta suele reportar para ese modo a esa distancia (45 min, la mediana de 4989 viajes): los minutos son el error, no la hora. Con 45 min llega a las 19:45 y el viaje siguiente sale a las 20:00, 15 min después."
8752,1,1412000016438,Hombres,43,Trabajador independiente,,3,20:00 → 21:00,20:00,Compras (comida),,"Restaurante, bar, cafetería",,,,home,,1412000016902,,AUTOMÓVIL PARTICULAR,,10,,hora:llegada,,changed,,"Decimocuarta revisión: la salida queda a las 20:00, la que dan las reglas al leer de nuevo las horas del día tal como lo dejan las decisiones que se conservan (un renglón quitado, minutos de viaje corregidos, un motivo recodificado); sobre el día registrado daban las 21:00."
8752,1,1412000016438,Hombres,43,Trabajador independiente,,4,21:00 → 21:10,21:00,Al médico o atención de salud,,"Hospital, clínica, consultorio, laboratorio clínico",,,,1412000016902,,1412000016902,,AUTOMÓVIL PARTICULAR,,10,,hora:llegada,,changed,,"Decimocuarta revisión: la salida queda a las 21:00, la que dan las reglas al leer de nuevo las horas del día tal como lo dejan las decisiones que se conservan (un renglón quitado, minutos de viaje corregidos, un motivo recodificado); sobre el día registrado daban las 21:10."
8752,1,1412000016438,Hombres,43,Trabajador independiente,,5,21:10 → 21:20,22:10,Visitar a alguien → Regresar a Casa,,Su casa,,,,1412000016902,,home,,AUTOMÓVIL PARTICULAR,,7,,motivo:casa;hora:llegada,,changed,,"Decimocuarta revisión: se toma la lectura de las horas de las tablas anteriores (la primera revisión y la segunda revisión), una sugerencia entre otras: con las reglas de hoy el día queda con una estancia de cero minutos fuera de casa, y con esa lectura con ningún problema. Cambia: viaje 5 21:20 → 22:10."
8752,1,1412000016438,Hombres,43,Trabajador independiente,,6,19:42,,Regresar a Casa,,Su casa,,,,home,,home,,AUTOMÓVIL PARTICULAR,,7,,,regreso_en_casa,,,
8763,1,1412000016438,Hombres,53,Empleado,,1,20:00,08:00,Trabajar,,Oficina,,Oficina → Su casa,,1412000010405 → home,,1412000010405,,AUTOMÓVIL PARTICULAR,,45,,origen:copia;tipo_origen:copia,,changed,,"Decimocuarta revisión: se toma la lectura de las horas de las tablas anteriores (la décima revisión), una sugerencia entre otras: con las reglas de hoy el día queda con un viaje que sale antes de que llegue el anterior, y con esa lectura con ningún problema. Cambia: viaje 1 20:00 → 08:00, viaje 4 16:00 → 20:00."
8763,1,1412000016438,Hombres,53,Empleado,,2,15:48,,Regresar a Casa,,Su casa,,,,1412000010405,,home,,AUTOMÓVIL PARTICULAR,,30,,tipo_origen:copia,hora_invertida,changed,,
8763,1,1412000016438,Hombres,53,Empleado,,3,17:02,,Trabajar,,Oficina,,,,home,,1412000010405,,AUTOMÓVIL PARTICULAR,,45,,tipo_origen:copia,,changed,,
8763,1,1412000016438,Hombres,53,Empleado,,4,16:00,20:00,Regresar a Casa,,Su casa,,,,1412000010405,,home,,AUTOMÓVIL PARTICULAR,,30,,tipo_origen:copia,hora_invertida,changed,,"Decimocuarta revisión: se toma la lectura de las horas de las tablas anteriores (la décima revisión), una sugerencia entre otras: con las reglas de hoy el día queda con un viaje que sale antes de que llegue el anterior, y con esa lectura con ningún problema. Cambia: viaje 1 20:00 → 08:00, viaje 4 16:00 → 20:00."
8791,1,1412000016141,Hombres,27,Empleado,,1,08:06,,Compras (comida),,"Comercio, mercado, tienda o centro comercial",,Su casa,,home,,home,,A PIE,,10,,,,,,
8791,1,1412000016141,Hombres,27,Empleado,,2,08:18,,Regresar a Casa,,Su casa,,,,home,,home,,A PIE,,10,,,,,,
8791,1,1412000016141,Hombres,27,Empleado,,3,20:00,08:28,Trabajar,,Oficina,,,,home,,140980001007A,,AUTOMÓVIL PARTICULAR,,20,,,,,,"Decimocuarta revisión: se toma la lectura de las horas de las tablas anteriores (la primera revisión), una sugerencia entre otras: con las reglas de hoy el día queda con un viaje que sale antes de que llegue el anterior, y con esa lectura con ningún problema. Cambia: viaje 3 20:00 → 08:28, viaje 6 18:00 → 20:00."
8791,1,1412000016141,Hombres,27,Empleado,,4,17:47,,Regresar a Casa,,Su casa,,,,140980001007A,,home,,AUTOMÓVIL PARTICULAR,,20,,,hora_invertida,,,
8791,1,1412000016141,Hombres,27,Empleado,,5,19:10,,Trabajar,,Oficina,,,,home,,140980001007A,,AUTOMÓVIL PARTICULAR,,20,,,,,,
8791,1,1412000016141,Hombres,27,Empleado,,6,18:00,20:00,Regresar a Casa,,Su casa,,,,140980001007A,,home,,AUTOMÓVIL PARTICULAR,,20,,,hora_invertida,,,"Decimocuarta revisión: se toma la lectura de las horas de las tablas anteriores (la primera revisión), una sugerencia entre otras: con las reglas de hoy el día queda con un viaje que sale antes de que llegue el anterior, y con esa lectura con ningún problema. Cambia: viaje 3 20:00 → 08:28, viaje 6 18:00 → 20:00."
8805,2,1412000015209,Mujeres,28,Empleado,,1,08:00,,Trabajar,,Oficina,,Su casa,,home,,1409800011928,,CAMIÓN O AUTOBÚS,,120,,,,,,
8805,2,1412000015209,Mujeres,28,Empleado,,2,17:00,,Regresar a Casa,,Su casa,,,,1409800011928,,home,,CAMIÓN O AUTOBÚS,,120,,,,,,
8805,2,1412000015209,Mujeres,28,Empleado,,3,18:22 → 19:00,20:22,Trabajar,,Oficina,,,,home,,1409800011928,,CAMIÓN O AUTOBÚS,,120,,hora:llegada,,changed,,"Decimocuarta revisión: se toma la lectura de las horas de las tablas anteriores (la primera revisión), una sugerencia entre otras: con las reglas de hoy el día queda con menos de media hora en el trabajo o la escuela, y con esa lectura con ningún problema. Cambia: viaje 3 19:00 → 20:22, viaje 4 21:00 → 22:52."
8805,2,1412000015209,Mujeres,28,Empleado,,4,20:52 → 21:00,22:52,Regresar a Casa,,Su casa,,,,1409800011928,,home,,CAMIÓN O AUTOBÚS,,120,,hora:llegada,,changed,,"Decimocuarta revisión: se toma la lectura de las horas de las tablas anteriores (la primera revisión), una sugerencia entre otras: con las reglas de hoy el día queda con menos de media hora en el trabajo o la escuela, y con esa lectura con ningún problema. Cambia: viaje 3 19:00 → 20:22, viaje 4 21:00 → 22:52."
8874,2,1412000015444,Mujeres,40,Empleado,,1,08:14,,Llevar o recoger a alguien,,Otra vivienda,,Su casa,,home,,1412000015340,,A PIE,,5,,,,,,
8874,2,1412000015444,Mujeres,40,Empleado,,2,08:21,,Regresar a Casa,,Su casa,,,,1412000015340,,home,,A PIE,,5,,,,,,
8874,2,1412000015444,Mujeres,40,Empleado,,3,18:00,08:26,Trabajar,,Fábrica o taller,,,,home,,1412000011278,,CAMIÓN O AUTOBÚS,,30,,,,,,"Decimocuarta revisión: se toma la lectura de las horas de las tablas anteriores (la primera revisión), una sugerencia entre otras: con las reglas de hoy el día queda con un viaje que sale antes de que llegue el anterior, y con esa lectura con ningún problema. Cambia: viaje 3 18:00 → 08:26."
8874,2,1412000015444,Mujeres,40,Empleado,,4,15:00,,Regresar a Casa,,Su casa,,,,1412000011278,,home,,CAMIÓN O AUTOBÚS,,30,,,hora_invertida,,,
8874,2,1412000015444,Mujeres,40,Empleado,,5,18:00,,Compras (comida),,"Comercio, mercado, tienda o centro comercial",,,,home,,1412000014643,,A PIE,,9,,,,,,
8874,2,1412000015444,Mujeres,40,Empleado,,6,18:13,,Regresar a Casa,,Su casa,,,,1412000014643,,home,,A PIE,,9,,,,,,
8915,1,1409800012574,Hombres,57,Empleado,,1,08:04,,Deportes o recreación,,Centro cultural o área recreativa,,Su casa,,home,,home,,A PIE,,10,,,,,,
8915,1,1409800012574,Hombres,57,Empleado,,2,08:15,,Regresar a Casa,,Su casa,,,,home,,home,,A PIE,,10,,,,,,
8915,1,1409800012574,Hombres,57,Empleado,,3,19:00,09:00,Trabajar,,Fábrica o taller,,,,home,,140970180123A,,AUTOMÓVIL PARTICULAR,,35,,,,,,"Decimocuarta revisión: se toma la lectura de las horas de las tablas anteriores (las reglas anteriores), una sugerencia entre otras: con las reglas de hoy el día queda con un viaje que sale antes de que llegue el anterior, y con esa lectura con menos de media hora en el trabajo o la escuela. Cambia: viaje 3 19:00 → 09:00, viaje 6 16:00 → 18:00."
8915,1,1409800012574,Hombres,57,Empleado,,4,15:37,,Regresar a Casa,,Su casa,,,,140970180123A,,home,,AUTOMÓVIL PARTICULAR,,35,,,hora_invertida,,,
8915,1,1409800012574,Hombres,57,Empleado,,5,17:07,,Trabajar,,Fábrica o taller,,,,home,,140970180123A,,AUTOMÓVIL PARTICULAR,,35,,,,,,
8915,1,1409800012574,Hombres,57,Empleado,,6,16:00,18:00,Regresar a Casa,,Su casa,,,,140970180123A,,home,,AUTOMÓVIL PARTICULAR,,35,,,hora_invertida,,,"Decimocuarta revisión: se toma la lectura de las horas de las tablas anteriores (las reglas anteriores), una sugerencia entre otras: con las reglas de hoy el día queda con un viaje que sale antes de que llegue el anterior, y con esa lectura con menos de media hora en el trabajo o la escuela. Cambia: viaje 3 19:00 → 09:00, viaje 6 16:00 → 18:00."
8915,3,1409800012574,Mujeres,36,Persona trabajadora del hogar,,1,10:00,,Trabajar,,"Comercio, mercado, tienda o centro comercial",,Su casa,,home,,1409800012381,,AUTOMÓVIL PARTICULAR,,35,15,,,,,"Decimocuarta revisión: se conserva la decisión de la novena revisión (chain_review_9). Novena revisión: 35 min en AUTOMÓVIL PARTICULAR para 1.5 km en línea recta es más del doble de lo que la encuesta suele reportar para ese modo a esa distancia (15 min, la mediana de 3832 viajes): los minutos son el error, no la hora. Con 15 min llega a las 10:15 y el viaje siguiente sale a las 10:35, 20 min después."
8915,3,1409800012574,Mujeres,36,Persona trabajadora del hogar,,2,09:55,10:15,Regresar a Casa,,Su casa,,,,1409800012381,,home,,AUTOMÓVIL PARTICULAR,,35,15,,hora_invertida,,,"Decimocuarta revisión: se conserva la decisión de la novena revisión (chain_review_9). La salida se recorre de 9:55 a 10:35, que es la hora a la que llega el viaje anterior (10:00 + 35 min de traslado): tal como estaba, el viaje empezaba antes de haber llegado. El origen se encadena con el destino del viaje 1 (Comercio, mercado, tienda o centro comercial en 1409800012381). Novena revisión: 35 min en AUTOMÓVIL PARTICULAR para 1.5 km en línea recta es más del doble de lo que la encuesta suele reportar para ese modo a esa distancia (15 min, la mediana de 3832 viajes): los minutos son el error, no la hora. Con 15 min llega a las 10:50 y el viaje siguiente sale a las 11:23, 33 min después. Es el mismo recorrido, en el mismo modo, que otro viaje del día cuyos minutos chocaban con la salida siguiente. | Decimocuarta revisión: ninguna lectura de las horas cierra el día: con las reglas queda un viaje que sale antes de que llegue el anterior, con la de las tablas anteriores menos de media hora en el trabajo o la escuela. Las salidas se mueven lo menos posible (20 min en total) para que ningún viaje salga antes de que llegue el anterior; queda menos de media hora en el trabajo o la escuela. Cambia: viaje 2 09:55 → 10:15."
8915,3,1409800012574,Mujeres,36,Persona trabajadora del hogar,,3,11:23,,Trabajar,,"Comercio, mercado, tienda o centro comercial",,,,home,,1409800012381,,AUTOMÓVIL PARTICULAR,,35,15,,,,,"Decimocuarta revisión: se conserva la decisión de la novena revisión (chain_review_9). Novena revisión: 35 min en AUTOMÓVIL PARTICULAR para 1.5 km en línea recta es más del doble de lo que la encuesta suele reportar para ese modo a esa distancia (15 min, la mediana de 3832 viajes): los minutos son el error, no la hora. Con 15 min llega a las 11:38 y el viaje siguiente sale a las 12:00, 22 min después. Es el mismo recorrido, en el mismo modo, que otro viaje del día cuyos minutos chocaban con la salida siguiente."
8915,3,1409800012574,Mujeres,36,Persona trabajadora del hogar,,4,12:00,,Regresar a Casa,,Su casa,,,,1409800012381,,home,,AUTOMÓVIL PARTICULAR,,35,15,,,,,"Decimocuarta revisión: se conserva la decisión de la novena revisión (chain_review_9). Novena revisión: 35 min en AUTOMÓVIL PARTICULAR para 1.5 km en línea recta es más del doble de lo que la encuesta suele reportar para ese modo a esa distancia (15 min, la mediana de 3832 viajes): los minutos son el error, no la hora. Con 15 min llega a las 12:15 y el viaje siguiente sale a las 18:24, 369 min después. Es el mismo recorrido, en el mismo modo, que otro viaje del día cuyos minutos chocaban con la salida siguiente."
8915,3,1409800012574,Mujeres,36,Persona trabajadora del hogar,,5,18:24,,Llevar o recoger a alguien,,Otra vivienda,,,,home,,1409800012589,,A PIE,,10,,,,,,
8915,3,1409800012574,Mujeres,36,Persona trabajadora del hogar,,6,18:38,,Regresar a Casa,,Su casa,,,,1409800012589,,home,,A PIE,,10,,,,,,
8975,2,1410100010679,Hombres,43,Empleado,,1,08:10,,Guardería → Llevar o recoger a alguien,,Otros (especifique),,Su casa,,home,,home,,A PIE,,10,,motivo:guarderia,,changed,,
8975,2,1410100010679,Hombres,43,Empleado,,2,08:30,,Regresar a Casa,,Su casa,,,,home,,home,,A PIE,,10,,,,,,
8975,2,1410100010679,Hombres,43,Empleado,,3,20:00,10:00,Trabajar,,Oficina,,,,home,,141010001097A,,AUTOMÓVIL PARTICULAR,,40,,,,,,"Decimocuarta revisión: se toma la lectura de las horas de las tablas anteriores (la primera revisión), una sugerencia entre otras: con las reglas de hoy el día queda con un viaje que sale antes de que llegue el anterior, y con esa lectura con ningún problema. Cambia: viaje 3 20:00 → 10:00, viaje 6 19:00 → 21:00."
8975,2,1410100010679,Hombres,43,Empleado,,4,17:30,,Regresar a Casa,,Su casa,,,,141010001097A,,home,,AUTOMÓVIL PARTICULAR,,40,,,hora_invertida,,,
8975,2,1410100010679,Hombres,43,Empleado,,5,19:11,,Trabajar,,Oficina,,,,home,,141010001097A,,AUTOMÓVIL PARTICULAR,,40,,,,,,
8975,2,1410100010679,Hombres,43,Empleado,,6,19:00,21:00,Regresar a Casa,,Su casa,,,,141010001097A,,home,,AUTOMÓVIL PARTICULAR,,40,,,hora_invertida,,,"Decimocuarta revisión: se toma la lectura de las horas de las tablas anteriores (la primera revisión), una sugerencia entre otras: con las reglas de hoy el día queda con un viaje que sale antes de que llegue el anterior, y con esa lectura con ningún problema. Cambia: viaje 3 20:00 → 10:00, viaje 6 19:00 → 21:00."
9026,3,1407000210967,Hombres,13,Estudiante,,1,14:00,,Estudiar,,Escuela,,Su casa,,home,,140700021101A,,CAMIÓN O AUTOBÚS,,30,,,,,,
9026,3,1407000210967,Hombres,13,Estudiante,,2,20:00,17:39,Regresar a Casa,,Su casa,,,,140700021101A,,home,,CAMIÓN O AUTOBÚS,,30,,,,,,"Decimocuarta revisión: se toma la lectura de las horas de las tablas anteriores (la duodécima revisión), una sugerencia entre otras: con las reglas de hoy el día queda con un viaje que sale antes de que llegue el anterior, y con esa lectura con ningún problema. Cambia: viaje 2 20:00 → 17:39."
9026,3,1407000210967,Hombres,13,Estudiante,,3,18:09,,Estudiar,,Escuela,,,,home,,140700021101A,,CAMIÓN O AUTOBÚS,,30,,,hora_invertida,,,
9026,3,1407000210967,Hombres,13,Estudiante,,4,20:38,,Regresar a Casa,,Su casa,,,,140700021101A,,home,,CAMIÓN O AUTOBÚS,,30,,,,,,
9031,1,140980012,Hombres,68,Patrón o empresario,,1,21:00,09:00,Trabajar,,"Comercio, mercado, tienda o centro comercial",,Su casa,,home,,1409800140027,,AUTOMÓVIL PARTICULAR,,25,,,,,,"Decimocuarta revisión: se toma la lectura de las horas de las tablas anteriores (la primera revisión), una sugerencia entre otras: con las reglas de hoy el día queda con un viaje que sale antes de que llegue el anterior, y con esa lectura con menos de media hora en el trabajo o la escuela. Cambia: viaje 1 21:00 → 09:00, viaje 4 19:00 → 21:00."
9031,1,140980012,Hombres,68,Patrón o empresario,,2,18:43,,Regresar a Casa,,Su casa,,,,1409800140027,,home,,AUTOMÓVIL PARTICULAR,,20,,,hora_invertida,,,
9031,1,140980012,Hombres,68,Patrón o empresario,,3,20:11,,Trabajar,,"Comercio, mercado, tienda o centro comercial",,,,home,,1409800140027,,AUTOMÓVIL PARTICULAR,,25,,,,,,
9031,1,140980012,Hombres,68,Patrón o empresario,,4,19:00,21:00,Regresar a Casa,,Su casa,,,,1409800140027,,home,,AUTOMÓVIL PARTICULAR,,20,,,hora_invertida,,,"Decimocuarta revisión: se toma la lectura de las horas de las tablas anteriores (la primera revisión), una sugerencia entre otras: con las reglas de hoy el día queda con un viaje que sale antes de que llegue el anterior, y con esa lectura con menos de media hora en el trabajo o la escuela. Cambia: viaje 1 21:00 → 09:00, viaje 4 19:00 → 21:00."
9123,2,1407000210967,Hombres,24,Empleado,,1,03:30,,Trabajar,,"Comercio, mercado, tienda o centro comercial",,Su casa,,home,,1403900015366,,AUTOMÓVIL PARTICULAR,,90,45,,,,,"Decimocuarta revisión: se conserva la decisión de la novena revisión (chain_review_9). Novena revisión: 90 min en AUTOMÓVIL PARTICULAR para 13.7 km en línea recta es más del doble de lo que la encuesta suele reportar para ese modo a esa distancia (45 min, la mediana de 4989 viajes): los minutos son el error, no la hora. Con 45 min llega a las 04:15 y el viaje siguiente sale a las 05:32, 77 min después. Es el mismo recorrido, en el mismo modo, que otro viaje del día cuyos minutos chocaban con la salida siguiente."
9123,2,1407000210967,Hombres,24,Empleado,,2,05:32,,Regresar a Casa,,Su casa,,,,1403900015366,,home,,AUTOMÓVIL PARTICULAR,,90,45,,,,,"Decimocuarta revisión: se conserva la decisión de la novena revisión (chain_review_9). Novena revisión: 90 min en AUTOMÓVIL PARTICULAR para 13.7 km en línea recta es más del doble de lo que la encuesta suele reportar para ese modo a esa distancia (45 min, la mediana de 4989 viajes): los minutos son el error, no la hora. Con 45 min llega a las 06:17 y el viaje siguiente sale a las 07:02, 45 min después."
9123,2,1407000210967,Hombres,24,Empleado,,3,07:02,,Trabajar,,"Comercio, mercado, tienda o centro comercial",,,,home,,1403900015366,,AUTOMÓVIL PARTICULAR,,90,45,,,,,"Decimocuarta revisión: se conserva la decisión de la novena revisión (chain_review_9). Novena revisión: 90 min en AUTOMÓVIL PARTICULAR para 13.7 km en línea recta es más del doble de lo que la encuesta suele reportar para ese modo a esa distancia (45 min, la mediana de 4989 viajes): los minutos son el error, no la hora. Con 45 min llega a las 07:47 y el viaje siguiente sale a las 18:00, 613 min después. Es el mismo recorrido, en el mismo modo, que otro viaje del día cuyos minutos chocaban con la salida siguiente."
9123,2,1407000210967,Hombres,24,Empleado,,4,08:00 → 18:00,,Regresar a Casa,,Su casa,,,,1403900015366,,home,,AUTOMÓVIL PARTICULAR,,90,45,hora:+10h,,changed,,"Decimocuarta revisión: se conserva la decisión de la novena revisión (chain_review_9). Error de dígito en la hora: se reporta 8:00 y la cadena solo cierra con 18:00. El origen se encadena con el destino del viaje 3 (Comercio, mercado, tienda o centro comercial en 1403900015366). Novena revisión: 90 min en AUTOMÓVIL PARTICULAR para 13.7 km en línea recta es más del doble de lo que la encuesta suele reportar para ese modo a esa distancia (45 min, la mediana de 4989 viajes): los minutos son el error, no la hora. Con 45 min llega a las 18:45 y el viaje siguiente sale a las 20:23, 98 min después. Es el mismo recorrido, en el mismo modo, que otro viaje del día cuyos minutos chocaban con la salida siguiente."
9123,2,1407000210967,Hombres,24,Empleado,,5,18:23 → 20:23,,Compras (comida),,"Comercio, mercado, tienda o centro comercial",,,,home,,home,,A PIE,,9,,hora:-10h+12h,,changed,,
9123,2,1407000210967,Hombres,24,Empleado,,6,18:42 → 20:42,,Regresar a Casa,,Su casa,,,,home,,home,,A PIE,,9,,hora:-10h+12h,,changed,,
9142,4,1409700250299,Mujeres,36,Empleado,,1,13:30,,Trabajar,,Fábrica o taller,,Su casa,,home,,140390001279A,,CAMIÓN O AUTOBÚS,,70,,,,,,
9142,4,1409700250299,Mujeres,36,Empleado,,2,12:00,14:40,Regresar a Casa,,Su casa,,,,140390001279A,,home,,Transporte de personal,,80,,,hora_invertida,,,"Decimocuarta revisión: ninguna lectura de las horas cierra el día: con las reglas queda un viaje que sale antes de que llegue el anterior, con la de las tablas anteriores una salida movida a la madrugada. Las salidas se mueven lo menos posible (160 min en total) para que ningún viaje salga antes de que llegue el anterior; queda menos de media hora en el trabajo o la escuela. Cambia: viaje 2 12:00 → 14:40."
9152,6,1412000013611,Mujeres,26,Empleado,,1,09:06,,Trabajar,,Otros (especifique),,Su casa,,home,,1412000012416,,CAMIÓN O AUTOBÚS,,90,40,,,,,"Decimocuarta revisión: se conserva la decisión de la novena revisión (chain_review_9). Novena revisión: 90 min en CAMIÓN O AUTOBÚS para 5.6 km en línea recta es más del doble de lo que la encuesta suele reportar para ese modo a esa distancia (40 min, la mediana de 5870 viajes): los minutos son el error, no la hora. Con 40 min llega a las 09:46 y el viaje siguiente sale a las 14:31, 285 min después. Es el mismo recorrido, en el mismo modo, que otro viaje del día cuyos minutos chocaban con la salida siguiente."
9152,6,1412000013611,Mujeres,26,Empleado,,2,14:31,,Regresar a Casa,,Su casa,,,,1412000012416,,home,,CAMIÓN O AUTOBÚS,,90,40,,,,,"Decimocuarta revisión: se conserva la decisión de la novena revisión (chain_review_9). Novena revisión: 90 min en CAMIÓN O AUTOBÚS para 5.6 km en línea recta es más del doble de lo que la encuesta suele reportar para ese modo a esa distancia (40 min, la mediana de 5870 viajes): los minutos son el error, no la hora. Con 40 min llega a las 15:11 y el viaje siguiente sale a las 16:47, 96 min después. Es el mismo recorrido, en el mismo modo, que otro viaje del día cuyos minutos chocaban con la salida siguiente."
9152,6,1412000013611,Mujeres,26,Empleado,,3,16:47,,Trabajar,,Otros (especifique),,,,home,,1412000012416,,CAMIÓN O AUTOBÚS,,90,40,,,,,"Decimocuarta revisión: se conserva la decisión de la novena revisión (chain_review_9). Novena revisión: 90 min en CAMIÓN O AUTOBÚS para 5.6 km en línea recta es más del doble de lo que la encuesta suele reportar para ese modo a esa distancia (40 min, la mediana de 5870 viajes): los minutos son el error, no la hora. Con 40 min llega a las 17:27 y el viaje siguiente sale a las 18:04, 37 min después."
9152,6,1412000013611,Mujeres,26,Empleado,,4,18:04 → 18:17,18:04,Regresar a Casa,,Su casa,,,,1412000012416,,home,,CAMIÓN O AUTOBÚS,,90,40,hora:llegada,,changed,,"Decimocuarta revisión: se conserva la decisión de la novena revisión (chain_review_9). Novena revisión: 90 min en CAMIÓN O AUTOBÚS para 5.6 km en línea recta es más del doble de lo que la encuesta suele reportar para ese modo a esa distancia (40 min, la mediana de 5870 viajes): los minutos son el error, no la hora. Es el último viaje del día. Es el mismo recorrido, en el mismo modo, que otro viaje del día cuyos minutos chocaban con la salida siguiente. Novena revisión: la salida vuelve a las 18:04, la hora que reporta la encuesta: con los minutos de traslado que corrige esta revisión cabe después de la llegada del viaje anterior (17:27); una revisión anterior la había movido a las 18:17 para dejar sitio a los minutos de más. | Decimocuarta revisión: la salida queda a las 18:04, la que dan las reglas al leer de nuevo las horas del día tal como lo dejan las decisiones que se conservan (un renglón quitado, minutos de viaje corregidos, un motivo recodificado); sobre el día registrado daban las 18:17."
9156,1,1412000012308,Mujeres,39,Empleado,,1,18:30 → 08:30,06:30,Llevar o recoger a alguien,,Escuela,,Su casa,,home,,1412000014573,,CAMIÓN O AUTOBÚS,,15,,hora:-10h,,changed,,"Decimocuarta revisión: se toma la lectura de las horas de las tablas anteriores (la primera revisión), una sugerencia entre otras: con las reglas de hoy el día queda con una estancia de 8 horas o más en un mandado o una visita, y con esa lectura con ningún problema. Cambia: viaje 1 08:30 → 06:30, viaje 2 17:00 → 07:00, viaje 3 19:00 → 17:00."
9156,1,1412000012308,Mujeres,39,Empleado,,2,07:00 → 17:00,07:00,Trabajar,,Otra vivienda,,,,1412000014573,,141200001066A,,CAMIÓN O AUTOBÚS,,45,,hora:+10h,,changed,,"Decimocuarta revisión: se toma la lectura de las horas de las tablas anteriores (la primera revisión), una sugerencia entre otras: con las reglas de hoy el día queda con una estancia de 8 horas o más en un mandado o una visita, y con esa lectura con ningún problema. Cambia: viaje 1 08:30 → 06:30, viaje 2 17:00 → 07:00, viaje 3 19:00 → 17:00."
9156,1,1412000012308,Mujeres,39,Empleado,,3,17:00 → 19:00,17:00,Regresar a Casa,,Su casa,,,,141200001066A,,home,,CAMIÓN O AUTOBÚS,,45,,hora:-10h+12h,,changed,,"Decimocuarta revisión: se toma la lectura de las horas de las tablas anteriores (la primera revisión), una sugerencia entre otras: con las reglas de hoy el día queda con una estancia de 8 horas o más en un mandado o una visita, y con esa lectura con ningún problema. Cambia: viaje 1 08:30 → 06:30, viaje 2 17:00 → 07:00, viaje 3 19:00 → 17:00."
9266,3,1412000012312,Mujeres,24,Empleado,,1,05:00,,Trabajar,,"Hospital, clínica, consultorio, laboratorio clínico",,Su casa,,home,,140390001101A,,AUTOMÓVIL PARTICULAR,,95,45,,,,,"Decimocuarta revisión: se conserva la decisión de la novena revisión (chain_review_9). Novena revisión: 95 min en AUTOMÓVIL PARTICULAR para 14.0 km en línea recta es más del doble de lo que la encuesta suele reportar para ese modo a esa distancia (45 min, la mediana de 4989 viajes): los minutos son el error, no la hora. Con 45 min llega a las 05:45 y el viaje siguiente sale a las 14:48, 543 min después. Es el mismo recorrido, en el mismo modo, que otro viaje del día cuyos minutos chocaban con la salida siguiente."
9266,3,1412000012312,Mujeres,24,Empleado,,2,14:48,,Regresar a Casa,,Su casa,,,,140390001101A,,home,,AUTOMÓVIL PARTICULAR,,95,45,,,,,"Decimocuarta revisión: se conserva la decisión de la novena revisión (chain_review_9). Novena revisión: 95 min en AUTOMÓVIL PARTICULAR para 14.0 km en línea recta es más del doble de lo que la encuesta suele reportar para ese modo a esa distancia (45 min, la mediana de 4989 viajes): los minutos son el error, no la hora. Con 45 min llega a las 15:33 y el viaje siguiente sale a las 16:15, 42 min después."
9266,3,1412000012312,Mujeres,24,Empleado,,3,16:15 → 16:23,16:15,Trabajar,,"Hospital, clínica, consultorio, laboratorio clínico",,,,home,,140390001101A,,AUTOMÓVIL PARTICULAR,,95,45,hora:llegada,,changed,,"Decimocuarta revisión: se conserva la decisión de la novena revisión (chain_review_9). Novena revisión: 95 min en AUTOMÓVIL PARTICULAR para 14.0 km en línea recta es más del doble de lo que la encuesta suele reportar para ese modo a esa distancia (45 min, la mediana de 4989 viajes): los minutos son el error, no la hora. Con 45 min llega a las 17:00 y el viaje siguiente sale a las 20:00, 180 min después. Es el mismo recorrido, en el mismo modo, que otro viaje del día cuyos minutos chocaban con la salida siguiente. Novena revisión: la salida vuelve a las 16:15, la hora que reporta la encuesta: con los minutos de traslado que corrige esta revisión cabe después de la llegada del viaje anterior (15:33); una revisión anterior la había movido a las 16:23 para dejar sitio a los minutos de más. | Decimocuarta revisión: la salida queda a las 16:15, la que dan las reglas al leer de nuevo las horas del día tal como lo dejan las decisiones que se conservan (un renglón quitado, minutos de viaje corregidos, un motivo recodificado); sobre el día registrado daban las 16:23."
9266,3,1412000012312,Mujeres,24,Empleado,,4,20:00,,Regresar a Casa,,Su casa,,,,140390001101A,,home,,AUTOMÓVIL PARTICULAR,,95,45,,,,,"Decimocuarta revisión: se conserva la decisión de la novena revisión (chain_review_9). Novena revisión: 95 min en AUTOMÓVIL PARTICULAR para 14.0 km en línea recta es más del doble de lo que la encuesta suele reportar para ese modo a esa distancia (45 min, la mediana de 4989 viajes): los minutos son el error, no la hora. Es el último viaje del día. Es el mismo recorrido, en el mismo modo, que otro viaje del día cuyos minutos chocaban con la salida siguiente."
9281,1,1412000014520,Hombres,60,Empleado,,1,18:20,08:20,Trabajar,,"Hospital, clínica, consultorio, laboratorio clínico",,Su casa,,home,,1412000014198,,AUTOMÓVIL PARTICULAR,,40,,,,,,"Decimocuarta revisión: se toma la lectura de las horas de las tablas anteriores (las reglas anteriores), una sugerencia entre otras: con las reglas de hoy el día queda con un viaje que sale antes de que llegue el anterior, y con esa lectura con menos de media hora en el trabajo o la escuela. Cambia: viaje 1 18:20 → 08:20, viaje 4 15:00 → 17:00."
9281,1,1412000014520,Hombres,60,Empleado,,2,14:38,,Regresar a Casa,,Su casa,,,,1412000014198,,home,,AUTOMÓVIL PARTICULAR,,40,,,hora_invertida,,,
9281,1,1412000014520,Hombres,60,Empleado,,3,16:20,,Trabajar,,"Hospital, clínica, consultorio, laboratorio clínico",,,,home,,1412000014198,,AUTOMÓVIL PARTICULAR,,40,,,,,,
9281,1,1412000014520,Hombres,60,Empleado,,4,15:00,17:00,Regresar a Casa,,Su casa,,,,1412000014198,,home,,AUTOMÓVIL PARTICULAR,,40,,,hora_invertida,,,"Decimocuarta revisión: se toma la lectura de las horas de las tablas anteriores (las reglas anteriores), una sugerencia entre otras: con las reglas de hoy el día queda con un viaje que sale antes de que llegue el anterior, y con esa lectura con menos de media hora en el trabajo o la escuela. Cambia: viaje 1 18:20 → 08:20, viaje 4 15:00 → 17:00."
9322,1,1412000012312,Hombres,57,Empleado,,1,04:10,,Trabajar,,Fábrica o taller,,Su casa,,home,,1403900011359,,AUTOMÓVIL PARTICULAR,,120,45,,,,,"Decimocuarta revisión: se conserva la decisión de la novena revisión (chain_review_9). Novena revisión: 120 min en AUTOMÓVIL PARTICULAR para 13.4 km en línea recta es más del doble de lo que la encuesta suele reportar para ese modo a esa distancia (45 min, la mediana de 4989 viajes): los minutos son el error, no la hora. Con 45 min llega a las 04:55 y el viaje siguiente sale a las 09:45, 290 min después. Es el mismo recorrido, en el mismo modo, que otro viaje del día cuyos minutos chocaban con la salida siguiente."
9322,1,1412000012312,Hombres,57,Empleado,,2,09:45,,Regresar a Casa,,Su casa,,,,1403900011359,,home,,AUTOMÓVIL PARTICULAR,,120,45,,,,,"Decimocuarta revisión: se conserva la decisión de la novena revisión (chain_review_9). Novena revisión: 120 min en AUTOMÓVIL PARTICULAR para 13.4 km en línea recta es más del doble de lo que la encuesta suele reportar para ese modo a esa distancia (45 min, la mediana de 4989 viajes): los minutos son el error, no la hora. Con 45 min llega a las 10:30 y el viaje siguiente sale a las 11:10, 40 min después. Es el mismo recorrido, en el mismo modo, que otro viaje del día cuyos minutos chocaban con la salida siguiente."
9322,1,1412000012312,Hombres,57,Empleado,,3,11:10 → 13:10,11:10,Trabajar,,Fábrica o taller,,,,home,,1403900011359,,AUTOMÓVIL PARTICULAR,,120,45,hora:-10h+12h,,changed,,"Decimocuarta revisión: se conserva la decisión de la novena revisión (chain_review_9). Novena revisión: 120 min en AUTOMÓVIL PARTICULAR para 13.4 km en línea recta es más del doble de lo que la encuesta suele reportar para ese modo a esa distancia (45 min, la mediana de 4989 viajes): los minutos son el error, no la hora. Con 45 min llega a las 11:55 y el viaje siguiente sale a las 14:30, 155 min después. Es el mismo recorrido, en el mismo modo, que otro viaje del día cuyos minutos chocaban con la salida siguiente. Novena revisión: la salida vuelve a las 11:10, la hora que reporta la encuesta: con los minutos de traslado que corrige esta revisión cabe después de la llegada del viaje anterior (10:30); la regla de horas la había movido a las 13:10 para dejar sitio a los minutos de más. | Decimocuarta revisión: la salida queda a las 11:10, la que dan las reglas al leer de nuevo las horas del día tal como lo dejan las decisiones que se conservan (un renglón quitado, minutos de viaje corregidos, un motivo recodificado); sobre el día registrado daban las 13:10."
9322,1,1412000012312,Hombres,57,Empleado,,4,14:30 → 16:30,14:30,Regresar a Casa,,Su casa,,,,1403900011359,,home,,AUTOMÓVIL PARTICULAR,,120,45,hora:-10h+12h,,changed,,"Decimocuarta revisión: se conserva la decisión de la novena revisión (chain_review_9). Novena revisión: 120 min en AUTOMÓVIL PARTICULAR para 13.4 km en línea recta es más del doble de lo que la encuesta suele reportar para ese modo a esa distancia (45 min, la mediana de 4989 viajes): los minutos son el error, no la hora. Con 45 min llega a las 15:15 y el viaje siguiente sale a las 18:18, 183 min después. Novena revisión: la salida vuelve a las 14:30, la hora que reporta la encuesta: con los minutos de traslado que corrige esta revisión cabe después de la llegada del viaje anterior (11:55); la regla de horas la había movido a las 16:30 para dejar sitio a los minutos de más. | Decimocuarta revisión: la salida queda a las 14:30, la que dan las reglas al leer de nuevo las horas del día tal como lo dejan las decisiones que se conservan (un renglón quitado, minutos de viaje corregidos, un motivo recodificado); sobre el día registrado daban las 16:30."
9322,1,1412000012312,Hombres,57,Empleado,,5,18:18 → 18:30,18:18,Deportes o recreación,,Centro cultural o área recreativa,,,,home,,home,,A PIE,,7,,hora:llegada,,changed,,"Decimocuarta revisión: la salida queda a las 18:18, la que dan las reglas al leer de nuevo las horas del día tal como lo dejan las decisiones que se conservan (un renglón quitado, minutos de viaje corregidos, un motivo recodificado); sobre el día registrado daban las 18:30."
9322,1,1412000012312,Hombres,57,Empleado,,6,18:30 → 18:37,18:30,Regresar a Casa,,Su casa,,,,home,,home,,A PIE,,7,,hora:llegada,,changed,,"Decimocuarta revisión: la salida queda a las 18:30, la que dan las reglas al leer de nuevo las horas del día tal como lo dejan las decisiones que se conservan (un renglón quitado, minutos de viaje corregidos, un motivo recodificado); sobre el día registrado daban las 18:37."
9338,1,1412000014658,Mujeres,38,Empleado,,1,11:00,,Trabajar,,"Restaurante, bar, cafetería",,Su casa,,home,,1403900011857,,CAMIÓN O AUTOBÚS,,50,,,,,,
9338,1,1412000014658,Mujeres,38,Empleado,,2,10:33,12:33,Regresar a Casa,,Su casa,,,,1403900011857,,home,,AUTOMÓVIL PARTICULAR,,35,,,hora_invertida,,,"Decimocuarta revisión: se toma la lectura de las horas de las tablas anteriores (la primera revisión), una sugerencia entre otras: con las reglas de hoy el día queda con un viaje que sale antes de que llegue el anterior, y con esa lectura con ningún problema. Cambia: viaje 2 10:33 → 12:33, viaje 3 12:27 → 14:27, viaje 4 12:00 → 00:00."
9338,1,1412000014658,Mujeres,38,Empleado,,3,12:27,14:27,Trabajar,,"Restaurante, bar, cafetería",,,,home,,1403900011857,,AUTOMÓVIL PARTICULAR,,5,,,,,,"Decimocuarta revisión: se toma la lectura de las horas de las tablas anteriores (la primera revisión), una sugerencia entre otras: con las reglas de hoy el día queda con un viaje que sale antes de que llegue el anterior, y con esa lectura con ningún problema. Cambia: viaje 2 10:33 → 12:33, viaje 3 12:27 → 14:27, viaje 4 12:00 → 00:00."
9338,1,1412000014658,Mujeres,38,Empleado,,4,12:00,00:00,Regresar a Casa,,Su casa,,,,1403900011857,,home,,AUTOMÓVIL PARTICULAR,,35,,,hora_invertida,,,"Decimocuarta revisión: se toma la lectura de las horas de las tablas anteriores (la primera revisión), una sugerencia entre otras: con las reglas de hoy el día queda con un viaje que sale antes de que llegue el anterior, y con esa lectura con ningún problema. Cambia: viaje 2 10:33 → 12:33, viaje 3 12:27 → 14:27, viaje 4 12:00 → 00:00."
9360,1,1412000014658,Hombres,33,Empleado,,1,08:21,,"Compras (bienes, productos y servicios)",,"Comercio, mercado, tienda o centro comercial",,Su casa,,home,,1412000013611,,A PIE,,2,,,,,,
9360,1,1412000014658,Hombres,33,Empleado,,2,08:30,,Regresar a Casa,,Su casa,,,,1412000013611,,home,,A PIE,,2,,,,,,
9360,1,1412000014658,Hombres,33,Empleado,,3,20:30,08:32,Trabajar,,"Hospital, clínica, consultorio, laboratorio clínico",,,,home,,1403900011170,,AUTOMÓVIL PARTICULAR,,90,45,,,,,"Decimocuarta revisión: se conserva la decisión de la novena revisión (chain_review_9). Novena revisión: 90 min en AUTOMÓVIL PARTICULAR para 14.8 km en línea recta es más del doble de lo que la encuesta suele reportar para ese modo a esa distancia (45 min, la mediana de 4989 viajes): los minutos son el error, no la hora. Con 45 min llega a las 09:17 y el viaje siguiente sale a las 20:50, 693 min después. Es el mismo recorrido, en el mismo modo, que otro viaje del día cuyos minutos chocaban con la salida siguiente. | Decimocuarta revisión: la salida queda a las 08:32, la que dan las reglas al leer de nuevo las horas del día tal como lo dejan las decisiones que se conservan (un renglón quitado, minutos de viaje corregidos, un motivo recodificado); sobre el día registrado daban las 20:30."
9360,1,1412000014658,Hombres,33,Empleado,,4,20:50,,Regresar a Casa,,Su casa,,,,1403900011170,,home,,AUTOMÓVIL PARTICULAR,,90,45,,hora_invertida,,,"Decimocuarta revisión: se conserva la decisión de la novena revisión (chain_review_9). Novena revisión: 90 min en AUTOMÓVIL PARTICULAR para 14.8 km en línea recta es más del doble de lo que la encuesta suele reportar para ese modo a esa distancia (45 min, la mediana de 4989 viajes): los minutos son el error, no la hora. Con 45 min llega a las 21:35 y el viaje siguiente sale a las 22:24, 49 min después. Es el mismo recorrido, en el mismo modo, que otro viaje del día cuyos minutos chocaban con la salida siguiente."
9360,1,1412000014658,Hombres,33,Empleado,,5,22:24,,Trabajar,,"Hospital, clínica, consultorio, laboratorio clínico",,,,home,,1403900011170,,AUTOMÓVIL PARTICULAR,,90,45,,,,,"Decimocuarta revisión: se conserva la decisión de la novena revisión (chain_review_9). Novena revisión: 90 min en AUTOMÓVIL PARTICULAR para 14.8 km en línea recta es más del doble de lo que la encuesta suele reportar para ese modo a esa distancia (45 min, la mediana de 4989 viajes): los minutos son el error, no la hora. Con 45 min llega a las 23:09 y el viaje siguiente sale a las 23:31, 22 min después."
9360,1,1412000014658,Hombres,33,Empleado,,6,23:31,,Regresar a Casa,,Su casa,,,,1403900011170,,home,,AUTOMÓVIL PARTICULAR,,90,45,,hora_invertida,,,"Decimocuarta revisión: se conserva la decisión de la novena revisión (chain_review_9). Novena revisión: 90 min en AUTOMÓVIL PARTICULAR para 14.8 km en línea recta es más del doble de lo que la encuesta suele reportar para ese modo a esa distancia (45 min, la mediana de 4989 viajes): los minutos son el error, no la hora. Es el último viaje del día. Es el mismo recorrido, en el mismo modo, que otro viaje del día cuyos minutos chocaban con la salida siguiente. Novena revisión: la salida vuelve a las 23:31, la hora que reporta la encuesta: con los minutos de traslado que corrige esta revisión cabe después de la llegada del viaje anterior (23:09); una revisión anterior la había movido a las 23:54 para dejar sitio a los minutos de más."
9363,2,1412000014677,Mujeres,54,Hogar,,1,15:00 → 05:00,,Trabajar,,Otra vivienda,,Su casa,,home,,1412000012384,,AUTOMÓVIL PARTICULAR,,20,,hora:-10h,,changed,,
9363,2,1412000014677,Mujeres,54,Hogar,,2,14:55,,Regresar a Casa,,Su casa,,,,1412000012384,,home,,AUTOMÓVIL PARTICULAR,,20,,,,,,
9363,2,1412000014677,Mujeres,54,Hogar,,3,16:24,,Trabajar,,Otra vivienda,,,,home,,1412000012384,,AUTOMÓVIL PARTICULAR,,20,,,,,,
9363,2,1412000014677,Mujeres,54,Hogar,,4,16:30 → 16:44,18:30,Regresar a Casa,,Su casa,,,,1412000012384,,home,,AUTOMÓVIL PARTICULAR,,20,,hora:llegada,,changed,,"Decimocuarta revisión: se toma la lectura de las horas de las tablas anteriores (la undécima revisión), una sugerencia entre otras: con las reglas de hoy el día queda con menos de media hora en el trabajo o la escuela, y con esa lectura con ningún problema. Cambia: viaje 4 16:44 → 18:30."
9504,2,1409700213842,Mujeres,33,Empleado,,1,07:00,,Trabajar,,"Comercio, mercado, tienda o centro comercial",,"Comercio, mercado, tienda o centro comercial → Su casa",,1409700340250 → home,,1409700340250,,AUTOMÓVIL PARTICULAR,,20,,origen:copia;tipo_origen:copia,,changed,,
9504,2,1409700213842,Mujeres,33,Empleado,,2,01:48,13:48,Regresar a Casa,,Su casa,,,,1409700340250,,home,,AUTOMÓVIL PARTICULAR,,15,,tipo_origen:copia,hora_invertida,changed,,"Decimocuarta revisión: se toma la lectura de las horas de las tablas anteriores (la primera revisión), una sugerencia entre otras: con las reglas de hoy el día queda con un viaje que sale antes de que llegue el anterior, y con esa lectura con ningún problema. Cambia: viaje 2 01:48 → 13:48, viaje 3 03:22 → 15:22, viaje 4 01:00 → 23:00."
9504,2,1409700213842,Mujeres,33,Empleado,,3,03:22,15:22,Trabajar,,"Comercio, mercado, tienda o centro comercial",,,,home,,1409700340250,,AUTOMÓVIL PARTICULAR,,20,,tipo_origen:copia,,changed,,"Decimocuarta revisión: se toma la lectura de las horas de las tablas anteriores (la primera revisión), una sugerencia entre otras: con las reglas de hoy el día queda con un viaje que sale antes de que llegue el anterior, y con esa lectura con ningún problema. Cambia: viaje 2 01:48 → 13:48, viaje 3 03:22 → 15:22, viaje 4 01:00 → 23:00."
9504,2,1409700213842,Mujeres,33,Empleado,,4,01:00,23:00,Regresar a Casa,,Su casa,,,,1409700340250,,home,,AUTOMÓVIL PARTICULAR,,15,,tipo_origen:copia,hora_invertida,changed,,"Decimocuarta revisión: se toma la lectura de las horas de las tablas anteriores (la primera revisión), una sugerencia entre otras: con las reglas de hoy el día queda con un viaje que sale antes de que llegue el anterior, y con esa lectura con ningún problema. Cambia: viaje 2 01:48 → 13:48, viaje 3 03:22 → 15:22, viaje 4 01:00 → 23:00."
9509,1,1409700213842,Hombres,60,Empleado,,1,06:00,,Trabajar,,"Comercio, mercado, tienda o centro comercial",,Su casa,,home,,1403900010350,,AUTOMÓVIL PARTICULAR,,90,,,,,,
9509,1,1409700213842,Hombres,60,Empleado,,2,12:30,,Regresar a Casa,,Su casa,,,,1403900010350,,home,,AUTOMÓVIL PARTICULAR,,120,60,,,,,"Decimocuarta revisión: se conserva la decisión de la novena revisión (chain_review_9). Novena revisión: 120 min en AUTOMÓVIL PARTICULAR para 26.8 km en línea recta es más del doble de lo que la encuesta suele reportar para ese modo a esa distancia (60 min, la mediana de 2401 viajes): los minutos son el error, no la hora. Con 60 min llega a las 13:30 y el viaje siguiente sale a las 14:02, 32 min después."
9509,1,1409700213842,Hombres,60,Empleado,,3,14:02 → 14:30,14:02,Trabajar,,"Comercio, mercado, tienda o centro comercial",,,,home,,1403900010350,,AUTOMÓVIL PARTICULAR,,90,,hora:llegada,,changed,,"Decimocuarta revisión: la salida queda a las 14:02, la que dan las reglas al leer de nuevo las horas del día tal como lo dejan las decisiones que se conservan (un renglón quitado, minutos de viaje corregidos, un motivo recodificado); sobre el día registrado daban las 14:30."
9509,1,1409700213842,Hombres,60,Empleado,,4,17:00,,Regresar a Casa,,Su casa,,,,1403900010350,,home,,AUTOMÓVIL PARTICULAR,,120,60,,,,,"Decimocuarta revisión: se conserva la decisión de la novena revisión (chain_review_9). Novena revisión: 120 min en AUTOMÓVIL PARTICULAR para 26.8 km en línea recta es más del doble de lo que la encuesta suele reportar para ese modo a esa distancia (60 min, la mediana de 2401 viajes): los minutos son el error, no la hora. Con 60 min llega a las 18:00 y el viaje siguiente sale a las 18:18, 18 min después. Es el mismo recorrido, en el mismo modo, que otro viaje del día cuyos minutos chocaban con la salida siguiente."
9509,1,1409700213842,Hombres,60,Empleado,,5,18:18 → 19:00,18:18,Llevar o recoger a alguien,,Otra vivienda,,,,home,,1409700213857,,A PIE,,1,,hora:llegada,,changed,,"Decimocuarta revisión: la salida queda a las 18:18, la que dan las reglas al leer de nuevo las horas del día tal como lo dejan las decisiones que se conservan (un renglón quitado, minutos de viaje corregidos, un motivo recodificado); sobre el día registrado daban las 19:00."
9509,1,1409700213842,Hombres,60,Empleado,,6,18:23 → 19:01,18:23,Regresar a Casa,,Su casa,,,,1409700213857,,home,,A PIE,,1,,hora:llegada,,changed,,"Decimocuarta revisión: la salida queda a las 18:23, la que dan las reglas al leer de nuevo las horas del día tal como lo dejan las decisiones que se conservan (un renglón quitado, minutos de viaje corregidos, un motivo recodificado); sobre el día registrado daban las 19:01."
9516,2,1409700201013,Hombres,49,Empleado,,1,08:00,,Trabajar,,"Hospital, clínica, consultorio, laboratorio clínico",,Su casa,,home,,140390001101A,,AUTOMÓVIL PARTICULAR,,90,45,,,,,"Decimocuarta revisión: se conserva la decisión de la novena revisión (chain_review_9). Novena revisión: 90 min en AUTOMÓVIL PARTICULAR para 17.1 km en línea recta es más del doble de lo que la encuesta suele reportar para ese modo a esa distancia (45 min, la mediana de 4989 viajes): los minutos son el error, no la hora. Con 45 min llega a las 08:45 y el viaje siguiente sale a las 15:52, 427 min después. Es el mismo recorrido, en el mismo modo, que otro viaje del día cuyos minutos chocaban con la salida siguiente."
9516,2,1409700201013,Hombres,49,Empleado,,2,15:52,,Regresar a Casa,,Su casa,,,,140390001101A,,home,,AUTOMÓVIL PARTICULAR,,90,45,,,,,"Decimocuarta revisión: se conserva la decisión de la novena revisión (chain_review_9). Novena revisión: 90 min en AUTOMÓVIL PARTICULAR para 17.1 km en línea recta es más del doble de lo que la encuesta suele reportar para ese modo a esa distancia (45 min, la mediana de 4989 viajes): los minutos son el error, no la hora. Con 45 min llega a las 16:37 y el viaje siguiente sale a las 17:19, 42 min después."
9516,2,1409700201013,Hombres,49,Empleado,,3,17:19 → 17:22,17:19,Trabajar,,"Hospital, clínica, consultorio, laboratorio clínico",,,,home,,140390001101A,,AUTOMÓVIL PARTICULAR,,90,45,hora:llegada,,changed,,"Decimocuarta revisión: se conserva la decisión de la novena revisión (chain_review_9). Novena revisión: 90 min en AUTOMÓVIL PARTICULAR para 17.1 km en línea recta es más del doble de lo que la encuesta suele reportar para ese modo a esa distancia (45 min, la mediana de 4989 viajes): los minutos son el error, no la hora. Con 45 min llega a las 18:04 y el viaje siguiente sale a las 21:00, 176 min después. Es el mismo recorrido, en el mismo modo, que otro viaje del día cuyos minutos chocaban con la salida siguiente. Novena revisión: la salida vuelve a las 17:19, la hora que reporta la encuesta: con los minutos de traslado que corrige esta revisión cabe después de la llegada del viaje anterior (16:37); una revisión anterior la había movido a las 17:22 para dejar sitio a los minutos de más. | Decimocuarta revisión: la salida queda a las 17:19, la que dan las reglas al leer de nuevo las horas del día tal como lo dejan las decisiones que se conservan (un renglón quitado, minutos de viaje corregidos, un motivo recodificado); sobre el día registrado daban las 17:22."
9516,2,1409700201013,Hombres,49,Empleado,,4,21:00,,Regresar a Casa,,Su casa,,,,140390001101A,,home,,AUTOMÓVIL PARTICULAR,,90,45,,,,,"Decimocuarta revisión: se conserva la decisión de la novena revisión (chain_review_9). Novena revisión: 90 min en AUTOMÓVIL PARTICULAR para 17.1 km en línea recta es más del doble de lo que la encuesta suele reportar para ese modo a esa distancia (45 min, la mediana de 4989 viajes): los minutos son el error, no la hora. Es el último viaje del día. Es el mismo recorrido, en el mismo modo, que otro viaje del día cuyos minutos chocaban con la salida siguiente."
9542,1,1409700251418,Mujeres,47,Hogar,,1,07:45,,Trabajar,,Oficina,,Su casa,,home,,1409701801244,,AUTOMÓVIL PARTICULAR,,60,,,,,,
9542,1,1409700251418,Mujeres,47,Hogar,,2,06:55,16:55,Regresar a Casa,,Su casa,,,,1409701801244,,home,,AUTOMÓVIL PARTICULAR,,20,,,hora_invertida,,,"Decimocuarta revisión: se toma la lectura de las horas de las tablas anteriores (la primera revisión), una sugerencia entre otras: con las reglas de hoy el día queda con un viaje que sale antes de que llegue el anterior, y con esa lectura con ningún problema. Cambia: viaje 2 06:55 → 16:55, viaje 3 08:26 → 18:26, viaje 4 08:40 → 20:40, viaje 5 19:14 → 21:14, viaje 6 19:37 → 21:37."
9542,1,1409700251418,Mujeres,47,Hogar,,3,08:26,18:26,Trabajar,,Oficina,,,,home,,1409701801244,,AUTOMÓVIL PARTICULAR,,60,,,,,,"Decimocuarta revisión: se toma la lectura de las horas de las tablas anteriores (la primera revisión), una sugerencia entre otras: con las reglas de hoy el día queda con un viaje que sale antes de que llegue el anterior, y con esa lectura con ningún problema. Cambia: viaje 2 06:55 → 16:55, viaje 3 08:26 → 18:26, viaje 4 08:40 → 20:40, viaje 5 19:14 → 21:14, viaje 6 19:37 → 21:37."
9542,1,1409700251418,Mujeres,47,Hogar,,4,08:40,20:40,Regresar a Casa,,Su casa,,,,1409701801244,,home,,AUTOMÓVIL PARTICULAR,,20,,,hora_invertida,,,"Decimocuarta revisión: se toma la lectura de las horas de las tablas anteriores (la primera revisión), una sugerencia entre otras: con las reglas de hoy el día queda con un viaje que sale antes de que llegue el anterior, y con esa lectura con ningún problema. Cambia: viaje 2 06:55 → 16:55, viaje 3 08:26 → 18:26, viaje 4 08:40 → 20:40, viaje 5 19:14 → 21:14, viaje 6 19:37 → 21:37."
9542,1,1409700251418,Mujeres,47,Hogar,,5,19:14,21:14,Deportes o recreación,,Centro cultural o área recreativa,,,,home,,home,,A PIE,,13,,,,,,"Decimocuarta revisión: se toma la lectura de las horas de las tablas anteriores (la primera revisión), una sugerencia entre otras: con las reglas de hoy el día queda con un viaje que sale antes de que llegue el anterior, y con esa lectura con ningún problema. Cambia: viaje 2 06:55 → 16:55, viaje 3 08:26 → 18:26, viaje 4 08:40 → 20:40, viaje 5 19:14 → 21:14, viaje 6 19:37 → 21:37."
9542,1,1409700251418,Mujeres,47,Hogar,,6,19:37,21:37,Regresar a Casa,,Su casa,,,,home,,home,,A PIE,,13,,,,,,"Decimocuarta revisión: se toma la lectura de las horas de las tablas anteriores (la primera revisión), una sugerencia entre otras: con las reglas de hoy el día queda con un viaje que sale antes de que llegue el anterior, y con esa lectura con ningún problema. Cambia: viaje 2 06:55 → 16:55, viaje 3 08:26 → 18:26, viaje 4 08:40 → 20:40, viaje 5 19:14 → 21:14, viaje 6 19:37 → 21:37."
9579,1,1409700340250,Hombres,40,Empleado,,1,11:30,,Compras (comida),,"Comercio, mercado, tienda o centro comercial",,Su casa,,home,,home,,A PIE,,8,,,,,,
9579,1,1409700340250,Hombres,40,Empleado,,2,11:45,,Regresar a Casa,,Su casa,,,,home,,home,,A PIE,,8,,,,,,
9579,1,1409700340250,Hombres,40,Empleado,,3,19:00,,Trabajar,,"Comercio, mercado, tienda o centro comercial",,,,home,,140970025130A,,AUTOMÓVIL PARTICULAR,,40,,,,,,
9579,1,1409700340250,Hombres,40,Empleado,,4,13:00,01:00,Regresar a Casa,,Su casa,,,,140970025130A,,home,,AUTOMÓVIL PARTICULAR,,20,,,hora_invertida,,,"Decimocuarta revisión: se toma la lectura de las horas de las tablas anteriores (la primera revisión), una sugerencia entre otras: con las reglas de hoy el día queda con un viaje que sale antes de que llegue el anterior, y con esa lectura con ningún problema. Cambia: viaje 4 13:00 → 01:00."
9758,1,140970104,Mujeres,51,Hogar,,1,09:00,,"Compras (bienes, productos y servicios)",,"Comercio, mercado, tienda o centro comercial",,Su casa,,home,,1409704240443,,AUTOMÓVIL PARTICULAR,,40,,,,,,
9758,1,140970104,Mujeres,51,Hogar,,2,12:00,,Compras (comida),,"Comercio, mercado, tienda o centro comercial",,,,1409704240443,,1409704241776,,AUTOMÓVIL PARTICULAR,,10,,,,,,
9758,1,140970104,Mujeres,51,Hogar,,3,13:30,,Pagar algún servicio o al banco,,"Comercio, mercado, tienda o centro comercial",,,,1409704241776,,1409700201013,,AUTOMÓVIL PARTICULAR,,35,15,,,,,"Decimocuarta revisión: se conserva la decisión de la novena revisión (chain_review_9). Novena revisión: 35 min en AUTOMÓVIL PARTICULAR para 1.1 km en línea recta es más del doble de lo que la encuesta suele reportar para ese modo a esa distancia (15 min, la mediana de 3832 viajes): los minutos son el error, no la hora. Con 15 min llega a las 13:45 y el viaje siguiente sale a las 14:00, 15 min después."
9758,1,140970104,Mujeres,51,Hogar,,4,14:00 → 14:05,14:00,Regresar a Casa,,Su casa,,,,1409700201013,,home,,AUTOMÓVIL PARTICULAR,,60,,hora:llegada,,changed,,"Decimocuarta revisión: la salida queda a las 14:00, la que dan las reglas al leer de nuevo las horas del día tal como lo dejan las decisiones que se conservan (un renglón quitado, minutos de viaje corregidos, un motivo recodificado); sobre el día registrado daban las 14:05."
9791,2,1410100010679,Mujeres,45,Trabajador independiente,,1,09:00,,Compras (comida),,"Comercio, mercado, tienda o centro comercial",,Su casa,,home,,1410100010471,,A PIE,,30,,,,,,
9791,2,1410100010679,Mujeres,45,Trabajador independiente,,2,09:50,,Regresar a Casa,,Su casa,,,,1410100010471,,home,,A PIE,,30,,,,,,
9791,2,1410100010679,Mujeres,45,Trabajador independiente,,3,06:30,10:20,Estudiar,,Escuela,,,,home,,1410100011130,,Mototaxi,,15,,,hora_invertida,,,"Decimocuarta revisión: ninguna lectura de las horas cierra el día: con las reglas queda un viaje que sale antes de que llegue el anterior, con la de las tablas anteriores ningún problema. Las salidas se mueven lo menos posible (230 min en total) para que ningún viaje salga antes de que llegue el anterior; queda ningún problema. Cambia: viaje 3 06:30 → 10:20."
9791,2,1410100010679,Mujeres,45,Trabajador independiente,,4,13:00,,Regresar a Casa,,Su casa,,,,1410100011130,,home,,A PIE,,20,,,,,,
9944,1,1409700010918,Hombres,29,Empleado,,1,05:30,,Trabajar,,Fábrica o taller,,Su casa,,home,,1409800011256,,AUTOMÓVIL PARTICULAR,,90,45,,,,,"Decimocuarta revisión: se conserva la decisión de la novena revisión (chain_review_9). Novena revisión: 90 min en AUTOMÓVIL PARTICULAR para 13.8 km en línea recta es más del doble de lo que la encuesta suele reportar para ese modo a esa distancia (45 min, la mediana de 4989 viajes): los minutos son el error, no la hora. Con 45 min llega a las 06:15 y el viaje siguiente sale a las 12:31, 376 min después. Es el mismo recorrido, en el mismo modo, que otro viaje del día cuyos minutos chocaban con la salida siguiente."
9944,1,1409700010918,Hombres,29,Empleado,,2,12:31,,Regresar a Casa,,Su casa,,,,1409800011256,,home,,AUTOMÓVIL PARTICULAR,,120,45,,,,,"Decimocuarta revisión: se conserva la decisión de la novena revisión (chain_review_9). Novena revisión: 120 min en AUTOMÓVIL PARTICULAR para 13.8 km en línea recta es más del doble de lo que la encuesta suele reportar para ese modo a esa distancia (45 min, la mediana de 4989 viajes): los minutos son el error, no la hora. Con 45 min llega a las 13:16 y el viaje siguiente sale a las 14:24, 68 min después."
9944,1,1409700010918,Hombres,29,Empleado,,3,14:24 → 14:31,14:24,Trabajar,,Fábrica o taller,,,,home,,1409800011256,,AUTOMÓVIL PARTICULAR,,90,45,hora:llegada,,changed,,"Decimocuarta revisión: se conserva la decisión de la novena revisión (chain_review_9). Novena revisión: 90 min en AUTOMÓVIL PARTICULAR para 13.8 km en línea recta es más del doble de lo que la encuesta suele reportar para ese modo a esa distancia (45 min, la mediana de 4989 viajes): los minutos son el error, no la hora. Con 45 min llega a las 15:09 y el viaje siguiente sale a las 18:00, 171 min después. Es el mismo recorrido, en el mismo modo, que otro viaje del día cuyos minutos chocaban con la salida siguiente. Novena revisión: la salida vuelve a las 14:24, la hora que reporta la encuesta: con los minutos de traslado que corrige esta revisión cabe después de la llegada del viaje anterior (13:16); una revisión anterior la había movido a las 14:31 para dejar sitio a los minutos de más. | Decimocuarta revisión: la salida queda a las 14:24, la que dan las reglas al leer de nuevo las horas del día tal como lo dejan las decisiones que se conservan (un renglón quitado, minutos de viaje corregidos, un motivo recodificado); sobre el día registrado daban las 14:31."
9944,1,1409700010918,Hombres,29,Empleado,,4,18:00,,Regresar a Casa,,Su casa,,,,1409800011256,,home,,AUTOMÓVIL PARTICULAR,,120,45,,,,,"Decimocuarta revisión: se conserva la decisión de la novena revisión (chain_review_9). Novena revisión: 120 min en AUTOMÓVIL PARTICULAR para 13.8 km en línea recta es más del doble de lo que la encuesta suele reportar para ese modo a esa distancia (45 min, la mediana de 4989 viajes): los minutos son el error, no la hora. Es el último viaje del día. Es el mismo recorrido, en el mismo modo, que otro viaje del día cuyos minutos chocaban con la salida siguiente."
10021,2,140972416,Hombres,47,Empleado,,1,19:30,09:30,Trabajar,,Fábrica o taller,,Su casa,,home,,1409700012115,,AUTOMÓVIL PARTICULAR,,20,,,,,,"Decimocuarta revisión: se toma la lectura de las horas de las tablas anteriores (las reglas anteriores), una sugerencia entre otras: con las reglas de hoy el día queda con un viaje que sale antes de que llegue el anterior, y con esa lectura con menos de media hora en el trabajo o la escuela. Cambia: viaje 1 19:30 → 09:30, viaje 4 17:00 → 19:00."
10021,2,140972416,Hombres,47,Empleado,,2,16:47,,Regresar a Casa,,Su casa,,,,1409700012115,,home,,AUTOMÓVIL PARTICULAR,,15,,,hora_invertida,,,
10021,2,140972416,Hombres,47,Empleado,,3,18:19,,Trabajar,,Fábrica o taller,,,,home,,1409700012115,,AUTOMÓVIL PARTICULAR,,20,,,,,,
10021,2,140972416,Hombres,47,Empleado,,4,17:00,19:00,Regresar a Casa,,Su casa,,,,1409700012115,,home,,AUTOMÓVIL PARTICULAR,,15,,,hora_invertida,,,"Decimocuarta revisión: se toma la lectura de las horas de las tablas anteriores (las reglas anteriores), una sugerencia entre otras: con las reglas de hoy el día queda con un viaje que sale antes de que llegue el anterior, y con esa lectura con menos de media hora en el trabajo o la escuela. Cambia: viaje 1 19:30 → 09:30, viaje 4 17:00 → 19:00."
10039,1,1409700010918,Mujeres,52,Empleado,,1,06:00,,Trabajar,,"Restaurante, bar, cafetería",,Su casa,,home,,140970005034A,,AUTOMÓVIL PARTICULAR,,80,,,,,,
10039,1,1409700010918,Mujeres,52,Empleado,,2,05:51,15:51,Regresar a Casa,,Su casa,,,,140970005034A,,home,,AUTOMÓVIL PARTICULAR,,90,,,hora_invertida,,,"Decimocuarta revisión: se toma la lectura de las horas de las tablas anteriores (la primera revisión), una sugerencia entre otras: con las reglas de hoy el día queda con un viaje que sale antes de que llegue el anterior, y con esa lectura con menos de media hora en el trabajo o la escuela. Cambia: viaje 2 05:51 → 15:51, viaje 3 07:28 → 17:28, viaje 4 07:00 → 19:00, viaje 5 19:04 → 21:04, viaje 6 19:22 → 21:22."
10039,1,1409700010918,Mujeres,52,Empleado,,3,07:28,17:28,Trabajar,,"Restaurante, bar, cafetería",,,,home,,140970005034A,,AUTOMÓVIL PARTICULAR,,80,,,,,,"Decimocuarta revisión: se toma la lectura de las horas de las tablas anteriores (la primera revisión), una sugerencia entre otras: con las reglas de hoy el día queda con un viaje que sale antes de que llegue el anterior, y con esa lectura con menos de media hora en el trabajo o la escuela. Cambia: viaje 2 05:51 → 15:51, viaje 3 07:28 → 17:28, viaje 4 07:00 → 19:00, viaje 5 19:04 → 21:04, viaje 6 19:22 → 21:22."
10039,1,1409700010918,Mujeres,52,Empleado,,4,07:00,19:00,Regresar a Casa,,Su casa,,,,140970005034A,,home,,AUTOMÓVIL PARTICULAR,,90,,,hora_invertida,,,"Decimocuarta revisión: se toma la lectura de las horas de las tablas anteriores (la primera revisión), una sugerencia entre otras: con las reglas de hoy el día queda con un viaje que sale antes de que llegue el anterior, y con esa lectura con menos de media hora en el trabajo o la escuela. Cambia: viaje 2 05:51 → 15:51, viaje 3 07:28 → 17:28, viaje 4 07:00 → 19:00, viaje 5 19:04 → 21:04, viaje 6 19:22 → 21:22."
10039,1,1409700010918,Mujeres,52,Empleado,,5,19:04,21:04,Compras (comida),,"Comercio, mercado, tienda o centro comercial",,,,home,,home,,A PIE,,8,,,,,,"Decimocuarta revisión: se toma la lectura de las horas de las tablas anteriores (la primera revisión), una sugerencia entre otras: con las reglas de hoy el día queda con un viaje que sale antes de que llegue el anterior, y con esa lectura con menos de media hora en el trabajo o la escuela. Cambia: viaje 2 05:51 → 15:51, viaje 3 07:28 → 17:28, viaje 4 07:00 → 19:00, viaje 5 19:04 → 21:04, viaje 6 19:22 → 21:22."
10039,1,1409700010918,Mujeres,52,Empleado,,6,19:22,21:22,Regresar a Casa,,Su casa,,,,home,,home,,A PIE,,8,,,,,,"Decimocuarta revisión: se toma la lectura de las horas de las tablas anteriores (la primera revisión), una sugerencia entre otras: con las reglas de hoy el día queda con un viaje que sale antes de que llegue el anterior, y con esa lectura con menos de media hora en el trabajo o la escuela. Cambia: viaje 2 05:51 → 15:51, viaje 3 07:28 → 17:28, viaje 4 07:00 → 19:00, viaje 5 19:04 → 21:04, viaje 6 19:22 → 21:22."
10153,1,1409700010922,Hombres,62,Empleado,,1,07:00,,Trabajar,,Oficina,,Su casa,,home,,1412000010706,,AUTOMÓVIL PARTICULAR,,90,45,,,,,"Decimocuarta revisión: se conserva la decisión de la novena revisión (chain_review_9). Novena revisión: 90 min en AUTOMÓVIL PARTICULAR para 17.6 km en línea recta es más del doble de lo que la encuesta suele reportar para ese modo a esa distancia (45 min, la mediana de 4989 viajes): los minutos son el error, no la hora. Con 45 min llega a las 07:45 y el viaje siguiente sale a las 12:45, 300 min después. Es el mismo recorrido, en el mismo modo, que otro viaje del día cuyos minutos chocaban con la salida siguiente."
10153,1,1409700010922,Hombres,62,Empleado,,2,12:45,,Regresar a Casa,,Su casa,,,,1412000010706,,home,,AUTOMÓVIL PARTICULAR,,90,45,,,,,"Decimocuarta revisión: se conserva la decisión de la novena revisión (chain_review_9). Novena revisión: 90 min en AUTOMÓVIL PARTICULAR para 17.6 km en línea recta es más del doble de lo que la encuesta suele reportar para ese modo a esa distancia (45 min, la mediana de 4989 viajes): los minutos son el error, no la hora. Con 45 min llega a las 13:30 y el viaje siguiente sale a las 14:04, 34 min después."
10153,1,1409700010922,Hombres,62,Empleado,,3,14:04 → 14:15,14:04,Trabajar,,Oficina,,,,home,,1412000010706,,AUTOMÓVIL PARTICULAR,,90,45,hora:llegada,,changed,,"Decimocuarta revisión: se conserva la decisión de la novena revisión (chain_review_9). Novena revisión: 90 min en AUTOMÓVIL PARTICULAR para 17.6 km en línea recta es más del doble de lo que la encuesta suele reportar para ese modo a esa distancia (45 min, la mediana de 4989 viajes): los minutos son el error, no la hora. Con 45 min llega a las 14:49 y el viaje siguiente sale a las 17:00, 131 min después. Es el mismo recorrido, en el mismo modo, que otro viaje del día cuyos minutos chocaban con la salida siguiente. Novena revisión: la salida vuelve a las 14:04, la hora que reporta la encuesta: con los minutos de traslado que corrige esta revisión cabe después de la llegada del viaje anterior (13:30); una revisión anterior la había movido a las 14:15 para dejar sitio a los minutos de más. | Decimocuarta revisión: la salida queda a las 14:04, la que dan las reglas al leer de nuevo las horas del día tal como lo dejan las decisiones que se conservan (un renglón quitado, minutos de viaje corregidos, un motivo recodificado); sobre el día registrado daban las 14:15."
10153,1,1409700010922,Hombres,62,Empleado,,4,17:00,,Regresar a Casa,,Su casa,,,,1412000010706,,home,,AUTOMÓVIL PARTICULAR,,90,45,,,,,"Decimocuarta revisión: se conserva la decisión de la novena revisión (chain_review_9). Novena revisión: 90 min en AUTOMÓVIL PARTICULAR para 17.6 km en línea recta es más del doble de lo que la encuesta suele reportar para ese modo a esa distancia (45 min, la mediana de 4989 viajes): los minutos son el error, no la hora. Es el último viaje del día. Es el mismo recorrido, en el mismo modo, que otro viaje del día cuyos minutos chocaban con la salida siguiente."
10204,1,1409708352736,Hombres,50,Empleado,,1,06:00,,Trabajar,,Fábrica o taller,,Su casa,,home,,140980001053A,,AUTOMÓVIL PARTICULAR,,80,,,,,,
10204,1,1409708352736,Hombres,50,Empleado,,2,12:38,,Regresar a Casa,,Su casa,,,,140980001053A,,home,,AUTOMÓVIL PARTICULAR,,120,60,,,,,"Decimocuarta revisión: se conserva la decisión de la novena revisión (chain_review_9). Novena revisión: 120 min en AUTOMÓVIL PARTICULAR para 21.0 km en línea recta es más del doble de lo que la encuesta suele reportar para ese modo a esa distancia (60 min, la mediana de 2401 viajes): los minutos son el error, no la hora. Con 60 min llega a las 13:38 y el viaje siguiente sale a las 14:22, 44 min después."
10204,1,1409708352736,Hombres,50,Empleado,,3,14:22 → 14:38,14:22,Trabajar,,Fábrica o taller,,,,home,,140980001053A,,AUTOMÓVIL PARTICULAR,,80,,hora:llegada,,changed,,"Decimocuarta revisión: la salida queda a las 14:22, la que dan las reglas al leer de nuevo las horas del día tal como lo dejan las decisiones que se conservan (un renglón quitado, minutos de viaje corregidos, un motivo recodificado); sobre el día registrado daban las 14:38."
10204,1,1409708352736,Hombres,50,Empleado,,4,17:00,,Regresar a Casa,,Su casa,,,,140980001053A,,home,,AUTOMÓVIL PARTICULAR,,120,60,,,,,"Decimocuarta revisión: se conserva la decisión de la novena revisión (chain_review_9). Novena revisión: 120 min en AUTOMÓVIL PARTICULAR para 21.0 km en línea recta es más del doble de lo que la encuesta suele reportar para ese modo a esa distancia (60 min, la mediana de 2401 viajes): los minutos son el error, no la hora. Con 60 min llega a las 18:00 y el viaje siguiente sale a las 18:08, 8 min después. Es el mismo recorrido, en el mismo modo, que otro viaje del día cuyos minutos chocaban con la salida siguiente."
10204,1,1409708352736,Hombres,50,Empleado,,5,18:08 → 19:00,18:08,Compras (comida),,"Comercio, mercado, tienda o centro comercial",,,,home,,home,,A PIE,,4,,hora:llegada,,changed,,"Decimocuarta revisión: la salida queda a las 18:08, la que dan las reglas al leer de nuevo las horas del día tal como lo dejan las decisiones que se conservan (un renglón quitado, minutos de viaje corregidos, un motivo recodificado); sobre el día registrado daban las 19:00."
10204,1,1409708352736,Hombres,50,Empleado,,6,18:18 → 19:04,18:18,Regresar a Casa,,Su casa,,,,home,,home,,A PIE,,4,,hora:llegada,,changed,,"Decimocuarta revisión: la salida queda a las 18:18, la que dan las reglas al leer de nuevo las horas del día tal como lo dejan las decisiones que se conservan (un renglón quitado, minutos de viaje corregidos, un motivo recodificado); sobre el día registrado daban las 19:04."
10269,2,1409700012115,Mujeres,26,Empleado,,1,08:00,,Trabajar,,Oficina,,Su casa,,home,,1409700010918,,MOTOCICLETA,,10,,,,,,
10269,2,1409700012115,Mujeres,26,Empleado,,2,16:00,,Compras (comida),,"Comercio, mercado, tienda o centro comercial",,,,1409700010918,,home,,MOTOCICLETA,,10,,,,,,
10269,2,1409700012115,Mujeres,26,Empleado,,3,16:15,,Regresar a Casa,,Su casa,,,,home,,home,,MOTOCICLETA,,1,,,,,,
10269,2,1409700012115,Mujeres,26,Empleado,,4,19:00,,"Compras (bienes, productos y servicios)",,"Comercio, mercado, tienda o centro comercial",,,,home,,1409700012098,,A PIE,,10,,,,,,
10269,2,1409700012115,Mujeres,26,Empleado,,5,16:15,19:10,Regresar a Casa,,Su casa,,,,1409700012098,,home,,A PIE,,10,,,hora_invertida,,,"Decimocuarta revisión: se toma la lectura de las horas de las tablas anteriores (la primera revisión), una sugerencia entre otras: con las reglas de hoy el día queda con un viaje que sale antes de que llegue el anterior, y con esa lectura con una estancia de cero minutos fuera de casa. Cambia: viaje 5 16:15 → 19:10."
10281,1,1409704393895,Mujeres,24,Empleado,,1,12:40,,Trabajar,,Fábrica o taller,,Su casa,,home,,1412000016599,,Transporte de personal,,120,,,,,,
10281,1,1409704393895,Mujeres,24,Empleado,,2,11:00,14:40,Regresar a Casa,,Su casa,,,,1412000016599,,home,,Transporte de personal,,120,,,hora_invertida,,,"Decimocuarta revisión: ninguna lectura de las horas cierra el día: con las reglas queda un viaje que sale antes de que llegue el anterior, con la de las tablas anteriores una salida movida a la madrugada. Las salidas se mueven lo menos posible (220 min en total) para que ningún viaje salga antes de que llegue el anterior; queda menos de media hora en el trabajo o la escuela. Cambia: viaje 2 11:00 → 14:40."
10281,1,1409704393895,Mujeres,24,Empleado,,3,19:08,,Otros (especifique),,Otros (especifique),,,,home,,1409704393880,,A PIE,,4,,,,,,
10281,1,1409704393895,Mujeres,24,Empleado,,4,19:19,,Regresar a Casa,,Su casa,,,,1409704393880,,home,,A PIE,,4,,,,,,
10322,2,140970023276A,Hombres,28,Empleado,,1,08:03,,Compras (comida),,"Restaurante, bar, cafetería",,Su casa,,home,,home,,A PIE,,7,,,,,,
10322,2,140970023276A,Hombres,28,Empleado,,2,08:17,,Regresar a Casa,,Su casa,,,,home,,home,,A PIE,,7,,,,,,
10322,2,140970023276A,Hombres,28,Empleado,,3,18:00,,Trabajar,,Fábrica o taller,,,,home,,1409704241761,,Transporte de personal,,45,,,,,,
10322,2,140970023276A,Hombres,28,Empleado,,4,14:40,04:40,Regresar a Casa,,Su casa,,,,1409704241761,,home,,Transporte de personal,,45,,,hora_invertida,,,"Decimocuarta revisión: se toma la lectura de las horas de las tablas anteriores (la primera revisión), una sugerencia entre otras: con las reglas de hoy el día queda con un viaje que sale antes de que llegue el anterior, y con esa lectura con ningún problema. Cambia: viaje 4 14:40 → 04:40."
10324,1,1409708352721,Hombres,22,Empleado,,1,07:00,,Trabajar,,"Comercio, mercado, tienda o centro comercial",,Su casa,,home,,1409800011928,,AUTOMÓVIL PARTICULAR,,80,,,,,,
10324,1,1409708352721,Hombres,22,Empleado,,2,13:34,,Regresar a Casa,,Su casa,,,,1409800011928,,home,,AUTOMÓVIL PARTICULAR,,90,45,,,,,"Decimocuarta revisión: se conserva la decisión de la novena revisión (chain_review_9). Novena revisión: 90 min en AUTOMÓVIL PARTICULAR para 16.8 km en línea recta es más del doble de lo que la encuesta suele reportar para ese modo a esa distancia (45 min, la mediana de 4989 viajes): los minutos son el error, no la hora. Con 45 min llega a las 14:19 y el viaje siguiente sale a las 15:01, 42 min después."
10324,1,1409708352721,Hombres,22,Empleado,,3,15:01 → 15:04,15:01,Trabajar,,"Comercio, mercado, tienda o centro comercial",,,,home,,1409800011928,,AUTOMÓVIL PARTICULAR,,80,,hora:llegada,,changed,,"Decimocuarta revisión: la salida queda a las 15:01, la que dan las reglas al leer de nuevo las horas del día tal como lo dejan las decisiones que se conservan (un renglón quitado, minutos de viaje corregidos, un motivo recodificado); sobre el día registrado daban las 15:04."
10324,1,1409708352721,Hombres,22,Empleado,,4,18:00,,Regresar a Casa,,Su casa,,,,1409800011928,,home,,AUTOMÓVIL PARTICULAR,,90,45,,,,,"Decimocuarta revisión: se conserva la decisión de la novena revisión (chain_review_9). Novena revisión: 90 min en AUTOMÓVIL PARTICULAR para 16.8 km en línea recta es más del doble de lo que la encuesta suele reportar para ese modo a esa distancia (45 min, la mediana de 4989 viajes): los minutos son el error, no la hora. Es el último viaje del día. Es el mismo recorrido, en el mismo modo, que otro viaje del día cuyos minutos chocaban con la salida siguiente."
10345,4,1409708352740,Hombres,23,Empleado,,1,13:30,,Trabajar,,Fábrica o taller,,Su casa,,home,,1412000016758,,Transporte de personal,,60,,,,,,
10345,4,1409708352740,Hombres,23,Empleado,,2,12:00,14:30,Regresar a Casa,,Su casa,,,,1412000016758,,home,,Transporte de personal,,60,,,hora_invertida,,,"Decimocuarta revisión: ninguna lectura de las horas cierra el día: con las reglas queda un viaje que sale antes de que llegue el anterior, con la de las tablas anteriores una salida movida a la madrugada. Las salidas se mueven lo menos posible (150 min en total) para que ningún viaje salga antes de que llegue el anterior; queda menos de media hora en el trabajo o la escuela. Cambia: viaje 2 12:00 → 14:30."
10356,1,1409704393895,Hombres,25,Empleado,,1,06:00,,Trabajar,,Fábrica o taller,,Su casa,,home,,1409700342505,,Transporte de personal,,80,40,,,,,"Decimocuarta revisión: se conserva la decisión de la novena revisión (chain_review_9). Novena revisión: 80 min en Transporte de personal para 11.1 km en línea recta es más del doble de lo que la encuesta suele reportar para ese modo a esa distancia (40 min, la mediana de 494 viajes): los minutos son el error, no la hora. Con 40 min llega a las 06:40 y el viaje siguiente sale a las 17:00, 620 min después. Es el mismo recorrido, en el mismo modo, que otro viaje del día cuyos minutos chocaban con la salida siguiente."
10356,1,1409704393895,Hombres,25,Empleado,,2,17:00,,Regresar a Casa,,Su casa,,,,1409700342505,,home,,Transporte de personal,,90,40,,,,,"Decimocuarta revisión: se conserva la decisión de la novena revisión (chain_review_9). Novena revisión: 90 min en Transporte de personal para 11.1 km en línea recta es más del doble de lo que la encuesta suele reportar para ese modo a esa distancia (40 min, la mediana de 494 viajes): los minutos son el error, no la hora. Con 40 min llega a las 17:40 y el viaje siguiente sale a las 18:19, 39 min después."
10356,1,1409704393895,Hombres,25,Empleado,,3,18:19 → 18:30,18:19,Deportes o recreación,,Centro cultural o área recreativa,,,,home,,1409704393880,,A PIE,,7,,hora:llegada,,changed,,"Decimocuarta revisión: la salida queda a las 18:19, la que dan las reglas al leer de nuevo las horas del día tal como lo dejan las decisiones que se conservan (un renglón quitado, minutos de viaje corregidos, un motivo recodificado); sobre el día registrado daban las 18:30."
10356,1,1409704393895,Hombres,25,Empleado,,4,18:36 → 18:37,18:36,Regresar a Casa,,Su casa,,,,1409704393880,,home,,A PIE,,7,,hora:llegada,,changed,,"Decimocuarta revisión: la salida queda a las 18:36, la que dan las reglas al leer de nuevo las horas del día tal como lo dejan las decisiones que se conservan (un renglón quitado, minutos de viaje corregidos, un motivo recodificado); sobre el día registrado daban las 18:37."
10384,2,1409700012115,Hombres,33,Empleado,,1,12:00,,Trabajar,,Fábrica o taller,,Su casa,,home,,1409700340250,,CAMIÓN O AUTOBÚS,,30,,,,,,
10384,2,1409700012115,Hombres,33,Empleado,,2,22:00,15:30,Regresar a Casa,,Su casa,,,,1409700340250,,home,,CAMIÓN O AUTOBÚS,,30,,,,,,"Decimocuarta revisión: ninguna lectura de las horas cierra el día: con las reglas queda un viaje que sale antes de que llegue el anterior, con la de las tablas anteriores una salida movida a la madrugada. Las salidas se mueven lo menos posible (390 min en total) para que ningún viaje salga antes de que llegue el anterior; queda ningún problema. Cambia: viaje 2 22:00 → 15:30."
10384,2,1409700012115,Hombres,33,Empleado,,3,16:00,,Visitar a alguien,,Centro cultural o área recreativa,,,,home,,1409700012098,,A PIE,,15,,,hora_invertida,,,
10384,2,1409700012115,Hombres,33,Empleado,,4,19:30,,Regresar a Casa,,Su casa,,,,1409700012098,,home,,A PIE,,15,,,,,,
10405,4,1409700012115,Hombres,8,Estudiante,,1,13:40,,Estudiar,,Escuela,,Su casa,,home,,1409700012098,,A PIE,,10,,,,,,
10405,4,1409700012115,Hombres,8,Estudiante,,2,18:20,,Regresar a Casa,,Su casa,,,,1409700012098,,home,,MOTOCICLETA,,3,,,,,,
10405,4,1409700012115,Hombres,8,Estudiante,,3,18:00 → 20:00,,Deportes o recreación,,Centro cultural o área recreativa,,,,home,,home,,A PIE,,5,,hora:-10h+12h,,changed,,
10405,4,1409700012115,Hombres,8,Estudiante,,4,20:00 → 20:05,22:00,Regresar a Casa,,Su casa,,,,home,,home,,A PIE,,5,,hora:llegada,,changed,,"Decimocuarta revisión: se toma la lectura de las horas de las tablas anteriores (la undécima revisión), una sugerencia entre otras: con las reglas de hoy el día queda con una estancia de cero minutos fuera de casa, y con esa lectura con ningún problema. Cambia: viaje 4 20:05 → 22:00."
10446,2,1412000016809,Hombres,67,Patrón o empresario,,1,19:00,09:00,Trabajar,,Fábrica o taller,,Su casa,,home,,1403900014546,,AUTOMÓVIL PARTICULAR,,60,,,,,,"Decimocuarta revisión: se toma la lectura de las horas de las tablas anteriores (la primera revisión), una sugerencia entre otras: con las reglas de hoy el día queda con un viaje que sale antes de que llegue el anterior, y con esa lectura con menos de media hora en el trabajo o la escuela. Cambia: viaje 1 19:00 → 09:00, viaje 4 20:00 → 21:15."
10446,2,1412000016809,Hombres,67,Patrón o empresario,,2,18:35,,Regresar a Casa,,Su casa,,,,1403900014546,,home,,AUTOMÓVIL PARTICULAR,,70,,,hora_invertida,,,
10446,2,1412000016809,Hombres,67,Patrón o empresario,,3,20:15,,Trabajar,,Fábrica o taller,,,,home,,1403900014546,,AUTOMÓVIL PARTICULAR,,60,,,,,,
10446,2,1412000016809,Hombres,67,Patrón o empresario,,4,20:00,21:15,Regresar a Casa,,Su casa,,,,1403900014546,,home,,AUTOMÓVIL PARTICULAR,,70,,,hora_invertida,,,"Decimocuarta revisión: se toma la lectura de las horas de las tablas anteriores (la primera revisión), una sugerencia entre otras: con las reglas de hoy el día queda con un viaje que sale antes de que llegue el anterior, y con esa lectura con menos de media hora en el trabajo o la escuela. Cambia: viaje 1 19:00 → 09:00, viaje 4 20:00 → 21:15."
10486,4,1409708432632,Mujeres,31,Patrón o empresario,,1,08:22,,Deportes o recreación,,Centro cultural o área recreativa,,Su casa,,home,,home,,A PIE,,7,,,,,,
10486,4,1409708432632,Mujeres,31,Patrón o empresario,,2,08:38,,Regresar a Casa,,Su casa,,,,home,,home,,A PIE,,7,,,,,,
10486,4,1409708432632,Mujeres,31,Patrón o empresario,,3,21:05,09:05,Trabajar,,Otra vivienda,,,,home,,1409700010918,,AUTOMÓVIL PARTICULAR,,120,25,,,,,"Decimocuarta revisión: se conserva la decisión de la novena revisión (chain_review_9). Novena revisión: 120 min en AUTOMÓVIL PARTICULAR para 3.9 km en línea recta es más del doble de lo que la encuesta suele reportar para ese modo a esa distancia (25 min, la mediana de 5029 viajes): los minutos son el error, no la hora. Con 25 min llega a las 09:30 y el viaje siguiente sale a las 20:30, 660 min después. Es el mismo recorrido, en el mismo modo, que otro viaje del día cuyos minutos chocaban con la salida siguiente. | Decimocuarta revisión: la salida queda a las 09:05, la que dan las reglas al leer de nuevo las horas del día tal como lo dejan las decisiones que se conservan (un renglón quitado, minutos de viaje corregidos, un motivo recodificado); sobre el día registrado daban las 21:05."
10486,4,1409708432632,Mujeres,31,Patrón o empresario,,4,20:30,,Regresar a Casa,,Su casa,,,,1409700010918,,home,,AUTOMÓVIL PARTICULAR,,120,25,,hora_invertida,,,"Decimocuarta revisión: se conserva la decisión de la novena revisión (chain_review_9). Novena revisión: 120 min en AUTOMÓVIL PARTICULAR para 3.9 km en línea recta es más del doble de lo que la encuesta suele reportar para ese modo a esa distancia (25 min, la mediana de 5029 viajes): los minutos son el error, no la hora. Con 25 min llega a las 20:55 y el viaje siguiente sale a las 22:15, 80 min después."
10486,4,1409708432632,Mujeres,31,Patrón o empresario,,5,22:15 → 22:30,22:15,Trabajar,,Otra vivienda,,,,home,,1409700010918,,AUTOMÓVIL PARTICULAR,,120,25,hora:llegada,,changed,,"Decimocuarta revisión: se conserva la decisión de la novena revisión (chain_review_9). Novena revisión: 120 min en AUTOMÓVIL PARTICULAR para 3.9 km en línea recta es más del doble de lo que la encuesta suele reportar para ese modo a esa distancia (25 min, la mediana de 5029 viajes): los minutos son el error, no la hora. Con 25 min llega a las 22:40 y el viaje siguiente sale a las 23:06, 26 min después. Novena revisión: la salida vuelve a las 22:15, la hora que reporta la encuesta: con los minutos de traslado que corrige esta revisión cabe después de la llegada del viaje anterior (20:55); una revisión anterior la había movido a las 22:30 para dejar sitio a los minutos de más. | Decimocuarta revisión: la salida queda a las 22:15, la que dan las reglas al leer de nuevo las horas del día tal como lo dejan las decisiones que se conservan (un renglón quitado, minutos de viaje corregidos, un motivo recodificado); sobre el día registrado daban las 22:30."
10486,4,1409708432632,Mujeres,31,Patrón o empresario,,6,23:06,,Regresar a Casa,,Su casa,,,,1409700010918,,home,,AUTOMÓVIL PARTICULAR,,120,25,,hora_invertida,,,"Decimocuarta revisión: se conserva la decisión de la novena revisión (chain_review_9). Novena revisión: 120 min en AUTOMÓVIL PARTICULAR para 3.9 km en línea recta es más del doble de lo que la encuesta suele reportar para ese modo a esa distancia (25 min, la mediana de 5029 viajes): los minutos son el error, no la hora. Es el último viaje del día. Es el mismo recorrido, en el mismo modo, que otro viaje del día cuyos minutos chocaban con la salida siguiente. Novena revisión: la salida vuelve a las 23:06, la hora que reporta la encuesta: con los minutos de traslado que corrige esta revisión cabe después de la llegada del viaje anterior (22:40); una revisión anterior la había movido a las 00:30 para dejar sitio a los minutos de más."
10493,2,1409708432632,Mujeres,42,Patrón o empresario,,1,07:11,,Compras (comida),,"Comercio, mercado, tienda o centro comercial",,Su casa,,home,,1409708432666,,A PIE,,12,,,,,,
10493,2,1409708432632,Mujeres,42,Patrón o empresario,,2,07:32,,Regresar a Casa,,Su casa,,,,1409708432666,,home,,A PIE,,12,,,,,,
10493,2,1409708432632,Mujeres,42,Patrón o empresario,,3,21:00,09:00,Trabajar,,Otra vivienda,,,,home,,1409700010918,,AUTOMÓVIL PARTICULAR,,120,25,,,,,"Decimocuarta revisión: se conserva la decisión de la novena revisión (chain_review_9). Novena revisión: 120 min en AUTOMÓVIL PARTICULAR para 3.9 km en línea recta es más del doble de lo que la encuesta suele reportar para ese modo a esa distancia (25 min, la mediana de 5029 viajes): los minutos son el error, no la hora. Con 25 min llega a las 09:25 y el viaje siguiente sale a las 20:47, 682 min después. Es el mismo recorrido, en el mismo modo, que otro viaje del día cuyos minutos chocaban con la salida siguiente. | Decimocuarta revisión: la salida queda a las 09:00, la que dan las reglas al leer de nuevo las horas del día tal como lo dejan las decisiones que se conservan (un renglón quitado, minutos de viaje corregidos, un motivo recodificado); sobre el día registrado daban las 21:00."
10493,2,1409708432632,Mujeres,42,Patrón o empresario,,4,20:47,,Regresar a Casa,,Su casa,,,,1409700010918,,home,,AUTOMÓVIL PARTICULAR,,120,25,,hora_invertida,,,"Decimocuarta revisión: se conserva la decisión de la novena revisión (chain_review_9). Novena revisión: 120 min en AUTOMÓVIL PARTICULAR para 3.9 km en línea recta es más del doble de lo que la encuesta suele reportar para ese modo a esa distancia (25 min, la mediana de 5029 viajes): los minutos son el error, no la hora. Con 25 min llega a las 21:12 y el viaje siguiente sale a las 22:04, 52 min después."
10493,2,1409708432632,Mujeres,42,Patrón o empresario,,5,22:04 → 22:47,22:04,Trabajar,,Otra vivienda,,,,home,,1409700010918,,AUTOMÓVIL PARTICULAR,,120,25,hora:llegada,,changed,,"Decimocuarta revisión: se conserva la decisión de la novena revisión (chain_review_9). Novena revisión: 120 min en AUTOMÓVIL PARTICULAR para 3.9 km en línea recta es más del doble de lo que la encuesta suele reportar para ese modo a esa distancia (25 min, la mediana de 5029 viajes): los minutos son el error, no la hora. Con 25 min llega a las 22:29 y el viaje siguiente sale a las 23:01, 32 min después. Novena revisión: la salida vuelve a las 22:04, la hora que reporta la encuesta: con los minutos de traslado que corrige esta revisión cabe después de la llegada del viaje anterior (21:12); una revisión anterior la había movido a las 22:47 para dejar sitio a los minutos de más. | Decimocuarta revisión: la salida queda a las 22:04, la que dan las reglas al leer de nuevo las horas del día tal como lo dejan las decisiones que se conservan (un renglón quitado, minutos de viaje corregidos, un motivo recodificado); sobre el día registrado daban las 22:47."
10493,2,1409708432632,Mujeres,42,Patrón o empresario,,6,23:01,,Regresar a Casa,,Su casa,,,,1409700010918,,home,,AUTOMÓVIL PARTICULAR,,120,25,,hora_invertida;hora_2301,,,"Decimocuarta revisión: se conserva la decisión de la novena revisión (chain_review_9). Novena revisión: 120 min en AUTOMÓVIL PARTICULAR para 3.9 km en línea recta es más del doble de lo que la encuesta suele reportar para ese modo a esa distancia (25 min, la mediana de 5029 viajes): los minutos son el error, no la hora. Es el último viaje del día. Es el mismo recorrido, en el mismo modo, que otro viaje del día cuyos minutos chocaban con la salida siguiente. Novena revisión: la salida vuelve a las 23:01, la hora que reporta la encuesta: con los minutos de traslado que corrige esta revisión cabe después de la llegada del viaje anterior (22:29); una revisión anterior la había movido a las 00:47 para dejar sitio a los minutos de más."
10601,1,1409708432666,Hombres,40,Empleado,,1,05:00,,Trabajar,,Fábrica o taller,,Su casa,,home,,1409800010879,,AUTOMÓVIL PARTICULAR,,80,,,,,,
10601,1,1409708432666,Hombres,40,Empleado,,2,11:55,,Regresar a Casa,,Su casa,,,,1409800010879,,home,,AUTOMÓVIL PARTICULAR,,90,45,,,,,"Decimocuarta revisión: se conserva la decisión de la novena revisión (chain_review_9). Novena revisión: 90 min en AUTOMÓVIL PARTICULAR para 19.6 km en línea recta es más del doble de lo que la encuesta suele reportar para ese modo a esa distancia (45 min, la mediana de 4989 viajes): los minutos son el error, no la hora. Con 45 min llega a las 12:40 y el viaje siguiente sale a las 13:20, 40 min después."
10601,1,1409708432666,Hombres,40,Empleado,,3,13:20 → 13:25,13:20,Trabajar,,Fábrica o taller,,,,home,,1409800010879,,AUTOMÓVIL PARTICULAR,,80,,hora:llegada,,changed,,"Decimocuarta revisión: la salida queda a las 13:20, la que dan las reglas al leer de nuevo las horas del día tal como lo dejan las decisiones que se conservan (un renglón quitado, minutos de viaje corregidos, un motivo recodificado); sobre el día registrado daban las 13:25."
10601,1,1409708432666,Hombres,40,Empleado,,4,16:00,,Regresar a Casa,,Su casa,,,,1409800010879,,home,,AUTOMÓVIL PARTICULAR,,90,45,,,,,"Decimocuarta revisión: se conserva la decisión de la novena revisión (chain_review_9). Novena revisión: 90 min en AUTOMÓVIL PARTICULAR para 19.6 km en línea recta es más del doble de lo que la encuesta suele reportar para ese modo a esa distancia (45 min, la mediana de 4989 viajes): los minutos son el error, no la hora. Es el último viaje del día. Es el mismo recorrido, en el mismo modo, que otro viaje del día cuyos minutos chocaban con la salida siguiente."
10617,3,1409708432702,Mujeres,26,Empleado,,1,09:27,,Trabajar,,"Comercio, mercado, tienda o centro comercial",,Su casa,,home,,1403900011804,,TREN LIGERO,,153,,,,,,
10617,3,1409708432702,Mujeres,26,Empleado,,2,20:01,19:33,Regresar a Casa,,Su casa,,,,1403900011804,,home,,TREN LIGERO,,169,,,,,,"Decimocuarta revisión: se toma la lectura de las horas de las tablas anteriores (la duodécima revisión), una sugerencia entre otras: con las reglas de hoy el día queda con una estancia de cero minutos fuera de casa, y con esa lectura con ningún problema. Cambia: viaje 2 20:01 → 19:33, viaje 3 22:50 → 22:22, viaje 4 22:55 → 22:47."
10617,3,1409708432702,Mujeres,26,Empleado,,3,22:22 → 22:50,22:22,Compras (comida),,Otra vivienda,,,,home,,1409706133931,,MOTOCICLETA,,5,,hora:llegada,,changed,,"Decimocuarta revisión: se toma la lectura de las horas de las tablas anteriores (la duodécima revisión), una sugerencia entre otras: con las reglas de hoy el día queda con una estancia de cero minutos fuera de casa, y con esa lectura con ningún problema. Cambia: viaje 2 20:01 → 19:33, viaje 3 22:50 → 22:22, viaje 4 22:55 → 22:47."
10617,3,1409708432702,Mujeres,26,Empleado,,4,22:47 → 22:55,22:47,Regresar a Casa,,Su casa,,,,1409706133931,,home,,MOTOCICLETA,,5,,hora:llegada,,changed,,"Decimocuarta revisión: se toma la lectura de las horas de las tablas anteriores (la duodécima revisión), una sugerencia entre otras: con las reglas de hoy el día queda con una estancia de cero minutos fuera de casa, y con esa lectura con ningún problema. Cambia: viaje 2 20:01 → 19:33, viaje 3 22:50 → 22:22, viaje 4 22:55 → 22:47."
10619,2,1409708432670,Hombres,37,Empleado,,1,07:00,,Trabajar,,Fábrica o taller,,Su casa,,home,,1412002314179,,AUTOMÓVIL PARTICULAR,,120,60,,,,,"Decimocuarta revisión: se conserva la decisión de la novena revisión (chain_review_9). Novena revisión: 120 min en AUTOMÓVIL PARTICULAR para 34.9 km en línea recta es más del doble de lo que la encuesta suele reportar para ese modo a esa distancia (60 min, la mediana de 2401 viajes): los minutos son el error, no la hora. Con 60 min llega a las 08:00 y el viaje siguiente sale a las 13:49, 349 min después. Es el mismo recorrido, en el mismo modo, que otro viaje del día cuyos minutos chocaban con la salida siguiente."
10619,2,1409708432670,Hombres,37,Empleado,,2,13:49,,Regresar a Casa,,Su casa,,,,1412002314179,,home,,AUTOMÓVIL PARTICULAR,,120,60,,,,,"Decimocuarta revisión: se conserva la decisión de la novena revisión (chain_review_9). Novena revisión: 120 min en AUTOMÓVIL PARTICULAR para 34.9 km en línea recta es más del doble de lo que la encuesta suele reportar para ese modo a esa distancia (60 min, la mediana de 2401 viajes): los minutos son el error, no la hora. Con 60 min llega a las 14:49 y el viaje siguiente sale a las 15:03, 14 min después. Es el mismo recorrido, en el mismo modo, que otro viaje del día cuyos minutos chocaban con la salida siguiente."
10619,2,1409708432670,Hombres,37,Empleado,,3,15:03 → 17:03,15:03,Trabajar,,Fábrica o taller,,,,home,,1412002314179,,AUTOMÓVIL PARTICULAR,,120,60,hora:-10h+12h,,changed,,"Decimocuarta revisión: se conserva la decisión de la novena revisión (chain_review_9). Novena revisión: 120 min en AUTOMÓVIL PARTICULAR para 34.9 km en línea recta es más del doble de lo que la encuesta suele reportar para ese modo a esa distancia (60 min, la mediana de 2401 viajes): los minutos son el error, no la hora. Con 60 min llega a las 16:03 y el viaje siguiente sale a las 19:00, 177 min después. Novena revisión: la salida vuelve a las 15:03, la hora que reporta la encuesta: con los minutos de traslado que corrige esta revisión cabe después de la llegada del viaje anterior (14:49); la regla de horas la había movido a las 17:03 para dejar sitio a los minutos de más. | Decimocuarta revisión: la salida queda a las 15:03, la que dan las reglas al leer de nuevo las horas del día tal como lo dejan las decisiones que se conservan (un renglón quitado, minutos de viaje corregidos, un motivo recodificado); sobre el día registrado daban las 17:03."
10619,2,1409708432670,Hombres,37,Empleado,,4,19:00 → 21:00,19:00,Regresar a Casa,,Su casa,,,,1412002314179,,home,,AUTOMÓVIL PARTICULAR,,120,60,hora:-10h+12h,,changed,,"Decimocuarta revisión: se conserva la decisión de la novena revisión (chain_review_9). Novena revisión: 120 min en AUTOMÓVIL PARTICULAR para 34.9 km en línea recta es más del doble de lo que la encuesta suele reportar para ese modo a esa distancia (60 min, la mediana de 2401 viajes): los minutos son el error, no la hora. Es el último viaje del día. Es el mismo recorrido, en el mismo modo, que otro viaje del día cuyos minutos chocaban con la salida siguiente. Novena revisión: la salida vuelve a las 19:00, la hora que reporta la encuesta: con los minutos de traslado que corrige esta revisión cabe después de la llegada del viaje anterior (16:03); una revisión anterior la había movido a las 19:03 para dejar sitio a los minutos de más. | Decimocuarta revisión: la salida queda a las 19:00, la que dan las reglas al leer de nuevo las horas del día tal como lo dejan las decisiones que se conservan (un renglón quitado, minutos de viaje corregidos, un motivo recodificado); sobre el día registrado daban las 21:00."
10645,2,1409708234041,Hombres,57,Empleado,,1,08:00,,Trabajar,,Oficina,,Su casa,,home,,1412000010636,,AUTOMÓVIL PARTICULAR,,20,,,,,,
10645,2,1409708234041,Hombres,57,Empleado,,2,04:49,14:49,Regresar a Casa,,Su casa,,,,1412000010636,,home,,AUTOMÓVIL PARTICULAR,,20,,,hora_invertida,,,"Decimocuarta revisión: se toma la lectura de las horas de las tablas anteriores (las reglas anteriores), una sugerencia entre otras: con las reglas de hoy el día queda con un viaje que sale antes de que llegue el anterior, y con esa lectura con menos de media hora en el trabajo o la escuela. Cambia: viaje 2 04:49 → 14:49, viaje 3 06:15 → 16:15, viaje 4 05:00 → 17:00."
10645,2,1409708234041,Hombres,57,Empleado,,3,06:15,16:15,Trabajar,,Oficina,,,,home,,1412000010636,,AUTOMÓVIL PARTICULAR,,20,,,,,,"Decimocuarta revisión: se toma la lectura de las horas de las tablas anteriores (las reglas anteriores), una sugerencia entre otras: con las reglas de hoy el día queda con un viaje que sale antes de que llegue el anterior, y con esa lectura con menos de media hora en el trabajo o la escuela. Cambia: viaje 2 04:49 → 14:49, viaje 3 06:15 → 16:15, viaje 4 05:00 → 17:00."
10645,2,1409708234041,Hombres,57,Empleado,,4,05:00,17:00,Regresar a Casa,,Su casa,,,,1412000010636,,home,,AUTOMÓVIL PARTICULAR,,20,,,hora_invertida,,,"Decimocuarta revisión: se toma la lectura de las horas de las tablas anteriores (las reglas anteriores), una sugerencia entre otras: con las reglas de hoy el día queda con un viaje que sale antes de que llegue el anterior, y con esa lectura con menos de media hora en el trabajo o la escuela. Cambia: viaje 2 04:49 → 14:49, viaje 3 06:15 → 16:15, viaje 4 05:00 → 17:00."
10746,3,140970843269A,Mujeres,38,,,1,13:03,,Visitar a alguien,,Otra vivienda,,Su casa,,home,,1412000013397,,MI MACRO,,105,,,,,,
10746,3,140970843269A,Mujeres,38,,,2,09:28,14:48,Regresar a Casa,,Su casa,,,,1412000013397,,home,,MI MACRO,,70,,,hora_invertida,,,"Decimocuarta revisión: ninguna lectura de las horas cierra el día: con las reglas queda un viaje que sale antes de que llegue el anterior, con la de las tablas anteriores una salida movida a la madrugada; un primer viaje antes de las 05:00; un día de más de 20 horas. Las salidas se mueven lo menos posible (320 min en total) para que ningún viaje salga antes de que llegue el anterior; queda una estancia de cero minutos fuera de casa. Cambia: viaje 2 09:28 → 14:48."
10746,3,140970843269A,Mujeres,38,,,3,18:04,,"Compras (bienes, productos y servicios)",,"Comercio, mercado, tienda o centro comercial",,,,home,,home,,A PIE,,9,,,,,,
10746,3,140970843269A,Mujeres,38,,,4,18:22,,Regresar a Casa,,Su casa,,,,home,,home,,A PIE,,9,,,,,,
10748,1,1409700463861,Hombres,52,Empleado,,1,08:02,,Compras (comida),,"Comercio, mercado, tienda o centro comercial",,Su casa,,home,,1409708432717,,A PIE,,1,,,,,,
10748,1,1409700463861,Hombres,52,Empleado,,2,08:13,,Regresar a Casa,,Su casa,,,,1409708432717,,home,,A PIE,,1,,,,,,
10748,1,1409700463861,Hombres,52,Empleado,,3,18:30,08:30,Trabajar,,Fábrica o taller,,,,home,,1412000010636,,AUTOMÓVIL PARTICULAR,,40,,,,,,"Decimocuarta revisión: se toma la lectura de las horas de las tablas anteriores (las reglas anteriores), una sugerencia entre otras: con las reglas de hoy el día queda con un viaje que sale antes de que llegue el anterior, y con esa lectura con menos de media hora en el trabajo o la escuela. Cambia: viaje 3 18:30 → 08:30, viaje 6 16:00 → 18:00."
10748,1,1409700463861,Hombres,52,Empleado,,4,15:53,,Regresar a Casa,,Su casa,,,,1412000010636,,home,,AUTOMÓVIL PARTICULAR,,50,,,hora_invertida,,,
10748,1,1409700463861,Hombres,52,Empleado,,5,17:17,,Trabajar,,Fábrica o taller,,,,home,,1412000010636,,AUTOMÓVIL PARTICULAR,,40,,,,,,
10748,1,1409700463861,Hombres,52,Empleado,,6,16:00,18:00,Regresar a Casa,,Su casa,,,,1412000010636,,home,,AUTOMÓVIL PARTICULAR,,50,,,hora_invertida,,,"Decimocuarta revisión: se toma la lectura de las horas de las tablas anteriores (las reglas anteriores), una sugerencia entre otras: con las reglas de hoy el día queda con un viaje que sale antes de que llegue el anterior, y con esa lectura con menos de media hora en el trabajo o la escuela. Cambia: viaje 3 18:30 → 08:30, viaje 6 16:00 → 18:00."
11061,2,1412000012844,Mujeres,59,Empleado,,1,06:00,,Trabajar,,"Comercio, mercado, tienda o centro comercial",,Su casa,,home,,1412000014198,,CAMIÓN O AUTOBÚS,,50,,,,,,
11061,2,1412000012844,Mujeres,59,Empleado,,2,15:00,,Regresar a Casa,,Su casa,,,,1412000014198,,home,,CAMIÓN O AUTOBÚS,,60,,,,,,
11061,2,1412000012844,Mujeres,59,Empleado,,3,16:30,,Pagar algún servicio o al banco,,"Comercio, mercado, tienda o centro comercial",,,,home,,1412000012825,,A PIE,,20,,,,,,
11061,2,1412000012844,Mujeres,59,Empleado,,4,17:00,,Compras (comida),,"Comercio, mercado, tienda o centro comercial",,,,1412000012825,,1412000012825,,A PIE,,3,,,,,,
11061,2,1412000012844,Mujeres,59,Empleado,,5,17:30,,Regresar a Casa,,Su casa,,,,1412000012825,,1412000015317,home,A PIE,,20,,,regreso_sin_llegar;fin_fuera_de_casa,,,"Decimocuarta revisión: el regreso a casa, último viaje del día, termina en 1412000015317, un AGEB que no es el del hogar y que ningún otro viaje del día toca; el motivo y el tipo de lugar dicen «Su casa»: termina en la vivienda, geocodificada en otro AGEB."
11078,1,141200001372A,Hombres,53,Empleado,,1,05:00,,Trabajar,,Fábrica o taller,,Su casa,,home,,1403900013923,,AUTOMÓVIL PARTICULAR,,90,25,,,,,"Decimocuarta revisión: se conserva la decisión de la novena revisión (chain_review_9). Novena revisión: 90 min en AUTOMÓVIL PARTICULAR para 4.3 km en línea recta es más del doble de lo que la encuesta suele reportar para ese modo a esa distancia (25 min, la mediana de 5029 viajes): los minutos son el error, no la hora. Con 25 min llega a las 05:25 y el viaje siguiente sale a las 11:53, 388 min después. Es el mismo recorrido, en el mismo modo, que otro viaje del día cuyos minutos chocaban con la salida siguiente."
11078,1,141200001372A,Hombres,53,Empleado,,2,11:53,,Regresar a Casa,,Su casa,,,,1403900013923,,home,,AUTOMÓVIL PARTICULAR,,90,25,,,,,"Decimocuarta revisión: se conserva la decisión de la novena revisión (chain_review_9). Novena revisión: 90 min en AUTOMÓVIL PARTICULAR para 4.3 km en línea recta es más del doble de lo que la encuesta suele reportar para ese modo a esa distancia (25 min, la mediana de 5029 viajes): los minutos son el error, no la hora. Con 25 min llega a las 12:18 y el viaje siguiente sale a las 13:13, 55 min después."
11078,1,141200001372A,Hombres,53,Empleado,,3,13:13 → 13:23,13:13,Trabajar,,Fábrica o taller,,,,home,,1403900013923,,AUTOMÓVIL PARTICULAR,,90,25,hora:llegada,,changed,,"Decimocuarta revisión: se conserva la decisión de la novena revisión (chain_review_9). Novena revisión: 90 min en AUTOMÓVIL PARTICULAR para 4.3 km en línea recta es más del doble de lo que la encuesta suele reportar para ese modo a esa distancia (25 min, la mediana de 5029 viajes): los minutos son el error, no la hora. Con 25 min llega a las 13:38 y el viaje siguiente sale a las 17:00, 202 min después. Es el mismo recorrido, en el mismo modo, que otro viaje del día cuyos minutos chocaban con la salida siguiente. Novena revisión: la salida vuelve a las 13:13, la hora que reporta la encuesta: con los minutos de traslado que corrige esta revisión cabe después de la llegada del viaje anterior (12:18); una revisión anterior la había movido a las 13:23 para dejar sitio a los minutos de más. | Decimocuarta revisión: la salida queda a las 13:13, la que dan las reglas al leer de nuevo las horas del día tal como lo dejan las decisiones que se conservan (un renglón quitado, minutos de viaje corregidos, un motivo recodificado); sobre el día registrado daban las 13:23."
11078,1,141200001372A,Hombres,53,Empleado,,4,17:00,,Regresar a Casa,,Su casa,,,,1403900013923,,home,,AUTOMÓVIL PARTICULAR,,90,25,,,,,"Decimocuarta revisión: se conserva la decisión de la novena revisión (chain_review_9). Novena revisión: 90 min en AUTOMÓVIL PARTICULAR para 4.3 km en línea recta es más del doble de lo que la encuesta suele reportar para ese modo a esa distancia (25 min, la mediana de 5029 viajes): los minutos son el error, no la hora. Es el último viaje del día. Es el mismo recorrido, en el mismo modo, que otro viaje del día cuyos minutos chocaban con la salida siguiente."
11100,2,1412000013791,Hombres,43,Empleado,,1,08:00,,Trabajar,,"Comercio, mercado, tienda o centro comercial",,Su casa,,home,,1412000017046,,AUTOMÓVIL PARTICULAR,,35,,,,,,
11100,2,1412000013791,Hombres,43,Empleado,,2,04:40,14:40,Regresar a Casa,,Su casa,,,,1412000017046,,home,,AUTOMÓVIL PARTICULAR,,35,,,hora_invertida,,,"Decimocuarta revisión: se toma la lectura de las horas de las tablas anteriores (las reglas anteriores), una sugerencia entre otras: con las reglas de hoy el día queda con un viaje que sale antes de que llegue el anterior, y con esa lectura con menos de media hora en el trabajo o la escuela. Cambia: viaje 2 04:40 → 14:40, viaje 3 06:19 → 16:19, viaje 4 05:00 → 17:00."
11100,2,1412000013791,Hombres,43,Empleado,,3,06:19,16:19,Trabajar,,"Comercio, mercado, tienda o centro comercial",,,,home,,1412000017046,,AUTOMÓVIL PARTICULAR,,35,,,,,,"Decimocuarta revisión: se toma la lectura de las horas de las tablas anteriores (las reglas anteriores), una sugerencia entre otras: con las reglas de hoy el día queda con un viaje que sale antes de que llegue el anterior, y con esa lectura con menos de media hora en el trabajo o la escuela. Cambia: viaje 2 04:40 → 14:40, viaje 3 06:19 → 16:19, viaje 4 05:00 → 17:00."
11100,2,1412000013791,Hombres,43,Empleado,,4,05:00,17:00,Regresar a Casa,,Su casa,,,,1412000017046,,home,,AUTOMÓVIL PARTICULAR,,35,,,hora_invertida,,,"Decimocuarta revisión: se toma la lectura de las horas de las tablas anteriores (las reglas anteriores), una sugerencia entre otras: con las reglas de hoy el día queda con un viaje que sale antes de que llegue el anterior, y con esa lectura con menos de media hora en el trabajo o la escuela. Cambia: viaje 2 04:40 → 14:40, viaje 3 06:19 → 16:19, viaje 4 05:00 → 17:00."
11146,3,1412000013819,Hombres,44,Empleado,,1,07:09,,Compras (comida),,"Comercio, mercado, tienda o centro comercial",,Su casa,,home,,141200001372A,,A PIE,,4,,,,,,
11146,3,1412000013819,Hombres,44,Empleado,,2,07:18,,Regresar a Casa,,Su casa,,,,141200001372A,,home,,A PIE,,4,,,,,,
11146,3,1412000013819,Hombres,44,Empleado,,3,19:30,09:30,Trabajar,,Oficina,,,,home,,1403900014936,,AUTOMÓVIL PARTICULAR,,35,,,,,,"Decimocuarta revisión: se toma la lectura de las horas de las tablas anteriores (las reglas anteriores), una sugerencia entre otras: con las reglas de hoy el día queda con un viaje que sale antes de que llegue el anterior, y con esa lectura con menos de media hora en el trabajo o la escuela. Cambia: viaje 3 19:30 → 09:30, viaje 6 17:00 → 19:00."
11146,3,1412000013819,Hombres,44,Empleado,,4,16:30,,Regresar a Casa,,Su casa,,,,1403900014936,,home,,AUTOMÓVIL PARTICULAR,,35,,,hora_invertida,,,
11146,3,1412000013819,Hombres,44,Empleado,,5,18:17,,Trabajar,,Oficina,,,,home,,1403900014936,,AUTOMÓVIL PARTICULAR,,35,,,,,,
11146,3,1412000013819,Hombres,44,Empleado,,6,17:00,19:00,Regresar a Casa,,Su casa,,,,1403900014936,,home,,AUTOMÓVIL PARTICULAR,,35,,,hora_invertida,,,"Decimocuarta revisión: se toma la lectura de las horas de las tablas anteriores (las reglas anteriores), una sugerencia entre otras: con las reglas de hoy el día queda con un viaje que sale antes de que llegue el anterior, y con esa lectura con menos de media hora en el trabajo o la escuela. Cambia: viaje 3 19:30 → 09:30, viaje 6 17:00 → 19:00."
11231,1,1412000014338,Hombres,68,,,1,10:00,,Al médico o atención de salud,,"Hospital, clínica, consultorio, laboratorio clínico",,Su casa,,home,,1403900011325,,CAMIÓN O AUTOBÚS,,50,,,,,,
11231,1,1412000014338,Hombres,68,,,2,13:00,,Regresar a Casa,,Su casa,,,,1403900011325,,1412000013043,home,CAMIÓN O AUTOBÚS,,50,,,regreso_sin_llegar;fin_fuera_de_casa,,,"Decimocuarta revisión: el regreso a casa, último viaje del día, termina en 1412000013043, un AGEB que no es el del hogar y que ningún otro viaje del día toca; el motivo y el tipo de lugar dicen «Su casa»: termina en la vivienda, geocodificada en otro AGEB."
11251,3,141200001212A,Hombres,36,Empleado,,1,05:00,,Trabajar,,"Comercio, mercado, tienda o centro comercial",,Su casa,,home,,999990001,,AUTOMÓVIL PARTICULAR,,120,,,,,,
11251,3,141200001212A,Hombres,36,Empleado,,2,07:48,,Regresar a Casa,,Su casa,,,,999990001,,home,,AUTOMÓVIL PARTICULAR,,120,,,,,,
11251,3,141200001212A,Hombres,36,Empleado,,3,09:18 → 09:48,,Trabajar,,"Comercio, mercado, tienda o centro comercial",,,,home,,999990001,,AUTOMÓVIL PARTICULAR,,120,,hora:llegada,,changed,,
11251,3,141200001212A,Hombres,36,Empleado,,4,10:01,11:48,Regresar a Casa,,Su casa,,,,999990001,,home,,AUTOMÓVIL PARTICULAR,,120,,,hora_invertida,,,"Decimocuarta revisión: ninguna lectura de las horas cierra el día: con las reglas queda un viaje que sale antes de que llegue el anterior, con la de las tablas anteriores menos de media hora en el trabajo o la escuela. Las salidas se mueven lo menos posible (107 min en total) para que ningún viaje salga antes de que llegue el anterior; queda menos de media hora en el trabajo o la escuela. Cambia: viaje 4 10:01 → 11:48."
11251,3,141200001212A,Hombres,36,Empleado,,5,19:20,,Compras (comida),,"Comercio, mercado, tienda o centro comercial",,,,home,,home,,A PIE,,11,,,,,,
11251,3,141200001212A,Hombres,36,Empleado,,6,19:40,,Regresar a Casa,,Su casa,,,,home,,home,,A PIE,,11,,,,,,
11289,3,1412000012115,Hombres,17,Hogar,,1,11:30,,"Compras (bienes, productos y servicios)",,"Comercio, mercado, tienda o centro comercial",,"Comercio, mercado, tienda o centro comercial",Su casa,1412000013861,home,home,1412000013861,A PIE,,5,,,inicio_fuera_de_casa,,,"Decimocuarta revisión: el viaje 1 se registró de 1412000013861 a casa y el siguiente de casa en adelante; la quinta revisión leyó que 1412000013861 es adonde fue, no de donde salió, sobre la lectura de la primera revisión, que empezaba el día en casa. Ninguna regla empieza hoy este día en casa, así que el origen del viaje 1 es la vivienda y la respuesta de dónde empezó el día, «Su casa». | Decimocuarta revisión: se conserva la decisión de la quinta revisión (chain_review_5). Origen y destino rotados en el registro: el viaje 1 se registró de 1412000013861 a casa y el siguiente de casa a otro lado, así que 1412000013861 (Comercio, mercado, tienda o centro comercial) es adonde fue y no de donde salió. La primera revisión puso el origen en casa pero dejó el destino en casa (un viaje de casa a casa); aquí el destino es 1412000013861. | Decimocuarta revisión: el viaje 1 se registró de 1412000013861 a casa y el siguiente de casa en adelante; la quinta revisión leyó que 1412000013861 es adonde fue, no de donde salió, sobre la lectura de la primera revisión, que empezaba el día en casa. Ninguna regla empieza hoy este día en casa, así que el origen del viaje 1 es la vivienda y la respuesta de dónde empezó el día, «Su casa»."
11289,3,1412000012115,Hombres,17,Hogar,,2,11:40,,Regresar a Casa,,Su casa,,,,home,1412000013861,home,,A PIE,,5,,,,,,"Decimocuarta revisión: se conserva la decisión de la quinta revisión (chain_review_5). Sale de 1412000013861, donde terminó el viaje anterior (el registro lo daba saliendo de casa)."
11292,2,1412000012115,Hombres,13,Hogar,,1,11:27,,"Compras (bienes, productos y servicios)",,"Comercio, mercado, tienda o centro comercial",,"Comercio, mercado, tienda o centro comercial",Su casa,1412000013861,home,home,1412000013861,A PIE,,5,,,inicio_fuera_de_casa,,,"Decimocuarta revisión: el viaje 1 se registró de 1412000013861 a casa y el siguiente de casa en adelante; la quinta revisión leyó que 1412000013861 es adonde fue, no de donde salió, sobre la lectura de la primera revisión, que empezaba el día en casa. Ninguna regla empieza hoy este día en casa, así que el origen del viaje 1 es la vivienda y la respuesta de dónde empezó el día, «Su casa». | Decimocuarta revisión: se conserva la decisión de la quinta revisión (chain_review_5). Origen y destino rotados en el registro: el viaje 1 se registró de 1412000013861 a casa y el siguiente de casa a otro lado, así que 1412000013861 (Comercio, mercado, tienda o centro comercial) es adonde fue y no de donde salió. La primera revisión puso el origen en casa pero dejó el destino en casa (un viaje de casa a casa); aquí el destino es 1412000013861. | Decimocuarta revisión: el viaje 1 se registró de 1412000013861 a casa y el siguiente de casa en adelante; la quinta revisión leyó que 1412000013861 es adonde fue, no de donde salió, sobre la lectura de la primera revisión, que empezaba el día en casa. Ninguna regla empieza hoy este día en casa, así que el origen del viaje 1 es la vivienda y la respuesta de dónde empezó el día, «Su casa»."
11292,2,1412000012115,Hombres,13,Hogar,,2,11:38,,Regresar a Casa,,Su casa,,,,home,1412000013861,home,,A PIE,,5,,,,,,"Decimocuarta revisión: se conserva la decisión de la quinta revisión (chain_review_5). Sale de 1412000013861, donde terminó el viaje anterior (el registro lo daba saliendo de casa)."
11303,1,1412000014291,Hombres,66,Trabajador independiente,,1,22:00,10:00,Trabajar,,Otra vivienda,,Su casa,,home,,1412002316654,,AUTOMÓVIL PARTICULAR,,60,,,,,,"Decimocuarta revisión: se toma la lectura de las horas de las tablas anteriores (la primera revisión), una sugerencia entre otras: con las reglas de hoy el día queda con un viaje que sale antes de que llegue el anterior, y con esa lectura con menos de media hora en el trabajo o la escuela. Cambia: viaje 1 22:00 → 10:00, viaje 4 23:30 → 00:10."
11303,1,1412000014291,Hombres,66,Trabajador independiente,,2,21:54,,Regresar a Casa,,Su casa,,,,1412002316654,,home,,AUTOMÓVIL PARTICULAR,,30,,,hora_invertida,,,
11303,1,1412000014291,Hombres,66,Trabajador independiente,,3,23:10,,Trabajar,,Otra vivienda,,,,home,,1412002316654,,AUTOMÓVIL PARTICULAR,,60,,,,,,
11303,1,1412000014291,Hombres,66,Trabajador independiente,,4,23:30,00:10,Regresar a Casa,,Su casa,,,,1412002316654,,home,,AUTOMÓVIL PARTICULAR,,30,,,hora_invertida,,,"Decimocuarta revisión: se toma la lectura de las horas de las tablas anteriores (la primera revisión), una sugerencia entre otras: con las reglas de hoy el día queda con un viaje que sale antes de que llegue el anterior, y con esa lectura con menos de media hora en el trabajo o la escuela. Cambia: viaje 1 22:00 → 10:00, viaje 4 23:30 → 00:10."
11303,2,1412000014291,Mujeres,64,Trabajador independiente,,1,08:14,,Llevar o recoger a alguien,,Otra vivienda,,Su casa,,home,,1412000014287,,A PIE,,15,,,,,,
11303,2,1412000014291,Mujeres,64,Trabajador independiente,,2,08:31,,Regresar a Casa,,Su casa,,,,1412000014287,,home,,A PIE,,15,,,,,,
11303,2,1412000014291,Mujeres,64,Trabajador independiente,,3,22:00,10:00,Trabajar,,Centro cultural o área recreativa,,,,home,,1412002316654,,AUTOMÓVIL PARTICULAR,,60,,,,,,"Decimocuarta revisión: se toma la lectura de las horas de las tablas anteriores (la primera revisión), una sugerencia entre otras: con las reglas de hoy el día queda con un viaje que sale antes de que llegue el anterior, y con esa lectura con menos de media hora en el trabajo o la escuela. Cambia: viaje 3 22:00 → 10:00, viaje 4 21:37 → 11:37, viaje 6 23:30 → 00:10."
11303,2,1412000014291,Mujeres,64,Trabajador independiente,,4,21:37,11:37,Regresar a Casa,,Su casa,,,,1412002316654,,home,,AUTOMÓVIL PARTICULAR,,30,,,hora_invertida,,,"Decimocuarta revisión: se toma la lectura de las horas de las tablas anteriores (la primera revisión), una sugerencia entre otras: con las reglas de hoy el día queda con un viaje que sale antes de que llegue el anterior, y con esa lectura con menos de media hora en el trabajo o la escuela. Cambia: viaje 3 22:00 → 10:00, viaje 4 21:37 → 11:37, viaje 6 23:30 → 00:10."
11303,2,1412000014291,Mujeres,64,Trabajador independiente,,5,23:10,,Trabajar,,Centro cultural o área recreativa,,,,home,,1412002316654,,AUTOMÓVIL PARTICULAR,,60,,,,,,
11303,2,1412000014291,Mujeres,64,Trabajador independiente,,6,23:30,00:10,Regresar a Casa,,Su casa,,,,1412002316654,,home,,AUTOMÓVIL PARTICULAR,,30,,,hora_invertida,,,"Decimocuarta revisión: se toma la lectura de las horas de las tablas anteriores (la primera revisión), una sugerencia entre otras: con las reglas de hoy el día queda con un viaje que sale antes de que llegue el anterior, y con esa lectura con menos de media hora en el trabajo o la escuela. Cambia: viaje 3 22:00 → 10:00, viaje 4 21:37 → 11:37, viaje 6 23:30 → 00:10."
11372,1,1412000017031,Hombres,30,Trabajador independiente,,1,08:25,,Trabajar,,"Comercio, mercado, tienda o centro comercial",,Su casa,,home,,999990001,,AUTOMÓVIL PARTICULAR,,120,,,,,,
11372,1,1412000017031,Hombres,30,Trabajador independiente,,2,07:32,17:32,Regresar a Casa,,Su casa,,,,999990001,,home,,AUTOMÓVIL PARTICULAR,,120,,,hora_invertida,,,"Decimocuarta revisión: se toma la lectura de las horas de las tablas anteriores (las reglas anteriores), una sugerencia entre otras: con las reglas de hoy el día queda con un viaje que sale antes de que llegue el anterior, y con esa lectura con menos de media hora en el trabajo o la escuela. Cambia: viaje 2 07:32 → 17:32, viaje 3 09:32 → 19:32, viaje 4 09:20 → 21:32."
11372,1,1412000017031,Hombres,30,Trabajador independiente,,3,09:24 → 09:32,19:32,Trabajar,,"Comercio, mercado, tienda o centro comercial",,,,home,,999990001,,AUTOMÓVIL PARTICULAR,,120,,hora:llegada,,changed,,"Decimocuarta revisión: se toma la lectura de las horas de las tablas anteriores (las reglas anteriores), una sugerencia entre otras: con las reglas de hoy el día queda con un viaje que sale antes de que llegue el anterior, y con esa lectura con menos de media hora en el trabajo o la escuela. Cambia: viaje 2 07:32 → 17:32, viaje 3 09:32 → 19:32, viaje 4 09:20 → 21:32."
11372,1,1412000017031,Hombres,30,Trabajador independiente,,4,09:20,21:32,Regresar a Casa,,Su casa,,,,999990001,,home,,AUTOMÓVIL PARTICULAR,,120,,,hora_invertida,,,"Decimocuarta revisión: se toma la lectura de las horas de las tablas anteriores (las reglas anteriores), una sugerencia entre otras: con las reglas de hoy el día queda con un viaje que sale antes de que llegue el anterior, y con esa lectura con menos de media hora en el trabajo o la escuela. Cambia: viaje 2 07:32 → 17:32, viaje 3 09:32 → 19:32, viaje 4 09:20 → 21:32."
11390,2,1412000017120,Mujeres,47,Hogar,,1,14:00,,Compras (comida),,"Comercio, mercado, tienda o centro comercial",,Su casa,,home,,1412000013397,,AUTOMÓVIL PARTICULAR,,30,,,,,,
11390,2,1412000017120,Mujeres,47,Hogar,,2,16:00,14:30,Regresar a Casa,,Su casa,,,,1412000013397,,home,,AUTOMÓVIL PARTICULAR,,20,,,,,,"Decimocuarta revisión: se toma la lectura de las horas de las tablas anteriores (la duodécima revisión), una sugerencia entre otras: con las reglas de hoy el día queda con un viaje que sale antes de que llegue el anterior, y con esa lectura con una estancia de cero minutos fuera de casa. Cambia: viaje 2 16:00 → 14:30, viaje 3 13:45 → 14:50, viaje 4 14:05 → 15:00."
11390,2,1412000017120,Mujeres,47,Hogar,,3,13:45,14:50,Llevar o recoger a alguien,,Escuela,,,,home,,1412000016584,,A PIE,,10,,,hora_invertida,,,"Decimocuarta revisión: se toma la lectura de las horas de las tablas anteriores (la duodécima revisión), una sugerencia entre otras: con las reglas de hoy el día queda con un viaje que sale antes de que llegue el anterior, y con esa lectura con una estancia de cero minutos fuera de casa. Cambia: viaje 2 16:00 → 14:30, viaje 3 13:45 → 14:50, viaje 4 14:05 → 15:00."
11390,2,1412000017120,Mujeres,47,Hogar,,4,14:05,15:00,Regresar a Casa,,Su casa,,,,1412000016584,,home,,A PIE,,10,,,,,,"Decimocuarta revisión: se toma la lectura de las horas de las tablas anteriores (la duodécima revisión), una sugerencia entre otras: con las reglas de hoy el día queda con un viaje que sale antes de que llegue el anterior, y con esa lectura con una estancia de cero minutos fuera de casa. Cambia: viaje 2 16:00 → 14:30, viaje 3 13:45 → 14:50, viaje 4 14:05 → 15:00."
11390,2,1412000017120,Mujeres,47,Hogar,,5,18:00,,Llevar o recoger a alguien,,Escuela,,,,home,,1412000016584,,A PIE,,10,,,,,,
11390,2,1412000017120,Mujeres,47,Hogar,,6,18:10,,Regresar a Casa,,Su casa,,,,1412000016584,,home,,A PIE,,10,,,,,,
11446,1,1412000016508,Hombres,48,Empleado,,1,06:30,,Trabajar,,Oficina,,Su casa,,home,,140390001158A,,AUTOMÓVIL PARTICULAR,,90,40,,,,,"Decimocuarta revisión: se conserva la decisión de la novena revisión (chain_review_9). Novena revisión: 90 min en AUTOMÓVIL PARTICULAR para 11.8 km en línea recta es más del doble de lo que la encuesta suele reportar para ese modo a esa distancia (40 min, la mediana de 5474 viajes): los minutos son el error, no la hora. Con 40 min llega a las 07:10 y el viaje siguiente sale a las 11:50, 280 min después. Es el mismo recorrido, en el mismo modo, que otro viaje del día cuyos minutos chocaban con la salida siguiente."
11446,1,1412000016508,Hombres,48,Empleado,,2,11:50,,Regresar a Casa,,Su casa,,,,140390001158A,,home,,AUTOMÓVIL PARTICULAR,,90,40,,,,,"Decimocuarta revisión: se conserva la decisión de la novena revisión (chain_review_9). Novena revisión: 90 min en AUTOMÓVIL PARTICULAR para 11.8 km en línea recta es más del doble de lo que la encuesta suele reportar para ese modo a esa distancia (40 min, la mediana de 5474 viajes): los minutos son el error, no la hora. Con 40 min llega a las 12:30 y el viaje siguiente sale a las 13:19, 49 min después."
11446,1,1412000016508,Hombres,48,Empleado,,3,13:19 → 13:20,13:19,Trabajar,,Oficina,,,,home,,140390001158A,,AUTOMÓVIL PARTICULAR,,90,40,hora:llegada,,changed,,"Decimocuarta revisión: se conserva la decisión de la novena revisión (chain_review_9). Novena revisión: 90 min en AUTOMÓVIL PARTICULAR para 11.8 km en línea recta es más del doble de lo que la encuesta suele reportar para ese modo a esa distancia (40 min, la mediana de 5474 viajes): los minutos son el error, no la hora. Con 40 min llega a las 13:59 y el viaje siguiente sale a las 16:00, 121 min después. Es el mismo recorrido, en el mismo modo, que otro viaje del día cuyos minutos chocaban con la salida siguiente. Novena revisión: la salida vuelve a las 13:19, la hora que reporta la encuesta: con los minutos de traslado que corrige esta revisión cabe después de la llegada del viaje anterior (12:30); una revisión anterior la había movido a las 13:20 para dejar sitio a los minutos de más. | Decimocuarta revisión: la salida queda a las 13:19, la que dan las reglas al leer de nuevo las horas del día tal como lo dejan las decisiones que se conservan (un renglón quitado, minutos de viaje corregidos, un motivo recodificado); sobre el día registrado daban las 13:20."
11446,1,1412000016508,Hombres,48,Empleado,,4,16:00,,Regresar a Casa,,Su casa,,,,140390001158A,,home,,AUTOMÓVIL PARTICULAR,,90,40,,,,,"Decimocuarta revisión: se conserva la decisión de la novena revisión (chain_review_9). Novena revisión: 90 min en AUTOMÓVIL PARTICULAR para 11.8 km en línea recta es más del doble de lo que la encuesta suele reportar para ese modo a esa distancia (40 min, la mediana de 5474 viajes): los minutos son el error, no la hora. Es el último viaje del día. Es el mismo recorrido, en el mismo modo, que otro viaje del día cuyos minutos chocaban con la salida siguiente."
11552,3,1412000016508,Hombres,32,Empleado,,1,14:00,,Trabajar,,"Comercio, mercado, tienda o centro comercial",,Su casa,,home,,1412000016550,,CAMIÓN O AUTOBÚS,,20,,,,,,
11552,3,1412000016508,Hombres,32,Empleado,,2,12:00,14:20,Regresar a Casa,,Su casa,,,,1412000016550,,home,,AUTOMÓVIL PARTICULAR,,15,,,hora_invertida,,,"Decimocuarta revisión: ninguna lectura de las horas cierra el día: con las reglas queda un viaje que sale antes de que llegue el anterior, con la de las tablas anteriores una salida movida a la madrugada. Las salidas se mueven lo menos posible (140 min en total) para que ningún viaje salga antes de que llegue el anterior; queda menos de media hora en el trabajo o la escuela. Cambia: viaje 2 12:00 → 14:20."
11555,3,1412000017008,Hombres,19,Empleado,,1,14:00,,Trabajar,,"Comercio, mercado, tienda o centro comercial",,Su casa,,home,,1412000011009,,CAMIÓN O AUTOBÚS,,25,,,,,,
11555,3,1412000017008,Hombres,19,Empleado,,2,12:00,14:25,Regresar a Casa,,Su casa,,,,1412000011009,,home,,Transporte de personal,,30,,,hora_invertida,,,"Decimocuarta revisión: ninguna lectura de las horas cierra el día: con las reglas queda un viaje que sale antes de que llegue el anterior, con la de las tablas anteriores una salida movida a la madrugada. Las salidas se mueven lo menos posible (145 min en total) para que ningún viaje salga antes de que llegue el anterior; queda menos de media hora en el trabajo o la escuela. Cambia: viaje 2 12:00 → 14:25."
11601,2,1412000014075,Hombres,41,Empleado,,1,08:10,,Guardería → Llevar o recoger a alguien,,Otros (especifique),,Su casa,,home,,home,,A PIE,,1,,motivo:guarderia,,changed,,
11601,2,1412000014075,Hombres,41,Empleado,,2,08:14,,Regresar a Casa,,Su casa,,,,home,,home,,A PIE,,1,,,,,,
11601,2,1412000014075,Hombres,41,Empleado,,3,20:00,,Trabajar,,Fábrica o taller,,,,home,,1412000014107,,AUTOMÓVIL PARTICULAR,,15,,,,,,
11601,2,1412000014075,Hombres,41,Empleado,,4,19:00 → 21:00,,Regresar a Casa,,Su casa,,,,1412000014107,,home,,AUTOMÓVIL PARTICULAR,,15,,hora:-10h+12h,,changed,dropped,"Decimocuarta revisión: se conserva la decisión de la segunda revisión (chain_review_2). Turno nocturno: sale a trabajar a las 20:00; este renglón es el regreso de la mañana siguiente, fuera del día de la encuesta: se descarta y el día termina en el trabajo."
11631,1,141200001536A,Hombres,23,Empleado,,1,07:10,,Compras (comida),,"Comercio, mercado, tienda o centro comercial",,Su casa,,home,,1412000015374,,A PIE,,14,,,,,,
11631,1,141200001536A,Hombres,23,Empleado,,2,07:29,,Regresar a Casa,,Su casa,,,,1412000015374,,home,,A PIE,,14,,,,,,
11631,1,141200001536A,Hombres,23,Empleado,,3,21:00,09:00,Trabajar,,"Comercio, mercado, tienda o centro comercial",,,,home,,141200001422A,,AUTOMÓVIL PARTICULAR,,25,,,,,,"Decimocuarta revisión: se toma la lectura de las horas de las tablas anteriores (la primera revisión), una sugerencia entre otras: con las reglas de hoy el día queda con un viaje que sale antes de que llegue el anterior, y con esa lectura con ningún problema. Cambia: viaje 3 21:00 → 09:00, viaje 6 12:00 → 00:00."
11631,1,141200001536A,Hombres,23,Empleado,,4,13:36,,Regresar a Casa,,Su casa,,,,141200001422A,,home,,AUTOMÓVIL PARTICULAR,,25,,,hora_invertida,,,
11631,1,141200001536A,Hombres,23,Empleado,,5,15:17,,Trabajar,,"Comercio, mercado, tienda o centro comercial",,,,home,,141200001422A,,AUTOMÓVIL PARTICULAR,,25,,,,,,
11631,1,141200001536A,Hombres,23,Empleado,,6,12:00,00:00,Regresar a Casa,,Su casa,,,,141200001422A,,home,,AUTOMÓVIL PARTICULAR,,25,,,hora_invertida,,,"Decimocuarta revisión: se toma la lectura de las horas de las tablas anteriores (la primera revisión), una sugerencia entre otras: con las reglas de hoy el día queda con un viaje que sale antes de que llegue el anterior, y con esa lectura con ningún problema. Cambia: viaje 3 21:00 → 09:00, viaje 6 12:00 → 00:00."
11651,1,1412000013433,Hombres,38,Empleado,,1,19:30,09:30,Trabajar,,Oficina,,Su casa,,home,,1412000010405,,AUTOMÓVIL PARTICULAR,,30,,,,,,"Decimocuarta revisión: se toma la lectura de las horas de las tablas anteriores (las reglas anteriores), una sugerencia entre otras: con las reglas de hoy el día queda con un viaje que sale antes de que llegue el anterior, y con esa lectura con menos de media hora en el trabajo o la escuela. Cambia: viaje 1 19:30 → 09:30, viaje 4 16:00 → 18:00."
11651,1,1412000013433,Hombres,38,Empleado,,2,15:32,,Regresar a Casa,,Su casa,,,,1412000010405,,home,,AUTOMÓVIL PARTICULAR,,40,,,hora_invertida,,,
11651,1,1412000013433,Hombres,38,Empleado,,3,17:24,,Trabajar,,Oficina,,,,home,,1412000010405,,AUTOMÓVIL PARTICULAR,,30,,,,,,
11651,1,1412000013433,Hombres,38,Empleado,,4,16:00,18:00,Regresar a Casa,,Su casa,,,,1412000010405,,home,,AUTOMÓVIL PARTICULAR,,40,,,hora_invertida,,,"Decimocuarta revisión: se toma la lectura de las horas de las tablas anteriores (las reglas anteriores), una sugerencia entre otras: con las reglas de hoy el día queda con un viaje que sale antes de que llegue el anterior, y con esa lectura con menos de media hora en el trabajo o la escuela. Cambia: viaje 1 19:30 → 09:30, viaje 4 16:00 → 18:00."
11671,1,1412000016071,Hombres,67,,,1,10:00,,Pagar algún servicio o al banco,,Oficina,,Su casa,,home,,1412000014198,,AUTOMÓVIL PARTICULAR,,60,25,,,,,"Decimocuarta revisión: se conserva la decisión de la novena revisión (chain_review_9). Novena revisión: 60 min en AUTOMÓVIL PARTICULAR para 4.4 km en línea recta es más del doble de lo que la encuesta suele reportar para ese modo a esa distancia (25 min, la mediana de 5029 viajes): los minutos son el error, no la hora. Con 25 min llega a las 10:25 y el viaje siguiente sale a las 17:00, 395 min después. Es el mismo recorrido, en el mismo modo, que otro viaje del día cuyos minutos chocaban con la salida siguiente."
11671,1,1412000016071,Hombres,67,,,2,17:00,,Regresar a Casa,,Su casa,,,,1412000014198,,home,,AUTOMÓVIL PARTICULAR,,90,25,,,,,"Decimocuarta revisión: se conserva la decisión de la novena revisión (chain_review_9). Novena revisión: 90 min en AUTOMÓVIL PARTICULAR para 4.4 km en línea recta es más del doble de lo que la encuesta suele reportar para ese modo a esa distancia (25 min, la mediana de 5029 viajes): los minutos son el error, no la hora. Con 25 min llega a las 17:25 y el viaje siguiente sale a las 18:23, 58 min después."
11671,1,1412000016071,Hombres,67,,,3,18:23 → 18:30,18:23,Compras (comida),,"Comercio, mercado, tienda o centro comercial",,,,home,,1412000013448,,A PIE,,13,,hora:llegada,,changed,,"Decimocuarta revisión: la salida queda a las 18:23, la que dan las reglas al leer de nuevo las horas del día tal como lo dejan las decisiones que se conservan (un renglón quitado, minutos de viaje corregidos, un motivo recodificado); sobre el día registrado daban las 18:30."
11671,1,1412000016071,Hombres,67,,,4,18:45,,Regresar a Casa,,Su casa,,,,1412000013448,,home,,A PIE,,13,,,,,,
11731,2,1412000013448,Mujeres,48,Empleado,,1,07:00,,Trabajar,,Oficina,,Su casa,,home,,1403900010365,,AUTOMÓVIL PARTICULAR,,60,30,,,,,"Decimocuarta revisión: se conserva la decisión de la novena revisión (chain_review_9). Novena revisión: 60 min en AUTOMÓVIL PARTICULAR para 7.5 km en línea recta es más del doble de lo que la encuesta suele reportar para ese modo a esa distancia (30 min, la mediana de 5549 viajes): los minutos son el error, no la hora. Con 30 min llega a las 07:30 y el viaje siguiente sale a las 13:55, 385 min después. Es el mismo recorrido, en el mismo modo, que otro viaje del día cuyos minutos chocaban con la salida siguiente."
11731,2,1412000013448,Mujeres,48,Empleado,,2,13:55,,Regresar a Casa,,Su casa,,,,1403900010365,,home,,AUTOMÓVIL PARTICULAR,,90,30,,,,,"Decimocuarta revisión: se conserva la decisión de la novena revisión (chain_review_9). Novena revisión: 90 min en AUTOMÓVIL PARTICULAR para 7.5 km en línea recta es más del doble de lo que la encuesta suele reportar para ese modo a esa distancia (30 min, la mediana de 5549 viajes): los minutos son el error, no la hora. Con 30 min llega a las 14:25 y el viaje siguiente sale a las 15:20, 55 min después."
11731,2,1412000013448,Mujeres,48,Empleado,,3,15:20 → 15:25,15:20,Trabajar,,Oficina,,,,home,,1403900010365,,AUTOMÓVIL PARTICULAR,,60,30,hora:llegada,,changed,,"Decimocuarta revisión: se conserva la decisión de la novena revisión (chain_review_9). Novena revisión: 60 min en AUTOMÓVIL PARTICULAR para 7.5 km en línea recta es más del doble de lo que la encuesta suele reportar para ese modo a esa distancia (30 min, la mediana de 5549 viajes): los minutos son el error, no la hora. Con 30 min llega a las 15:50 y el viaje siguiente sale a las 19:00, 190 min después. Es el mismo recorrido, en el mismo modo, que otro viaje del día cuyos minutos chocaban con la salida siguiente. Novena revisión: la salida vuelve a las 15:20, la hora que reporta la encuesta: con los minutos de traslado que corrige esta revisión cabe después de la llegada del viaje anterior (14:25); una revisión anterior la había movido a las 15:25 para dejar sitio a los minutos de más. | Decimocuarta revisión: la salida queda a las 15:20, la que dan las reglas al leer de nuevo las horas del día tal como lo dejan las decisiones que se conservan (un renglón quitado, minutos de viaje corregidos, un motivo recodificado); sobre el día registrado daban las 15:25."
11731,2,1412000013448,Mujeres,48,Empleado,,4,19:00,,Regresar a Casa,,Su casa,,,,1403900010365,,home,,AUTOMÓVIL PARTICULAR,,90,30,,,,,"Decimocuarta revisión: se conserva la decisión de la novena revisión (chain_review_9). Novena revisión: 90 min en AUTOMÓVIL PARTICULAR para 7.5 km en línea recta es más del doble de lo que la encuesta suele reportar para ese modo a esa distancia (30 min, la mediana de 5549 viajes): los minutos son el error, no la hora. Es el último viaje del día. Es el mismo recorrido, en el mismo modo, que otro viaje del día cuyos minutos chocaban con la salida siguiente."
11733,2,1412000016175,Hombres,42,Trabajador independiente,,1,08:14,,Compras (comida),,"Comercio, mercado, tienda o centro comercial",,Su casa,,home,,home,,A PIE,,8,,,,,,
11733,2,1412000016175,Hombres,42,Trabajador independiente,,2,08:27,,Regresar a Casa,,Su casa,,,,home,,home,,A PIE,,8,,,,,,
11733,2,1412000016175,Hombres,42,Trabajador independiente,,3,18:00,,Trabajar,,Su casa,,,,home,,home,,A PIE,,1,,,actividad_en_casa,,,
11733,2,1412000016175,Hombres,42,Trabajador independiente,,4,12:30,00:30,Regresar a Casa,,Su casa,,,,home,,home,,A PIE,,1,,,hora_invertida,,,"Decimocuarta revisión: se toma la lectura de las horas de las tablas anteriores (la primera revisión), una sugerencia entre otras: con las reglas de hoy el día queda con un viaje que sale antes de que llegue el anterior, y con esa lectura con ningún problema. Cambia: viaje 4 12:30 → 00:30."
11739,2,1412000015374,Mujeres,40,Empleado,,1,08:30,,Trabajar,,Fábrica o taller,,Su casa,,home,,1412002434713,,AUTOMÓVIL PARTICULAR,,90,45,,,,,"Decimocuarta revisión: se conserva la decisión de la novena revisión (chain_review_9). Novena revisión: 90 min en AUTOMÓVIL PARTICULAR para 17.8 km en línea recta es más del doble de lo que la encuesta suele reportar para ese modo a esa distancia (45 min, la mediana de 4989 viajes): los minutos son el error, no la hora. Con 45 min llega a las 09:15 y el viaje siguiente sale a las 11:40, 145 min después. Es el mismo recorrido, en el mismo modo, que otro viaje del día cuyos minutos chocaban con la salida siguiente."
11739,2,1412000015374,Mujeres,40,Empleado,,2,11:40,,Regresar a Casa,,Su casa,,,,1412002434713,,home,,AUTOMÓVIL PARTICULAR,,90,45,,,,,"Decimocuarta revisión: se conserva la decisión de la novena revisión (chain_review_9). Novena revisión: 90 min en AUTOMÓVIL PARTICULAR para 17.8 km en línea recta es más del doble de lo que la encuesta suele reportar para ese modo a esa distancia (45 min, la mediana de 4989 viajes): los minutos son el error, no la hora. Con 45 min llega a las 12:25 y el viaje siguiente sale a las 13:06, 41 min después."
11739,2,1412000015374,Mujeres,40,Empleado,,3,13:06 → 13:10,13:06,Trabajar,,Fábrica o taller,,,,home,,1412002434713,,AUTOMÓVIL PARTICULAR,,90,45,hora:llegada,,changed,,"Decimocuarta revisión: se conserva la decisión de la novena revisión (chain_review_9). Novena revisión: 90 min en AUTOMÓVIL PARTICULAR para 17.8 km en línea recta es más del doble de lo que la encuesta suele reportar para ese modo a esa distancia (45 min, la mediana de 4989 viajes): los minutos son el error, no la hora. Con 45 min llega a las 13:51 y el viaje siguiente sale a las 15:00, 69 min después. Es el mismo recorrido, en el mismo modo, que otro viaje del día cuyos minutos chocaban con la salida siguiente. Novena revisión: la salida vuelve a las 13:06, la hora que reporta la encuesta: con los minutos de traslado que corrige esta revisión cabe después de la llegada del viaje anterior (12:25); una revisión anterior la había movido a las 13:10 para dejar sitio a los minutos de más. | Decimocuarta revisión: la salida queda a las 13:06, la que dan las reglas al leer de nuevo las horas del día tal como lo dejan las decisiones que se conservan (un renglón quitado, minutos de viaje corregidos, un motivo recodificado); sobre el día registrado daban las 13:10."
11739,2,1412000015374,Mujeres,40,Empleado,,4,15:00,,Regresar a Casa,,Su casa,,,,1412002434713,,home,,AUTOMÓVIL PARTICULAR,,90,45,,,,,"Decimocuarta revisión: se conserva la decisión de la novena revisión (chain_review_9). Novena revisión: 90 min en AUTOMÓVIL PARTICULAR para 17.8 km en línea recta es más del doble de lo que la encuesta suele reportar para ese modo a esa distancia (45 min, la mediana de 4989 viajes): los minutos son el error, no la hora. Es el último viaje del día. Es el mismo recorrido, en el mismo modo, que otro viaje del día cuyos minutos chocaban con la salida siguiente."
11769,3,1412000015374,Mujeres,31,Empleado,,1,08:22,,Compras (comida),,"Comercio, mercado, tienda o centro comercial",,Su casa,,home,,141200001536A,,A PIE,,14,,,,,,
11769,3,1412000015374,Mujeres,31,Empleado,,2,08:43,,Regresar a Casa,,Su casa,,,,141200001536A,,home,,A PIE,,14,,,,,,
11769,3,1412000015374,Mujeres,31,Empleado,,3,18:00,,Trabajar,,Oficina,,,,1412000013289 → home,,1412000013289,,AUTOMÓVIL PARTICULAR,,60,30,origen:casa,,changed,,"Decimocuarta revisión: se conserva la decisión de la novena revisión (chain_review_9). Novena revisión: 60 min en AUTOMÓVIL PARTICULAR para 6.0 km en línea recta es más del doble de lo que la encuesta suele reportar para ese modo a esa distancia (30 min, la mediana de 5549 viajes): los minutos son el error, no la hora. Con 30 min llega a las 18:30 y el viaje siguiente sale a las 19:00, 30 min después."
11769,3,1412000015374,Mujeres,31,Empleado,,4,16:55,19:00,Regresar a Casa,,Su casa,,,,1412000013289,,home,,AUTOMÓVIL PARTICULAR,,60,30,,hora_invertida,,,"Decimocuarta revisión: se conserva la decisión de la novena revisión (chain_review_9). La salida se recorre de 16:55 a 19:00, que es la hora a la que llega el viaje anterior (18:00 + 60 min de traslado): tal como estaba, el viaje empezaba antes de haber llegado. El origen se encadena con el destino del viaje 3 (Oficina en 1412000013289). Novena revisión: 60 min en AUTOMÓVIL PARTICULAR para 6.0 km en línea recta es más del doble de lo que la encuesta suele reportar para ese modo a esa distancia (30 min, la mediana de 5549 viajes): los minutos son el error, no la hora. Con 30 min llega a las 19:30 y el viaje siguiente sale a las 20:00, 30 min después. | Decimocuarta revisión: se toma la lectura de las horas de las tablas anteriores (la primera revisión), una sugerencia entre otras: con las reglas de hoy el día queda con un viaje que sale antes de que llegue el anterior, y con esa lectura con ningún problema. Cambia: viaje 4 16:55 → 19:00, viaje 5 18:00 → 20:00, viaje 6 18:00 → 06:00."
11769,3,1412000015374,Mujeres,31,Empleado,,5,18:00,20:00,Trabajar,,Oficina,,,,home,,1412000013289,,AUTOMÓVIL PARTICULAR,,60,30,,,,,"Decimocuarta revisión: se conserva la decisión de la novena revisión (chain_review_9). Novena revisión: 60 min en AUTOMÓVIL PARTICULAR para 6.0 km en línea recta es más del doble de lo que la encuesta suele reportar para ese modo a esa distancia (30 min, la mediana de 5549 viajes): los minutos son el error, no la hora. Con 30 min llega a las 20:30 y el viaje siguiente sale a las 06:00, 570 min después. Es el mismo recorrido, en el mismo modo, que otro viaje del día cuyos minutos chocaban con la salida siguiente. | Decimocuarta revisión: se toma la lectura de las horas de las tablas anteriores (la primera revisión), una sugerencia entre otras: con las reglas de hoy el día queda con un viaje que sale antes de que llegue el anterior, y con esa lectura con ningún problema. Cambia: viaje 4 16:55 → 19:00, viaje 5 18:00 → 20:00, viaje 6 18:00 → 06:00."
11769,3,1412000015374,Mujeres,31,Empleado,,6,18:00,06:00,Regresar a Casa,,Su casa,,,,1412000013289,,home,,AUTOMÓVIL PARTICULAR,,60,30,,hora_invertida,,,"Decimocuarta revisión: se conserva la decisión de la novena revisión (chain_review_9). Corrección AM/PM: se reporta 18:00 y por la secuencia del día corresponde a 06:00. El origen se encadena con el destino del viaje 5 (Oficina en 1412000013289). Novena revisión: 60 min en AUTOMÓVIL PARTICULAR para 6.0 km en línea recta es más del doble de lo que la encuesta suele reportar para ese modo a esa distancia (30 min, la mediana de 5549 viajes): los minutos son el error, no la hora. Es el último viaje del día. Es el mismo recorrido, en el mismo modo, que otro viaje del día cuyos minutos chocaban con la salida siguiente. | Decimocuarta revisión: se toma la lectura de las horas de las tablas anteriores (la primera revisión), una sugerencia entre otras: con las reglas de hoy el día queda con un viaje que sale antes de que llegue el anterior, y con esa lectura con ningún problema. Cambia: viaje 4 16:55 → 19:00, viaje 5 18:00 → 20:00, viaje 6 18:00 → 06:00."
11846,1,1412000017012,Hombres,61,Empleado,,1,08:13,,Otros (especifique),,Otros (especifique),,Su casa,,home,,home,,A PIE,,6,,,,,,
11846,1,1412000017012,Hombres,61,Empleado,,2,08:29,,Regresar a Casa,,Su casa,,,,home,,home,,A PIE,,6,,,,,,
11846,1,1412000017012,Hombres,61,Empleado,,3,22:00,10:00,Trabajar,,"Deportivo, gimnasio",,,,home,,1412000015478,,AUTOMÓVIL PARTICULAR,,35,,,,,,"Decimocuarta revisión: se toma la lectura de las horas de las tablas anteriores (la primera revisión y la décima revisión), una sugerencia entre otras: con las reglas de hoy el día queda con un viaje que sale antes de que llegue el anterior, y con esa lectura con ningún problema. Cambia: viaje 3 22:00 → 10:00, viaje 6 16:00 → 22:00."
11846,1,1412000017012,Hombres,61,Empleado,,4,16:36,,Regresar a Casa,,Su casa,,,,1412000015478,,home,,AUTOMÓVIL PARTICULAR,,30,,,hora_invertida,,,
11846,1,1412000017012,Hombres,61,Empleado,,5,18:18,,Trabajar,,"Deportivo, gimnasio",,,,home,,1412000015478,,AUTOMÓVIL PARTICULAR,,35,,,,,,
11846,1,1412000017012,Hombres,61,Empleado,,6,16:00,22:00,Regresar a Casa,,Su casa,,,,1412000015478,,home,,AUTOMÓVIL PARTICULAR,,30,,,hora_invertida,,,"Decimocuarta revisión: se toma la lectura de las horas de las tablas anteriores (la primera revisión y la décima revisión), una sugerencia entre otras: con las reglas de hoy el día queda con un viaje que sale antes de que llegue el anterior, y con esa lectura con ningún problema. Cambia: viaje 3 22:00 → 10:00, viaje 6 16:00 → 22:00."
11850,1,1412000014060,Hombres,64,Jubilado o pensionado,,1,10:00,,Trabajar,,"Comercio, mercado, tienda o centro comercial",,Su casa,,home,,1412000011225,,CAMIÓN O AUTOBÚS,,60,,,,,,
11850,1,1412000014060,Hombres,64,Jubilado o pensionado,,2,10:36,11:00,Regresar a Casa,,Su casa,,,,1412000011225,,home,,AUTOMÓVIL PARTICULAR,,70,,,hora_invertida,,,"Decimocuarta revisión: se toma la lectura de las horas de las tablas anteriores (la novena revisión), una sugerencia entre otras: con las reglas de hoy el día queda con un viaje que sale antes de que llegue el anterior, y con esa lectura con menos de media hora en el trabajo o la escuela. Cambia: viaje 2 10:36 → 11:00, viaje 4 13:00 → 13:25."
11850,1,1412000014060,Hombres,64,Jubilado o pensionado,,3,12:25,,Trabajar,,"Comercio, mercado, tienda o centro comercial",,,,home,,1412000011225,,AUTOMÓVIL PARTICULAR,,60,,,,,,
11850,1,1412000014060,Hombres,64,Jubilado o pensionado,,4,13:00,13:25,Regresar a Casa,,Su casa,,,,1412000011225,,home,,AUTOMÓVIL PARTICULAR,,70,,,hora_invertida,,,"Decimocuarta revisión: se toma la lectura de las horas de las tablas anteriores (la novena revisión), una sugerencia entre otras: con las reglas de hoy el día queda con un viaje que sale antes de que llegue el anterior, y con esa lectura con menos de media hora en el trabajo o la escuela. Cambia: viaje 2 10:36 → 11:00, viaje 4 13:00 → 13:25."
11862,1,1412000017116,Hombres,71,Empleado,,1,21:00,09:00,Trabajar,,Oficina,,Su casa,,home,,1403900013321,,AUTOMÓVIL PARTICULAR,,40,,,,,,"Decimocuarta revisión: se toma la lectura de las horas de las tablas anteriores (la primera revisión), una sugerencia entre otras: con las reglas de hoy el día queda con un viaje que sale antes de que llegue el anterior, y con esa lectura con menos de media hora en el trabajo o la escuela. Cambia: viaje 1 21:00 → 09:00, viaje 4 18:00 → 20:06."
11862,1,1412000017116,Hombres,71,Empleado,,2,17:47,,Regresar a Casa,,Su casa,,,,1403900013321,,home,,AUTOMÓVIL PARTICULAR,,55,,,hora_invertida,,,
11862,1,1412000017116,Hombres,71,Empleado,,3,19:26,,Trabajar,,Oficina,,,,home,,1403900013321,,AUTOMÓVIL PARTICULAR,,40,,,,,,
11862,1,1412000017116,Hombres,71,Empleado,,4,18:00,20:06,Regresar a Casa,,Su casa,,,,1403900013321,,home,,AUTOMÓVIL PARTICULAR,,55,,,hora_invertida,,,"Decimocuarta revisión: se toma la lectura de las horas de las tablas anteriores (la primera revisión), una sugerencia entre otras: con las reglas de hoy el día queda con un viaje que sale antes de que llegue el anterior, y con esa lectura con menos de media hora en el trabajo o la escuela. Cambia: viaje 1 21:00 → 09:00, viaje 4 18:00 → 20:06."
11930,2,1412000015942,Mujeres,59,Empleado,,1,19:30,09:30,Trabajar,,"Restaurante, bar, cafetería",,Su casa,,home,,1403900010308,,AUTOMÓVIL PARTICULAR,,20,,,,,,"Decimocuarta revisión: se toma la lectura de las horas de las tablas anteriores (las reglas anteriores), una sugerencia entre otras: con las reglas de hoy el día queda con un viaje que sale antes de que llegue el anterior, y con esa lectura con menos de media hora en el trabajo o la escuela. Cambia: viaje 1 19:30 → 09:30, viaje 4 15:00 → 17:00."
11930,2,1412000015942,Mujeres,59,Empleado,,2,14:50,,Regresar a Casa,,Su casa,,,,1403900010308,,home,,AUTOMÓVIL PARTICULAR,,20,,,hora_invertida,,,
11930,2,1412000015942,Mujeres,59,Empleado,,3,16:25,,Trabajar,,"Restaurante, bar, cafetería",,,,home,,1403900010308,,AUTOMÓVIL PARTICULAR,,20,,,,,,
11930,2,1412000015942,Mujeres,59,Empleado,,4,15:00,17:00,Regresar a Casa,,Su casa,,,,1403900010308,,home,,AUTOMÓVIL PARTICULAR,,20,,,hora_invertida,,,"Decimocuarta revisión: se toma la lectura de las horas de las tablas anteriores (las reglas anteriores), una sugerencia entre otras: con las reglas de hoy el día queda con un viaje que sale antes de que llegue el anterior, y con esa lectura con menos de media hora en el trabajo o la escuela. Cambia: viaje 1 19:30 → 09:30, viaje 4 15:00 → 17:00."
11942,2,1403900010609,Hombres,68,Patrón o empresario,,1,08:20,,Deportes o recreación,,"Deportivo, gimnasio",,Su casa,,home,,1403900010596,,A PIE,,2,,,,,,
11942,2,1403900010609,Hombres,68,Patrón o empresario,,2,08:23,,Regresar a Casa,,Su casa,,,,1403900010596,,home,,A PIE,,2,,,,,,
11942,2,1403900010609,Hombres,68,Patrón o empresario,,3,22:00,10:00,Trabajar,,Fábrica o taller,,,,home,,1403900013020,,AUTOMÓVIL PARTICULAR,,50,,,,,,"Decimocuarta revisión: se toma la lectura de las horas de las tablas anteriores (la primera revisión y la décima revisión), una sugerencia entre otras: con las reglas de hoy el día queda con un viaje que sale antes de que llegue el anterior, y con esa lectura con ningún problema. Cambia: viaje 3 22:00 → 10:00, viaje 6 16:30 → 22:00."
11942,2,1403900010609,Hombres,68,Patrón o empresario,,4,16:35,,Regresar a Casa,,Su casa,,,,1403900013020,,home,,AUTOMÓVIL PARTICULAR,,60,,,hora_invertida,,,
11942,2,1403900010609,Hombres,68,Patrón o empresario,,5,18:17,,Trabajar,,Fábrica o taller,,,,home,,1403900013020,,AUTOMÓVIL PARTICULAR,,50,,,,,,
11942,2,1403900010609,Hombres,68,Patrón o empresario,,6,16:30,22:00,Regresar a Casa,,Su casa,,,,1403900013020,,home,,AUTOMÓVIL PARTICULAR,,60,,,hora_invertida,,,"Decimocuarta revisión: se toma la lectura de las horas de las tablas anteriores (la primera revisión y la décima revisión), una sugerencia entre otras: con las reglas de hoy el día queda con un viaje que sale antes de que llegue el anterior, y con esa lectura con ningún problema. Cambia: viaje 3 22:00 → 10:00, viaje 6 16:30 → 22:00."
11958,5,1412000015266,Hombres,14,Empleado,yes,1,20:00,08:00,Trabajar,,Otra vivienda,,Su casa,,home,,999990001,,AUTOMÓVIL PARTICULAR,,60,,,,,,"Decimocuarta revisión: la salida queda a las 08:00, la que dan las reglas al leer de nuevo las horas del día tal como lo dejan las decisiones que se conservan (un renglón quitado, minutos de viaje corregidos, un motivo recodificado); sobre el día registrado daban las 20:00."
11958,5,1412000015266,Hombres,14,Empleado,yes,2,17:35,,Regresar a Casa,,Su casa,,,,999990001,,home,,AUTOMÓVIL PARTICULAR,,90,,,hora_invertida,,,
11958,5,1412000015266,Hombres,14,Empleado,yes,3,19:24,,Trabajar,,Otra vivienda,,,,home,,999990001,,AUTOMÓVIL PARTICULAR,,60,,,,,,
11958,5,1412000015266,Hombres,14,Empleado,yes,4,18:30,,Regresar a Casa,,Su casa,,,,999990001,,home,,AUTOMÓVIL PARTICULAR,,90,,,hora_invertida,,dropped,"Decimocuarta revisión: se conserva la decisión de la segunda revisión (chain_review_2). Turno nocturno: sale a trabajar a las 19:24; este renglón es el regreso de la mañana siguiente, fuera del día de la encuesta: se descarta y el día termina en el trabajo."
11979,2,1403900010030,Mujeres,30,Empleado,,1,19:00,09:00,Trabajar,,"Hospital, clínica, consultorio, laboratorio clínico",,Su casa,,home,,1403900010929,,AUTOMÓVIL PARTICULAR,,30,,,,,,"Decimocuarta revisión: se toma la lectura de las horas de las tablas anteriores (la primera revisión), una sugerencia entre otras: con las reglas de hoy el día queda con un viaje que sale antes de que llegue el anterior, y con esa lectura con menos de media hora en el trabajo o la escuela. Cambia: viaje 1 19:00 → 09:00, viaje 4 20:00 → 20:30."
11979,2,1403900010030,Mujeres,30,Empleado,,2,18:34,,Regresar a Casa,,Su casa,,,,1403900010929,,home,,AUTOMÓVIL PARTICULAR,,30,,,hora_invertida,,,
11979,2,1403900010030,Mujeres,30,Empleado,,3,20:00,,Trabajar,,"Hospital, clínica, consultorio, laboratorio clínico",,,,home,,1403900010929,,AUTOMÓVIL PARTICULAR,,30,,,,,,
11979,2,1403900010030,Mujeres,30,Empleado,,4,20:00,20:30,Regresar a Casa,,Su casa,,,,1403900010929,,home,,AUTOMÓVIL PARTICULAR,,30,,,hora_invertida,,,"Decimocuarta revisión: se toma la lectura de las horas de las tablas anteriores (la primera revisión), una sugerencia entre otras: con las reglas de hoy el día queda con un viaje que sale antes de que llegue el anterior, y con esa lectura con menos de media hora en el trabajo o la escuela. Cambia: viaje 1 19:00 → 09:00, viaje 4 20:00 → 20:30."
12006,1,1412000012365,Hombres,66,Trabajador independiente,,1,09:00,,Trabajar,,"Comercio, mercado, tienda o centro comercial",,Su casa,,home,,1403900011043,,AUTOMÓVIL PARTICULAR,,30,,,,,,
12006,1,1412000012365,Hombres,66,Trabajador independiente,,2,08:39,20:39,Regresar a Casa,,Su casa,,,,1403900011043,,home,,AUTOMÓVIL PARTICULAR,,30,,,hora_invertida,,,"Decimocuarta revisión: se toma la lectura de las horas de las tablas anteriores (las reglas anteriores), una sugerencia entre otras: con las reglas de hoy el día queda con un viaje que sale antes de que llegue el anterior, y con esa lectura con menos de media hora en el trabajo o la escuela. Cambia: viaje 2 08:39 → 20:39, viaje 3 10:25 → 22:25, viaje 4 11:11 → 23:11."
12006,1,1412000012365,Hombres,66,Trabajador independiente,,3,10:25,22:25,Trabajar,,"Comercio, mercado, tienda o centro comercial",,,,home,,1403900011043,,AUTOMÓVIL PARTICULAR,,30,,,,,,"Decimocuarta revisión: se toma la lectura de las horas de las tablas anteriores (las reglas anteriores), una sugerencia entre otras: con las reglas de hoy el día queda con un viaje que sale antes de que llegue el anterior, y con esa lectura con menos de media hora en el trabajo o la escuela. Cambia: viaje 2 08:39 → 20:39, viaje 3 10:25 → 22:25, viaje 4 11:11 → 23:11."
12006,1,1412000012365,Hombres,66,Trabajador independiente,,4,11:11,23:11,Regresar a Casa,,Su casa,,,,1403900011043,,home,,AUTOMÓVIL PARTICULAR,,30,,,,,,"Decimocuarta revisión: se toma la lectura de las horas de las tablas anteriores (las reglas anteriores), una sugerencia entre otras: con las reglas de hoy el día queda con un viaje que sale antes de que llegue el anterior, y con esa lectura con menos de media hora en el trabajo o la escuela. Cambia: viaje 2 08:39 → 20:39, viaje 3 10:25 → 22:25, viaje 4 11:11 → 23:11."
12034,1,1412000015266,Hombres,61,Trabajador independiente,,1,20:00,08:00,Trabajar,,Oficina,,Su casa,,home,,1412000014840,,AUTOMÓVIL PARTICULAR,,20,,,,,,"Decimocuarta revisión: se toma la lectura de las horas de las tablas anteriores (la primera revisión), una sugerencia entre otras: con las reglas de hoy el día queda con un viaje que sale antes de que llegue el anterior, y con esa lectura con menos de media hora en el trabajo o la escuela. Cambia: viaje 1 20:00 → 08:00, viaje 4 16:00 → 18:00."
12034,1,1412000015266,Hombres,61,Trabajador independiente,,2,15:37,,Regresar a Casa,,Su casa,,,,1412000014840,,home,,AUTOMÓVIL PARTICULAR,,20,,,hora_invertida,,,
12034,1,1412000015266,Hombres,61,Trabajador independiente,,3,17:19,,Trabajar,,Oficina,,,,home,,1412000014840,,AUTOMÓVIL PARTICULAR,,20,,,,,,
12034,1,1412000015266,Hombres,61,Trabajador independiente,,4,16:00,18:00,Regresar a Casa,,Su casa,,,,1412000014840,,home,,AUTOMÓVIL PARTICULAR,,20,,,hora_invertida,,,"Decimocuarta revisión: se toma la lectura de las horas de las tablas anteriores (la primera revisión), una sugerencia entre otras: con las reglas de hoy el día queda con un viaje que sale antes de que llegue el anterior, y con esa lectura con menos de media hora en el trabajo o la escuela. Cambia: viaje 1 20:00 → 08:00, viaje 4 16:00 → 18:00."
12047,2,1410101932694,Hombres,36,Trabajador independiente,,1,08:04,,Compras (comida),,"Comercio, mercado, tienda o centro comercial",,Su casa,,home,,home,,A PIE,,13,,,,,,
12047,2,1410101932694,Hombres,36,Trabajador independiente,,2,08:25,,Regresar a Casa,,Su casa,,,,home,,home,,A PIE,,13,,,,,,
12047,2,1410101932694,Hombres,36,Trabajador independiente,,3,21:30,09:30,Trabajar,,Otra vivienda,,,,home,,1403900011626,,AUTOMÓVIL PARTICULAR,,50,,,,,,"Decimocuarta revisión: se toma la lectura de las horas de las tablas anteriores (la primera revisión y la décima revisión), una sugerencia entre otras: con las reglas de hoy el día queda con un viaje que sale antes de que llegue el anterior, y con esa lectura con ningún problema. Cambia: viaje 3 21:30 → 09:30, viaje 6 16:30 → 21:30."
12047,2,1410101932694,Hombres,36,Trabajador independiente,,4,16:39,,Regresar a Casa,,Su casa,,,,1403900011626,,home,,AUTOMÓVIL PARTICULAR,,50,,,hora_invertida,,,
12047,2,1410101932694,Hombres,36,Trabajador independiente,,5,18:20,,Trabajar,,Otra vivienda,,,,home,,1403900011626,,AUTOMÓVIL PARTICULAR,,50,,,,,,
12047,2,1410101932694,Hombres,36,Trabajador independiente,,6,16:30,21:30,Regresar a Casa,,Su casa,,,,1403900011626,,home,,AUTOMÓVIL PARTICULAR,,50,,,hora_invertida,,,"Decimocuarta revisión: se toma la lectura de las horas de las tablas anteriores (la primera revisión y la décima revisión), una sugerencia entre otras: con las reglas de hoy el día queda con un viaje que sale antes de que llegue el anterior, y con esa lectura con ningún problema. Cambia: viaje 3 21:30 → 09:30, viaje 6 16:30 → 21:30."
12064,3,1410101932694,Mujeres,24,Empleado,,1,09:00,,Regresar a Casa,,Su casa,,Fábrica o taller,,1412000010246,,home,,Transporte de personal,,100,50,,inicio_fuera_de_casa,,,"Decimocuarta revisión: se conserva la decisión de la novena revisión (chain_review_9). Novena revisión: 100 min en Transporte de personal para 19.8 km en línea recta es más del doble de lo que la encuesta suele reportar para ese modo a esa distancia (50 min, la mediana de 691 viajes): los minutos son el error, no la hora. Con 50 min llega a las 09:50 y el viaje siguiente sale a las 10:30, 40 min después."
12064,3,1410101932694,Mujeres,24,Empleado,,2,10:30 → 10:40,10:30,Compras (comida),,"Comercio, mercado, tienda o centro comercial",,,,home,,1410100010490,,CAMIÓN O AUTOBÚS,,30,,hora:llegada,,changed,,"Decimocuarta revisión: la salida queda a las 10:30, la que dan las reglas al leer de nuevo las horas del día tal como lo dejan las decisiones que se conservan (un renglón quitado, minutos de viaje corregidos, un motivo recodificado); sobre el día registrado daban las 10:40."
12064,3,1410101932694,Mujeres,24,Empleado,,3,11:20,,Regresar a Casa,,Su casa,,,,1410100010490,,home,,Taxi,,15,,,,,,
12104,1,141200206504A,Hombres,39,Trabajador del campo,,1,07:00,,Trabajar,,Su casa,,Su casa,,1412002065054,home,home,1412002065054,AUTOMÓVIL PARTICULAR,,25,,,inicio_zona_ajena;actividad_en_casa,,,"Decimocuarta revisión: el primer viaje del día, «Trabajar», se registró de 1412002065054 a casa, el siguiente de casa en adelante, y la persona respondió que el día empezó en su casa: 1412002065054 es adonde fue el viaje y no de donde salió (la lectura de la quinta revisión de los registros rotados). El viaje va de casa a 1412002065054 y el siguiente sale de ahí."
12104,1,141200206504A,Hombres,39,Trabajador del campo,,2,18:00,,Regresar a Casa,,Su casa,,,,home,1412002065054,home,,AUTOMÓVIL PARTICULAR,,20,,,,,,"Decimocuarta revisión: el primer viaje del día, «Trabajar», se registró de 1412002065054 a casa, el siguiente de casa en adelante, y la persona respondió que el día empezó en su casa: 1412002065054 es adonde fue el viaje y no de donde salió (la lectura de la quinta revisión de los registros rotados). El viaje va de casa a 1412002065054 y el siguiente sale de ahí."
12165,4,141200123,Hombres,37,Empleado,,1,06:02,,Trabajar,,"Comercio, mercado, tienda o centro comercial",,Su casa,,home,,1412000010405,,TREN LIGERO,,133,,,,,,
12165,4,141200123,Hombres,37,Empleado,,2,06:02 → 18:02,,Regresar a Casa,,Su casa,,,,1412000010405,,home,,AUTOMÓVIL PARTICULAR,,80,40,hora:+12h,,changed,,"Decimocuarta revisión: se conserva la decisión de la novena revisión (chain_review_9). Novena revisión: 80 min en AUTOMÓVIL PARTICULAR para 9.7 km en línea recta es más del doble de lo que la encuesta suele reportar para ese modo a esa distancia (40 min, la mediana de 5474 viajes): los minutos son el error, no la hora. Con 40 min llega a las 18:42 y el viaje siguiente sale a las 19:21, 39 min después."
12165,4,141200123,Hombres,37,Empleado,,3,19:21 → 19:22,19:21,Compras (comida),,"Restaurante, bar, cafetería",,,,home,,home,,A PIE,,11,,hora:llegada,,changed,,"Decimocuarta revisión: la salida queda a las 19:21, la que dan las reglas al leer de nuevo las horas del día tal como lo dejan las decisiones que se conservan (un renglón quitado, minutos de viaje corregidos, un motivo recodificado); sobre el día registrado daban las 19:22."
12165,4,141200123,Hombres,37,Empleado,,4,19:42,,Regresar a Casa,,Su casa,,,,home,,home,,A PIE,,11,,,,,,
12219,2,1412002065054,Mujeres,43,Empleado,,1,09:00,,Trabajar,,Otros (especifique),,Su casa,,home,,1412000014836,,AUTOMÓVIL PARTICULAR,,60,,,,,,
12219,2,1412002065054,Mujeres,43,Empleado,,2,09:36,10:00,Regresar a Casa,,Su casa,,,,1412000014836,,home,,AUTOMÓVIL PARTICULAR,,60,,,hora_invertida,,,"Decimocuarta revisión: se toma la lectura de las horas de las tablas anteriores (la primera revisión), una sugerencia entre otras: con las reglas de hoy el día queda con un viaje que sale antes de que llegue el anterior, y con esa lectura con menos de media hora en el trabajo o la escuela. Cambia: viaje 2 09:36 → 10:00, viaje 4 12:00 → 14:00."
12219,2,1412002065054,Mujeres,43,Empleado,,3,11:16,,Trabajar,,Otros (especifique),,,,home,,1412000014836,,AUTOMÓVIL PARTICULAR,,60,,,,,,
12219,2,1412002065054,Mujeres,43,Empleado,,4,12:00,14:00,Regresar a Casa,,Su casa,,,,1412000014836,,home,,AUTOMÓVIL PARTICULAR,,60,,,hora_invertida,,,"Decimocuarta revisión: se toma la lectura de las horas de las tablas anteriores (la primera revisión), una sugerencia entre otras: con las reglas de hoy el día queda con un viaje que sale antes de que llegue el anterior, y con esa lectura con menos de media hora en el trabajo o la escuela. Cambia: viaje 2 09:36 → 10:00, viaje 4 12:00 → 14:00."
12247,2,1412002065054,Hombres,34,Empleado,,1,04:00,,Trabajar,,Otros (especifique),,Su casa,,1412000013698 → home,,1412000013698,,AUTOMÓVIL PARTICULAR,,120,30,origen:copia,,changed,,"Decimocuarta revisión: se conserva la decisión de la novena revisión (chain_review_9). Novena revisión: 120 min en AUTOMÓVIL PARTICULAR para 5.3 km en línea recta es más del doble de lo que la encuesta suele reportar para ese modo a esa distancia (30 min, la mediana de 5549 viajes): los minutos son el error, no la hora. Con 30 min llega a las 04:30 y el viaje siguiente sale a las 12:31, 481 min después. Es el mismo recorrido, en el mismo modo, que otro viaje del día cuyos minutos chocaban con la salida siguiente."
12247,2,1412002065054,Hombres,34,Empleado,,2,12:31,,Regresar a Casa,,Su casa,,,,1412000013698,,home,,AUTOMÓVIL PARTICULAR,,120,30,,,,,"Decimocuarta revisión: se conserva la decisión de la novena revisión (chain_review_9). Novena revisión: 120 min en AUTOMÓVIL PARTICULAR para 5.3 km en línea recta es más del doble de lo que la encuesta suele reportar para ese modo a esa distancia (30 min, la mediana de 5549 viajes): los minutos son el error, no la hora. Con 30 min llega a las 13:01 y el viaje siguiente sale a las 14:19, 78 min después."
12247,2,1412002065054,Hombres,34,Empleado,,3,14:19 → 14:31,14:19,Trabajar,,Otros (especifique),,,,home,,1412000013698,,AUTOMÓVIL PARTICULAR,,120,30,hora:llegada,,changed,,"Decimocuarta revisión: se conserva la decisión de la novena revisión (chain_review_9). Novena revisión: 120 min en AUTOMÓVIL PARTICULAR para 5.3 km en línea recta es más del doble de lo que la encuesta suele reportar para ese modo a esa distancia (30 min, la mediana de 5549 viajes): los minutos son el error, no la hora. Con 30 min llega a las 14:49 y el viaje siguiente sale a las 18:00, 191 min después. Es el mismo recorrido, en el mismo modo, que otro viaje del día cuyos minutos chocaban con la salida siguiente. Novena revisión: la salida vuelve a las 14:19, la hora que reporta la encuesta: con los minutos de traslado que corrige esta revisión cabe después de la llegada del viaje anterior (13:01); una revisión anterior la había movido a las 14:31 para dejar sitio a los minutos de más. | Decimocuarta revisión: la salida queda a las 14:19, la que dan las reglas al leer de nuevo las horas del día tal como lo dejan las decisiones que se conservan (un renglón quitado, minutos de viaje corregidos, un motivo recodificado); sobre el día registrado daban las 14:31."
12247,2,1412002065054,Hombres,34,Empleado,,4,18:00,,Regresar a Casa,,Su casa,,,,1412000013698,,home,,AUTOMÓVIL PARTICULAR,,120,30,,,,,"Decimocuarta revisión: se conserva la decisión de la novena revisión (chain_review_9). Novena revisión: 120 min en AUTOMÓVIL PARTICULAR para 5.3 km en línea recta es más del doble de lo que la encuesta suele reportar para ese modo a esa distancia (30 min, la mediana de 5549 viajes): los minutos son el error, no la hora. Es el último viaje del día. Es el mismo recorrido, en el mismo modo, que otro viaje del día cuyos minutos chocaban con la salida siguiente."
12265,2,1412004306940,Mujeres,41,Empleado,,1,07:00,,Trabajar,,"Comercio, mercado, tienda o centro comercial",,Su casa,,home,,140980001007A,,AUTOMÓVIL PARTICULAR,,120,60,,,,,"Decimocuarta revisión: se conserva la decisión de la novena revisión (chain_review_9). Novena revisión: 120 min en AUTOMÓVIL PARTICULAR para 24.4 km en línea recta es más del doble de lo que la encuesta suele reportar para ese modo a esa distancia (60 min, la mediana de 2401 viajes): los minutos son el error, no la hora. Con 60 min llega a las 08:00 y el viaje siguiente sale a las 11:31, 211 min después. Es el mismo recorrido, en el mismo modo, que otro viaje del día cuyos minutos chocaban con la salida siguiente."
12265,2,1412004306940,Mujeres,41,Empleado,,2,11:31,,Regresar a Casa,,Su casa,,,,140980001007A,,home,,AUTOMÓVIL PARTICULAR,,120,60,,,,,"Decimocuarta revisión: se conserva la decisión de la novena revisión (chain_review_9). Novena revisión: 120 min en AUTOMÓVIL PARTICULAR para 24.4 km en línea recta es más del doble de lo que la encuesta suele reportar para ese modo a esa distancia (60 min, la mediana de 2401 viajes): los minutos son el error, no la hora. Con 60 min llega a las 12:31 y el viaje siguiente sale a las 13:20, 49 min después."
12265,2,1412004306940,Mujeres,41,Empleado,,3,13:20 → 13:31,13:20,Trabajar,,"Comercio, mercado, tienda o centro comercial",,,,home,,140980001007A,,AUTOMÓVIL PARTICULAR,,120,60,hora:llegada,,changed,,"Decimocuarta revisión: se conserva la decisión de la novena revisión (chain_review_9). Novena revisión: 120 min en AUTOMÓVIL PARTICULAR para 24.4 km en línea recta es más del doble de lo que la encuesta suele reportar para ese modo a esa distancia (60 min, la mediana de 2401 viajes): los minutos son el error, no la hora. Con 60 min llega a las 14:20 y el viaje siguiente sale a las 16:30, 130 min después. Es el mismo recorrido, en el mismo modo, que otro viaje del día cuyos minutos chocaban con la salida siguiente. Novena revisión: la salida vuelve a las 13:20, la hora que reporta la encuesta: con los minutos de traslado que corrige esta revisión cabe después de la llegada del viaje anterior (12:31); una revisión anterior la había movido a las 13:31 para dejar sitio a los minutos de más. | Decimocuarta revisión: la salida queda a las 13:20, la que dan las reglas al leer de nuevo las horas del día tal como lo dejan las decisiones que se conservan (un renglón quitado, minutos de viaje corregidos, un motivo recodificado); sobre el día registrado daban las 13:31."
12265,2,1412004306940,Mujeres,41,Empleado,,4,16:30,,Regresar a Casa,,Su casa,,,,140980001007A,,home,,AUTOMÓVIL PARTICULAR,,120,60,,,,,"Decimocuarta revisión: se conserva la decisión de la novena revisión (chain_review_9). Novena revisión: 120 min en AUTOMÓVIL PARTICULAR para 24.4 km en línea recta es más del doble de lo que la encuesta suele reportar para ese modo a esa distancia (60 min, la mediana de 2401 viajes): los minutos son el error, no la hora. Es el último viaje del día. Es el mismo recorrido, en el mismo modo, que otro viaje del día cuyos minutos chocaban con la salida siguiente."
12294,3,1412004306940,Hombres,28,Empleado,,1,06:30,,Trabajar,,"Comercio, mercado, tienda o centro comercial",,Su casa,,home,,1412000011225,,AUTOMÓVIL PARTICULAR,,120,45,,,,,"Decimocuarta revisión: se conserva la decisión de la novena revisión (chain_review_9). Novena revisión: 120 min en AUTOMÓVIL PARTICULAR para 15.9 km en línea recta es más del doble de lo que la encuesta suele reportar para ese modo a esa distancia (45 min, la mediana de 4989 viajes): los minutos son el error, no la hora. Con 45 min llega a las 07:15 y el viaje siguiente sale a las 12:35, 320 min después. Es el mismo recorrido, en el mismo modo, que otro viaje del día cuyos minutos chocaban con la salida siguiente."
12294,3,1412004306940,Hombres,28,Empleado,,2,12:35,,Regresar a Casa,,Su casa,,,,1412000011225,,home,,AUTOMÓVIL PARTICULAR,,120,45,,,,,"Decimocuarta revisión: se conserva la decisión de la novena revisión (chain_review_9). Novena revisión: 120 min en AUTOMÓVIL PARTICULAR para 15.9 km en línea recta es más del doble de lo que la encuesta suele reportar para ese modo a esa distancia (45 min, la mediana de 4989 viajes): los minutos son el error, no la hora. Con 45 min llega a las 13:20 y el viaje siguiente sale a las 14:23, 63 min después."
12294,3,1412004306940,Hombres,28,Empleado,,3,14:23 → 14:35,14:23,Trabajar,,"Comercio, mercado, tienda o centro comercial",,,,home,,1412000011225,,AUTOMÓVIL PARTICULAR,,120,45,hora:llegada,,changed,,"Decimocuarta revisión: se conserva la decisión de la novena revisión (chain_review_9). Novena revisión: 120 min en AUTOMÓVIL PARTICULAR para 15.9 km en línea recta es más del doble de lo que la encuesta suele reportar para ese modo a esa distancia (45 min, la mediana de 4989 viajes): los minutos son el error, no la hora. Con 45 min llega a las 15:08 y el viaje siguiente sale a las 17:00, 112 min después. Es el mismo recorrido, en el mismo modo, que otro viaje del día cuyos minutos chocaban con la salida siguiente. Novena revisión: la salida vuelve a las 14:23, la hora que reporta la encuesta: con los minutos de traslado que corrige esta revisión cabe después de la llegada del viaje anterior (13:20); una revisión anterior la había movido a las 14:35 para dejar sitio a los minutos de más. | Decimocuarta revisión: la salida queda a las 14:23, la que dan las reglas al leer de nuevo las horas del día tal como lo dejan las decisiones que se conservan (un renglón quitado, minutos de viaje corregidos, un motivo recodificado); sobre el día registrado daban las 14:35."
12294,3,1412004306940,Hombres,28,Empleado,,4,17:00,,Regresar a Casa,,Su casa,,,,1412000011225,,home,,AUTOMÓVIL PARTICULAR,,120,45,,,,,"Decimocuarta revisión: se conserva la decisión de la novena revisión (chain_review_9). Novena revisión: 120 min en AUTOMÓVIL PARTICULAR para 15.9 km en línea recta es más del doble de lo que la encuesta suele reportar para ese modo a esa distancia (45 min, la mediana de 4989 viajes): los minutos son el error, no la hora. Con 45 min llega a las 17:45 y el viaje siguiente sale a las 18:01, 16 min después. Es el mismo recorrido, en el mismo modo, que otro viaje del día cuyos minutos chocaban con la salida siguiente."
12294,3,1412004306940,Hombres,28,Empleado,,5,18:01 → 20:01,18:01,Compras (comida),,"Comercio, mercado, tienda o centro comercial",,,,home,,1412007560424,,A PIE,,3,,hora:-10h+12h,,changed,,"Decimocuarta revisión: la salida queda a las 18:01, la que dan las reglas al leer de nuevo las horas del día tal como lo dejan las decisiones que se conservan (un renglón quitado, minutos de viaje corregidos, un motivo recodificado); sobre el día registrado daban las 20:01."
12294,3,1412004306940,Hombres,28,Empleado,,6,18:10 → 20:10,18:10,Regresar a Casa,,Su casa,,,,1412007560424,,home,,A PIE,,3,,hora:-10h+12h,,changed,,"Decimocuarta revisión: la salida queda a las 18:10, la que dan las reglas al leer de nuevo las horas del día tal como lo dejan las decisiones que se conservan (un renglón quitado, minutos de viaje corregidos, un motivo recodificado); sobre el día registrado daban las 20:10."
12391,1,141200034,Mujeres,40,Hogar,,1,11:45,,Llevar o recoger a alguien,,Escuela,,Su casa,,home,,1412007570462,,Mototaxi,,10,,,,,,
12391,1,141200034,Mujeres,40,Hogar,,2,12:50,,Regresar a Casa,,Su casa,,,,1412007570462,,home,,Mototaxi,,10,,,,,,
12391,1,141200034,Mujeres,40,Hogar,,3,14:00,,Visitar a alguien,,Otra vivienda,,,,home,,1403900014207,,CAMIÓN O AUTOBÚS,,130,,,,,,
12391,1,141200034,Mujeres,40,Hogar,,4,17:30,,Regresar a Casa,,Su casa,,,,1403900014207,,home,,CAMIÓN O AUTOBÚS,,180,80,,,,,"Decimocuarta revisión: se conserva la decisión de la novena revisión (chain_review_9). Novena revisión: 180 min en CAMIÓN O AUTOBÚS para 25.2 km en línea recta es más del doble de lo que la encuesta suele reportar para ese modo a esa distancia (80 min, la mediana de 2619 viajes): los minutos son el error, no la hora. Con 80 min llega a las 18:50 y el viaje siguiente sale a las 20:18, 88 min después."
12391,1,141200034,Mujeres,40,Hogar,,5,18:18 → 20:30,20:18,Deportes o recreación,,Centro cultural o área recreativa,,,,home,,home,,A PIE,,6,,hora:-10h+12h;hora:llegada,,changed,,"Decimocuarta revisión: la salida queda a las 20:18, la que dan las reglas al leer de nuevo las horas del día tal como lo dejan las decisiones que se conservan (un renglón quitado, minutos de viaje corregidos, un motivo recodificado); sobre el día registrado daban las 20:30."
12391,1,141200034,Mujeres,40,Hogar,,6,18:31 → 20:36,20:31,Regresar a Casa,,Su casa,,,,home,,home,,A PIE,,6,,hora:-10h+12h;hora:llegada,,changed,,"Decimocuarta revisión: la salida queda a las 20:31, la que dan las reglas al leer de nuevo las horas del día tal como lo dejan las decisiones que se conservan (un renglón quitado, minutos de viaje corregidos, un motivo recodificado); sobre el día registrado daban las 20:36."
12393,2,1412007580693,Hombres,66,Empleado,,1,19:00,09:00,Trabajar,,Fábrica o taller,,Su casa,,1409800012095 → home,,1409800012095,,AUTOMÓVIL PARTICULAR,,90,,origen:copia,,changed,,"Decimocuarta revisión: se toma la lectura de las horas de las tablas anteriores (las reglas anteriores), una sugerencia entre otras: con las reglas de hoy el día queda con un viaje que sale antes de que llegue el anterior, y con esa lectura con menos de media hora en el trabajo o la escuela. Cambia: viaje 1 19:00 → 09:00, viaje 4 18:00 → 20:00."
12393,2,1412007580693,Hombres,66,Empleado,,2,16:49,,Regresar a Casa,,Su casa,,,,1409800012095,,home,,AUTOMÓVIL PARTICULAR,,90,,,hora_invertida,,,
12393,2,1412007580693,Hombres,66,Empleado,,3,18:21,,Trabajar,,Fábrica o taller,,,,home,,1409800012095,,AUTOMÓVIL PARTICULAR,,90,,,,,,
12393,2,1412007580693,Hombres,66,Empleado,,4,18:00,20:00,Regresar a Casa,,Su casa,,,,1409800012095,,home,,AUTOMÓVIL PARTICULAR,,90,,,hora_invertida,,,"Decimocuarta revisión: se toma la lectura de las horas de las tablas anteriores (las reglas anteriores), una sugerencia entre otras: con las reglas de hoy el día queda con un viaje que sale antes de que llegue el anterior, y con esa lectura con menos de media hora en el trabajo o la escuela. Cambia: viaje 1 19:00 → 09:00, viaje 4 18:00 → 20:00."
12417,4,141200034,Mujeres,44,Hogar,,1,11:43,,Llevar o recoger a alguien,,Escuela,,Su casa,,home,,1412007570462,,Mototaxi,,10,,,,,,
12417,4,141200034,Mujeres,44,Hogar,,2,12:48,,Regresar a Casa,,Su casa,,,,1412007570462,,home,,Mototaxi,,10,,,,,,
12417,4,141200034,Mujeres,44,Hogar,,3,14:03,,Visitar a alguien,,Otra vivienda,,,,home,,1403900014207,,MI MACRO,,173,,,,,,
12417,4,141200034,Mujeres,44,Hogar,,4,17:28,,Regresar a Casa,,Su casa,,,,1403900014207,,home,,MI MACRO,,207,90,,,,,"Decimocuarta revisión: se conserva la decisión de la novena revisión (chain_review_9). Novena revisión: 207 min en MI MACRO para 25.2 km en línea recta es más del doble de lo que la encuesta suele reportar para ese modo a esa distancia (90 min, la mediana de 257 viajes): los minutos son el error, no la hora. Con 90 min llega a las 18:58 y el viaje siguiente sale a las 20:55, 117 min después."
12417,4,141200034,Mujeres,44,Hogar,,5,18:24,20:24,Compras (comida),,"Comercio, mercado, tienda o centro comercial",,,,home,,home,,A PIE,,4,,,hora_invertida,,,"Decimocuarta revisión: la salida queda a las 20:24, la que dan las reglas al leer de nuevo las horas del día tal como lo dejan las decisiones que se conservan (un renglón quitado, minutos de viaje corregidos, un motivo recodificado); sobre el día registrado daban las 18:24."
12417,4,141200034,Mujeres,44,Hogar,,6,18:38,20:38,Regresar a Casa,,Su casa,,,,home,,home,,A PIE,,4,,,,,,"Decimocuarta revisión: la salida queda a las 20:38, la que dan las reglas al leer de nuevo las horas del día tal como lo dejan las decisiones que se conservan (un renglón quitado, minutos de viaje corregidos, un motivo recodificado); sobre el día registrado daban las 18:38."
12432,1,1412007580496,Mujeres,49,Empleado,,1,08:30,,Regresar a Casa,,Su casa,,Su casa,Fábrica o taller,home,1412000016599,home,,Transporte de personal,,30,,,regreso_en_casa,,,"Decimocuarta revisión: se conserva la decisión de la segunda revisión (chain_review_2). Restaurado: es el regreso de la mañana desde el turno nocturno (08:30, mismo modo y duración que el viaje al trabajo), no un regreso hecho estando en casa; el origen es el trabajo (1412000016599). | Decimocuarta revisión: se conserva la decisión de la segunda revisión (chain_review_2). Restaurado: es el regreso de la mañana desde el turno nocturno (08:30, mismo modo y duración que el viaje al trabajo), no un regreso hecho estando en casa; el origen es el trabajo (1412000016599)."
12432,1,1412007580496,Mujeres,49,Empleado,,2,21:00 → 09:00,21:00,Trabajar,,Fábrica o taller,,,,home,,1412000016599,,Transporte de personal,,30,,hora:-12h,,changed,,"Decimocuarta revisión: la salida queda a las 21:00, la que dan las reglas al leer de nuevo las horas del día tal como lo dejan las decisiones que se conservan (un renglón quitado, minutos de viaje corregidos, un motivo recodificado); sobre el día registrado daban las 09:00."
12432,1,1412007580496,Mujeres,49,Empleado,,3,19:40,,Regresar a Casa,,Su casa,,,,1412000016599,,home,,Transporte de personal,,30,,,,,dropped,"Decimocuarta revisión: se conserva la decisión de la segunda revisión (chain_review_2). Turno nocturno: este renglón es el regreso de la mañana siguiente, fuera del día de la encuesta y repetición del viaje 1: se descarta."
12434,1,1412007580496,Hombres,37,Empleado,,1,05:00,,Trabajar,,Fábrica o taller,,Fábrica o taller → Su casa,,1409700010918 → home,,1409700010918,,AUTOMÓVIL PARTICULAR,,70,,origen:copia;tipo_origen:copia,,changed,,
12434,1,1412007580496,Hombres,37,Empleado,,2,14:43,,Regresar a Casa,,Su casa,,,,1409700010918,,home,,AUTOMÓVIL PARTICULAR,,120,60,tipo_origen:copia,,changed,,"Decimocuarta revisión: se conserva la decisión de la novena revisión (chain_review_9). Novena revisión: 120 min en AUTOMÓVIL PARTICULAR para 42.1 km en línea recta es más del doble de lo que la encuesta suele reportar para ese modo a esa distancia (60 min, la mediana de 2401 viajes): los minutos son el error, no la hora. Con 60 min llega a las 15:43 y el viaje siguiente sale a las 16:28, 45 min después."
12434,1,1412007580496,Hombres,37,Empleado,,3,16:28 → 16:43,16:28,Trabajar,,Fábrica o taller,,,,home,,1409700010918,,AUTOMÓVIL PARTICULAR,,70,,tipo_origen:copia;hora:llegada,,changed,,"Decimocuarta revisión: la salida queda a las 16:28, la que dan las reglas al leer de nuevo las horas del día tal como lo dejan las decisiones que se conservan (un renglón quitado, minutos de viaje corregidos, un motivo recodificado); sobre el día registrado daban las 16:43."
12434,1,1412007580496,Hombres,37,Empleado,,4,20:00,,Regresar a Casa,,Su casa,,,,1409700010918,,home,,AUTOMÓVIL PARTICULAR,,120,60,tipo_origen:copia,,changed,,"Decimocuarta revisión: se conserva la decisión de la novena revisión (chain_review_9). Novena revisión: 120 min en AUTOMÓVIL PARTICULAR para 42.1 km en línea recta es más del doble de lo que la encuesta suele reportar para ese modo a esa distancia (60 min, la mediana de 2401 viajes): los minutos son el error, no la hora. Es el último viaje del día. Es el mismo recorrido, en el mismo modo, que otro viaje del día cuyos minutos chocaban con la salida siguiente."
12489,1,141200758080A,Hombres,30,Empleado,,1,21:30 → 09:30,21:30,Trabajar,,Fábrica o taller,,Su casa,,home,,1409700340388,,Transporte de personal,,120,60,hora:-12h,,changed,,"Decimocuarta revisión: se conserva la decisión de la novena revisión (chain_review_9). Novena revisión: 120 min en Transporte de personal para 41.6 km en línea recta es más del doble de lo que la encuesta suele reportar para ese modo a esa distancia (60 min, la mediana de 305 viajes): los minutos son el error, no la hora. Con 60 min llega a las 22:30 y el viaje siguiente sale a las 23:20, 50 min después. | Decimocuarta revisión: la salida queda a las 21:30, la que dan las reglas al leer de nuevo las horas del día tal como lo dejan las decisiones que se conservan (un renglón quitado, minutos de viaje corregidos, un motivo recodificado); sobre el día registrado daban las 09:30."
12489,1,141200758080A,Hombres,30,Empleado,,2,11:20 → 23:20,,Regresar a Casa,,Su casa,,,,1409700340388,,home,,Transporte de personal,,120,60,hora:+12h,,changed,,"Decimocuarta revisión: se conserva la decisión de la novena revisión (chain_review_9). Novena revisión: 120 min en Transporte de personal para 41.6 km en línea recta es más del doble de lo que la encuesta suele reportar para ese modo a esa distancia (60 min, la mediana de 305 viajes): los minutos son el error, no la hora. Es el último viaje del día. Es el mismo recorrido, en el mismo modo, que otro viaje del día cuyos minutos chocaban con la salida siguiente. Novena revisión: la salida vuelve a las 23:20, la hora que dan las reglas; la primera revisión la había recorrido a las 23:30, la llegada del viaje anterior con sus 120 min, que esta revisión corrige a 60."
12538,2,1412007580551,Mujeres,50,Hogar,,1,19:00,,Compras (comida),,"Comercio, mercado, tienda o centro comercial",,Su casa,,1412007580744,home,home,1412007580744,A PIE,,5,,,inicio_zona_ajena,,,"Decimocuarta revisión: el primer viaje del día, «Compras (comida)», se registró de 1412007580744 a casa, el siguiente de casa en adelante, y la persona respondió que el día empezó en su casa: 1412007580744 es adonde fue el viaje y no de donde salió (la lectura de la quinta revisión de los registros rotados). El viaje va de casa a 1412007580744 y el siguiente sale de ahí."
12538,2,1412007580551,Mujeres,50,Hogar,,2,19:10,,Regresar a Casa,,Su casa,,,,home,1412007580744,home,,A PIE,,5,,,,,,"Decimocuarta revisión: el primer viaje del día, «Compras (comida)», se registró de 1412007580744 a casa, el siguiente de casa en adelante, y la persona respondió que el día empezó en su casa: 1412007580744 es adonde fue el viaje y no de donde salió (la lectura de la quinta revisión de los registros rotados). El viaje va de casa a 1412007580744 y el siguiente sale de ahí."
12577,2,141200758080A,Hombres,29,Trabajador independiente,,1,05:00,,Trabajar,,"Comercio, mercado, tienda o centro comercial",,Su casa,,home,,999990004,,AUTOMÓVIL PARTICULAR,,120,,,,,,
12577,2,141200758080A,Hombres,29,Trabajador independiente,,2,04:55,14:55,Regresar a Casa,,Su casa,,,,999990004,,home,,AUTOMÓVIL PARTICULAR,,120,,,hora_invertida,,,"Decimocuarta revisión: se toma la lectura de las horas de las tablas anteriores (la primera revisión), una sugerencia entre otras: con las reglas de hoy el día queda con un viaje que sale antes de que llegue el anterior, y con esa lectura con menos de media hora en el trabajo o la escuela. Cambia: viaje 2 04:55 → 14:55, viaje 3 06:55 → 16:55, viaje 4 06:00 → 18:55, viaje 5 19:07 → 21:07, viaje 6 19:25 → 21:25."
12577,2,141200758080A,Hombres,29,Trabajador independiente,,3,06:21 → 06:55,16:55,Trabajar,,"Comercio, mercado, tienda o centro comercial",,,,home,,999990004,,AUTOMÓVIL PARTICULAR,,120,,hora:llegada,,changed,,"Decimocuarta revisión: se toma la lectura de las horas de las tablas anteriores (la primera revisión), una sugerencia entre otras: con las reglas de hoy el día queda con un viaje que sale antes de que llegue el anterior, y con esa lectura con menos de media hora en el trabajo o la escuela. Cambia: viaje 2 04:55 → 14:55, viaje 3 06:55 → 16:55, viaje 4 06:00 → 18:55, viaje 5 19:07 → 21:07, viaje 6 19:25 → 21:25."
12577,2,141200758080A,Hombres,29,Trabajador independiente,,4,06:00,18:55,Regresar a Casa,,Su casa,,,,999990004,,home,,AUTOMÓVIL PARTICULAR,,120,,,hora_invertida,,,"Decimocuarta revisión: se toma la lectura de las horas de las tablas anteriores (la primera revisión), una sugerencia entre otras: con las reglas de hoy el día queda con un viaje que sale antes de que llegue el anterior, y con esa lectura con menos de media hora en el trabajo o la escuela. Cambia: viaje 2 04:55 → 14:55, viaje 3 06:55 → 16:55, viaje 4 06:00 → 18:55, viaje 5 19:07 → 21:07, viaje 6 19:25 → 21:25."
12577,2,141200758080A,Hombres,29,Trabajador independiente,,5,19:07,21:07,Compras (comida),,"Restaurante, bar, cafetería",,,,home,,1412007580797,,A PIE,,9,,,,,,"Decimocuarta revisión: se toma la lectura de las horas de las tablas anteriores (la primera revisión), una sugerencia entre otras: con las reglas de hoy el día queda con un viaje que sale antes de que llegue el anterior, y con esa lectura con menos de media hora en el trabajo o la escuela. Cambia: viaje 2 04:55 → 14:55, viaje 3 06:55 → 16:55, viaje 4 06:00 → 18:55, viaje 5 19:07 → 21:07, viaje 6 19:25 → 21:25."
12577,2,141200758080A,Hombres,29,Trabajador independiente,,6,19:25,21:25,Regresar a Casa,,Su casa,,,,1412007580797,,home,,A PIE,,9,,,,,,"Decimocuarta revisión: se toma la lectura de las horas de las tablas anteriores (la primera revisión), una sugerencia entre otras: con las reglas de hoy el día queda con un viaje que sale antes de que llegue el anterior, y con esa lectura con menos de media hora en el trabajo o la escuela. Cambia: viaje 2 04:55 → 14:55, viaje 3 06:55 → 16:55, viaje 4 06:00 → 18:55, viaje 5 19:07 → 21:07, viaje 6 19:25 → 21:25."
12611,1,1412002312026,Hombres,43,Empleado,,1,08:02,,Compras (comida),,"Comercio, mercado, tienda o centro comercial",,Su casa,,home,,1412002314145,,A PIE,,9,,,,,,
12611,1,1412002312026,Hombres,43,Empleado,,2,08:20,,Regresar a Casa,,Su casa,,,,1412002314145,,home,,A PIE,,9,,,,,,
12611,1,1412002312026,Hombres,43,Empleado,,3,18:00,15:05,Trabajar,,Fábrica o taller,,,,home,,1412000012204,,AUTOMÓVIL PARTICULAR,,55,,,,,,"Decimocuarta revisión: ninguna lectura de las horas cierra el día: con las reglas queda un viaje que sale antes de que llegue el anterior, con la de las tablas anteriores una estancia de cero minutos fuera de casa. Las salidas se mueven lo menos posible (175 min en total) para que ningún viaje salga antes de que llegue el anterior; queda menos de media hora en el trabajo o la escuela. Cambia: viaje 3 18:00 → 15:05."
12611,1,1412002312026,Hombres,43,Empleado,,4,16:00,,Regresar a Casa,,Su casa,,,,1412000012204,,home,,AUTOMÓVIL PARTICULAR,,60,,,hora_invertida,,,
12611,1,1412002312026,Hombres,43,Empleado,,5,19:00,,Pagar algún servicio o al banco,,"Comercio, mercado, tienda o centro comercial",,,,home,,1412002315887,,AUTOMÓVIL PARTICULAR,,15,,,,,,
12611,1,1412002312026,Hombres,43,Empleado,,6,19:30,,Regresar a Casa,,Su casa,,,,1412002315887,,home,,AUTOMÓVIL PARTICULAR,,15,,,,,,
12646,1,1412000013166,Hombres,36,Empleado,,1,08:10,,Trabajar,,Oficina,,Su casa,,home,,1403900011594,,AUTOMÓVIL PARTICULAR,,40,,,,,,
12646,1,1412000013166,Hombres,36,Empleado,,2,03:36,13:36,Regresar a Casa,,Su casa,,,,1403900011594,,home,,AUTOMÓVIL PARTICULAR,,45,,,hora_invertida,,,"Decimocuarta revisión: se toma la lectura de las horas de las tablas anteriores (las reglas anteriores), una sugerencia entre otras: con las reglas de hoy el día queda con un viaje que sale antes de que llegue el anterior, y con esa lectura con menos de media hora en el trabajo o la escuela. Cambia: viaje 2 03:36 → 13:36, viaje 3 05:07 → 15:07, viaje 4 04:00 → 16:00."
12646,1,1412000013166,Hombres,36,Empleado,,3,05:07,15:07,Trabajar,,Oficina,,,,home,,1403900011594,,AUTOMÓVIL PARTICULAR,,40,,,,,,"Decimocuarta revisión: se toma la lectura de las horas de las tablas anteriores (las reglas anteriores), una sugerencia entre otras: con las reglas de hoy el día queda con un viaje que sale antes de que llegue el anterior, y con esa lectura con menos de media hora en el trabajo o la escuela. Cambia: viaje 2 03:36 → 13:36, viaje 3 05:07 → 15:07, viaje 4 04:00 → 16:00."
12646,1,1412000013166,Hombres,36,Empleado,,4,04:00,16:00,Regresar a Casa,,Su casa,,,,1403900011594,,home,,AUTOMÓVIL PARTICULAR,,45,,,hora_invertida,,,"Decimocuarta revisión: se toma la lectura de las horas de las tablas anteriores (las reglas anteriores), una sugerencia entre otras: con las reglas de hoy el día queda con un viaje que sale antes de que llegue el anterior, y con esa lectura con menos de media hora en el trabajo o la escuela. Cambia: viaje 2 03:36 → 13:36, viaje 3 05:07 → 15:07, viaje 4 04:00 → 16:00."
12771,2,1412000620180,Mujeres,29,Empleado,,1,12:50,,Trabajar,,Fábrica o taller,,Su casa,,home,,1403900010238,,AUTOMÓVIL PARTICULAR,,90,45,,,,,"Decimocuarta revisión: se conserva la decisión de la novena revisión (chain_review_9). Novena revisión: 90 min en AUTOMÓVIL PARTICULAR para 19.1 km en línea recta es más del doble de lo que la encuesta suele reportar para ese modo a esa distancia (45 min, la mediana de 4989 viajes): los minutos son el error, no la hora. Con 45 min llega a las 13:35 y el viaje siguiente sale a las 16:45, 190 min después. Es el mismo recorrido, en el mismo modo, que otro viaje del día cuyos minutos chocaban con la salida siguiente."
12771,2,1412000620180,Mujeres,29,Empleado,,2,16:45,,Regresar a Casa,,Su casa,,,,1403900010238,,home,,AUTOMÓVIL PARTICULAR,,90,45,,,,,"Decimocuarta revisión: se conserva la decisión de la novena revisión (chain_review_9). Novena revisión: 90 min en AUTOMÓVIL PARTICULAR para 19.1 km en línea recta es más del doble de lo que la encuesta suele reportar para ese modo a esa distancia (45 min, la mediana de 4989 viajes): los minutos son el error, no la hora. Con 45 min llega a las 17:30 y el viaje siguiente sale a las 18:00, 30 min después."
12771,2,1412000620180,Mujeres,29,Empleado,,3,18:00 → 18:15,18:00,Trabajar,,Fábrica o taller,,,,home,,1403900010238,,AUTOMÓVIL PARTICULAR,,90,45,hora:llegada,,changed,,"Decimocuarta revisión: se conserva la decisión de la novena revisión (chain_review_9). Novena revisión: 90 min en AUTOMÓVIL PARTICULAR para 19.1 km en línea recta es más del doble de lo que la encuesta suele reportar para ese modo a esa distancia (45 min, la mediana de 4989 viajes): los minutos son el error, no la hora. Con 45 min llega a las 18:45 y el viaje siguiente sale a las 21:00, 135 min después. Es el mismo recorrido, en el mismo modo, que otro viaje del día cuyos minutos chocaban con la salida siguiente. Novena revisión: la salida vuelve a las 18:00, la hora que reporta la encuesta: con los minutos de traslado que corrige esta revisión cabe después de la llegada del viaje anterior (17:30); una revisión anterior la había movido a las 18:15 para dejar sitio a los minutos de más. | Decimocuarta revisión: la salida queda a las 18:00, la que dan las reglas al leer de nuevo las horas del día tal como lo dejan las decisiones que se conservan (un renglón quitado, minutos de viaje corregidos, un motivo recodificado); sobre el día registrado daban las 18:15."
12771,2,1412000620180,Mujeres,29,Empleado,,4,21:00,,Regresar a Casa,,Su casa,,,,1403900010238,,home,,AUTOMÓVIL PARTICULAR,,90,45,,,,,"Decimocuarta revisión: se conserva la decisión de la novena revisión (chain_review_9). Novena revisión: 90 min en AUTOMÓVIL PARTICULAR para 19.1 km en línea recta es más del doble de lo que la encuesta suele reportar para ese modo a esa distancia (45 min, la mediana de 4989 viajes): los minutos son el error, no la hora. Es el último viaje del día. Es el mismo recorrido, en el mismo modo, que otro viaje del día cuyos minutos chocaban con la salida siguiente."
12817,1,1412002315726,Mujeres,57,Trabajador independiente,,1,07:00,,Llevar o recoger a alguien,,Oficina,,Su casa,,home,,1412000016599,,AUTOMÓVIL PARTICULAR,,90,,,,,,
12817,1,1412002315726,Mujeres,57,Trabajador independiente,,2,07:30 → 17:30,08:30,Regresar a Casa,,Su casa,,,,1412000016599,,home,,AUTOMÓVIL PARTICULAR,,90,,hora:+10h,,changed,,"Decimocuarta revisión: se toma la lectura de las horas de las tablas anteriores (la duodécima revisión), una sugerencia entre otras: con las reglas de hoy el día queda con una estancia de 8 horas o más en un mandado o una visita, y con esa lectura con ningún problema. Cambia: viaje 2 17:30 → 08:30, viaje 3 20:11 → 18:11, viaje 4 20:29 → 18:29."
12817,1,1412002315726,Mujeres,57,Trabajador independiente,,3,18:11 → 20:11,18:11,Visitar a alguien,,Otra vivienda,,,,home,,1412002315618,,A PIE,,10,,hora:-10h+12h,,changed,,"Decimocuarta revisión: se toma la lectura de las horas de las tablas anteriores (la duodécima revisión), una sugerencia entre otras: con las reglas de hoy el día queda con una estancia de 8 horas o más en un mandado o una visita, y con esa lectura con ningún problema. Cambia: viaje 2 17:30 → 08:30, viaje 3 20:11 → 18:11, viaje 4 20:29 → 18:29."
12817,1,1412002315726,Mujeres,57,Trabajador independiente,,4,18:29 → 20:29,18:29,Regresar a Casa,,Su casa,,,,1412002315618,,home,,A PIE,,10,,hora:-10h+12h,,changed,,"Decimocuarta revisión: se toma la lectura de las horas de las tablas anteriores (la duodécima revisión), una sugerencia entre otras: con las reglas de hoy el día queda con una estancia de 8 horas o más en un mandado o una visita, y con esa lectura con ningún problema. Cambia: viaje 2 17:30 → 08:30, viaje 3 20:11 → 18:11, viaje 4 20:29 → 18:29."
12847,3,1412002312079,Hombres,18,Empleado,,1,11:03,,Trabajar,,"Comercio, mercado, tienda o centro comercial",,Su casa,,home,,1403900011166,,MI MACRO,,112,,,,,,
12847,3,1412002312079,Hombres,18,Empleado,,2,01:01,12:55,Regresar a Casa,,Su casa,,,,1403900011166,,home,,Taxi plataforma (Uber/Didi),,60,,,hora_invertida,,,"Decimocuarta revisión: ninguna lectura de las horas cierra el día: con las reglas queda un viaje que sale antes de que llegue el anterior, con la de las tablas anteriores menos de media hora en el trabajo o la escuela. Las salidas se mueven lo menos posible (714 min en total) para que ningún viaje salga antes de que llegue el anterior; queda menos de media hora en el trabajo o la escuela. Cambia: viaje 2 01:01 → 12:55."
12868,2,1412002314145,Mujeres,33,Empleado,,1,06:00,,Trabajar,,Fábrica o taller,,Su casa,,home,,1412001395980,,AUTOMÓVIL PARTICULAR,,90,25,,,,,"Decimocuarta revisión: se conserva la decisión de la novena revisión (chain_review_9). Novena revisión: 90 min en AUTOMÓVIL PARTICULAR para 4.9 km en línea recta es más del doble de lo que la encuesta suele reportar para ese modo a esa distancia (25 min, la mediana de 5029 viajes): los minutos son el error, no la hora. Con 25 min llega a las 06:25 y el viaje siguiente sale a las 11:49, 324 min después. Es el mismo recorrido, en el mismo modo, que otro viaje del día cuyos minutos chocaban con la salida siguiente."
12868,2,1412002314145,Mujeres,33,Empleado,,2,11:49,,Regresar a Casa,,Su casa,,,,1412001395980,,home,,AUTOMÓVIL PARTICULAR,,90,25,,,,,"Decimocuarta revisión: se conserva la decisión de la novena revisión (chain_review_9). Novena revisión: 90 min en AUTOMÓVIL PARTICULAR para 4.9 km en línea recta es más del doble de lo que la encuesta suele reportar para ese modo a esa distancia (25 min, la mediana de 5029 viajes): los minutos son el error, no la hora. Con 25 min llega a las 12:14 y el viaje siguiente sale a las 13:15, 61 min después."
12868,2,1412002314145,Mujeres,33,Empleado,,3,13:15 → 13:19,13:15,Trabajar,,Fábrica o taller,,,,home,,1412001395980,,AUTOMÓVIL PARTICULAR,,90,25,hora:llegada,,changed,,"Decimocuarta revisión: se conserva la decisión de la novena revisión (chain_review_9). Novena revisión: 90 min en AUTOMÓVIL PARTICULAR para 4.9 km en línea recta es más del doble de lo que la encuesta suele reportar para ese modo a esa distancia (25 min, la mediana de 5029 viajes): los minutos son el error, no la hora. Con 25 min llega a las 13:40 y el viaje siguiente sale a las 16:30, 170 min después. Es el mismo recorrido, en el mismo modo, que otro viaje del día cuyos minutos chocaban con la salida siguiente. Novena revisión: la salida vuelve a las 13:15, la hora que reporta la encuesta: con los minutos de traslado que corrige esta revisión cabe después de la llegada del viaje anterior (12:14); una revisión anterior la había movido a las 13:19 para dejar sitio a los minutos de más. | Decimocuarta revisión: la salida queda a las 13:15, la que dan las reglas al leer de nuevo las horas del día tal como lo dejan las decisiones que se conservan (un renglón quitado, minutos de viaje corregidos, un motivo recodificado); sobre el día registrado daban las 13:19."
12868,2,1412002314145,Mujeres,33,Empleado,,4,16:30,,Regresar a Casa,,Su casa,,,,1412001395980,,home,,AUTOMÓVIL PARTICULAR,,90,25,,,,,"Decimocuarta revisión: se conserva la decisión de la novena revisión (chain_review_9). Novena revisión: 90 min en AUTOMÓVIL PARTICULAR para 4.9 km en línea recta es más del doble de lo que la encuesta suele reportar para ese modo a esa distancia (25 min, la mediana de 5029 viajes): los minutos son el error, no la hora. Es el último viaje del día. Es el mismo recorrido, en el mismo modo, que otro viaje del día cuyos minutos chocaban con la salida siguiente."
12945,2,1412002314179,Hombres,60,Empleado,,1,14:00,02:00,Trabajar,,"Comercio, mercado, tienda o centro comercial",,Su casa,,home,,1403900012111,,AUTOMÓVIL PARTICULAR,,60,,,,,,"Decimocuarta revisión: se toma la lectura de las horas de las tablas anteriores (la primera revisión), una sugerencia entre otras: con las reglas de hoy el día queda con un viaje que sale antes de que llegue el anterior, y con esa lectura con una salida movida a la madrugada. Cambia: viaje 1 14:00 → 02:00, viaje 4 07:00 → 17:00."
12945,2,1412002314179,Hombres,60,Empleado,,2,07:42,,Regresar a Casa,,Su casa,,,,1403900012111,,home,,AUTOMÓVIL PARTICULAR,,35,,,hora_invertida,,,
12945,2,1412002314179,Hombres,60,Empleado,,3,09:09,,Trabajar,,"Comercio, mercado, tienda o centro comercial",,,,home,,1403900012111,,AUTOMÓVIL PARTICULAR,,60,,,,,,
12945,2,1412002314179,Hombres,60,Empleado,,4,07:00,17:00,Regresar a Casa,,Su casa,,,,1403900012111,,home,,AUTOMÓVIL PARTICULAR,,35,,,hora_invertida,,,"Decimocuarta revisión: se toma la lectura de las horas de las tablas anteriores (la primera revisión), una sugerencia entre otras: con las reglas de hoy el día queda con un viaje que sale antes de que llegue el anterior, y con esa lectura con una salida movida a la madrugada. Cambia: viaje 1 14:00 → 02:00, viaje 4 07:00 → 17:00."
12945,2,1412002314179,Hombres,60,Empleado,,5,18:06,,"Compras (bienes, productos y servicios)",,"Comercio, mercado, tienda o centro comercial",,,,home,,1412002313823,,A PIE,,15,,,,,,
12945,2,1412002314179,Hombres,60,Empleado,,6,18:31,,Regresar a Casa,,Su casa,,,,1412002313823,,home,,A PIE,,15,,,,,,
12954,2,141200231415A,Hombres,39,Empleado,,1,17:20,07:20,Trabajar,,Fábrica o taller,,Su casa,,home,,1412000016550,,AUTOMÓVIL PARTICULAR,,60,,,,,,"Decimocuarta revisión: se toma la lectura de las horas de las tablas anteriores (las reglas anteriores), una sugerencia entre otras: con las reglas de hoy el día queda con un viaje que sale antes de que llegue el anterior, y con esa lectura con menos de media hora en el trabajo o la escuela. Cambia: viaje 1 17:20 → 07:20, viaje 4 14:40 → 16:40."
12954,2,141200231415A,Hombres,39,Empleado,,2,13:54,,Regresar a Casa,,Su casa,,,,1412000016550,,home,,AUTOMÓVIL PARTICULAR,,60,,,hora_invertida,,,
12954,2,141200231415A,Hombres,39,Empleado,,3,15:15,,Trabajar,,Fábrica o taller,,,,home,,1412000016550,,AUTOMÓVIL PARTICULAR,,60,,,,,,
12954,2,141200231415A,Hombres,39,Empleado,,4,14:40,16:40,Regresar a Casa,,Su casa,,,,1412000016550,,home,,AUTOMÓVIL PARTICULAR,,60,,,hora_invertida,,,"Decimocuarta revisión: se toma la lectura de las horas de las tablas anteriores (las reglas anteriores), una sugerencia entre otras: con las reglas de hoy el día queda con un viaje que sale antes de que llegue el anterior, y con esa lectura con menos de media hora en el trabajo o la escuela. Cambia: viaje 1 17:20 → 07:20, viaje 4 14:40 → 16:40."
12985,4,1412002314145,Hombres,26,Empleado,,1,06:00,,Trabajar,,Fábrica o taller,,Su casa,,home,,1412002434713,,Transporte de personal,,90,40,,,,,"Decimocuarta revisión: se conserva la decisión de la novena revisión (chain_review_9). Novena revisión: 90 min en Transporte de personal para 10.2 km en línea recta es más del doble de lo que la encuesta suele reportar para ese modo a esa distancia (40 min, la mediana de 494 viajes): los minutos son el error, no la hora. Con 40 min llega a las 06:40 y el viaje siguiente sale a las 17:00, 620 min después. Es el mismo recorrido, en el mismo modo, que otro viaje del día cuyos minutos chocaban con la salida siguiente."
12985,4,1412002314145,Hombres,26,Empleado,,2,17:00,,Regresar a Casa,,Su casa,,,,1412002434713,,home,,Transporte de personal,,90,40,,,,,"Decimocuarta revisión: se conserva la decisión de la novena revisión (chain_review_9). Novena revisión: 90 min en Transporte de personal para 10.2 km en línea recta es más del doble de lo que la encuesta suele reportar para ese modo a esa distancia (40 min, la mediana de 494 viajes): los minutos son el error, no la hora. Con 40 min llega a las 17:40 y el viaje siguiente sale a las 18:19, 39 min después."
12985,4,1412002314145,Hombres,26,Empleado,,3,18:19 → 18:30,18:19,Deportes o recreación,,"Deportivo, gimnasio",,,,home,,home,,A PIE,,14,,hora:llegada,,changed,,"Decimocuarta revisión: la salida queda a las 18:19, la que dan las reglas al leer de nuevo las horas del día tal como lo dejan las decisiones que se conservan (un renglón quitado, minutos de viaje corregidos, un motivo recodificado); sobre el día registrado daban las 18:30."
12985,4,1412002314145,Hombres,26,Empleado,,4,18:37 → 18:44,18:37,Regresar a Casa,,Su casa,,,,home,,home,,A PIE,,14,,hora:llegada,,changed,,"Decimocuarta revisión: la salida queda a las 18:37, la que dan las reglas al leer de nuevo las horas del día tal como lo dejan las decisiones que se conservan (un renglón quitado, minutos de viaje corregidos, un motivo recodificado); sobre el día registrado daban las 18:44."
12987,1,1412002314179,Mujeres,29,Empleado,,1,07:00,,Trabajar,,Oficina,,Su casa,,home,,1412000010405,,AUTOMÓVIL PARTICULAR,,60,,,,,,
12987,1,1412002314179,Mujeres,29,Empleado,,2,14:36,,Regresar a Casa,,Su casa,,,,1412000010405,,home,,AUTOMÓVIL PARTICULAR,,90,45,,,,,"Decimocuarta revisión: se conserva la decisión de la novena revisión (chain_review_9). Novena revisión: 90 min en AUTOMÓVIL PARTICULAR para 13.0 km en línea recta es más del doble de lo que la encuesta suele reportar para ese modo a esa distancia (45 min, la mediana de 4989 viajes): los minutos son el error, no la hora. Con 45 min llega a las 15:21 y el viaje siguiente sale a las 16:04, 43 min después."
12987,1,1412002314179,Mujeres,29,Empleado,,3,16:04 → 16:06,16:04,Trabajar,,Oficina,,,,home,,1412000010405,,AUTOMÓVIL PARTICULAR,,60,,hora:llegada,,changed,,"Decimocuarta revisión: la salida queda a las 16:04, la que dan las reglas al leer de nuevo las horas del día tal como lo dejan las decisiones que se conservan (un renglón quitado, minutos de viaje corregidos, un motivo recodificado); sobre el día registrado daban las 16:06."
12987,1,1412002314179,Mujeres,29,Empleado,,4,20:00,,Regresar a Casa,,Su casa,,,,1412000010405,,home,,AUTOMÓVIL PARTICULAR,,90,45,,,,,"Decimocuarta revisión: se conserva la decisión de la novena revisión (chain_review_9). Novena revisión: 90 min en AUTOMÓVIL PARTICULAR para 13.0 km en línea recta es más del doble de lo que la encuesta suele reportar para ese modo a esa distancia (45 min, la mediana de 4989 viajes): los minutos son el error, no la hora. Es el último viaje del día. Es el mismo recorrido, en el mismo modo, que otro viaje del día cuyos minutos chocaban con la salida siguiente."
12990,1,1412002314179,Hombres,38,Trabajador independiente,,1,07:00,,Trabajar,,"Comercio, mercado, tienda o centro comercial",,Su casa,,home,,1410100010912,,AUTOMÓVIL PARTICULAR,,120,60,,,,,"Decimocuarta revisión: se conserva la decisión de la novena revisión (chain_review_9). Novena revisión: 120 min en AUTOMÓVIL PARTICULAR para 32.6 km en línea recta es más del doble de lo que la encuesta suele reportar para ese modo a esa distancia (60 min, la mediana de 2401 viajes): los minutos son el error, no la hora. Con 60 min llega a las 08:00 y el viaje siguiente sale a las 14:39, 399 min después. Es el mismo recorrido, en el mismo modo, que otro viaje del día cuyos minutos chocaban con la salida siguiente."
12990,1,1412002314179,Hombres,38,Trabajador independiente,,2,14:39,,Regresar a Casa,,Su casa,,,,1410100010912,,home,,AUTOMÓVIL PARTICULAR,,120,60,,,,,"Decimocuarta revisión: se conserva la decisión de la novena revisión (chain_review_9). Novena revisión: 120 min en AUTOMÓVIL PARTICULAR para 32.6 km en línea recta es más del doble de lo que la encuesta suele reportar para ese modo a esa distancia (60 min, la mediana de 2401 viajes): los minutos son el error, no la hora. Con 60 min llega a las 15:39 y el viaje siguiente sale a las 16:24, 45 min después."
12990,1,1412002314179,Hombres,38,Trabajador independiente,,3,16:24 → 16:39,16:24,Trabajar,,"Comercio, mercado, tienda o centro comercial",,,,home,,1410100010912,,AUTOMÓVIL PARTICULAR,,120,60,hora:llegada,,changed,,"Decimocuarta revisión: se conserva la decisión de la novena revisión (chain_review_9). Novena revisión: 120 min en AUTOMÓVIL PARTICULAR para 32.6 km en línea recta es más del doble de lo que la encuesta suele reportar para ese modo a esa distancia (60 min, la mediana de 2401 viajes): los minutos son el error, no la hora. Con 60 min llega a las 17:24 y el viaje siguiente sale a las 20:00, 156 min después. Es el mismo recorrido, en el mismo modo, que otro viaje del día cuyos minutos chocaban con la salida siguiente. Novena revisión: la salida vuelve a las 16:24, la hora que reporta la encuesta: con los minutos de traslado que corrige esta revisión cabe después de la llegada del viaje anterior (15:39); una revisión anterior la había movido a las 16:39 para dejar sitio a los minutos de más. | Decimocuarta revisión: la salida queda a las 16:24, la que dan las reglas al leer de nuevo las horas del día tal como lo dejan las decisiones que se conservan (un renglón quitado, minutos de viaje corregidos, un motivo recodificado); sobre el día registrado daban las 16:39."
12990,1,1412002314179,Hombres,38,Trabajador independiente,,4,20:00,,Regresar a Casa,,Su casa,,,,1410100010912,,home,,AUTOMÓVIL PARTICULAR,,120,60,,,,,"Decimocuarta revisión: se conserva la decisión de la novena revisión (chain_review_9). Novena revisión: 120 min en AUTOMÓVIL PARTICULAR para 32.6 km en línea recta es más del doble de lo que la encuesta suele reportar para ese modo a esa distancia (60 min, la mediana de 2401 viajes): los minutos son el error, no la hora. Es el último viaje del día. Es el mismo recorrido, en el mismo modo, que otro viaje del día cuyos minutos chocaban con la salida siguiente."
13053,1,1412002314164,Hombres,59,Empleado,,1,08:28,,Trabajar,,Fábrica o taller,,Su casa,,home,,1412001395980,,AUTOMÓVIL PARTICULAR,,35,,,,,,
13053,1,1412002314164,Hombres,59,Empleado,,2,04:51,14:51,Regresar a Casa,,Su casa,,,,1412001395980,,home,,AUTOMÓVIL PARTICULAR,,40,,,hora_invertida,,,"Decimocuarta revisión: se toma la lectura de las horas de las tablas anteriores (las reglas anteriores), una sugerencia entre otras: con las reglas de hoy el día queda con un viaje que sale antes de que llegue el anterior, y con esa lectura con menos de media hora en el trabajo o la escuela. Cambia: viaje 2 04:51 → 14:51, viaje 3 06:18 → 16:18, viaje 4 05:20 → 17:20."
13053,1,1412002314164,Hombres,59,Empleado,,3,06:18,16:18,Trabajar,,Fábrica o taller,,,,home,,1412001395980,,AUTOMÓVIL PARTICULAR,,35,,,,,,"Decimocuarta revisión: se toma la lectura de las horas de las tablas anteriores (las reglas anteriores), una sugerencia entre otras: con las reglas de hoy el día queda con un viaje que sale antes de que llegue el anterior, y con esa lectura con menos de media hora en el trabajo o la escuela. Cambia: viaje 2 04:51 → 14:51, viaje 3 06:18 → 16:18, viaje 4 05:20 → 17:20."
13053,1,1412002314164,Hombres,59,Empleado,,4,05:20,17:20,Regresar a Casa,,Su casa,,,,1412001395980,,home,,AUTOMÓVIL PARTICULAR,,40,,,hora_invertida,,,"Decimocuarta revisión: se toma la lectura de las horas de las tablas anteriores (las reglas anteriores), una sugerencia entre otras: con las reglas de hoy el día queda con un viaje que sale antes de que llegue el anterior, y con esa lectura con menos de media hora en el trabajo o la escuela. Cambia: viaje 2 04:51 → 14:51, viaje 3 06:18 → 16:18, viaje 4 05:20 → 17:20."
13088,3,1412002314164,Hombres,25,Empleado,,1,09:30,,Trabajar,,"Comercio, mercado, tienda o centro comercial",,Su casa,,home,,1403900011556,,AUTOMÓVIL PARTICULAR,,70,,,,,,
13088,3,1412002314164,Hombres,25,Empleado,,2,05:33,17:33,Regresar a Casa,,Su casa,,,,1403900011556,,home,,AUTOMÓVIL PARTICULAR,,70,,,hora_invertida,,,"Decimocuarta revisión: se toma la lectura de las horas de las tablas anteriores (la primera revisión), una sugerencia entre otras: con las reglas de hoy el día queda con un viaje que sale antes de que llegue el anterior, y con esa lectura con ningún problema. Cambia: viaje 2 05:33 → 17:33, viaje 3 07:07 → 19:07."
13088,3,1412002314164,Hombres,25,Empleado,,3,07:07,19:07,Trabajar,,"Comercio, mercado, tienda o centro comercial",,,,home,,1403900011556,,AUTOMÓVIL PARTICULAR,,70,,,,,,"Decimocuarta revisión: se toma la lectura de las horas de las tablas anteriores (la primera revisión), una sugerencia entre otras: con las reglas de hoy el día queda con un viaje que sale antes de que llegue el anterior, y con esa lectura con ningún problema. Cambia: viaje 2 05:33 → 17:33, viaje 3 07:07 → 19:07."
13088,3,1412002314164,Hombres,25,Empleado,,4,06:00,,Regresar a Casa,,Su casa,,,,1403900011556,,home,,AUTOMÓVIL PARTICULAR,,70,,,hora_invertida,,,
13149,2,1412000012755,Mujeres,39,Empleado,,1,09:00,,Trabajar,,Otra vivienda,,Su casa,,home,,1403900011132,,AUTOMÓVIL PARTICULAR,,35,,,,,,
13149,2,1412000012755,Mujeres,39,Empleado,,2,04:46,14:46,Regresar a Casa,,Su casa,,,,1403900011132,,home,,AUTOMÓVIL PARTICULAR,,40,,,hora_invertida,,,"Decimocuarta revisión: se toma la lectura de las horas de las tablas anteriores (la primera revisión), una sugerencia entre otras: con las reglas de hoy el día queda con un viaje que sale antes de que llegue el anterior, y con esa lectura con menos de media hora en el trabajo o la escuela. Cambia: viaje 2 04:46 → 14:46, viaje 3 06:14 → 16:14, viaje 4 04:00 → 16:49."
13149,2,1412000012755,Mujeres,39,Empleado,,3,06:14,16:14,Trabajar,,Otra vivienda,,,,home,,1403900011132,,AUTOMÓVIL PARTICULAR,,35,,,,,,"Decimocuarta revisión: se toma la lectura de las horas de las tablas anteriores (la primera revisión), una sugerencia entre otras: con las reglas de hoy el día queda con un viaje que sale antes de que llegue el anterior, y con esa lectura con menos de media hora en el trabajo o la escuela. Cambia: viaje 2 04:46 → 14:46, viaje 3 06:14 → 16:14, viaje 4 04:00 → 16:49."
13149,2,1412000012755,Mujeres,39,Empleado,,4,04:00,16:49,Regresar a Casa,,Su casa,,,,1403900011132,,home,,AUTOMÓVIL PARTICULAR,,40,,,hora_invertida,,,"Decimocuarta revisión: se toma la lectura de las horas de las tablas anteriores (la primera revisión), una sugerencia entre otras: con las reglas de hoy el día queda con un viaje que sale antes de que llegue el anterior, y con esa lectura con menos de media hora en el trabajo o la escuela. Cambia: viaje 2 04:46 → 14:46, viaje 3 06:14 → 16:14, viaje 4 04:00 → 16:49."
13149,2,1412000012755,Mujeres,39,Empleado,,5,18:09,,Llevar o recoger a alguien,,Otra vivienda,,,,home,,1412000014287,,A PIE,,14,,,,,,
13149,2,1412000012755,Mujeres,39,Empleado,,6,18:30,,Regresar a Casa,,Su casa,,,,1412000014287,,home,,A PIE,,14,,,,,,
13154,2,141200142,Mujeres,37,Hogar,,1,21:00,,"Compras (bienes, productos y servicios)",,"Comercio, mercado, tienda o centro comercial",,"Comercio, mercado, tienda o centro comercial",Su casa,1412002434709,home,home,1412002434709,A PIE,,10,,,inicio_fuera_de_casa,,,"Decimocuarta revisión: el viaje 1 se registró de 1412002434709 a casa y el siguiente de casa en adelante; la quinta revisión leyó que 1412002434709 es adonde fue, no de donde salió, sobre la lectura de la primera revisión, que empezaba el día en casa. Ninguna regla empieza hoy este día en casa, así que el origen del viaje 1 es la vivienda y la respuesta de dónde empezó el día, «Su casa». | Decimocuarta revisión: se conserva la decisión de la quinta revisión (chain_review_5). Origen y destino rotados en el registro: el viaje 1 se registró de 1412002434709 a casa y el siguiente de casa a otro lado, así que 1412002434709 (Comercio, mercado, tienda o centro comercial) es adonde fue y no de donde salió. La primera revisión puso el origen en casa pero dejó el destino en casa (un viaje de casa a casa); aquí el destino es 1412002434709. | Decimocuarta revisión: el viaje 1 se registró de 1412002434709 a casa y el siguiente de casa en adelante; la quinta revisión leyó que 1412002434709 es adonde fue, no de donde salió, sobre la lectura de la primera revisión, que empezaba el día en casa. Ninguna regla empieza hoy este día en casa, así que el origen del viaje 1 es la vivienda y la respuesta de dónde empezó el día, «Su casa»."
13154,2,141200142,Mujeres,37,Hogar,,2,10:00 → 22:00,,Regresar a Casa,,Su casa,,,,home,1412002434709,home,,A PIE,,5,,hora:+12h,,changed,,"Decimocuarta revisión: se conserva la decisión de la quinta revisión (chain_review_5). Sale de 1412002434709, donde terminó el viaje anterior (el registro lo daba saliendo de casa)."
13155,3,1412002434713,Hombres,24,Empleado,,1,08:30,,Trabajar,,Otra vivienda,,Su casa,,home,,1412000015266,,AUTOMÓVIL PARTICULAR,,65,,,,,,
13155,3,1412002434713,Hombres,24,Empleado,,2,05:43,15:43,Regresar a Casa,,Su casa,,,,1412000015266,,home,,AUTOMÓVIL PARTICULAR,,70,,,hora_invertida,,,"Decimocuarta revisión: se toma la lectura de las horas de las tablas anteriores (la primera revisión), una sugerencia entre otras: con las reglas de hoy el día queda con un viaje que sale antes de que llegue el anterior, y con esa lectura con menos de media hora en el trabajo o la escuela. Cambia: viaje 2 05:43 → 15:43, viaje 3 07:25 → 17:25, viaje 4 06:30 → 18:30, viaje 5 19:04 → 21:04, viaje 6 19:16 → 21:16."
13155,3,1412002434713,Hombres,24,Empleado,,3,07:25,17:25,Trabajar,,Otra vivienda,,,,home,,1412000015266,,AUTOMÓVIL PARTICULAR,,65,,,,,,"Decimocuarta revisión: se toma la lectura de las horas de las tablas anteriores (la primera revisión), una sugerencia entre otras: con las reglas de hoy el día queda con un viaje que sale antes de que llegue el anterior, y con esa lectura con menos de media hora en el trabajo o la escuela. Cambia: viaje 2 05:43 → 15:43, viaje 3 07:25 → 17:25, viaje 4 06:30 → 18:30, viaje 5 19:04 → 21:04, viaje 6 19:16 → 21:16."
13155,3,1412002434713,Hombres,24,Empleado,,4,06:30,18:30,Regresar a Casa,,Su casa,,,,1412000015266,,home,,AUTOMÓVIL PARTICULAR,,70,,,hora_invertida,,,"Decimocuarta revisión: se toma la lectura de las horas de las tablas anteriores (la primera revisión), una sugerencia entre otras: con las reglas de hoy el día queda con un viaje que sale antes de que llegue el anterior, y con esa lectura con menos de media hora en el trabajo o la escuela. Cambia: viaje 2 05:43 → 15:43, viaje 3 07:25 → 17:25, viaje 4 06:30 → 18:30, viaje 5 19:04 → 21:04, viaje 6 19:16 → 21:16."
13155,3,1412002434713,Hombres,24,Empleado,,5,19:04,21:04,Otros (especifique),,Otros (especifique),,,,home,,1412001395995,,A PIE,,4,,,,,,"Decimocuarta revisión: se toma la lectura de las horas de las tablas anteriores (la primera revisión), una sugerencia entre otras: con las reglas de hoy el día queda con un viaje que sale antes de que llegue el anterior, y con esa lectura con menos de media hora en el trabajo o la escuela. Cambia: viaje 2 05:43 → 15:43, viaje 3 07:25 → 17:25, viaje 4 06:30 → 18:30, viaje 5 19:04 → 21:04, viaje 6 19:16 → 21:16."
13155,3,1412002434713,Hombres,24,Empleado,,6,19:16,21:16,Regresar a Casa,,Su casa,,,,1412001395995,,home,,A PIE,,4,,,,,,"Decimocuarta revisión: se toma la lectura de las horas de las tablas anteriores (la primera revisión), una sugerencia entre otras: con las reglas de hoy el día queda con un viaje que sale antes de que llegue el anterior, y con esa lectura con menos de media hora en el trabajo o la escuela. Cambia: viaje 2 05:43 → 15:43, viaje 3 07:25 → 17:25, viaje 4 06:30 → 18:30, viaje 5 19:04 → 21:04, viaje 6 19:16 → 21:16."
13157,2,141200142,Hombres,53,Empleado,,1,05:30,,Trabajar,,"Comercio, mercado, tienda o centro comercial",,Su casa,,home,,1403900015366,,AUTOMÓVIL PARTICULAR,,120,45,,,,,"Decimocuarta revisión: se conserva la decisión de la novena revisión (chain_review_9). Novena revisión: 120 min en AUTOMÓVIL PARTICULAR para 19.8 km en línea recta es más del doble de lo que la encuesta suele reportar para ese modo a esa distancia (45 min, la mediana de 4989 viajes): los minutos son el error, no la hora. Con 45 min llega a las 06:15 y el viaje siguiente sale a las 08:38, 143 min después. Es el mismo recorrido, en el mismo modo, que otro viaje del día cuyos minutos chocaban con la salida siguiente."
13157,2,141200142,Hombres,53,Empleado,,2,08:38,,Regresar a Casa,,Su casa,,,,1403900015366,,home,,AUTOMÓVIL PARTICULAR,,120,45,,,,,"Decimocuarta revisión: se conserva la decisión de la novena revisión (chain_review_9). Novena revisión: 120 min en AUTOMÓVIL PARTICULAR para 19.8 km en línea recta es más del doble de lo que la encuesta suele reportar para ese modo a esa distancia (45 min, la mediana de 4989 viajes): los minutos son el error, no la hora. Con 45 min llega a las 09:23 y el viaje siguiente sale a las 10:02, 39 min después. Es el mismo recorrido, en el mismo modo, que otro viaje del día cuyos minutos chocaban con la salida siguiente."
13157,2,141200142,Hombres,53,Empleado,,3,10:02 → 10:38,10:02,Trabajar,,"Comercio, mercado, tienda o centro comercial",,,,home,,1403900015366,,AUTOMÓVIL PARTICULAR,,120,45,hora:llegada,,changed,,"Decimocuarta revisión: se conserva la decisión de la novena revisión (chain_review_9). Novena revisión: 120 min en AUTOMÓVIL PARTICULAR para 19.8 km en línea recta es más del doble de lo que la encuesta suele reportar para ese modo a esa distancia (45 min, la mediana de 4989 viajes): los minutos son el error, no la hora. Con 45 min llega a las 10:47 y el viaje siguiente sale a las 12:00, 73 min después. Novena revisión: la salida vuelve a las 10:02, la hora que reporta la encuesta: con los minutos de traslado que corrige esta revisión cabe después de la llegada del viaje anterior (09:23); la regla de horas la había movido a las 12:02 para dejar sitio a los minutos de más. | Decimocuarta revisión: la salida queda a las 10:02, la que dan las reglas al leer de nuevo las horas del día tal como lo dejan las decisiones que se conservan (un renglón quitado, minutos de viaje corregidos, un motivo recodificado); sobre el día registrado daban las 10:38."
13157,2,141200142,Hombres,53,Empleado,,4,12:00 → 12:38,12:00,Regresar a Casa,,Su casa,,,,1403900015366,,home,,AUTOMÓVIL PARTICULAR,,120,45,hora:llegada,,changed,,"Decimocuarta revisión: se conserva la decisión de la novena revisión (chain_review_9). Novena revisión: 120 min en AUTOMÓVIL PARTICULAR para 19.8 km en línea recta es más del doble de lo que la encuesta suele reportar para ese modo a esa distancia (45 min, la mediana de 4989 viajes): los minutos son el error, no la hora. Con 45 min llega a las 12:45 y el viaje siguiente sale a las 19:15, 390 min después. Es el mismo recorrido, en el mismo modo, que otro viaje del día cuyos minutos chocaban con la salida siguiente. Novena revisión: la salida vuelve a las 12:00, la hora que reporta la encuesta: con los minutos de traslado que corrige esta revisión cabe después de la llegada del viaje anterior (10:47); una revisión anterior la había movido a las 14:02 para dejar sitio a los minutos de más. | Decimocuarta revisión: la salida queda a las 12:00, la que dan las reglas al leer de nuevo las horas del día tal como lo dejan las decisiones que se conservan (un renglón quitado, minutos de viaje corregidos, un motivo recodificado); sobre el día registrado daban las 12:38."
13157,2,141200142,Hombres,53,Empleado,,5,19:15,,"Compras (bienes, productos y servicios)",,"Comercio, mercado, tienda o centro comercial",,,,home,,home,,A PIE,,9,,,,,,
13157,2,141200142,Hombres,53,Empleado,,6,19:27,,Regresar a Casa,,Su casa,,,,home,,home,,A PIE,,9,,,,,,
13218,2,141200142,Hombres,62,Empleado,,1,21:00,09:00,Trabajar,,Oficina,,Su casa,,home,,1412000010617,,AUTOMÓVIL PARTICULAR,,35,,,,,,"Decimocuarta revisión: se toma la lectura de las horas de las tablas anteriores (la primera revisión y la décima revisión), una sugerencia entre otras: con las reglas de hoy el día queda con un viaje que sale antes de que llegue el anterior, y con esa lectura con ningún problema. Cambia: viaje 1 21:00 → 09:00, viaje 4 15:00 → 21:00."
13218,2,141200142,Hombres,62,Empleado,,2,15:53,,Regresar a Casa,,Su casa,,,,1412000010617,,home,,AUTOMÓVIL PARTICULAR,,35,,,hora_invertida,,,
13218,2,141200142,Hombres,62,Empleado,,3,17:00,,Trabajar,,Oficina,,,,home,,1412000010617,,AUTOMÓVIL PARTICULAR,,35,,,,,,
13218,2,141200142,Hombres,62,Empleado,,4,15:00,21:00,Regresar a Casa,,Su casa,,,,1412000010617,,home,,AUTOMÓVIL PARTICULAR,,35,,,hora_invertida,,,"Decimocuarta revisión: se toma la lectura de las horas de las tablas anteriores (la primera revisión y la décima revisión), una sugerencia entre otras: con las reglas de hoy el día queda con un viaje que sale antes de que llegue el anterior, y con esa lectura con ningún problema. Cambia: viaje 1 21:00 → 09:00, viaje 4 15:00 → 21:00."
13254,3,1412001395980,Mujeres,20,Empleado,,1,07:02,,Trabajar,,Fábrica o taller,,Su casa,,home,,141200104,,AUTOMÓVIL PARTICULAR,,15,,,,,,
13254,3,1412001395980,Mujeres,20,Empleado,,2,17:09,,Regresar a Casa,Otros (especifique),Su casa,Otros (especifique),,,141200104,,1412000010405,,AUTOMÓVIL PARTICULAR,,20,,,regreso_sin_llegar,,,"Decimocuarta revisión: el regreso a casa termina en 1412000010405, que no es el AGEB del hogar, y el día sigue desde ahí o vuelve a él; ni el tipo de lugar ni los demás viajes de la persona dicen qué hizo: «Otros», el propósito O que el modelo ya le daba."
13254,3,1412001395980,Mujeres,20,Empleado,,3,18:02,,Regresar a Casa,,Su casa,,,,1412000010405,,home,,A PIE,,10,,,,,,
13257,3,1412002434709,Mujeres,37,Empleado,,1,06:50,,Trabajar,,Fábrica o taller,,Su casa,,home,,1412000016599,,AUTOMÓVIL PARTICULAR,,90,40,,,,,"Decimocuarta revisión: se conserva la decisión de la novena revisión (chain_review_9). Novena revisión: 90 min en AUTOMÓVIL PARTICULAR para 9.1 km en línea recta es más del doble de lo que la encuesta suele reportar para ese modo a esa distancia (40 min, la mediana de 5474 viajes): los minutos son el error, no la hora. Con 40 min llega a las 07:30 y el viaje siguiente sale a las 10:47, 197 min después. Es el mismo recorrido, en el mismo modo, que otro viaje del día cuyos minutos chocaban con la salida siguiente."
13257,3,1412002434709,Mujeres,37,Empleado,,2,10:47,,Regresar a Casa,,Su casa,,,,1412000016599,,home,,AUTOMÓVIL PARTICULAR,,90,40,,,,,"Decimocuarta revisión: se conserva la decisión de la novena revisión (chain_review_9). Novena revisión: 90 min en AUTOMÓVIL PARTICULAR para 9.1 km en línea recta es más del doble de lo que la encuesta suele reportar para ese modo a esa distancia (40 min, la mediana de 5474 viajes): los minutos son el error, no la hora. Con 40 min llega a las 11:27 y el viaje siguiente sale a las 12:10, 43 min después."
13257,3,1412002434709,Mujeres,37,Empleado,,3,12:10 → 12:17,12:10,Trabajar,,Fábrica o taller,,,,home,,1412000016599,,AUTOMÓVIL PARTICULAR,,90,40,hora:llegada,,changed,,"Decimocuarta revisión: se conserva la decisión de la novena revisión (chain_review_9). Novena revisión: 90 min en AUTOMÓVIL PARTICULAR para 9.1 km en línea recta es más del doble de lo que la encuesta suele reportar para ese modo a esa distancia (40 min, la mediana de 5474 viajes): los minutos son el error, no la hora. Con 40 min llega a las 12:50 y el viaje siguiente sale a las 15:00, 130 min después. Es el mismo recorrido, en el mismo modo, que otro viaje del día cuyos minutos chocaban con la salida siguiente. Novena revisión: la salida vuelve a las 12:10, la hora que reporta la encuesta: con los minutos de traslado que corrige esta revisión cabe después de la llegada del viaje anterior (11:27); una revisión anterior la había movido a las 12:17 para dejar sitio a los minutos de más. | Decimocuarta revisión: la salida queda a las 12:10, la que dan las reglas al leer de nuevo las horas del día tal como lo dejan las decisiones que se conservan (un renglón quitado, minutos de viaje corregidos, un motivo recodificado); sobre el día registrado daban las 12:17."
13257,3,1412002434709,Mujeres,37,Empleado,,4,15:00,,Regresar a Casa,,Su casa,,,,1412000016599,,home,,AUTOMÓVIL PARTICULAR,,90,40,,,,,"Decimocuarta revisión: se conserva la decisión de la novena revisión (chain_review_9). Novena revisión: 90 min en AUTOMÓVIL PARTICULAR para 9.1 km en línea recta es más del doble de lo que la encuesta suele reportar para ese modo a esa distancia (40 min, la mediana de 5474 viajes): los minutos son el error, no la hora. Es el último viaje del día. Es el mismo recorrido, en el mismo modo, que otro viaje del día cuyos minutos chocaban con la salida siguiente."
13388,5,1412000011278,Hombres,7,Estudiante,,1,10:05,,Deportes o recreación,,Centro cultural o área recreativa,,Su casa,,home,,1403900011359,,AUTOMÓVIL PARTICULAR,,60,30,,,,,"Decimocuarta revisión: se conserva la decisión de la novena revisión (chain_review_9). Novena revisión: 60 min en AUTOMÓVIL PARTICULAR para 8.0 km en línea recta es más del doble de lo que la encuesta suele reportar para ese modo a esa distancia (30 min, la mediana de 5549 viajes): los minutos son el error, no la hora. Con 30 min llega a las 10:35 y el viaje siguiente sale a las 17:09, 394 min después. Es el mismo recorrido, en el mismo modo, que otro viaje del día cuyos minutos chocaban con la salida siguiente."
13388,5,1412000011278,Hombres,7,Estudiante,,2,17:09,,Regresar a Casa,,Su casa,,,,1403900011359,,home,,AUTOMÓVIL PARTICULAR,,60,30,,,,,"Decimocuarta revisión: se conserva la decisión de la novena revisión (chain_review_9). Novena revisión: 60 min en AUTOMÓVIL PARTICULAR para 8.0 km en línea recta es más del doble de lo que la encuesta suele reportar para ese modo a esa distancia (30 min, la mediana de 5549 viajes): los minutos son el error, no la hora. Con 30 min llega a las 17:39 y el viaje siguiente sale a las 18:05, 26 min después."
13388,5,1412000011278,Hombres,7,Estudiante,,3,18:05 → 18:09,18:05,Otros (especifique),,Otros (especifique),,,,home,,1412000013217,,A PIE,,4,,hora:llegada,,changed,,"Decimocuarta revisión: la salida queda a las 18:05, la que dan las reglas al leer de nuevo las horas del día tal como lo dejan las decisiones que se conservan (un renglón quitado, minutos de viaje corregidos, un motivo recodificado); sobre el día registrado daban las 18:09."
13388,5,1412000011278,Hombres,7,Estudiante,,4,18:17,,Regresar a Casa,,Su casa,,,,1412000013217,,home,,A PIE,,4,,,,,,
13478,2,1412000014291,Hombres,59,Empleado,,1,19:30,09:30,Trabajar,,Centro cultural o área recreativa,,Su casa,,home,,1403900010365,,AUTOMÓVIL PARTICULAR,,25,,,,,,"Decimocuarta revisión: se toma la lectura de las horas de las tablas anteriores (la primera revisión y la décima revisión), una sugerencia entre otras: con las reglas de hoy el día queda con un viaje que sale antes de que llegue el anterior, y con esa lectura con ningún problema. Cambia: viaje 1 19:30 → 09:30, viaje 4 14:00 → 19:30."
13478,2,1412000014291,Hombres,59,Empleado,,2,14:40,,Regresar a Casa,,Su casa,,,,1403900010365,,home,,AUTOMÓVIL PARTICULAR,,30,,,hora_invertida,,,
13478,2,1412000014291,Hombres,59,Empleado,,3,16:19,,Trabajar,,Centro cultural o área recreativa,,,,home,,1403900010365,,AUTOMÓVIL PARTICULAR,,25,,,,,,
13478,2,1412000014291,Hombres,59,Empleado,,4,14:00,19:30,Regresar a Casa,,Su casa,,,,1403900010365,,home,,AUTOMÓVIL PARTICULAR,,30,,,hora_invertida,,,"Decimocuarta revisión: se toma la lectura de las horas de las tablas anteriores (la primera revisión y la décima revisión), una sugerencia entre otras: con las reglas de hoy el día queda con un viaje que sale antes de que llegue el anterior, y con esa lectura con ningún problema. Cambia: viaje 1 19:30 → 09:30, viaje 4 14:00 → 19:30."
13535,3,141200001454A,Hombres,27,Empleado,,1,07:30,,Trabajar,,"Comercio, mercado, tienda o centro comercial",,Su casa,,home,,1412000014535,,AUTOMÓVIL PARTICULAR,,40,,,,,,
13535,3,141200001454A,Hombres,27,Empleado,,2,17:00,,Regresar a Casa,,Su casa,,,,1412000014535,,home,,CAMIÓN O AUTOBÚS,,70,20,,,,,"Decimocuarta revisión: se conserva la decisión de la novena revisión (chain_review_9). Novena revisión: 70 min en CAMIÓN O AUTOBÚS para 1.1 km en línea recta es más del doble de lo que la encuesta suele reportar para ese modo a esa distancia (20 min, la mediana de 3335 viajes): los minutos son el error, no la hora. Con 20 min llega a las 17:20 y el viaje siguiente sale a las 18:00, 40 min después."
13535,3,141200001454A,Hombres,27,Empleado,,3,18:00 → 18:10,18:00,Trabajar,,"Comercio, mercado, tienda o centro comercial",,,,home,,1412000013611,,A PIE,,15,,hora:llegada,,changed,,"Decimocuarta revisión: la salida queda a las 18:00, la que dan las reglas al leer de nuevo las horas del día tal como lo dejan las decisiones que se conservan (un renglón quitado, minutos de viaje corregidos, un motivo recodificado); sobre el día registrado daban las 18:10."
13535,3,141200001454A,Hombres,27,Empleado,,4,19:24,,Regresar a Casa,,Su casa,,,,1412000013611,,home,,A PIE,,15,,,,,,
13549,3,140973679,Mujeres,29,Empleado,,1,05:00,,Trabajar,,Fábrica o taller,,Su casa,,home,,1412000016423,,CAMIÓN O AUTOBÚS,,120,,,,,,
13549,3,140973679,Mujeres,29,Empleado,,2,17:00,15:44,Regresar a Casa,,Su casa,,,,1412000016423,,home,,MI MACRO,,120,,,,,,"Decimocuarta revisión: ninguna lectura de las horas cierra el día: con las reglas queda un viaje que sale antes de que llegue el anterior, con la de las tablas anteriores menos de media hora en el trabajo o la escuela. Las salidas se mueven lo menos posible (76 min en total) para que ningún viaje salga antes de que llegue el anterior; queda menos de media hora en el trabajo o la escuela. Cambia: viaje 2 17:00 → 15:44."
13549,3,140973679,Mujeres,29,Empleado,,3,17:44,,Trabajar,,Fábrica o taller,,,,home,,home,,A PIE,,5,,,hora_invertida,,,
13549,3,140973679,Mujeres,29,Empleado,,4,18:17,,Regresar a Casa,,Su casa,,,,home,,home,,A PIE,,5,,,,,,
13556,4,1412000016902,Hombres,24,Estudiante,,1,05:00,,Estudiar,,Escuela,,Su casa,,home,,1403900013143,,CAMIÓN O AUTOBÚS,,90,,,,,,
13556,4,1412000016902,Hombres,24,Estudiante,,2,14:00,10:40,Regresar a Casa,,Su casa,,,,1403900013143,,home,,CAMIÓN O AUTOBÚS,,80,,,,,,"Decimocuarta revisión: ninguna lectura de las horas cierra el día: con las reglas queda un viaje que sale antes de que llegue el anterior, con la de las tablas anteriores ningún problema. Las salidas se mueven lo menos posible (200 min en total) para que ningún viaje salga antes de que llegue el anterior; queda ningún problema. Cambia: viaje 2 14:00 → 10:40."
13556,4,1412000016902,Hombres,24,Estudiante,,3,12:00,,Llevar o recoger a alguien,,Escuela,,,,home,,141200001689A,,AUTOMÓVIL PARTICULAR,,15,,,hora_invertida,,,
13556,4,1412000016902,Hombres,24,Estudiante,,4,12:20,,Regresar a Casa,,Su casa,,,,141200001689A,,home,,AUTOMÓVIL PARTICULAR,,15,,,,,,
13587,2,1409708634111,Mujeres,24,,,1,11:00,,Compras (comida),,"Comercio, mercado, tienda o centro comercial",,Su casa,,home,,1409800011928,,MOTOCICLETA,,100,45,,,,,"Decimocuarta revisión: se conserva la decisión de la novena revisión (chain_review_9). Novena revisión: 100 min en MOTOCICLETA para 21.2 km en línea recta es más del doble de lo que la encuesta suele reportar para ese modo a esa distancia (45 min, la mediana de 150 viajes): los minutos son el error, no la hora. Con 45 min llega a las 11:45 y el viaje siguiente sale a las 16:30, 285 min después. Es el mismo recorrido, en el mismo modo, que otro viaje del día cuyos minutos chocaban con la salida siguiente."
13587,2,1409708634111,Mujeres,24,,,2,16:30,,Regresar a Casa,,Su casa,,,,1409800011928,,home,,MOTOCICLETA,,100,45,,,,,"Decimocuarta revisión: se conserva la decisión de la novena revisión (chain_review_9). Novena revisión: 100 min en MOTOCICLETA para 21.2 km en línea recta es más del doble de lo que la encuesta suele reportar para ese modo a esa distancia (45 min, la mediana de 150 viajes): los minutos son el error, no la hora. Con 45 min llega a las 17:15 y el viaje siguiente sale a las 18:07, 52 min después."
13587,2,1409708634111,Mujeres,24,,,3,— → 18:10,,— → Compras (comida),,"— → Comercio, mercado, tienda o centro comercial",,,,home,,home,,A PIE,,14,,hora:vecinos;motivo:vecinos;hora:llegada,,changed,,
13587,2,1409708634111,Mujeres,24,,,4,18:21 → 18:24,,Regresar a Casa,,Su casa,,,,home,,home,,A PIE,,14,,hora:llegada,,changed,,
13603,4,1407000201382,Hombres,24,Empleado,,1,21:00,09:00,Trabajar,,"Comercio, mercado, tienda o centro comercial",,Su casa,,home,,14097059A,,AUTOMÓVIL PARTICULAR,,120,30,,,,,"Decimocuarta revisión: se conserva la decisión de la novena revisión (chain_review_9). Novena revisión: 120 min en AUTOMÓVIL PARTICULAR para 5.5 km en línea recta es más del doble de lo que la encuesta suele reportar para ese modo a esa distancia (30 min, la mediana de 5549 viajes): los minutos son el error, no la hora. Con 30 min llega a las 09:30 y el viaje siguiente sale a las 20:32, 662 min después. Es el mismo recorrido, en el mismo modo, que otro viaje del día cuyos minutos chocaban con la salida siguiente. | Decimocuarta revisión: la salida queda a las 09:00, la que dan las reglas al leer de nuevo las horas del día tal como lo dejan las decisiones que se conservan (un renglón quitado, minutos de viaje corregidos, un motivo recodificado); sobre el día registrado daban las 21:00."
13603,4,1407000201382,Hombres,24,Empleado,,2,20:32,,Regresar a Casa,,Su casa,,,,14097059A,,home,,AUTOMÓVIL PARTICULAR,,120,30,,hora_invertida,,,"Decimocuarta revisión: se conserva la decisión de la novena revisión (chain_review_9). Novena revisión: 120 min en AUTOMÓVIL PARTICULAR para 5.5 km en línea recta es más del doble de lo que la encuesta suele reportar para ese modo a esa distancia (30 min, la mediana de 5549 viajes): los minutos son el error, no la hora. Con 30 min llega a las 21:02 y el viaje siguiente sale a las 22:00, 58 min después."
13603,4,1407000201382,Hombres,24,Empleado,,3,22:00 → 22:32,22:00,Trabajar,,"Comercio, mercado, tienda o centro comercial",,,,home,,14097059A,,AUTOMÓVIL PARTICULAR,,120,30,hora:llegada,,changed,,"Decimocuarta revisión: se conserva la decisión de la novena revisión (chain_review_9). Novena revisión: 120 min en AUTOMÓVIL PARTICULAR para 5.5 km en línea recta es más del doble de lo que la encuesta suele reportar para ese modo a esa distancia (30 min, la mediana de 5549 viajes): los minutos son el error, no la hora. Con 30 min llega a las 22:30 y el viaje siguiente sale a las 23:01, 31 min después. Novena revisión: la salida vuelve a las 22:00, la hora que reporta la encuesta: con los minutos de traslado que corrige esta revisión cabe después de la llegada del viaje anterior (21:02); una revisión anterior la había movido a las 22:32 para dejar sitio a los minutos de más. | Decimocuarta revisión: la salida queda a las 22:00, la que dan las reglas al leer de nuevo las horas del día tal como lo dejan las decisiones que se conservan (un renglón quitado, minutos de viaje corregidos, un motivo recodificado); sobre el día registrado daban las 22:32."
13603,4,1407000201382,Hombres,24,Empleado,,4,23:01,,Regresar a Casa,,Su casa,,,,14097059A,,home,,AUTOMÓVIL PARTICULAR,,120,30,,hora_invertida;hora_2301,,,"Decimocuarta revisión: se conserva la decisión de la novena revisión (chain_review_9). Novena revisión: 120 min en AUTOMÓVIL PARTICULAR para 5.5 km en línea recta es más del doble de lo que la encuesta suele reportar para ese modo a esa distancia (30 min, la mediana de 5549 viajes): los minutos son el error, no la hora. Es el último viaje del día. Es el mismo recorrido, en el mismo modo, que otro viaje del día cuyos minutos chocaban con la salida siguiente. Novena revisión: la salida vuelve a las 23:01, la hora que reporta la encuesta: con los minutos de traslado que corrige esta revisión cabe después de la llegada del viaje anterior (22:30); una revisión anterior la había movido a las 00:32 para dejar sitio a los minutos de más."
13626,4,1407000200789,Mujeres,8,Estudiante,,1,13:01,,Al médico o atención de salud,,"Hospital, clínica, consultorio, laboratorio clínico",,Su casa,,home,,1403900012319,,TREN LIGERO,,98,,,,,,
13626,4,1407000200789,Mujeres,8,Estudiante,,2,12:00,14:39,Regresar a Casa,,Su casa,,,,1403900012319,,home,,AUTOMÓVIL PARTICULAR,,45,,,hora_invertida,,,"Decimocuarta revisión: ninguna lectura de las horas cierra el día: con las reglas queda un viaje que sale antes de que llegue el anterior, con la de las tablas anteriores una estancia de 8 horas o más en un mandado o una visita. Las salidas se mueven lo menos posible (159 min en total) para que ningún viaje salga antes de que llegue el anterior; queda una estancia de cero minutos fuera de casa. Cambia: viaje 2 12:00 → 14:39."
13646,3,1410101902374,Hombres,24,Empleado,,1,08:22,,Deportes o recreación,,Centro cultural o área recreativa,,Su casa,,home,,1407001211518,,A PIE,,8,,,,,,
13646,3,1410101902374,Hombres,24,Empleado,,2,08:38,,Regresar a Casa,,Su casa,,,,1407001211518,,home,,A PIE,,8,,,,,,
13646,3,1410101902374,Hombres,24,Empleado,,3,20:00,10:00,Trabajar,,"Comercio, mercado, tienda o centro comercial",,,,home,,1403900013961,,MOTOCICLETA,,90,,,,,,"Decimocuarta revisión: se toma la lectura de las horas de las tablas anteriores (la primera revisión), una sugerencia entre otras: con las reglas de hoy el día queda con un viaje que sale antes de que llegue el anterior, y con esa lectura con ningún problema. Cambia: viaje 3 20:00 → 10:00, viaje 4 19:00 → 21:30."
13646,3,1410101902374,Hombres,24,Empleado,,4,19:00,21:30,Regresar a Casa,,Su casa,,,,1403900013961,,home,,MOTOCICLETA,,90,,,hora_invertida,,,"Decimocuarta revisión: se toma la lectura de las horas de las tablas anteriores (la primera revisión), una sugerencia entre otras: con las reglas de hoy el día queda con un viaje que sale antes de que llegue el anterior, y con esa lectura con ningún problema. Cambia: viaje 3 20:00 → 10:00, viaje 4 19:00 → 21:30."
13708,1,141200123,Mujeres,60,Trabajador independiente,,1,11:00,,Visitar a alguien,,Otra vivienda,,Su casa,,141200001098A → home,,141011963,,TREN LIGERO,,75,,origen:respuesta,,changed,,
13708,1,141200123,Mujeres,60,Trabajador independiente,,2,16:01,,Regresar a Casa,,Su casa,,,,141011963,,141200001098A,home,TREN LIGERO,,75,,,regreso_sin_llegar;fin_fuera_de_casa,,,"Decimocuarta revisión: el regreso a casa, último viaje del día, termina en 141200001098A, un AGEB que no es el del hogar y que ningún otro viaje del día toca; el motivo y el tipo de lugar dicen «Su casa»: termina en la vivienda, geocodificada en otro AGEB."
13710,3,141240029,Hombres,19,,,1,18:00,,Visitar a alguien,,Otra vivienda,,Su casa,,1410100010931 → home,,141010001097A,,MOTOCICLETA,,60,,origen:respuesta,,changed,,
13710,3,141240029,Hombres,19,,,2,23:01,,Regresar a Casa,,Su casa,,,,141010001097A,,1410100010931,home,MOTOCICLETA,,60,,,regreso_sin_llegar;fin_fuera_de_casa;hora_2301,,,"Decimocuarta revisión: el regreso a casa, último viaje del día, termina en 1410100010931, un AGEB que no es el del hogar y que ningún otro viaje del día toca; el motivo y el tipo de lugar dicen «Su casa»: termina en la vivienda, geocodificada en otro AGEB."
13750,4,141200001739A,Hombres,22,Empleado,yes,1,06:09,,Regresar a Casa,,Su casa,,Fábrica o taller,,1407000131471,,home,,Transporte de personal,,70,,,inicio_fuera_de_casa,,,
13750,4,141200001739A,Hombres,22,Empleado,yes,2,21:02 → 09:02,21:02,Trabajar,,Fábrica o taller,,,,home,,1407000130238,,Transporte de personal,,90,,hora:-12h,,changed,,"Decimocuarta revisión: la salida queda a las 21:02, la que dan las reglas al leer de nuevo las horas del día tal como lo dejan las decisiones que se conservan (un renglón quitado, minutos de viaje corregidos, un motivo recodificado); sobre el día registrado daban las 09:02."
13750,4,141200001739A,Hombres,22,Empleado,yes,3,20:02,,Regresar a Casa,,Su casa,,,,1407000130238,,home,,Transporte de personal,,90,,,,,dropped,"Decimocuarta revisión: se conserva la decisión de la segunda revisión (chain_review_2). Turno nocturno: el día empieza con el regreso de la mañana desde el trabajo (viaje 1, 06:09) y sale a trabajar a las 21:02. Este renglón es el regreso de la mañana siguiente, fuera del día de la encuesta y repetición del viaje 1: se descarta; el día termina en el trabajo."
13755,1,141240029,Mujeres,42,Empleado,,1,14:00,02:00,Trabajar,,"Comercio, mercado, tienda o centro comercial",,Su casa,,home,,1412400010175,,AUTOMÓVIL PARTICULAR,,45,,,,,,"Decimocuarta revisión: se toma la lectura de las horas de las tablas anteriores (la primera revisión), una sugerencia entre otras: con las reglas de hoy el día queda con un viaje que sale antes de que llegue el anterior, y con esa lectura con una salida movida a la madrugada. Cambia: viaje 1 14:00 → 02:00, viaje 4 15:30 → 17:30."
13755,1,141240029,Mujeres,42,Empleado,,2,13:31,,Regresar a Casa,,Su casa,,,,1412400010175,,home,,AUTOMÓVIL PARTICULAR,,45,,,hora_invertida,,,
13755,1,141240029,Mujeres,42,Empleado,,3,15:12,,Trabajar,,"Comercio, mercado, tienda o centro comercial",,,,home,,1412400010175,,AUTOMÓVIL PARTICULAR,,45,,,,,,
13755,1,141240029,Mujeres,42,Empleado,,4,15:30,17:30,Regresar a Casa,,Su casa,,,,1412400010175,,home,,AUTOMÓVIL PARTICULAR,,45,,,hora_invertida,,,"Decimocuarta revisión: se toma la lectura de las horas de las tablas anteriores (la primera revisión), una sugerencia entre otras: con las reglas de hoy el día queda con un viaje que sale antes de que llegue el anterior, y con esa lectura con una salida movida a la madrugada. Cambia: viaje 1 14:00 → 02:00, viaje 4 15:30 → 17:30."
13775,1,1409707771780,Hombres,39,Empleado,,1,07:00,,Trabajar,,Su casa,,Su casa,,14097059A,home,home,14097059A,CAMIÓN O AUTOBÚS,,55,,,inicio_zona_ajena;actividad_en_casa,,,"Decimocuarta revisión: el primer viaje del día, «Trabajar», se registró de 14097059A a casa, el siguiente de casa en adelante, y la persona respondió que el día empezó en su casa: 14097059A es adonde fue el viaje y no de donde salió (la lectura de la quinta revisión de los registros rotados). El viaje va de casa a 14097059A y el siguiente sale de ahí."
13775,1,1409707771780,Hombres,39,Empleado,,2,18:14,,Regresar a Casa,Otros (especifique),Su casa,Otros (especifique),,,home,14097059A,1409708634145,,A PIE,,2,,,regreso_sin_llegar,,,"Decimocuarta revisión: el primer viaje del día, «Trabajar», se registró de 14097059A a casa, el siguiente de casa en adelante, y la persona respondió que el día empezó en su casa: 14097059A es adonde fue el viaje y no de donde salió (la lectura de la quinta revisión de los registros rotados). El viaje va de casa a 14097059A y el siguiente sale de ahí. | Decimocuarta revisión: el regreso a casa termina en 1409708634145, que no es el AGEB del hogar, y el día sigue desde ahí o vuelve a él; ni el tipo de lugar ni los demás viajes de la persona dicen qué hizo: «Otros», el propósito O que el modelo ya le daba."
13775,1,1409707771780,Hombres,39,Empleado,,3,18:18,,Regresar a Casa,,Su casa,,,,1409708634145,,home,,A PIE,,2,,,,,,
13813,1,1412000620161,Hombres,49,Empleado,,1,06:50,06:20,Trabajar,,Otros (especifique),,Su casa,,home,,1403900010346,,CAMIÓN O AUTOBÚS,,60,,,,,,"Decimocuarta revisión: se toma la lectura de las horas de las tablas anteriores (la duodécima revisión), una sugerencia entre otras: con las reglas de hoy el día queda con un viaje que sale antes de que llegue el anterior, y con esa lectura con menos de media hora en el trabajo o la escuela. Cambia: viaje 1 06:50 → 06:20."
13813,1,1412000620161,Hombres,49,Empleado,,2,07:20,,Trabajar,,Otros (especifique),,,,1403900010346,,1412000620176,,CAMIÓN O AUTOBÚS,,70,,,hora_invertida,,,
13813,1,1412000620161,Hombres,49,Empleado,,3,08:50,,Trabajar,,Otros (especifique),,,,1412000620176,,1403900010346,,CAMIÓN O AUTOBÚS,,60,,,,,,
13813,1,1412000620161,Hombres,49,Empleado,,4,15:50,,Regresar a Casa,,Su casa,,,,1403900010346,,home,,CAMIÓN O AUTOBÚS,,60,,,,,,
13813,1,1412000620161,Hombres,49,Empleado,,5,17:44,,Compras (comida),,Fábrica o taller,,,,home,,1412000620176,,A PIE,,7,,,,,,
13813,1,1412000620161,Hombres,49,Empleado,,6,18:26,,Regresar a Casa,,Su casa,,,,1412000620176,,home,,A PIE,,7,,,,,,
13885,3,1410100011200,Mujeres,37,Hogar,,1,08:00,,Llevar o recoger a alguien,,"Comercio, mercado, tienda o centro comercial",,Su casa,,home,,1403900011359,,CAMIÓN O AUTOBÚS,,120,60,,,,,"Decimocuarta revisión: se conserva la decisión de la novena revisión (chain_review_9). Novena revisión: 120 min en CAMIÓN O AUTOBÚS para 14.7 km en línea recta es más del doble de lo que la encuesta suele reportar para ese modo a esa distancia (60 min, la mediana de 5803 viajes): los minutos son el error, no la hora. Con 60 min llega a las 09:00 y el viaje siguiente sale a las 12:00, 180 min después. Es el mismo recorrido, en el mismo modo, que otro viaje del día cuyos minutos chocaban con la salida siguiente."
13885,3,1410100011200,Mujeres,37,Hogar,,2,12:00,,Regresar a Casa,,Su casa,,,,1403900011359,,home,,CAMIÓN O AUTOBÚS,,130,60,,,,,"Decimocuarta revisión: se conserva la decisión de la novena revisión (chain_review_9). Novena revisión: 130 min en CAMIÓN O AUTOBÚS para 14.7 km en línea recta es más del doble de lo que la encuesta suele reportar para ese modo a esa distancia (60 min, la mediana de 5803 viajes): los minutos son el error, no la hora. Con 60 min llega a las 13:00 y el viaje siguiente sale a las 14:00, 60 min después."
13885,3,1410100011200,Mujeres,37,Hogar,,3,14:00 → 14:10,14:00,"Compras (bienes, productos y servicios)",,"Comercio, mercado, tienda o centro comercial",,,,home,,1409800010991,,Mototaxi,,15,,hora:llegada,,changed,,"Decimocuarta revisión: la salida queda a las 14:00, la que dan las reglas al leer de nuevo las horas del día tal como lo dejan las decisiones que se conservan (un renglón quitado, minutos de viaje corregidos, un motivo recodificado); sobre el día registrado daban las 14:10."
13885,3,1410100011200,Mujeres,37,Hogar,,4,15:30,,Regresar a Casa,,Su casa,,,,1409800010991,,home,,Mototaxi,,15,,,,,,
13885,3,1410100011200,Mujeres,37,Hogar,,5,17:29,,Compras (comida),,Centro cultural o área recreativa,,,,home,,1410100011126,,A PIE,,6,,,,,,
13885,3,1410100011200,Mujeres,37,Hogar,,6,18:30,,Regresar a Casa,,Su casa,,,,1410100011126,,home,,A PIE,,6,,,,,,
13895,1,1412000013791,Mujeres,52,,,1,09:09,,Compras (comida),,"Comercio, mercado, tienda o centro comercial",,Su casa,,home,,home,,A PIE,,15,,,,,,
13895,1,1412000013791,Mujeres,52,,,2,09:20 → 09:24,11:20,Regresar a Casa,,Su casa,,,,home,,home,,A PIE,,15,,hora:llegada,,changed,,"Decimocuarta revisión: se toma la lectura de las horas de las tablas anteriores (la undécima revisión), una sugerencia entre otras: con las reglas de hoy el día queda con una estancia de cero minutos fuera de casa, y con esa lectura con ningún problema. Cambia: viaje 2 09:24 → 11:20."
13895,1,1412000013791,Mujeres,52,,,3,— → 19:00,,— → Compras (comida),,"— → Comercio, mercado, tienda o centro comercial",,,,home,,home,,A PIE,,6,,hora:vecinos;motivo:vecinos,,changed,,
13895,1,1412000013791,Mujeres,52,,,4,19:35,,Regresar a Casa,,Su casa,,,,home,,home,,A PIE,,6,,,,,,
13994,4,1410100011554,Mujeres,9,Estudiante,,1,08:01,,Deportes o recreación,,Otra vivienda,,Su casa,,home,,1410100011516,,AUTOMÓVIL PARTICULAR,,30,10,,,,,"Decimocuarta revisión: se conserva la decisión de la novena revisión (chain_review_9). Novena revisión: 30 min en AUTOMÓVIL PARTICULAR para 0.9 km en línea recta es más del doble de lo que la encuesta suele reportar para ese modo a esa distancia (10 min, la mediana de 1718 viajes): los minutos son el error, no la hora. Con 10 min llega a las 08:11 y el viaje siguiente sale a las 08:31, 20 min después."
13994,4,1410100011554,Mujeres,9,Estudiante,,2,08:00 → 08:31,,Regresar a Casa,,Su casa,,,,1410100011516,,home,,AUTOMÓVIL PARTICULAR,,30,10,hora:llegada,,changed,,"Decimocuarta revisión: se conserva la decisión de la novena revisión (chain_review_9). La salida se recorre de 8:00 a 08:31, que es la hora a la que llega el viaje anterior (8:01 + 30 min de traslado): tal como estaba, el viaje empezaba antes de haber llegado. El origen se encadena con el destino del viaje 1 (Otra vivienda en 1410100011516). Novena revisión: 30 min en AUTOMÓVIL PARTICULAR para 0.9 km en línea recta es más del doble de lo que la encuesta suele reportar para ese modo a esa distancia (10 min, la mediana de 1718 viajes): los minutos son el error, no la hora. Con 10 min llega a las 08:41 y el viaje siguiente sale a las 13:00, 259 min después. Es el mismo recorrido, en el mismo modo, que otro viaje del día cuyos minutos chocaban con la salida siguiente."
13994,4,1410100011554,Mujeres,9,Estudiante,,3,13:00,,"Compras (bienes, productos y servicios)",,Centro cultural o área recreativa,,,,home,,1410100011130,,A PIE,,3,,,,,,
13994,4,1410100011554,Mujeres,9,Estudiante,,4,18:11,,Regresar a Casa,,Su casa,,,,1410100011130,,home,,A PIE,,3,,,,,,
14018,1,1404400100238,Hombres,50,Empleado,,1,13:00,,Trabajar,,Su casa,,Fábrica o taller,,14097059A,,home,,Transporte de personal,,20,,,inicio_fuera_de_casa;actividad_en_casa,,,
14018,1,1404400100238,Hombres,50,Empleado,,2,21:00,,Regresar a Casa,Trabajar,Su casa,Fábrica o taller,,,home,,home,14097059A,Transporte de personal,,20,,,,,,"Decimocuarta revisión: se conserva la decisión de la cuarta revisión (chain_review_4). Transporte de personal de casa a casa no es posible: con el día empezado en la fábrica y el regreso de las 13:00 desde 14097059A, es la salida al turno nocturno. Motivo Trabajar y destino la fábrica; el día termina en el trabajo."
14061,1,1409700053503,Hombres,40,Empleado,,1,14:00,,Trabajar,,"Comercio, mercado, tienda o centro comercial",,Su casa,,home,,1409800010879,,Servicio suburbano,,120,,,,,,
14061,1,1409700053503,Hombres,40,Empleado,,2,12:00,16:00,Regresar a Casa,,Su casa,,,,1409800010879,,home,,Taxi colectivo,,70,,,hora_invertida,,,"Decimocuarta revisión: ninguna lectura de las horas cierra el día: con las reglas queda un viaje que sale antes de que llegue el anterior, con la de las tablas anteriores una salida movida a la madrugada. Las salidas se mueven lo menos posible (240 min en total) para que ningún viaje salga antes de que llegue el anterior; queda menos de media hora en el trabajo o la escuela. Cambia: viaje 2 12:00 → 16:00."
14101,1,141240029,Hombres,60,Empleado,,1,18:00,08:00,Trabajar,,Otra vivienda,,Su casa,,home,,1410100092139,,AUTOMÓVIL PARTICULAR,,25,,,,,,"Decimocuarta revisión: se toma la lectura de las horas de las tablas anteriores (la primera revisión), una sugerencia entre otras: con las reglas de hoy el día queda con un viaje que sale antes de que llegue el anterior, y con esa lectura con ningún problema. Cambia: viaje 1 18:00 → 08:00, viaje 4 12:00 → 00:00."
14101,1,141240029,Hombres,60,Empleado,,2,12:39,,Regresar a Casa,,Su casa,,,,1410100092139,,home,,AUTOMÓVIL PARTICULAR,,25,,,hora_invertida,,,
14101,1,141240029,Hombres,60,Empleado,,3,14:00,,Trabajar,,Otra vivienda,,,,home,,1410100092139,,AUTOMÓVIL PARTICULAR,,25,,,,,,
14101,1,141240029,Hombres,60,Empleado,,4,12:00,00:00,Regresar a Casa,,Su casa,,,,1410100092139,,home,,AUTOMÓVIL PARTICULAR,,25,,,hora_invertida,,,"Decimocuarta revisión: se toma la lectura de las horas de las tablas anteriores (la primera revisión), una sugerencia entre otras: con las reglas de hoy el día queda con un viaje que sale antes de que llegue el anterior, y con esa lectura con ningún problema. Cambia: viaje 1 18:00 → 08:00, viaje 4 12:00 → 00:00."
14138,3,141240029,Hombres,37,Empleado,,1,07:15,,Trabajar,,"Comercio, mercado, tienda o centro comercial",,Su casa,,home,,1412400010175,,AUTOMÓVIL PARTICULAR,,120,45,,,,,"Decimocuarta revisión: se conserva la decisión de la novena revisión (chain_review_9). Novena revisión: 120 min en AUTOMÓVIL PARTICULAR para 13.2 km en línea recta es más del doble de lo que la encuesta suele reportar para ese modo a esa distancia (45 min, la mediana de 4989 viajes): los minutos son el error, no la hora. Con 45 min llega a las 08:00 y el viaje siguiente sale a las 13:34, 334 min después. Es el mismo recorrido, en el mismo modo, que otro viaje del día cuyos minutos chocaban con la salida siguiente."
14138,3,141240029,Hombres,37,Empleado,,2,13:34,,Regresar a Casa,,Su casa,,,,1412400010175,,home,,AUTOMÓVIL PARTICULAR,,120,45,,,,,"Decimocuarta revisión: se conserva la decisión de la novena revisión (chain_review_9). Novena revisión: 120 min en AUTOMÓVIL PARTICULAR para 13.2 km en línea recta es más del doble de lo que la encuesta suele reportar para ese modo a esa distancia (45 min, la mediana de 4989 viajes): los minutos son el error, no la hora. Con 45 min llega a las 14:19 y el viaje siguiente sale a las 15:20, 61 min después."
14138,3,141240029,Hombres,37,Empleado,,3,15:20 → 15:34,15:20,Trabajar,,"Comercio, mercado, tienda o centro comercial",,,,home,,1412400010175,,AUTOMÓVIL PARTICULAR,,120,45,hora:llegada,,changed,,"Decimocuarta revisión: se conserva la decisión de la novena revisión (chain_review_9). Novena revisión: 120 min en AUTOMÓVIL PARTICULAR para 13.2 km en línea recta es más del doble de lo que la encuesta suele reportar para ese modo a esa distancia (45 min, la mediana de 4989 viajes): los minutos son el error, no la hora. Con 45 min llega a las 16:05 y el viaje siguiente sale a las 19:30, 205 min después. Es el mismo recorrido, en el mismo modo, que otro viaje del día cuyos minutos chocaban con la salida siguiente. Novena revisión: la salida vuelve a las 15:20, la hora que reporta la encuesta: con los minutos de traslado que corrige esta revisión cabe después de la llegada del viaje anterior (14:19); una revisión anterior la había movido a las 15:34 para dejar sitio a los minutos de más. | Decimocuarta revisión: la salida queda a las 15:20, la que dan las reglas al leer de nuevo las horas del día tal como lo dejan las decisiones que se conservan (un renglón quitado, minutos de viaje corregidos, un motivo recodificado); sobre el día registrado daban las 15:34."
14138,3,141240029,Hombres,37,Empleado,,4,19:30,,Regresar a Casa,,Su casa,,,,1412400010175,,home,,AUTOMÓVIL PARTICULAR,,120,45,,,,,"Decimocuarta revisión: se conserva la decisión de la novena revisión (chain_review_9). Novena revisión: 120 min en AUTOMÓVIL PARTICULAR para 13.2 km en línea recta es más del doble de lo que la encuesta suele reportar para ese modo a esa distancia (45 min, la mediana de 4989 viajes): los minutos son el error, no la hora. Es el último viaje del día. Es el mismo recorrido, en el mismo modo, que otro viaje del día cuyos minutos chocaban con la salida siguiente."
14242,1,141240033,Mujeres,50,Empleado,,1,06:00,,Trabajar,,"Hospital, clínica, consultorio, laboratorio clínico",,Su casa,,home,,999990004,,AUTOMÓVIL PARTICULAR,,120,,,,,,
14242,1,141240033,Mujeres,50,Empleado,,2,11:53,,Regresar a Casa,,Su casa,,,,999990004,,home,,AUTOMÓVIL PARTICULAR,,120,,,,,,
14242,1,141240033,Mujeres,50,Empleado,,3,13:23 → 13:53,15:23,Trabajar,,"Hospital, clínica, consultorio, laboratorio clínico",,,,home,,999990004,,AUTOMÓVIL PARTICULAR,,120,,hora:llegada,,changed,,"Decimocuarta revisión: se toma la lectura de las horas de las tablas anteriores (la primera revisión), una sugerencia entre otras: con las reglas de hoy el día queda con menos de media hora en el trabajo o la escuela, y con esa lectura con ningún problema. Cambia: viaje 3 13:53 → 15:23, viaje 4 16:00 → 18:00, viaje 5 18:20 → 20:20, viaje 6 19:39 → 21:39."
14242,1,141240033,Mujeres,50,Empleado,,4,16:00,18:00,Regresar a Casa,,Su casa,,,,999990004,,home,,AUTOMÓVIL PARTICULAR,,120,,,,,,"Decimocuarta revisión: se toma la lectura de las horas de las tablas anteriores (la primera revisión), una sugerencia entre otras: con las reglas de hoy el día queda con menos de media hora en el trabajo o la escuela, y con esa lectura con ningún problema. Cambia: viaje 3 13:53 → 15:23, viaje 4 16:00 → 18:00, viaje 5 18:20 → 20:20, viaje 6 19:39 → 21:39."
14242,1,141240033,Mujeres,50,Empleado,,5,18:20,20:20,Compras (comida),,"Comercio, mercado, tienda o centro comercial",,,,home,,home,,A PIE,,9,,,,,,"Decimocuarta revisión: se toma la lectura de las horas de las tablas anteriores (la primera revisión), una sugerencia entre otras: con las reglas de hoy el día queda con menos de media hora en el trabajo o la escuela, y con esa lectura con ningún problema. Cambia: viaje 3 13:53 → 15:23, viaje 4 16:00 → 18:00, viaje 5 18:20 → 20:20, viaje 6 19:39 → 21:39."
14242,1,141240033,Mujeres,50,Empleado,,6,19:39,21:39,Regresar a Casa,,Su casa,,,,home,,home,,A PIE,,9,,,,,,"Decimocuarta revisión: se toma la lectura de las horas de las tablas anteriores (la primera revisión), una sugerencia entre otras: con las reglas de hoy el día queda con menos de media hora en el trabajo o la escuela, y con esa lectura con ningún problema. Cambia: viaje 3 13:53 → 15:23, viaje 4 16:00 → 18:00, viaje 5 18:20 → 20:20, viaje 6 19:39 → 21:39."
14254,1,141240029,Hombres,23,Empleado,,1,08:08,,Compras (comida),,"Comercio, mercado, tienda o centro comercial",,Su casa,,home,,home,,A PIE,,13,,,,,,
14254,1,141240029,Hombres,23,Empleado,,2,08:28,,Regresar a Casa,,Su casa,,,,home,,home,,A PIE,,13,,,,,,
14254,1,141240029,Hombres,23,Empleado,,3,20:00,10:00,Trabajar,,Fábrica o taller,,,,home,,1412400010495,,MOTOCICLETA,,25,,,,,,"Decimocuarta revisión: se toma la lectura de las horas de las tablas anteriores (la primera revisión), una sugerencia entre otras: con las reglas de hoy el día queda con un viaje que sale antes de que llegue el anterior, y con esa lectura con ningún problema. Cambia: viaje 3 20:00 → 10:00, viaje 4 18:01 → 20:25."
14254,1,141240029,Hombres,23,Empleado,,4,18:01,20:25,Regresar a Casa,,Su casa,,,,1412400010495,,home,,MOTOCICLETA,,25,,,hora_invertida,,,"Decimocuarta revisión: se toma la lectura de las horas de las tablas anteriores (la primera revisión), una sugerencia entre otras: con las reglas de hoy el día queda con un viaje que sale antes de que llegue el anterior, y con esa lectura con ningún problema. Cambia: viaje 3 20:00 → 10:00, viaje 4 18:01 → 20:25."
14277,4,141240029,Mujeres,21,Empleado,,1,07:20,,Trabajar,,"Comercio, mercado, tienda o centro comercial",,Su casa,,home,,1412400010298,,MOTOCICLETA,,75,25,,,,,"Decimocuarta revisión: se conserva la decisión de la novena revisión (chain_review_9). Novena revisión: 75 min en MOTOCICLETA para 11.8 km en línea recta es más del doble de lo que la encuesta suele reportar para ese modo a esa distancia (25 min, la mediana de 535 viajes): los minutos son el error, no la hora. Con 25 min llega a las 07:45 y el viaje siguiente sale a las 17:25, 580 min después. Es el mismo recorrido, en el mismo modo, que otro viaje del día cuyos minutos chocaban con la salida siguiente."
14277,4,141240029,Mujeres,21,Empleado,,2,17:25,,Regresar a Casa,,Su casa,,,,1412400010298,,home,,MOTOCICLETA,,75,25,,,,,"Decimocuarta revisión: se conserva la decisión de la novena revisión (chain_review_9). Novena revisión: 75 min en MOTOCICLETA para 11.8 km en línea recta es más del doble de lo que la encuesta suele reportar para ese modo a esa distancia (25 min, la mediana de 535 viajes): los minutos son el error, no la hora. Con 25 min llega a las 17:50 y el viaje siguiente sale a las 18:27, 37 min después."
14277,4,141240029,Mujeres,21,Empleado,,3,18:27 → 18:40,18:27,Compras (comida),,Centro cultural o área recreativa,,,,home,,home,,A PIE,,5,,hora:llegada,,changed,,"Decimocuarta revisión: la salida queda a las 18:27, la que dan las reglas al leer de nuevo las horas del día tal como lo dejan las decisiones que se conservan (un renglón quitado, minutos de viaje corregidos, un motivo recodificado); sobre el día registrado daban las 18:40."
14277,4,141240029,Mujeres,21,Empleado,,4,19:29,,Regresar a Casa,,Su casa,,,,home,,home,,A PIE,,5,,,,,,
14307,1,1412400010156,Hombres,47,Empleado,,1,06:00,,Trabajar,,Fábrica o taller,,Su casa,,home,,1410100010946,,AUTOMÓVIL PARTICULAR,,60,,,,,,
14307,1,1412400010156,Hombres,47,Empleado,,2,12:30,,Regresar a Casa,,Su casa,,,,1410100010946,,home,,AUTOMÓVIL PARTICULAR,,90,45,,,,,"Decimocuarta revisión: se conserva la decisión de la novena revisión (chain_review_9). Novena revisión: 90 min en AUTOMÓVIL PARTICULAR para 18.0 km en línea recta es más del doble de lo que la encuesta suele reportar para ese modo a esa distancia (45 min, la mediana de 4989 viajes): los minutos son el error, no la hora. Con 45 min llega a las 13:15 y el viaje siguiente sale a las 14:15, 60 min después. Es el mismo recorrido, en el mismo modo, que otro viaje del día cuyos minutos chocaban con la salida siguiente."
14307,1,1412400010156,Hombres,47,Empleado,,3,14:15,,Trabajar,,Fábrica o taller,,,,home,,1410100010946,,AUTOMÓVIL PARTICULAR,,60,,,,,,
14307,1,1412400010156,Hombres,47,Empleado,,4,17:00,,Regresar a Casa,,Su casa,,,,1410100010946,,home,,AUTOMÓVIL PARTICULAR,,90,45,,,,,"Decimocuarta revisión: se conserva la decisión de la novena revisión (chain_review_9). Novena revisión: 90 min en AUTOMÓVIL PARTICULAR para 18.0 km en línea recta es más del doble de lo que la encuesta suele reportar para ese modo a esa distancia (45 min, la mediana de 4989 viajes): los minutos son el error, no la hora. Con 45 min llega a las 17:45 y el viaje siguiente sale a las 18:16, 31 min después."
14307,1,1412400010156,Hombres,47,Empleado,,5,18:16 → 18:30,18:16,"Compras (bienes, productos y servicios)",,"Comercio, mercado, tienda o centro comercial",,,,home,,home,,A PIE,,6,,hora:llegada,,changed,,"Decimocuarta revisión: la salida queda a las 18:16, la que dan las reglas al leer de nuevo las horas del día tal como lo dejan las decisiones que se conservan (un renglón quitado, minutos de viaje corregidos, un motivo recodificado); sobre el día registrado daban las 18:30."
14307,1,1412400010156,Hombres,47,Empleado,,6,19:31,,Regresar a Casa,,Su casa,,,,home,,home,,A PIE,,6,,,,,,
14419,2,1412400010211,Mujeres,63,Trabajador independiente,,1,08:30,,Trabajar,,"Comercio, mercado, tienda o centro comercial",,Su casa,,home,,141240001018A,,A PIE,,10,,,,,,
14419,2,1412400010211,Mujeres,63,Trabajador independiente,,2,08:00,10:00,Regresar a Casa,,Su casa,,,,141240001018A,,home,,A PIE,,10,,,hora_invertida,,,"Decimocuarta revisión: se toma la lectura de las horas de las tablas anteriores (la primera revisión), una sugerencia entre otras: con las reglas de hoy el día queda con un viaje que sale antes de que llegue el anterior, y con esa lectura con ningún problema. Cambia: viaje 2 08:00 → 10:00."
14419,2,1412400010211,Mujeres,63,Trabajador independiente,,3,13:00,,Trabajar,,"Comercio, mercado, tienda o centro comercial",,,,home,,1412400010226,,A PIE,,1,,,,,,
14419,2,1412400010211,Mujeres,63,Trabajador independiente,,4,18:24,,Regresar a Casa,,Su casa,,,,1412400010226,,home,,A PIE,,1,,,,,,
14488,2,1412400010438,Hombres,53,Trabajador independiente,,1,07:06,,Compras (comida),,"Comercio, mercado, tienda o centro comercial",,Su casa,,home,,home,,A PIE,,6,,,,,,
14488,2,1412400010438,Hombres,53,Trabajador independiente,,2,07:16,,Regresar a Casa,,Su casa,,,,home,,home,,A PIE,,6,,,,,,
14488,2,1412400010438,Hombres,53,Trabajador independiente,,3,20:00,08:00,Trabajar,,"Comercio, mercado, tienda o centro comercial",,,,home,,1412400940391,,AUTOMÓVIL PARTICULAR,,30,,,,,,"Decimocuarta revisión: se toma la lectura de las horas de las tablas anteriores (la primera revisión), una sugerencia entre otras: con las reglas de hoy el día queda con un viaje que sale antes de que llegue el anterior, y con esa lectura con menos de media hora en el trabajo o la escuela. Cambia: viaje 3 20:00 → 08:00, viaje 6 20:00 → 20:41."
14488,2,1412400010438,Hombres,53,Trabajador independiente,,4,18:50,,Regresar a Casa,,Su casa,,,,1412400940391,,home,,AUTOMÓVIL PARTICULAR,,30,,,hora_invertida,,,
14488,2,1412400010438,Hombres,53,Trabajador independiente,,5,20:11,,Trabajar,,"Comercio, mercado, tienda o centro comercial",,,,home,,1412400940391,,AUTOMÓVIL PARTICULAR,,30,,,,,,
14488,2,1412400010438,Hombres,53,Trabajador independiente,,6,20:00,20:41,Regresar a Casa,,Su casa,,,,1412400940391,,home,,AUTOMÓVIL PARTICULAR,,30,,,hora_invertida,,,"Decimocuarta revisión: se toma la lectura de las horas de las tablas anteriores (la primera revisión), una sugerencia entre otras: con las reglas de hoy el día queda con un viaje que sale antes de que llegue el anterior, y con esa lectura con menos de media hora en el trabajo o la escuela. Cambia: viaje 3 20:00 → 08:00, viaje 6 20:00 → 20:41."
14499,3,1405100020181,Hombres,36,Empleado,,1,20:00,08:00,Trabajar,,"Comercio, mercado, tienda o centro comercial",,Su casa,,home,,999990004,,AUTOMÓVIL PARTICULAR,,60,,,,,,"Decimocuarta revisión: la salida queda a las 08:00, la que dan las reglas al leer de nuevo las horas del día tal como lo dejan las decisiones que se conservan (un renglón quitado, minutos de viaje corregidos, un motivo recodificado); sobre el día registrado daban las 20:00."
14499,3,1405100020181,Hombres,36,Empleado,,2,18:38,,Regresar a Casa,,Su casa,,,,999990004,,home,,AUTOMÓVIL PARTICULAR,,60,,,hora_invertida,,,
14499,3,1405100020181,Hombres,36,Empleado,,3,20:21,,Trabajar,,"Comercio, mercado, tienda o centro comercial",,,,home,,999990004,,AUTOMÓVIL PARTICULAR,,60,,,,,,
14499,3,1405100020181,Hombres,36,Empleado,,4,20:00,,Regresar a Casa,,Su casa,,,,999990004,,home,,AUTOMÓVIL PARTICULAR,,60,,,hora_invertida,,dropped,"Decimocuarta revisión: se conserva la decisión de la segunda revisión (chain_review_2). Turno nocturno: sale a trabajar a las 20:21; este renglón es el regreso de la mañana siguiente, fuera del día de la encuesta: se descarta y el día termina en el trabajo."
14670,3,1405100020209,Mujeres,19,Estudiante,,1,08:00,,Estudiar,,Otra vivienda,,Su casa,,1403900010740,home,home,1403900010740,CAMIÓN O AUTOBÚS,,120,,,inicio_zona_ajena;fin_fuera_de_casa,,,"Decimocuarta revisión: el primer viaje del día, «Estudiar», se registró de 1403900010740 a casa, es el único viaje del día, y la persona respondió que el día empezó en su casa: 1403900010740 es adonde fue el viaje y no de donde salió (la lectura de la quinta revisión de los registros rotados). El viaje va de casa a 1403900010740."
14813,1,1412401760160,Hombres,59,Empleado,,1,07:08,,Deportes o recreación,,Centro cultural o área recreativa,,Su casa,,home,,home,,A PIE,,7,,,,,,
14813,1,1412401760160,Hombres,59,Empleado,,2,07:22,,Regresar a Casa,,Su casa,,,,home,,home,,A PIE,,7,,,,,,
14813,1,1412401760160,Hombres,59,Empleado,,3,20:30,08:30,Trabajar,,Otra vivienda,,,,home,,141240090,,AUTOMÓVIL PARTICULAR,,20,,,,,,"Decimocuarta revisión: se toma la lectura de las horas de las tablas anteriores (la primera revisión), una sugerencia entre otras: con las reglas de hoy el día queda con un viaje que sale antes de que llegue el anterior, y con esa lectura con menos de media hora en el trabajo o la escuela. Cambia: viaje 3 20:30 → 08:30, viaje 6 16:00 → 18:00."
14813,1,1412401760160,Hombres,59,Empleado,,4,15:54,,Regresar a Casa,,Su casa,,,,141240090,,home,,AUTOMÓVIL PARTICULAR,,20,,,hora_invertida,,,
14813,1,1412401760160,Hombres,59,Empleado,,5,17:15,,Trabajar,,Otra vivienda,,,,home,,141240090,,AUTOMÓVIL PARTICULAR,,20,,,,,,
14813,1,1412401760160,Hombres,59,Empleado,,6,16:00,18:00,Regresar a Casa,,Su casa,,,,141240090,,home,,AUTOMÓVIL PARTICULAR,,20,,,hora_invertida,,,"Decimocuarta revisión: se toma la lectura de las horas de las tablas anteriores (la primera revisión), una sugerencia entre otras: con las reglas de hoy el día queda con un viaje que sale antes de que llegue el anterior, y con esa lectura con menos de media hora en el trabajo o la escuela. Cambia: viaje 3 20:30 → 08:30, viaje 6 16:00 → 18:00."
14885,1,141240090,Hombres,91,Jubilado o pensionado,,1,07:20,,Al médico o atención de salud,,"Hospital, clínica, consultorio, laboratorio clínico",,Su casa,,1410100010645,home,home,1410100010645,A PIE,,15,,,inicio_zona_ajena,,,"Decimocuarta revisión: el primer viaje del día, «Al médico o atención de salud», se registró de 1410100010645 a casa, el siguiente de casa en adelante, y la persona respondió que el día empezó en su casa: 1410100010645 es adonde fue el viaje y no de donde salió (la lectura de la quinta revisión de los registros rotados). El viaje va de casa a 1410100010645 y el siguiente sale de ahí."
14885,1,141240090,Hombres,91,Jubilado o pensionado,,2,12:00,,Regresar a Casa,,Su casa,,,,home,1410100010645,home,,A PIE,,15,,,,,,"Decimocuarta revisión: el primer viaje del día, «Al médico o atención de salud», se registró de 1410100010645 a casa, el siguiente de casa en adelante, y la persona respondió que el día empezó en su casa: 1410100010645 es adonde fue el viaje y no de donde salió (la lectura de la quinta revisión de los registros rotados). El viaje va de casa a 1410100010645 y el siguiente sale de ahí."
14885,1,141240090,Hombres,91,Jubilado o pensionado,,3,18:27,,"Compras (bienes, productos y servicios)",,Centro cultural o área recreativa,,,,home,,home,,A PIE,,2,,,,,,
14885,1,141240090,Hombres,91,Jubilado o pensionado,,4,19:28,,Regresar a Casa,,Su casa,,,,home,,home,,A PIE,,2,,,,,,
14900,2,141240090,Mujeres,18,,,1,— → 09:47,,— → Trabajar,,"— → Comercio, mercado, tienda o centro comercial",,Su casa,,home,,home,,AUTOMÓVIL PARTICULAR,,13,,hora:vecinos;motivo:vecinos,,changed,,
14900,2,141240090,Mujeres,18,,,2,19:10,18:01,Regresar a Casa,,Su casa,,,,home,,home,,AUTOMÓVIL PARTICULAR,,13,,,,,,"Decimocuarta revisión: ninguna lectura de las horas cierra el día: con las reglas queda un viaje que sale antes de que llegue el anterior, con la de las tablas anteriores una estancia de cero minutos fuera de casa. Las salidas se mueven lo menos posible (69 min en total) para que ningún viaje salga antes de que llegue el anterior; queda una estancia de cero minutos fuera de casa. Cambia: viaje 2 19:10 → 18:01."
14900,2,141240090,Mujeres,18,,,3,— → 18:14,,— → Compras (comida),,"— → Comercio, mercado, tienda o centro comercial",,,,home,,home,,A PIE,,2,,hora:vecinos;motivo:vecinos,hora_invertida,changed,,
14900,2,141240090,Mujeres,18,,,4,18:16,,Otros (especifique),,Otros (especifique),,,,home,,home,,A PIE,,2,,,fin_fuera_de_casa,,,
14994,1,141240090,Mujeres,40,Empleado,,1,08:20,,Trabajar,,"Comercio, mercado, tienda o centro comercial",,Su casa,,home,,1405100020181,,AUTOMÓVIL PARTICULAR,,40,,,,,,
14994,1,141240090,Mujeres,40,Empleado,,2,04:42,14:42,Regresar a Casa,,Su casa,,,,1405100020181,,home,,AUTOMÓVIL PARTICULAR,,35,,,hora_invertida,,,"Decimocuarta revisión: se toma la lectura de las horas de las tablas anteriores (las reglas anteriores), una sugerencia entre otras: con las reglas de hoy el día queda con un viaje que sale antes de que llegue el anterior, y con esa lectura con menos de media hora en el trabajo o la escuela. Cambia: viaje 2 04:42 → 14:42, viaje 3 06:21 → 16:21, viaje 4 05:20 → 17:20."
14994,1,141240090,Mujeres,40,Empleado,,3,06:21,16:21,Trabajar,,"Comercio, mercado, tienda o centro comercial",,,,home,,1405100020181,,AUTOMÓVIL PARTICULAR,,40,,,,,,"Decimocuarta revisión: se toma la lectura de las horas de las tablas anteriores (las reglas anteriores), una sugerencia entre otras: con las reglas de hoy el día queda con un viaje que sale antes de que llegue el anterior, y con esa lectura con menos de media hora en el trabajo o la escuela. Cambia: viaje 2 04:42 → 14:42, viaje 3 06:21 → 16:21, viaje 4 05:20 → 17:20."
14994,1,141240090,Mujeres,40,Empleado,,4,05:20,17:20,Regresar a Casa,,Su casa,,,,1405100020181,,home,,AUTOMÓVIL PARTICULAR,,35,,,hora_invertida,,,"Decimocuarta revisión: se toma la lectura de las horas de las tablas anteriores (las reglas anteriores), una sugerencia entre otras: con las reglas de hoy el día queda con un viaje que sale antes de que llegue el anterior, y con esa lectura con menos de media hora en el trabajo o la escuela. Cambia: viaje 2 04:42 → 14:42, viaje 3 06:21 → 16:21, viaje 4 05:20 → 17:20."
15029,2,1412401760160,Mujeres,32,Hogar,,1,13:50,,Llevar o recoger a alguien,,Escuela,,Su casa,,home,,141240090,,MOTOCICLETA,,10,,,,,,
15029,2,1412401760160,Mujeres,32,Hogar,,2,14:00,,Regresar a Casa,,Su casa,,,,141240090,,home,,MOTOCICLETA,,10,,,,,,
15029,2,1412401760160,Mujeres,32,Hogar,,3,17:50,14:40,Llevar o recoger a alguien,,Escuela,,,,home,,141240090,,MOTOCICLETA,,10,,,,,,"Decimocuarta revisión: se toma la lectura de las horas de las tablas anteriores (la duodécima revisión), una sugerencia entre otras: con las reglas de hoy el día queda con un viaje que sale antes de que llegue el anterior, y con esa lectura con ningún problema. Cambia: viaje 3 17:50 → 14:40, viaje 4 14:00 → 14:50."
15029,2,1412401760160,Mujeres,32,Hogar,,4,14:00,14:50,Regresar a Casa,,Su casa,,,,141240090,,home,,MOTOCICLETA,,10,,,hora_invertida,,,"Decimocuarta revisión: se toma la lectura de las horas de las tablas anteriores (la duodécima revisión), una sugerencia entre otras: con las reglas de hoy el día queda con un viaje que sale antes de que llegue el anterior, y con esa lectura con ningún problema. Cambia: viaje 3 17:50 → 14:40, viaje 4 14:00 → 14:50."
15029,2,1412401760160,Mujeres,32,Hogar,,5,15:00,,Compras (comida),,"Comercio, mercado, tienda o centro comercial",,,,home,,home,,MOTOCICLETA,,10,,,,,,
15029,2,1412401760160,Mujeres,32,Hogar,,6,15:20,,Regresar a Casa,,Su casa,,,,home,,home,,MOTOCICLETA,,10,,,,,,
15040,4,1407001211518,Hombres,6,Estudiante,,1,14:37,,Compras (comida),,"Comercio, mercado, tienda o centro comercial",,Su casa,,home,,home,,A PIE,,1,,,,,,
15040,4,1407001211518,Hombres,6,Estudiante,,2,14:34 → 14:38,16:34,Regresar a Casa,,Su casa,,,,home,,home,,A PIE,,1,,hora:llegada,,changed,,"Decimocuarta revisión: se toma la lectura de las horas de las tablas anteriores (la undécima revisión), una sugerencia entre otras: con las reglas de hoy el día queda con una estancia de cero minutos fuera de casa, y con esa lectura con ningún problema. Cambia: viaje 2 14:38 → 16:34."
15049,5,1410100261709,Mujeres,11,Estudiante,,1,09:02,,Visitar a alguien,,Otra vivienda,,Su casa,,home,,1405100020181,,A PIE,,27,,,,,,
15049,5,1410100261709,Mujeres,11,Estudiante,,2,19:04,,Regresar a Casa,Otros (especifique),Su casa,Otros (especifique),,,home → 1405100020181,,1410100260683,,A PIE,,10,,origen:anterior,regreso_sin_llegar,changed,,"Decimocuarta revisión: el regreso a casa termina en 1410100260683, que no es el AGEB del hogar, y el día sigue desde ahí o vuelve a él; ni el tipo de lugar ni los demás viajes de la persona dicen qué hizo: «Otros», el propósito O que el modelo ya le daba."
15049,5,1410100261709,Mujeres,11,Estudiante,,3,18:31 → 20:31,,Regresar a Casa,,Su casa,,,,1410100260683,,home,,A PIE,,10,,hora:-10h+12h,,changed,,
15074,4,1410100312317,Mujeres,28,Trabajador independiente,,1,09:30,,Visitar a alguien,,Otra vivienda,,Su casa,,home,,1410100011516,,AUTOMÓVIL PARTICULAR,,35,,,,,,
15074,4,1410100312317,Mujeres,28,Trabajador independiente,,2,07:00,10:05,Regresar a Casa,,Su casa,,,,1410100011516,,home,,AUTOMÓVIL PARTICULAR,,35,,,hora_invertida,,,"Decimocuarta revisión: se toma la lectura de las horas de las tablas anteriores (la novena revisión), una sugerencia entre otras: con las reglas de hoy el día queda con un viaje que sale antes de que llegue el anterior, y con esa lectura con una estancia de cero minutos fuera de casa. Cambia: viaje 2 07:00 → 10:05."
15074,4,1410100312317,Mujeres,28,Trabajador independiente,,3,13:00,,Visitar a alguien,,Otra vivienda,,,,home,,home,,A PIE,,14,,,,,,
15074,4,1410100312317,Mujeres,28,Trabajador independiente,,4,19:24,,Regresar a Casa,,Su casa,,,,home,,home,,A PIE,,14,,,,,,
15078,1,1410100312317,Mujeres,64,Hogar,,1,09:00,,Compras (comida),,"Comercio, mercado, tienda o centro comercial",,Su casa,,home,,141011963,,A PIE,,10,,,,,,
15078,1,1410100312317,Mujeres,64,Hogar,,2,09:20,,Regresar a Casa,Otros (especifique),Su casa,Otros (especifique),,,141011963,,1410101892660,,A PIE,,15,,,regreso_sin_llegar,,,"Decimocuarta revisión: el regreso a casa termina en 1410101892660, que no es el AGEB del hogar, y el día sigue desde ahí o vuelve a él; ni el tipo de lugar ni los demás viajes de la persona dicen qué hizo: «Otros», el propósito O que el modelo ya le daba."
15078,1,1410100312317,Mujeres,64,Hogar,,3,16:00,,"Compras (bienes, productos y servicios)",,"Comercio, mercado, tienda o centro comercial",,,,1410101892660,,141011963,,A PIE,,15,,,,,,
15078,1,1410100312317,Mujeres,64,Hogar,,4,16:20,,Regresar a Casa,,Su casa,,,,141011963,,home,,A PIE,,15,,,,,,
15079,4,1410100312321,Hombres,14,Estudiante,,1,07:20,,Estudiar,,Escuela,,Su casa,,home,,1407001211518,,A PIE,,20,,,,,,
15079,4,1410100312321,Hombres,14,Estudiante,,2,02:00,12:00,Regresar a Casa,,Su casa,,,,1407001211518,,home,,A PIE,,20,,,hora_invertida,,,"Decimocuarta revisión: se toma la lectura de las horas de las tablas anteriores (la primera revisión), una sugerencia entre otras: con las reglas de hoy el día queda con un viaje que sale antes de que llegue el anterior, y con esa lectura con ningún problema. Cambia: viaje 2 02:00 → 12:00, viaje 3 10:00 → 12:20, viaje 4 18:17 → 20:17."
15079,4,1410100312321,Hombres,14,Estudiante,,3,10:00,12:20,Compras (comida),,"Comercio, mercado, tienda o centro comercial",,,,home,,home,,A PIE,,1,,,,,,"Decimocuarta revisión: se toma la lectura de las horas de las tablas anteriores (la primera revisión), una sugerencia entre otras: con las reglas de hoy el día queda con un viaje que sale antes de que llegue el anterior, y con esa lectura con ningún problema. Cambia: viaje 2 02:00 → 12:00, viaje 3 10:00 → 12:20, viaje 4 18:17 → 20:17."
15079,4,1410100312321,Hombres,14,Estudiante,,4,18:17,20:17,Regresar a Casa,,Su casa,,,,home,,home,,A PIE,,1,,,,,,"Decimocuarta revisión: se toma la lectura de las horas de las tablas anteriores (la primera revisión), una sugerencia entre otras: con las reglas de hoy el día queda con un viaje que sale antes de que llegue el anterior, y con esa lectura con ningún problema. Cambia: viaje 2 02:00 → 12:00, viaje 3 10:00 → 12:20, viaje 4 18:17 → 20:17."
15216,2,1410100312317,Mujeres,40,Trabajador independiente,,1,10:00,,Trabajar,,Otra vivienda,,Su casa,,home,,1409700150960,,AUTOMÓVIL PARTICULAR,,15,,,,,,
15216,2,1410100312317,Mujeres,40,Trabajador independiente,,2,09:35,10:15,Regresar a Casa,,Su casa,,,,1409700150960,,home,,AUTOMÓVIL PARTICULAR,,15,,,hora_invertida,,,"Decimocuarta revisión: se toma la lectura de las horas de las tablas anteriores (la primera revisión), una sugerencia entre otras: con las reglas de hoy el día queda con un viaje que sale antes de que llegue el anterior, y con esa lectura con menos de media hora en el trabajo o la escuela. Cambia: viaje 2 09:35 → 10:15, viaje 4 11:00 → 21:00."
15216,2,1410100312317,Mujeres,40,Trabajador independiente,,3,11:22,,Trabajar,,Otra vivienda,,,,home,,1409700150960,,AUTOMÓVIL PARTICULAR,,15,,,,,,
15216,2,1410100312317,Mujeres,40,Trabajador independiente,,4,11:00,21:00,Regresar a Casa,,Su casa,,,,1409700150960,,home,,AUTOMÓVIL PARTICULAR,,15,,,hora_invertida,,,"Decimocuarta revisión: se toma la lectura de las horas de las tablas anteriores (la primera revisión), una sugerencia entre otras: con las reglas de hoy el día queda con un viaje que sale antes de que llegue el anterior, y con esa lectura con menos de media hora en el trabajo o la escuela. Cambia: viaje 2 09:35 → 10:15, viaje 4 11:00 → 21:00."
15232,1,1410100312317,Mujeres,48,Empleado,,1,12:00,00:00,Trabajar,,Otra vivienda,,Su casa,,home,,1409800010879,,AUTOMÓVIL PARTICULAR,,45,,,,,,"Decimocuarta revisión: se toma la lectura de las horas de las tablas anteriores (la primera revisión), una sugerencia entre otras: con las reglas de hoy el día queda con un viaje que sale antes de que llegue el anterior, y con esa lectura con una salida movida a la madrugada. Cambia: viaje 1 12:00 → 00:00, viaje 4 14:00 → 16:00."
15232,1,1410100312317,Mujeres,48,Empleado,,2,11:54,,Regresar a Casa,,Su casa,,,,1409800010879,,home,,AUTOMÓVIL PARTICULAR,,45,,,hora_invertida,,,
15232,1,1410100312317,Mujeres,48,Empleado,,3,13:10,,Trabajar,,Otra vivienda,,,,home,,1409800010879,,AUTOMÓVIL PARTICULAR,,45,,,,,,
15232,1,1410100312317,Mujeres,48,Empleado,,4,14:00,16:00,Regresar a Casa,,Su casa,,,,1409800010879,,home,,AUTOMÓVIL PARTICULAR,,45,,,,,,"Decimocuarta revisión: se toma la lectura de las horas de las tablas anteriores (la primera revisión), una sugerencia entre otras: con las reglas de hoy el día queda con un viaje que sale antes de que llegue el anterior, y con esa lectura con una salida movida a la madrugada. Cambia: viaje 1 12:00 → 00:00, viaje 4 14:00 → 16:00."
15334,3,1412001395995,Hombres,42,Trabajador independiente,,1,07:16,,Compras (comida),,"Comercio, mercado, tienda o centro comercial",,Su casa,,home,,home,,A PIE,,8,,,,,,
15334,3,1412001395995,Hombres,42,Trabajador independiente,,2,07:34,,Regresar a Casa,,Su casa,,,,home,,home,,A PIE,,8,,,,,,
15334,3,1412001395995,Hombres,42,Trabajador independiente,,3,20:00,08:00,Trabajar,,Fábrica o taller,,,,home,,1412000016813,,AUTOMÓVIL PARTICULAR,,40,,,,,,"Decimocuarta revisión: se toma la lectura de las horas de las tablas anteriores (la primera revisión), una sugerencia entre otras: con las reglas de hoy el día queda con un viaje que sale antes de que llegue el anterior, y con esa lectura con menos de media hora en el trabajo o la escuela. Cambia: viaje 3 20:00 → 08:00, viaje 6 20:00 → 21:03."
15334,3,1412001395995,Hombres,42,Trabajador independiente,,4,18:40,,Regresar a Casa,,Su casa,,,,1412000016813,,home,,AUTOMÓVIL PARTICULAR,,40,,,hora_invertida,,,
15334,3,1412001395995,Hombres,42,Trabajador independiente,,5,20:23,,Trabajar,,Fábrica o taller,,,,home,,1412000016813,,AUTOMÓVIL PARTICULAR,,40,,,,,,
15334,3,1412001395995,Hombres,42,Trabajador independiente,,6,20:00,21:03,Regresar a Casa,,Su casa,,,,1412000016813,,home,,AUTOMÓVIL PARTICULAR,,40,,,hora_invertida,,,"Decimocuarta revisión: se toma la lectura de las horas de las tablas anteriores (la primera revisión), una sugerencia entre otras: con las reglas de hoy el día queda con un viaje que sale antes de que llegue el anterior, y con esa lectura con menos de media hora en el trabajo o la escuela. Cambia: viaje 3 20:00 → 08:00, viaje 6 20:00 → 21:03."
15356,1,1412001395995,Hombres,52,Trabajador independiente,,1,08:30,,Trabajar,,Otra vivienda,,Su casa,,home,,1412002313838,,MOTOCICLETA,,25,,,,,,
15356,1,1412001395995,Hombres,52,Trabajador independiente,,2,07:00,08:55,Regresar a Casa,,Su casa,,,,1412002313838,,home,,MOTOCICLETA,,30,,,hora_invertida,,,"Decimocuarta revisión: se toma la lectura de las horas de las tablas anteriores (la primera revisión), una sugerencia entre otras: con las reglas de hoy el día queda con un viaje que sale antes de que llegue el anterior, y con esa lectura con menos de media hora en el trabajo o la escuela. Cambia: viaje 2 07:00 → 08:55."
15356,1,1412001395995,Hombres,52,Trabajador independiente,,3,13:00,,Trabajar,,Otra vivienda,,,,home,,home,,A PIE,,14,,,,,,
15356,1,1412001395995,Hombres,52,Trabajador independiente,,4,18:24,,Regresar a Casa,,Su casa,,,,home,,home,,A PIE,,14,,,,,,
15460,2,141200142,Mujeres,31,Trabajador independiente,,1,10:30,,Trabajar,,Otra vivienda,,Su casa,,home,,home,,AUTOMÓVIL PARTICULAR,,15,,,,,,
15460,2,141200142,Mujeres,31,Trabajador independiente,,2,09:36,10:45,Regresar a Casa,,Su casa,,,,home,,home,,AUTOMÓVIL PARTICULAR,,10,,,hora_invertida,,,"Decimocuarta revisión: se toma la lectura de las horas de las tablas anteriores (la primera revisión), una sugerencia entre otras: con las reglas de hoy el día queda con un viaje que sale antes de que llegue el anterior, y con esa lectura con menos de media hora en el trabajo o la escuela. Cambia: viaje 2 09:36 → 10:45, viaje 4 11:10 → 21:10."
15460,2,141200142,Mujeres,31,Trabajador independiente,,3,11:26,,Trabajar,,Otra vivienda,,,,home,,home,,AUTOMÓVIL PARTICULAR,,15,,,,,,
15460,2,141200142,Mujeres,31,Trabajador independiente,,4,11:10,21:10,Regresar a Casa,,Su casa,,,,home,,home,,AUTOMÓVIL PARTICULAR,,10,,,hora_invertida,,,"Decimocuarta revisión: se toma la lectura de las horas de las tablas anteriores (la primera revisión), una sugerencia entre otras: con las reglas de hoy el día queda con un viaje que sale antes de que llegue el anterior, y con esa lectura con menos de media hora en el trabajo o la escuela. Cambia: viaje 2 09:36 → 10:45, viaje 4 11:10 → 21:10."
15467,3,1410100011554,Mujeres,11,Estudiante,,1,08:04,,Deportes o recreación,,Otra vivienda,,Su casa,,home,,1410100011516,,AUTOMÓVIL PARTICULAR,,30,10,,,,,"Decimocuarta revisión: se conserva la decisión de la novena revisión (chain_review_9). Novena revisión: 30 min en AUTOMÓVIL PARTICULAR para 0.9 km en línea recta es más del doble de lo que la encuesta suele reportar para ese modo a esa distancia (10 min, la mediana de 1718 viajes): los minutos son el error, no la hora. Con 10 min llega a las 08:14 y el viaje siguiente sale a las 08:34, 20 min después."
15467,3,1410100011554,Mujeres,11,Estudiante,,2,08:07 → 08:34,,Regresar a Casa,,Su casa,,,,1410100011516,,home,,AUTOMÓVIL PARTICULAR,,30,10,hora:llegada,,changed,,"Decimocuarta revisión: se conserva la decisión de la novena revisión (chain_review_9). La salida se recorre de 8:07 a 08:34, que es la hora a la que llega el viaje anterior (8:04 + 30 min de traslado): tal como estaba, el viaje empezaba antes de haber llegado. El origen se encadena con el destino del viaje 1 (Otra vivienda en 1410100011516). Novena revisión: 30 min en AUTOMÓVIL PARTICULAR para 0.9 km en línea recta es más del doble de lo que la encuesta suele reportar para ese modo a esa distancia (10 min, la mediana de 1718 viajes): los minutos son el error, no la hora. Con 10 min llega a las 08:44 y el viaje siguiente sale a las 14:07, 323 min después. Es el mismo recorrido, en el mismo modo, que otro viaje del día cuyos minutos chocaban con la salida siguiente."
15467,3,1410100011554,Mujeres,11,Estudiante,,3,14:07,,Compras (comida),,Centro cultural o área recreativa,,,,home,,home,,A PIE,,8,,,,,,
15467,3,1410100011554,Mujeres,11,Estudiante,,4,19:20,,Regresar a Casa,,Su casa,,,,home,,home,,A PIE,,8,,,,,,
15522,3,1410100011554,Hombres,24,Trabajador independiente,,1,06:00,,Trabajar,,Otra vivienda,,Su casa,,home,,1403900011359,,AUTOMÓVIL PARTICULAR,,120,45,,,,,"Decimocuarta revisión: se conserva la decisión de la novena revisión (chain_review_9). Novena revisión: 120 min en AUTOMÓVIL PARTICULAR para 15.3 km en línea recta es más del doble de lo que la encuesta suele reportar para ese modo a esa distancia (45 min, la mediana de 4989 viajes): los minutos son el error, no la hora. Con 45 min llega a las 06:45 y el viaje siguiente sale a las 08:38, 113 min después. Es el mismo recorrido, en el mismo modo, que otro viaje del día cuyos minutos chocaban con la salida siguiente."
15522,3,1410100011554,Hombres,24,Trabajador independiente,,2,08:38,,Regresar a Casa,,Su casa,,,,1403900011359,,home,,AUTOMÓVIL PARTICULAR,,120,45,,,,,"Decimocuarta revisión: se conserva la decisión de la novena revisión (chain_review_9). Novena revisión: 120 min en AUTOMÓVIL PARTICULAR para 15.3 km en línea recta es más del doble de lo que la encuesta suele reportar para ese modo a esa distancia (45 min, la mediana de 4989 viajes): los minutos son el error, no la hora. Con 45 min llega a las 09:23 y el viaje siguiente sale a las 10:14, 51 min después."
15522,3,1410100011554,Hombres,24,Trabajador independiente,,3,10:14 → 10:38,10:14,Trabajar,,Otra vivienda,,,,home,,1403900011359,,AUTOMÓVIL PARTICULAR,,120,45,hora:llegada,,changed,,"Decimocuarta revisión: se conserva la decisión de la novena revisión (chain_review_9). Novena revisión: 120 min en AUTOMÓVIL PARTICULAR para 15.3 km en línea recta es más del doble de lo que la encuesta suele reportar para ese modo a esa distancia (45 min, la mediana de 4989 viajes): los minutos son el error, no la hora. Con 45 min llega a las 10:59 y el viaje siguiente sale a las 11:01, 2 min después. Es el mismo recorrido, en el mismo modo, que otro viaje del día cuyos minutos chocaban con la salida siguiente. Novena revisión: la salida vuelve a las 10:14, la hora que reporta la encuesta: con los minutos de traslado que corrige esta revisión cabe después de la llegada del viaje anterior (09:23); una revisión anterior la había movido a las 10:38 para dejar sitio a los minutos de más. | Decimocuarta revisión: la salida queda a las 10:14, la que dan las reglas al leer de nuevo las horas del día tal como lo dejan las decisiones que se conservan (un renglón quitado, minutos de viaje corregidos, un motivo recodificado); sobre el día registrado daban las 10:38."
15522,3,1410100011554,Hombres,24,Trabajador independiente,,4,11:01,,Regresar a Casa,,Su casa,,,,1403900011359,,home,,AUTOMÓVIL PARTICULAR,,120,45,,hora_invertida,,,"Decimocuarta revisión: se conserva la decisión de la novena revisión (chain_review_9). Novena revisión: 120 min en AUTOMÓVIL PARTICULAR para 15.3 km en línea recta es más del doble de lo que la encuesta suele reportar para ese modo a esa distancia (45 min, la mediana de 4989 viajes): los minutos son el error, no la hora. Con 45 min llega a las 11:46 y el viaje siguiente sale a las 15:01, 195 min después. Novena revisión: la salida vuelve a las 11:01, la hora que reporta la encuesta: con los minutos de traslado que corrige esta revisión cabe después de la llegada del viaje anterior (10:59); una revisión anterior la había movido a las 13:01 para dejar sitio a los minutos de más."
15522,3,1410100011554,Hombres,24,Trabajador independiente,,5,15:01,,Trabajar,,Otra vivienda,,,,home,,1410100011200,,A PIE,,2,,,,,,
15522,3,1410100011554,Hombres,24,Trabajador independiente,,6,18:09,,Regresar a Casa,,Su casa,,,,1410100011200,,home,,A PIE,,2,,,,,,
15692,2,1410100011573,Mujeres,27,Hogar,,1,08:43,,Llevar o recoger a alguien,,Escuela,,Su casa,,home,,home,,A PIE,,10,,,,,,
15692,2,1410100011573,Mujeres,27,Hogar,,2,18:13,11:09,Regresar a Casa,,Su casa,,,,home,,home,,AUTOMÓVIL PARTICULAR,,5,,,,,,"Decimocuarta revisión: ninguna lectura de las horas cierra el día: con las reglas queda un viaje que sale antes de que llegue el anterior, con la de las tablas anteriores una estancia de 8 horas o más en un mandado o una visita. Las salidas se mueven lo menos posible (424 min en total) para que ningún viaje salga antes de que llegue el anterior; queda ningún problema. Cambia: viaje 2 18:13 → 11:09."
15692,2,1410100011573,Mujeres,27,Hogar,,3,11:14,,Compras (comida),,"Comercio, mercado, tienda o centro comercial",,,,home,,1410100011588,,AUTOMÓVIL PARTICULAR,,13,,,hora_invertida,,,
15692,2,1410100011573,Mujeres,27,Hogar,,4,12:15,,Regresar a Casa,,Su casa,,,,1410100011588,,home,,A PIE,,15,,,,,,
15901,1,1407000011058,Hombres,47,Trabajador independiente,,1,21:00,09:00,Trabajar,,Otra vivienda,,Su casa,,home,,1405100010054,,AUTOMÓVIL PARTICULAR,,25,,,,,,"Decimocuarta revisión: se toma la lectura de las horas de las tablas anteriores (la primera revisión), una sugerencia entre otras: con las reglas de hoy el día queda con un viaje que sale antes de que llegue el anterior, y con esa lectura con menos de media hora en el trabajo o la escuela. Cambia: viaje 1 21:00 → 09:00, viaje 4 19:00 → 21:00."
15901,1,1407000011058,Hombres,47,Trabajador independiente,,2,18:30,,Regresar a Casa,,Su casa,,,,1405100010054,,home,,AUTOMÓVIL PARTICULAR,,28,,,hora_invertida,,,
15901,1,1407000011058,Hombres,47,Trabajador independiente,,3,20:09,,Trabajar,,Otra vivienda,,,,home,,1405100010054,,AUTOMÓVIL PARTICULAR,,25,,,,,,
15901,1,1407000011058,Hombres,47,Trabajador independiente,,4,19:00,21:00,Regresar a Casa,,Su casa,,,,1405100010054,,home,,AUTOMÓVIL PARTICULAR,,28,,,hora_invertida,,,"Decimocuarta revisión: se toma la lectura de las horas de las tablas anteriores (la primera revisión), una sugerencia entre otras: con las reglas de hoy el día queda con un viaje que sale antes de que llegue el anterior, y con esa lectura con menos de media hora en el trabajo o la escuela. Cambia: viaje 1 21:00 → 09:00, viaje 4 19:00 → 21:00."
15909,5,140700001012A,Mujeres,14,Estudiante,,1,14:34,,Compras (comida),,"Comercio, mercado, tienda o centro comercial",,Su casa,,home,,1407000010045,,A PIE,,5,,,,,,
15909,5,140700001012A,Mujeres,14,Estudiante,,2,14:24 → 14:39,16:24,Regresar a Casa,,Su casa,,,,1407000010045,,home,,A PIE,,5,,hora:llegada,,changed,,"Decimocuarta revisión: se toma la lectura de las horas de las tablas anteriores (la primera revisión y la undécima revisión), una sugerencia entre otras: con las reglas de hoy el día queda con una estancia de cero minutos fuera de casa, y con esa lectura con ningún problema. Cambia: viaje 2 14:39 → 16:24, viaje 3 16:24 → 16:29."
15909,5,140700001012A,Mujeres,14,Estudiante,,3,16:24,16:29,Compras (comida),,"Comercio, mercado, tienda o centro comercial",,,,home,,home,,A PIE,,2,,,,,,"Decimocuarta revisión: se toma la lectura de las horas de las tablas anteriores (la primera revisión y la undécima revisión), una sugerencia entre otras: con las reglas de hoy el día queda con una estancia de cero minutos fuera de casa, y con esa lectura con ningún problema. Cambia: viaje 2 14:39 → 16:24, viaje 3 16:24 → 16:29."
15909,5,140700001012A,Mujeres,14,Estudiante,,4,18:33,,Regresar a Casa,,Su casa,,,,home,,home,,A PIE,,2,,,,,,
16056,3,1407000201397,Mujeres,17,Estudiante,,1,12:00,06:10,Estudiar,,Escuela,,Su casa,,home,,1403900013641,,CAMIÓN O AUTOBÚS,,50,,,,,,"Decimocuarta revisión: ninguna lectura de las horas cierra el día: con las reglas queda un viaje que sale antes de que llegue el anterior, con la de las tablas anteriores una salida movida a la madrugada; un primer viaje antes de las 05:00. Las salidas se mueven lo menos posible (350 min en total) para que ningún viaje salga antes de que llegue el anterior; queda menos de media hora en el trabajo o la escuela. Cambia: viaje 1 12:00 → 06:10."
16056,3,1407000201397,Mujeres,17,Estudiante,,2,07:00,,Regresar a Casa,,Su casa,,,,1403900013641,,home,,CAMIÓN O AUTOBÚS,,60,,,hora_invertida,,,
16056,3,1407000201397,Mujeres,17,Estudiante,,3,13:00,,Compras (comida),,"Comercio, mercado, tienda o centro comercial",,,,home,,home,,A PIE,,14,,,,,,
16056,3,1407000201397,Mujeres,17,Estudiante,,4,19:28,,Regresar a Casa,,Su casa,,,,home,,home,,A PIE,,14,,,,,,
16104,1,1407000201397,Hombres,43,Empleado,,1,15:00,05:00,Trabajar,,Otros (especifique),,Su casa,,14097059A → home,,99999000A,,AUTOMÓVIL PARTICULAR,,30,,origen:respuesta,,changed,,"Decimocuarta revisión: se toma la lectura de las horas de las tablas anteriores (las reglas anteriores), una sugerencia entre otras: con las reglas de hoy el día queda con un viaje que sale antes de que llegue el anterior, y con esa lectura con menos de media hora en el trabajo o la escuela. Cambia: viaje 1 15:00 → 05:00, viaje 4 12:00 → 14:00."
16104,1,1407000201397,Hombres,43,Empleado,,2,11:54,,Regresar a Casa,,Su casa,,,,99999000A,,home,,AUTOMÓVIL PARTICULAR,,30,,,hora_invertida,,,
16104,1,1407000201397,Hombres,43,Empleado,,3,13:29,,Trabajar,,Otros (especifique),,,,home,,14097059A,,AUTOMÓVIL PARTICULAR,,30,,,,,,
16104,1,1407000201397,Hombres,43,Empleado,,4,12:00,14:00,Regresar a Casa,,Su casa,,,,14097059A,,home,,AUTOMÓVIL PARTICULAR,,30,,,hora_invertida,,,"Decimocuarta revisión: se toma la lectura de las horas de las tablas anteriores (las reglas anteriores), una sugerencia entre otras: con las reglas de hoy el día queda con un viaje que sale antes de que llegue el anterior, y con esa lectura con menos de media hora en el trabajo o la escuela. Cambia: viaje 1 15:00 → 05:00, viaje 4 12:00 → 14:00."
16104,1,1407000201397,Hombres,43,Empleado,,5,16:00,,"Compras (bienes, productos y servicios)",,Centro cultural o área recreativa,,,,home,,home,,A PIE,,7,,,,,,
16104,1,1407000201397,Hombres,43,Empleado,,6,18:35,,Regresar a Casa,,Su casa,,,,home,,home,,A PIE,,7,,,,,,
16110,6,1409701152596,Mujeres,6,Estudiante,,1,13:03,10:32,Al médico o atención de salud,,"Hospital, clínica, consultorio, laboratorio clínico",,Su casa,,home,,1403900012319,,TREN LIGERO,,89,,,,,,"Decimocuarta revisión: se toma la lectura de las horas de las tablas anteriores (la duodécima revisión), una sugerencia entre otras: con las reglas de hoy el día queda con un viaje que sale antes de que llegue el anterior, y con esa lectura con una estancia de cero minutos fuera de casa. Cambia: viaje 1 13:03 → 10:32."
16110,6,1409701152596,Mujeres,6,Estudiante,,2,12:01,,Regresar a Casa,,Su casa,,,,1403900012319,,home,,AUTOMÓVIL PARTICULAR,,45,,,hora_invertida,,,
16110,6,1409701152596,Mujeres,6,Estudiante,,3,15:01,,"Compras (bienes, productos y servicios)",,"Comercio, mercado, tienda o centro comercial",,,,home,,1409701151992,,A PIE,,8,,,,,,
16110,6,1409701152596,Mujeres,6,Estudiante,,4,18:25,,Regresar a Casa,,Su casa,,,,1409701151992,,home,,A PIE,,8,,,,,,
16134,1,1407000200191,Hombres,54,Empleado,,1,10:30,,"Compras (bienes, productos y servicios)",,"Comercio, mercado, tienda o centro comercial",,Su casa,,home,,home,,A PIE,,5,,,,,,
16134,1,1407000200191,Hombres,54,Empleado,,2,10:39,,Regresar a Casa,,Su casa,,,,home,,home,,A PIE,,5,,,,,,
16134,1,1407000200191,Hombres,54,Empleado,,3,21:40,,Trabajar,,Fábrica o taller,,,,home,,1407000200257,,A PIE,,15,,,,,,
16134,1,1407000200191,Hombres,54,Empleado,,4,18:00,06:00,Regresar a Casa,,Su casa,,,,1407000200257,,home,,A PIE,,15,,,hora_invertida,,,"Decimocuarta revisión: se toma la lectura de las horas de las tablas anteriores (la primera revisión), una sugerencia entre otras: con las reglas de hoy el día queda con un viaje que sale antes de que llegue el anterior, y con esa lectura con ningún problema. Cambia: viaje 4 18:00 → 06:00."
16150,3,1407000200191,Mujeres,27,Empleado,,1,07:00,,Trabajar,,Oficina,,Su casa,,home,,1409700340250,,AUTOMÓVIL PARTICULAR,,120,60,,,,,"Decimocuarta revisión: se conserva la decisión de la novena revisión (chain_review_9). Novena revisión: 120 min en AUTOMÓVIL PARTICULAR para 27.5 km en línea recta es más del doble de lo que la encuesta suele reportar para ese modo a esa distancia (60 min, la mediana de 2401 viajes): los minutos son el error, no la hora. Con 60 min llega a las 08:00 y el viaje siguiente sale a las 12:41, 281 min después. Es el mismo recorrido, en el mismo modo, que otro viaje del día cuyos minutos chocaban con la salida siguiente."
16150,3,1407000200191,Mujeres,27,Empleado,,2,12:41,,Regresar a Casa,,Su casa,,,,1409700340250,,home,,AUTOMÓVIL PARTICULAR,,120,60,,,,,"Decimocuarta revisión: se conserva la decisión de la novena revisión (chain_review_9). Novena revisión: 120 min en AUTOMÓVIL PARTICULAR para 27.5 km en línea recta es más del doble de lo que la encuesta suele reportar para ese modo a esa distancia (60 min, la mediana de 2401 viajes): los minutos son el error, no la hora. Con 60 min llega a las 13:41 y el viaje siguiente sale a las 14:07, 26 min después."
16150,3,1407000200191,Mujeres,27,Empleado,,3,14:07 → 14:41,14:07,Trabajar,,Oficina,,,,home,,1409700340250,,AUTOMÓVIL PARTICULAR,,120,60,hora:llegada,,changed,,"Decimocuarta revisión: se conserva la decisión de la novena revisión (chain_review_9). Novena revisión: 120 min en AUTOMÓVIL PARTICULAR para 27.5 km en línea recta es más del doble de lo que la encuesta suele reportar para ese modo a esa distancia (60 min, la mediana de 2401 viajes): los minutos son el error, no la hora. Con 60 min llega a las 15:07 y el viaje siguiente sale a las 17:00, 113 min después. Es el mismo recorrido, en el mismo modo, que otro viaje del día cuyos minutos chocaban con la salida siguiente. Novena revisión: la salida vuelve a las 14:07, la hora que reporta la encuesta: con los minutos de traslado que corrige esta revisión cabe después de la llegada del viaje anterior (13:41); una revisión anterior la había movido a las 14:41 para dejar sitio a los minutos de más. | Decimocuarta revisión: la salida queda a las 14:07, la que dan las reglas al leer de nuevo las horas del día tal como lo dejan las decisiones que se conservan (un renglón quitado, minutos de viaje corregidos, un motivo recodificado); sobre el día registrado daban las 14:41."
16150,3,1407000200191,Mujeres,27,Empleado,,4,17:00,,Regresar a Casa,,Su casa,,,,1409700340250,,home,,AUTOMÓVIL PARTICULAR,,120,60,,,,,"Decimocuarta revisión: se conserva la decisión de la novena revisión (chain_review_9). Novena revisión: 120 min en AUTOMÓVIL PARTICULAR para 27.5 km en línea recta es más del doble de lo que la encuesta suele reportar para ese modo a esa distancia (60 min, la mediana de 2401 viajes): los minutos son el error, no la hora. Con 60 min llega a las 18:00 y el viaje siguiente sale a las 20:00, 120 min después. Es el mismo recorrido, en el mismo modo, que otro viaje del día cuyos minutos chocaban con la salida siguiente."
16150,3,1407000200191,Mujeres,27,Empleado,,5,18:00 → 19:00,18:00,"Compras (bienes, productos y servicios)",,Centro cultural o área recreativa,,,,home,,1407000200613,,A PIE,,3,,hora:llegada,,changed,,"Decimocuarta revisión: la salida queda a las 18:00, la que dan las reglas al leer de nuevo las horas del día tal como lo dejan las decisiones que se conservan (un renglón quitado, minutos de viaje corregidos, un motivo recodificado); sobre el día registrado daban las 19:00."
16150,3,1407000200191,Mujeres,27,Empleado,,6,19:11,,Regresar a Casa,,Su casa,,,,1407000200613,,home,,A PIE,,3,,,,,,
16170,2,1404400100223,Hombres,31,Empleado,,1,06:00,,Trabajar,,Fábrica o taller,,Su casa,,home,,14097059A,,CAMIÓN O AUTOBÚS,,55,,,,,,
16170,2,1404400100223,Hombres,31,Empleado,,2,17:30,,Regresar a Casa,,Su casa,,,,14097059A,,home,,CAMIÓN O AUTOBÚS,,60,30,,,,,"Decimocuarta revisión: se conserva la decisión de la novena revisión (chain_review_9). Novena revisión: 60 min en CAMIÓN O AUTOBÚS para 3.7 km en línea recta es más del doble de lo que la encuesta suele reportar para ese modo a esa distancia (30 min, la mediana de 5401 viajes): los minutos son el error, no la hora. Con 30 min llega a las 18:00 y el viaje siguiente sale a las 18:30, 30 min después."
16170,2,1404400100223,Hombres,31,Empleado,,3,18:30,,"Compras (bienes, productos y servicios)",,"Comercio, mercado, tienda o centro comercial",,,,home,,140440010037A,,A PIE,,5,,,,,,
16170,2,1404400100223,Hombres,31,Empleado,,4,18:34 → 18:35,,Regresar a Casa,,Su casa,,,,140440010037A,,home,,A PIE,,5,,hora:llegada,,changed,,
16270,2,1409707772365,Hombres,66,Empleado,,1,05:00,,Trabajar,,"Comercio, mercado, tienda o centro comercial",,Su casa,,1403900015366 → home,,1403900015366,,CAMIÓN O AUTOBÚS,,45,,origen:copia,,changed,,
16270,2,1409707772365,Hombres,66,Empleado,,2,18:04,,Regresar a Casa,Otros (especifique),Su casa,Otros (especifique),,,1403900015366,,1403900013961,,A PIE,,14,,,regreso_sin_llegar,,,"Decimocuarta revisión: el regreso a casa termina en 1403900013961, que no es el AGEB del hogar, y el día sigue desde ahí o vuelve a él; ni el tipo de lugar ni los demás viajes de la persona dicen qué hizo: «Otros», el propósito O que el modelo ya le daba."
16270,2,1409707772365,Hombres,66,Empleado,,3,18:21,,Regresar a Casa → Trabajar,,"Su casa → Comercio, mercado, tienda o centro comercial",,,,1403900013961,,1403900015366,,A PIE,,14,,motivo:lugar,fin_fuera_de_casa,changed,,
16274,1,140440011,Mujeres,59,Empleado,,1,09:00,,Trabajar,,Otra vivienda,,Su casa,,home,,14097059A,,AUTOMÓVIL PARTICULAR,,25,,,,,,
16274,1,140440011,Mujeres,59,Empleado,,2,05:44,15:44,Regresar a Casa,,Su casa,,,,14097059A,,home,,AUTOMÓVIL PARTICULAR,,25,,,hora_invertida,,,"Decimocuarta revisión: se toma la lectura de las horas de las tablas anteriores (la primera revisión), una sugerencia entre otras: con las reglas de hoy el día queda con un viaje que sale antes de que llegue el anterior, y con esa lectura con ningún problema. Cambia: viaje 2 05:44 → 15:44, viaje 3 07:23 → 17:23, viaje 4 06:30 → 18:30, viaje 5 15:10 → 18:55."
16274,1,140440011,Mujeres,59,Empleado,,3,07:23,17:23,Trabajar,,Otra vivienda,,,,home,,14097059A,,AUTOMÓVIL PARTICULAR,,25,,,,,,"Decimocuarta revisión: se toma la lectura de las horas de las tablas anteriores (la primera revisión), una sugerencia entre otras: con las reglas de hoy el día queda con un viaje que sale antes de que llegue el anterior, y con esa lectura con ningún problema. Cambia: viaje 2 05:44 → 15:44, viaje 3 07:23 → 17:23, viaje 4 06:30 → 18:30, viaje 5 15:10 → 18:55."
16274,1,140440011,Mujeres,59,Empleado,,4,06:30,18:30,Regresar a Casa,,Su casa,,,,14097059A,,home,,AUTOMÓVIL PARTICULAR,,25,,,hora_invertida,,,"Decimocuarta revisión: se toma la lectura de las horas de las tablas anteriores (la primera revisión), una sugerencia entre otras: con las reglas de hoy el día queda con un viaje que sale antes de que llegue el anterior, y con esa lectura con ningún problema. Cambia: viaje 2 05:44 → 15:44, viaje 3 07:23 → 17:23, viaje 4 06:30 → 18:30, viaje 5 15:10 → 18:55."
16274,1,140440011,Mujeres,59,Empleado,,5,15:10,18:55,"Compras (bienes, productos y servicios)",,Centro cultural o área recreativa,,,,home,,home,,A PIE,,5,,,,,,"Decimocuarta revisión: se toma la lectura de las horas de las tablas anteriores (la primera revisión), una sugerencia entre otras: con las reglas de hoy el día queda con un viaje que sale antes de que llegue el anterior, y con esa lectura con ningún problema. Cambia: viaje 2 05:44 → 15:44, viaje 3 07:23 → 17:23, viaje 4 06:30 → 18:30, viaje 5 15:10 → 18:55."
16274,1,140440011,Mujeres,59,Empleado,,6,19:10,,Regresar a Casa,,Su casa,,,,home,,home,,A PIE,,5,,,,,,
16276,1,140970009283A,Hombres,26,Empleado,,1,06:00,,Trabajar,,"Restaurante, bar, cafetería",,Su casa,,140970005034A → home,,140970005034A,,AUTOMÓVIL PARTICULAR,,80,30,origen:copia,,changed,,"Decimocuarta revisión: se conserva la decisión de la novena revisión (chain_review_9). Novena revisión: 80 min en AUTOMÓVIL PARTICULAR para 5.9 km en línea recta es más del doble de lo que la encuesta suele reportar para ese modo a esa distancia (30 min, la mediana de 5549 viajes): los minutos son el error, no la hora. Con 30 min llega a las 06:30 y el viaje siguiente sale a las 12:52, 382 min después. Es el mismo recorrido, en el mismo modo, que otro viaje del día cuyos minutos chocaban con la salida siguiente."
16276,1,140970009283A,Hombres,26,Empleado,,2,12:52,,Regresar a Casa,,Su casa,,,,140970005034A,,home,,AUTOMÓVIL PARTICULAR,,90,30,,,,,"Decimocuarta revisión: se conserva la decisión de la novena revisión (chain_review_9). Novena revisión: 90 min en AUTOMÓVIL PARTICULAR para 5.9 km en línea recta es más del doble de lo que la encuesta suele reportar para ese modo a esa distancia (30 min, la mediana de 5549 viajes): los minutos son el error, no la hora. Con 30 min llega a las 13:22 y el viaje siguiente sale a las 14:07, 45 min después."
16276,1,140970009283A,Hombres,26,Empleado,,3,14:07 → 14:22,14:07,Trabajar,,"Restaurante, bar, cafetería",,,,home,,140970005034A,,AUTOMÓVIL PARTICULAR,,80,30,hora:llegada,,changed,,"Decimocuarta revisión: se conserva la decisión de la novena revisión (chain_review_9). Novena revisión: 80 min en AUTOMÓVIL PARTICULAR para 5.9 km en línea recta es más del doble de lo que la encuesta suele reportar para ese modo a esa distancia (30 min, la mediana de 5549 viajes): los minutos son el error, no la hora. Con 30 min llega a las 14:37 y el viaje siguiente sale a las 17:00, 143 min después. Es el mismo recorrido, en el mismo modo, que otro viaje del día cuyos minutos chocaban con la salida siguiente. Novena revisión: la salida vuelve a las 14:07, la hora que reporta la encuesta: con los minutos de traslado que corrige esta revisión cabe después de la llegada del viaje anterior (13:22); una revisión anterior la había movido a las 14:22 para dejar sitio a los minutos de más. | Decimocuarta revisión: la salida queda a las 14:07, la que dan las reglas al leer de nuevo las horas del día tal como lo dejan las decisiones que se conservan (un renglón quitado, minutos de viaje corregidos, un motivo recodificado); sobre el día registrado daban las 14:22."
16276,1,140970009283A,Hombres,26,Empleado,,4,17:00,,Regresar a Casa,,Su casa,,,,140970005034A,,home,,AUTOMÓVIL PARTICULAR,,90,30,,,,,"Decimocuarta revisión: se conserva la decisión de la novena revisión (chain_review_9). Novena revisión: 90 min en AUTOMÓVIL PARTICULAR para 5.9 km en línea recta es más del doble de lo que la encuesta suele reportar para ese modo a esa distancia (30 min, la mediana de 5549 viajes): los minutos son el error, no la hora. Es el último viaje del día. Es el mismo recorrido, en el mismo modo, que otro viaje del día cuyos minutos chocaban con la salida siguiente."
16369,1,1409707772365,Hombres,59,Empleado,,1,07:17,,Deportes o recreación,,Centro cultural o área recreativa,,Su casa,,home,,1409707771780,,A PIE,,2,,,,,,
16369,1,1409707772365,Hombres,59,Empleado,,2,07:25,,Regresar a Casa,Otros (especifique),Su casa,Otros (especifique),,,1409707771780,,99999000A,,A PIE,,2,,,regreso_sin_llegar,,,"Decimocuarta revisión: el regreso a casa termina en 99999000A, que no es el AGEB del hogar, y el día sigue desde ahí o vuelve a él; ni el tipo de lugar ni los demás viajes de la persona dicen qué hizo: «Otros», el propósito O que el modelo ya le daba."
16369,1,1409707772365,Hombres,59,Empleado,,3,23:00,,Regresar a Casa,,Su casa,,,,99999000A,,home,,Transporte de personal,,40,,,,,,
16376,3,1409700092863,Hombres,47,Trabajador independiente,,1,21:00,09:00,Trabajar,,Otra vivienda,,Su casa,,home,,141200001066A,,AUTOMÓVIL PARTICULAR,,120,60,,,,,"Decimocuarta revisión: se conserva la decisión de la novena revisión (chain_review_9). Novena revisión: 120 min en AUTOMÓVIL PARTICULAR para 22.9 km en línea recta es más del doble de lo que la encuesta suele reportar para ese modo a esa distancia (60 min, la mediana de 2401 viajes): los minutos son el error, no la hora. Con 60 min llega a las 10:00 y el viaje siguiente sale a las 20:54, 654 min después. Es el mismo recorrido, en el mismo modo, que otro viaje del día cuyos minutos chocaban con la salida siguiente. | Decimocuarta revisión: se toma la lectura de las horas de las tablas anteriores (la primera revisión), una sugerencia entre otras: con las reglas de hoy el día queda con un viaje que sale antes de que llegue el anterior, y con esa lectura con ningún problema. Cambia: viaje 1 21:00 → 09:00, viaje 4 23:01 → 00:54."
16376,3,1409700092863,Hombres,47,Trabajador independiente,,2,20:54,,Regresar a Casa,,Su casa,,,,141200001066A,,home,,AUTOMÓVIL PARTICULAR,,120,60,,hora_invertida,,,"Decimocuarta revisión: se conserva la decisión de la novena revisión (chain_review_9). Novena revisión: 120 min en AUTOMÓVIL PARTICULAR para 22.9 km en línea recta es más del doble de lo que la encuesta suele reportar para ese modo a esa distancia (60 min, la mediana de 2401 viajes): los minutos son el error, no la hora. Con 60 min llega a las 21:54 y el viaje siguiente sale a las 22:24, 30 min después."
16376,3,1409700092863,Hombres,47,Trabajador independiente,,3,22:24 → 22:54,22:24,Trabajar,,Otra vivienda,,,,home,,141200001066A,,AUTOMÓVIL PARTICULAR,,120,60,hora:llegada,,changed,,"Decimocuarta revisión: se conserva la decisión de la novena revisión (chain_review_9). Novena revisión: 120 min en AUTOMÓVIL PARTICULAR para 22.9 km en línea recta es más del doble de lo que la encuesta suele reportar para ese modo a esa distancia (60 min, la mediana de 2401 viajes): los minutos son el error, no la hora. Con 60 min llega a las 23:24 y el viaje siguiente sale a las 00:54, 90 min después. Novena revisión: la salida vuelve a las 22:24, la hora que reporta la encuesta: con los minutos de traslado que corrige esta revisión cabe después de la llegada del viaje anterior (21:54); una revisión anterior la había movido a las 22:54 para dejar sitio a los minutos de más. | Decimocuarta revisión: la salida queda a las 22:24, la que dan las reglas al leer de nuevo las horas del día tal como lo dejan las decisiones que se conservan (un renglón quitado, minutos de viaje corregidos, un motivo recodificado); sobre el día registrado daban las 22:54."
16376,3,1409700092863,Hombres,47,Trabajador independiente,,4,23:01,00:54,Regresar a Casa,,Su casa,,,,141200001066A,,home,,AUTOMÓVIL PARTICULAR,,120,60,,hora_invertida;hora_2301,,,"Decimocuarta revisión: se conserva la decisión de la novena revisión (chain_review_9). La salida se recorre de 23:01 a 00:54, que es la hora a la que llega el viaje anterior (22:54 + 120 min de traslado): tal como estaba, el viaje empezaba antes de haber llegado. El origen se encadena con el destino del viaje 3 (Otra vivienda en 141200001066A). Novena revisión: 120 min en AUTOMÓVIL PARTICULAR para 22.9 km en línea recta es más del doble de lo que la encuesta suele reportar para ese modo a esa distancia (60 min, la mediana de 2401 viajes): los minutos son el error, no la hora. Es el último viaje del día. Es el mismo recorrido, en el mismo modo, que otro viaje del día cuyos minutos chocaban con la salida siguiente. | Decimocuarta revisión: se toma la lectura de las horas de las tablas anteriores (la primera revisión), una sugerencia entre otras: con las reglas de hoy el día queda con un viaje que sale antes de que llegue el anterior, y con esa lectura con ningún problema. Cambia: viaje 1 21:00 → 09:00, viaje 4 23:01 → 00:54."
16501,3,1404400540401,Mujeres,16,Estudiante,,1,13:20,07:15,Estudiar,,Escuela,,Su casa,,home,,1404400540416,,A PIE,,15,,,,,,"Decimocuarta revisión: ninguna lectura de las horas cierra el día: con las reglas queda un viaje que sale antes de que llegue el anterior, con la de las tablas anteriores una salida movida a la madrugada; un primer viaje antes de las 05:00. Las salidas se mueven lo menos posible (365 min en total) para que ningún viaje salga antes de que llegue el anterior; queda menos de media hora en el trabajo o la escuela. Cambia: viaje 1 13:20 → 07:15."
16501,3,1404400540401,Mujeres,16,Estudiante,,2,07:30,,Regresar a Casa,,Su casa,,,,1404400540416,,home,,A PIE,,15,,,hora_invertida,,,
16501,3,1404400540401,Mujeres,16,Estudiante,,3,13:24,,"Compras (bienes, productos y servicios)",,Centro cultural o área recreativa,,,,home,,home,,A PIE,,11,,,,,,
16501,3,1404400540401,Mujeres,16,Estudiante,,4,18:24,,Regresar a Casa,,Su casa,,,,home,,home,,A PIE,,11,,,,,,
16530,3,1404400540416,Hombres,8,Estudiante,,1,07:31,,Estudiar,,Escuela,,Su casa,,home,,home,,A PIE,,7,,,,,,
16530,3,1404400540416,Hombres,8,Estudiante,,2,02:02,14:02,Estudiar,,Escuela,,,,home,,home,,A PIE,,7,,,hora_invertida,,,"Decimocuarta revisión: se toma la lectura de las horas de las tablas anteriores (la primera revisión y la undécima revisión), una sugerencia entre otras: con las reglas de hoy el día queda con un viaje que sale antes de que llegue el anterior, y con esa lectura con ningún problema. Cambia: viaje 2 02:02 → 14:02, viaje 3 10:02 → 20:02, viaje 4 18:21 → 20:21."
16530,3,1404400540416,Hombres,8,Estudiante,,3,10:02,20:02,"Compras (bienes, productos y servicios)",,"Comercio, mercado, tienda o centro comercial",,,,home,,1404400540401,,A PIE,,3,,,,,,"Decimocuarta revisión: se toma la lectura de las horas de las tablas anteriores (la primera revisión y la undécima revisión), una sugerencia entre otras: con las reglas de hoy el día queda con un viaje que sale antes de que llegue el anterior, y con esa lectura con ningún problema. Cambia: viaje 2 02:02 → 14:02, viaje 3 10:02 → 20:02, viaje 4 18:21 → 20:21."
16530,3,1404400540416,Hombres,8,Estudiante,,4,18:21,20:21,Estudiar,,Otros (especifique),,,,1404400540401,,home,,A PIE,,3,,,fin_fuera_de_casa,,,"Decimocuarta revisión: se toma la lectura de las horas de las tablas anteriores (la primera revisión y la undécima revisión), una sugerencia entre otras: con las reglas de hoy el día queda con un viaje que sale antes de que llegue el anterior, y con esa lectura con ningún problema. Cambia: viaje 2 02:02 → 14:02, viaje 3 10:02 → 20:02, viaje 4 18:21 → 20:21."
16548,2,1404400540416,Mujeres,50,Empleado,,1,08:20,,Trabajar,,"Hospital, clínica, consultorio, laboratorio clínico",,Su casa,,home,,home,,A PIE,,5,,,,,,
16548,2,1404400540416,Mujeres,50,Empleado,,2,07:01,09:01,Regresar a Casa,,Su casa,,,,home,,home,,A PIE,,5,,,hora_invertida,,,"Decimocuarta revisión: se toma la lectura de las horas de las tablas anteriores (la primera revisión), una sugerencia entre otras: con las reglas de hoy el día queda con un viaje que sale antes de que llegue el anterior, y con esa lectura con ningún problema. Cambia: viaje 2 07:01 → 09:01."
16548,2,1404400540416,Mujeres,50,Empleado,,3,14:01,,"Compras (bienes, productos y servicios)",,Centro cultural o área recreativa,,,,home,,1404400540420,,A PIE,,8,,,,,,
16548,2,1404400540416,Mujeres,50,Empleado,,4,18:26,,Regresar a Casa,,Su casa,,,,1404400540420,,home,,A PIE,,8,,,,,,
16617,1,1409700250369,Hombres,31,Empleado,,1,05:00,,Trabajar,,Fábrica o taller,,Su casa,,home,,1409704241761,,AUTOMÓVIL PARTICULAR,,90,25,,,,,"Decimocuarta revisión: se conserva la decisión de la novena revisión (chain_review_9). Novena revisión: 90 min en AUTOMÓVIL PARTICULAR para 4.1 km en línea recta es más del doble de lo que la encuesta suele reportar para ese modo a esa distancia (25 min, la mediana de 5029 viajes): los minutos son el error, no la hora. Con 25 min llega a las 05:25 y el viaje siguiente sale a las 11:55, 390 min después. Es el mismo recorrido, en el mismo modo, que otro viaje del día cuyos minutos chocaban con la salida siguiente."
16617,1,1409700250369,Hombres,31,Empleado,,2,11:55,,Regresar a Casa,,Su casa,,,,1409704241761,,home,,AUTOMÓVIL PARTICULAR,,90,25,,,,,"Decimocuarta revisión: se conserva la decisión de la novena revisión (chain_review_9). Novena revisión: 90 min en AUTOMÓVIL PARTICULAR para 4.1 km en línea recta es más del doble de lo que la encuesta suele reportar para ese modo a esa distancia (25 min, la mediana de 5029 viajes): los minutos son el error, no la hora. Con 25 min llega a las 12:20 y el viaje siguiente sale a las 13:12, 52 min después."
16617,1,1409700250369,Hombres,31,Empleado,,3,13:12 → 13:25,13:12,Trabajar,,Fábrica o taller,,,,home,,1409704241761,,AUTOMÓVIL PARTICULAR,,90,25,hora:llegada,,changed,,"Decimocuarta revisión: se conserva la decisión de la novena revisión (chain_review_9). Novena revisión: 90 min en AUTOMÓVIL PARTICULAR para 4.1 km en línea recta es más del doble de lo que la encuesta suele reportar para ese modo a esa distancia (25 min, la mediana de 5029 viajes): los minutos son el error, no la hora. Con 25 min llega a las 13:37 y el viaje siguiente sale a las 16:00, 143 min después. Es el mismo recorrido, en el mismo modo, que otro viaje del día cuyos minutos chocaban con la salida siguiente. Novena revisión: la salida vuelve a las 13:12, la hora que reporta la encuesta: con los minutos de traslado que corrige esta revisión cabe después de la llegada del viaje anterior (12:20); una revisión anterior la había movido a las 13:25 para dejar sitio a los minutos de más. | Decimocuarta revisión: la salida queda a las 13:12, la que dan las reglas al leer de nuevo las horas del día tal como lo dejan las decisiones que se conservan (un renglón quitado, minutos de viaje corregidos, un motivo recodificado); sobre el día registrado daban las 13:25."
16617,1,1409700250369,Hombres,31,Empleado,,4,16:00,,Regresar a Casa,,Su casa,,,,1409704241761,,home,,AUTOMÓVIL PARTICULAR,,90,25,,,,,"Decimocuarta revisión: se conserva la decisión de la novena revisión (chain_review_9). Novena revisión: 90 min en AUTOMÓVIL PARTICULAR para 4.1 km en línea recta es más del doble de lo que la encuesta suele reportar para ese modo a esa distancia (25 min, la mediana de 5029 viajes): los minutos son el error, no la hora. Es el último viaje del día. Es el mismo recorrido, en el mismo modo, que otro viaje del día cuyos minutos chocaban con la salida siguiente."
16629,1,1409700250369,Hombres,27,Empleado,,1,13:00,,Trabajar,,"Hospital, clínica, consultorio, laboratorio clínico",,Su casa,,home,,1412000010706,,CAMIÓN O AUTOBÚS,,45,,,,,,
16629,1,1409700250369,Hombres,27,Empleado,,2,12:00,13:45,Regresar a Casa,,Su casa,,,,1412000010706,,home,,Taxi plataforma (Uber/Didi),,25,,,hora_invertida,,,"Decimocuarta revisión: ninguna lectura de las horas cierra el día: con las reglas queda un viaje que sale antes de que llegue el anterior, con la de las tablas anteriores menos de media hora en el trabajo o la escuela. Las salidas se mueven lo menos posible (105 min en total) para que ningún viaje salga antes de que llegue el anterior; queda menos de media hora en el trabajo o la escuela. Cambia: viaje 2 12:00 → 13:45."
16748,2,1409700250354,Mujeres,42,Trabajador independiente,,1,06:20,,Regresar a Casa,,Su casa,,Su casa,Fábrica o taller,home,1409800011928,home,,AUTOMÓVIL PARTICULAR,,15,,,regreso_en_casa,,,"Decimocuarta revisión: se conserva la decisión de la segunda revisión (chain_review_2). Restaurado: es el regreso de la mañana desde el turno nocturno (06:20, mismo modo y duración que el viaje al trabajo), no un regreso hecho estando en casa; el origen es el trabajo (1409800011928). | Decimocuarta revisión: se conserva la decisión de la segunda revisión (chain_review_2). Restaurado: es el regreso de la mañana desde el turno nocturno (06:20, mismo modo y duración que el viaje al trabajo), no un regreso hecho estando en casa; el origen es el trabajo (1409800011928)."
16748,2,1409700250354,Mujeres,42,Trabajador independiente,,2,21:30 → 09:30,21:30,Trabajar,,Fábrica o taller,,,,home,,1409800011928,,AUTOMÓVIL PARTICULAR,,15,,hora:-12h,,changed,,"Decimocuarta revisión: la salida queda a las 21:30, la que dan las reglas al leer de nuevo las horas del día tal como lo dejan las decisiones que se conservan (un renglón quitado, minutos de viaje corregidos, un motivo recodificado); sobre el día registrado daban las 09:30."
16748,2,1409700250354,Mujeres,42,Trabajador independiente,,3,19:45,,Regresar a Casa,,Su casa,,,,1409800011928,,home,,AUTOMÓVIL PARTICULAR,,15,,,,,dropped,"Decimocuarta revisión: se conserva la decisión de la segunda revisión (chain_review_2). Turno nocturno: este renglón es el regreso de la mañana siguiente, fuera del día de la encuesta y repetición del viaje 1: se descarta."
16770,5,1412000016832,Hombres,26,Estudiante,,1,06:01,,Estudiar,,Escuela,,Su casa,,home,,1403900013641,,TREN LIGERO,,83,,,,,,
16770,5,1412000016832,Hombres,26,Estudiante,,2,19:06 → 09:06,,Regresar a Casa,Otros (especifique),Su casa,Otros (especifique),,,home → 1403900013641,,1412000015285,,A PIE,,11,,origen:anterior;hora:-10h,regreso_sin_llegar,changed,,"Decimocuarta revisión: el regreso a casa termina en 1412000015285, que no es el AGEB del hogar, y el día sigue desde ahí o vuelve a él; ni el tipo de lugar ni los demás viajes de la persona dicen qué hizo: «Otros», el propósito O que el modelo ya le daba."
16770,5,1412000016832,Hombres,26,Estudiante,,3,18:31,,Regresar a Casa,,Su casa,,,,1412000015285,,home,,A PIE,,11,,,,,,
16831,2,1404400020115,Mujeres,49,,,1,06:00,,"Compras (bienes, productos y servicios)",,"Comercio, mercado, tienda o centro comercial",,Su casa,,home,,1403900013976,,CAMIÓN O AUTOBÚS,,90,,,,,,
16831,2,1404400020115,Mujeres,49,,,2,19:08 → 09:08,,Regresar a Casa,Otros (especifique),Su casa,Otros (especifique),,,home → 1403900013976,,1404400020134,,A PIE,,8,,origen:anterior;hora:-10h,regreso_sin_llegar,changed,,"Decimocuarta revisión: el regreso a casa termina en 1404400020134, que no es el AGEB del hogar, y el día sigue desde ahí o vuelve a él; ni el tipo de lugar ni los demás viajes de la persona dicen qué hizo: «Otros», el propósito O que el modelo ya le daba."
16831,2,1404400020115,Mujeres,49,,,3,18:15,,Regresar a Casa,,Su casa,,,,1404400020134,,home,,A PIE,,8,,,,,,
16836,1,1404400020115,Hombres,60,Empleado,,1,06:00,,Trabajar,,Fábrica o taller,,Su casa,,home,,999990005,,CAMIÓN O AUTOBÚS,,30,,,,,,
16836,1,1404400020115,Hombres,60,Empleado,,2,19:13,,Regresar a Casa,Otros (especifique),Su casa,Otros (especifique),,,home → 999990005,,140440002005A,,A PIE,,12,,origen:anterior,regreso_sin_llegar,changed,,"Decimocuarta revisión: el regreso a casa termina en 140440002005A, que no es el AGEB del hogar, y el día sigue desde ahí o vuelve a él; ni el tipo de lugar ni los demás viajes de la persona dicen qué hizo: «Otros», el propósito O que el modelo ya le daba."
16836,1,1404400020115,Hombres,60,Empleado,,3,19:38,,Regresar a Casa,,Su casa,,,,140440002005A,,home,,A PIE,,12,,,,,,
16847,2,140440002012A,Hombres,42,Empleado,,1,05:00,,Trabajar,,Otros (especifique),,Su casa,,home,,1403900014033,,AUTOMÓVIL PARTICULAR,,90,,,,,,
16847,2,140440002012A,Hombres,42,Empleado,,2,05:36,06:30,Regresar a Casa,,Su casa,,,,1403900014033,,home,,AUTOMÓVIL PARTICULAR,,90,,,hora_invertida,,,"Decimocuarta revisión: se toma la lectura de las horas de las tablas anteriores (la primera revisión), una sugerencia entre otras: con las reglas de hoy el día queda con un viaje que sale antes de que llegue el anterior, y con esa lectura con menos de media hora en el trabajo o la escuela. Cambia: viaje 2 05:36 → 06:30, viaje 3 07:23 → 08:00, viaje 4 08:00 → 09:30."
16847,2,140440002012A,Hombres,42,Empleado,,3,07:23,08:00,Trabajar,,Otros (especifique),,,,home,,1403900014033,,AUTOMÓVIL PARTICULAR,,90,,,,,,"Decimocuarta revisión: se toma la lectura de las horas de las tablas anteriores (la primera revisión), una sugerencia entre otras: con las reglas de hoy el día queda con un viaje que sale antes de que llegue el anterior, y con esa lectura con menos de media hora en el trabajo o la escuela. Cambia: viaje 2 05:36 → 06:30, viaje 3 07:23 → 08:00, viaje 4 08:00 → 09:30."
16847,2,140440002012A,Hombres,42,Empleado,,4,08:00,09:30,Regresar a Casa,,Su casa,,,,1403900014033,,home,,AUTOMÓVIL PARTICULAR,,90,,,hora_invertida,,,"Decimocuarta revisión: se toma la lectura de las horas de las tablas anteriores (la primera revisión), una sugerencia entre otras: con las reglas de hoy el día queda con un viaje que sale antes de que llegue el anterior, y con esa lectura con menos de media hora en el trabajo o la escuela. Cambia: viaje 2 05:36 → 06:30, viaje 3 07:23 → 08:00, viaje 4 08:00 → 09:30."
16847,2,140440002012A,Hombres,42,Empleado,,5,15:00,,"Compras (bienes, productos y servicios)",,Centro cultural o área recreativa,,,,home,,home,,A PIE,,4,,,,,,
16847,2,140440002012A,Hombres,42,Empleado,,6,19:29,,Regresar a Casa,,Su casa,,,,home,,home,,A PIE,,4,,,,,,
16928,1,140440002012A,Hombres,56,Trabajador independiente,,1,05:30,,Trabajar,,"Comercio, mercado, tienda o centro comercial",,Su casa,,home,,999990005,,AUTOMÓVIL PARTICULAR,,120,,,,,,
16928,1,140440002012A,Hombres,56,Trabajador independiente,,2,02:34,12:34,Regresar a Casa,,Su casa,,,,999990005,,home,,AUTOMÓVIL PARTICULAR,,120,,,hora_invertida,,,"Decimocuarta revisión: se toma la lectura de las horas de las tablas anteriores (la primera revisión), una sugerencia entre otras: con las reglas de hoy el día queda con un viaje que sale antes de que llegue el anterior, y con esa lectura con ningún problema. Cambia: viaje 2 02:34 → 12:34, viaje 3 04:34 → 16:17."
16928,1,140440002012A,Hombres,56,Trabajador independiente,,3,04:17 → 04:34,16:17,Trabajar,,"Comercio, mercado, tienda o centro comercial",,,,home,,999990005,,AUTOMÓVIL PARTICULAR,,120,,hora:llegada,,changed,,"Decimocuarta revisión: se toma la lectura de las horas de las tablas anteriores (la primera revisión), una sugerencia entre otras: con las reglas de hoy el día queda con un viaje que sale antes de que llegue el anterior, y con esa lectura con ningún problema. Cambia: viaje 2 02:34 → 12:34, viaje 3 04:34 → 16:17."
16928,1,140440002012A,Hombres,56,Trabajador independiente,,4,04:00,,Regresar a Casa,,Su casa,,,,999990005,,home,,AUTOMÓVIL PARTICULAR,,120,,,hora_invertida,,,
16928,4,140440002012A,Hombres,21,Empleado,,1,12:35,,Trabajar,,"Comercio, mercado, tienda o centro comercial",,Su casa,,home,,1404400020115,,A PIE,,20,,,,,,
16928,4,140440002012A,Hombres,21,Empleado,,2,10:00,12:55,Regresar a Casa,,Su casa,,,,1404400020115,,home,,A PIE,,20,,,hora_invertida,,,"Decimocuarta revisión: ninguna lectura de las horas cierra el día: con las reglas queda un viaje que sale antes de que llegue el anterior, con la de las tablas anteriores una salida movida a la madrugada. Las salidas se mueven lo menos posible (175 min en total) para que ningún viaje salga antes de que llegue el anterior; queda menos de media hora en el trabajo o la escuela. Cambia: viaje 2 10:00 → 12:55."
16928,4,140440002012A,Hombres,21,Empleado,,3,15:00,,Compras (comida),,Centro cultural o área recreativa,,,,home,,1404400020346,,A PIE,,13,,,,,,
16928,4,140440002012A,Hombres,21,Empleado,,4,18:45,,Regresar a Casa,,Su casa,,,,1404400020346,,home,,A PIE,,13,,,,,,
16932,2,1404400020153,Hombres,42,Empleado,,1,04:30,,Trabajar,,Otros (especifique),,Su casa,,home,,1409800012767,,CAMIÓN O AUTOBÚS,,120,,,,,,
16932,2,1404400020153,Hombres,42,Empleado,,2,19:02,,Regresar a Casa,Otros (especifique),Su casa,Otros (especifique),,,home → 1409800012767,,140440002005A,,A PIE,,12,,origen:anterior,regreso_sin_llegar,changed,,"Decimocuarta revisión: el regreso a casa termina en 140440002005A, que no es el AGEB del hogar, y el día sigue desde ahí o vuelve a él; ni el tipo de lugar ni los demás viajes de la persona dicen qué hizo: «Otros», el propósito O que el modelo ya le daba."
16932,2,1404400020153,Hombres,42,Empleado,,3,19:33,,Regresar a Casa,,Su casa,,,,140440002005A,,home,,A PIE,,12,,,,,,
17000,1,1404400020115,Hombres,34,Empleado,,1,20:00,08:00,Trabajar,,Fábrica o taller,,Su casa,,home,,1404400050257,,AUTOMÓVIL PARTICULAR,,20,,,,,,"Decimocuarta revisión: la salida queda a las 08:00, la que dan las reglas al leer de nuevo las horas del día tal como lo dejan las decisiones que se conservan (un renglón quitado, minutos de viaje corregidos, un motivo recodificado); sobre el día registrado daban las 20:00."
17000,1,1404400020115,Hombres,34,Empleado,,2,18:36,,Regresar a Casa,,Su casa,,,,1404400050257,,home,,AUTOMÓVIL PARTICULAR,,20,,,hora_invertida,,,
17000,1,1404400020115,Hombres,34,Empleado,,3,20:24,,Trabajar,,Fábrica o taller,,,,home,,1404400050257,,AUTOMÓVIL PARTICULAR,,20,,,,,,
17000,1,1404400020115,Hombres,34,Empleado,,4,20:00,,Regresar a Casa,,Su casa,,,,1404400050257,,home,,AUTOMÓVIL PARTICULAR,,20,,,hora_invertida,,dropped,"Decimocuarta revisión: se conserva la decisión de la segunda revisión (chain_review_2). Turno nocturno: sale a trabajar a las 20:24; este renglón es el regreso de la mañana siguiente, fuera del día de la encuesta: se descarta y el día termina en el trabajo."
17056,1,1409700250369,Hombres,56,Trabajador independiente,,1,23:00,11:00,Trabajar,,Oficina,,Su casa,,home,,1403900011560,,AUTOMÓVIL PARTICULAR,,40,,,,,,"Decimocuarta revisión: se toma la lectura de las horas de las tablas anteriores (la primera revisión y la décima revisión), una sugerencia entre otras: con las reglas de hoy el día queda con un viaje que sale antes de que llegue el anterior, y con esa lectura con ningún problema. Cambia: viaje 1 23:00 → 11:00, viaje 4 18:00 → 23:00."
17056,1,1409700250369,Hombres,56,Trabajador independiente,,2,18:46,,Regresar a Casa,,Su casa,,,,1403900011560,,home,,AUTOMÓVIL PARTICULAR,,70,,,hora_invertida,,,
17056,1,1409700250369,Hombres,56,Trabajador independiente,,3,20:14,,Trabajar,,Oficina,,,,home,,1403900011560,,AUTOMÓVIL PARTICULAR,,40,,,,,,
17056,1,1409700250369,Hombres,56,Trabajador independiente,,4,18:00,23:00,Regresar a Casa,,Su casa,,,,1403900011560,,home,,AUTOMÓVIL PARTICULAR,,70,,,hora_invertida,,,"Decimocuarta revisión: se toma la lectura de las horas de las tablas anteriores (la primera revisión y la décima revisión), una sugerencia entre otras: con las reglas de hoy el día queda con un viaje que sale antes de que llegue el anterior, y con esa lectura con ningún problema. Cambia: viaje 1 23:00 → 11:00, viaje 4 18:00 → 23:00."
17142,1,1404400010083,Hombres,59,Empleado,,1,09:00,,Trabajar,,"Comercio, mercado, tienda o centro comercial",,Su casa,,home,,1404400020115,,AUTOMÓVIL PARTICULAR,,20,,,,,,
17142,1,1404400010083,Hombres,59,Empleado,,2,08:41,20:41,Regresar a Casa,,Su casa,,,,1404400020115,,home,,AUTOMÓVIL PARTICULAR,,20,,,hora_invertida,,,"Decimocuarta revisión: se toma la lectura de las horas de las tablas anteriores (las reglas anteriores), una sugerencia entre otras: con las reglas de hoy el día queda con un viaje que sale antes de que llegue el anterior, y con esa lectura con menos de media hora en el trabajo o la escuela. Cambia: viaje 2 08:41 → 20:41, viaje 3 10:12 → 22:12, viaje 4 11:00 → 23:00."
17142,1,1404400010083,Hombres,59,Empleado,,3,10:12,22:12,Trabajar,,"Comercio, mercado, tienda o centro comercial",,,,home,,1404400020115,,AUTOMÓVIL PARTICULAR,,20,,,,,,"Decimocuarta revisión: se toma la lectura de las horas de las tablas anteriores (las reglas anteriores), una sugerencia entre otras: con las reglas de hoy el día queda con un viaje que sale antes de que llegue el anterior, y con esa lectura con menos de media hora en el trabajo o la escuela. Cambia: viaje 2 08:41 → 20:41, viaje 3 10:12 → 22:12, viaje 4 11:00 → 23:00."
17142,1,1404400010083,Hombres,59,Empleado,,4,11:00,23:00,Regresar a Casa,,Su casa,,,,1404400020115,,home,,AUTOMÓVIL PARTICULAR,,20,,,,,,"Decimocuarta revisión: se toma la lectura de las horas de las tablas anteriores (las reglas anteriores), una sugerencia entre otras: con las reglas de hoy el día queda con un viaje que sale antes de que llegue el anterior, y con esa lectura con menos de media hora en el trabajo o la escuela. Cambia: viaje 2 08:41 → 20:41, viaje 3 10:12 → 22:12, viaje 4 11:00 → 23:00."
17173,2,1404400010098,Mujeres,36,Empleado,,1,12:30,,Trabajar,,"Comercio, mercado, tienda o centro comercial",,Su casa,,home,,999990005,,CAMIÓN O AUTOBÚS,,20,,,,,,
17173,2,1404400010098,Mujeres,36,Empleado,,2,09:35,12:50,Regresar a Casa,,Su casa,,,,999990005,,home,,CAMIÓN O AUTOBÚS,,25,,,hora_invertida,,,"Decimocuarta revisión: ninguna lectura de las horas cierra el día: con las reglas queda un viaje que sale antes de que llegue el anterior, con la de las tablas anteriores una salida movida a la madrugada. Las salidas se mueven lo menos posible (195 min en total) para que ningún viaje salga antes de que llegue el anterior; queda menos de media hora en el trabajo o la escuela. Cambia: viaje 2 09:35 → 12:50."
17173,2,1404400010098,Mujeres,36,Empleado,,3,15:23,,Compras (comida),,"Comercio, mercado, tienda o centro comercial",,,,home,,1404400010100,,A PIE,,11,,,,,,
17173,2,1404400010098,Mujeres,36,Empleado,,4,18:23,,Regresar a Casa,,Su casa,,,,1404400010100,,home,,A PIE,,11,,,,,,
17456,2,1409700053147,Mujeres,40,Trabajador independiente,,1,09:00,,"Compras (bienes, productos y servicios)",,"Comercio, mercado, tienda o centro comercial",,Su casa,,home,,1409700053503,,A PIE,,10,,,,,,
17456,2,1409700053147,Mujeres,40,Trabajador independiente,,2,08:00,09:10,Regresar a Casa,,Su casa,,,,1409700053503,,home,,A PIE,,10,,,hora_invertida,,,"Decimocuarta revisión: se toma la lectura de las horas de las tablas anteriores (la primera revisión), una sugerencia entre otras: con las reglas de hoy el día queda con un viaje que sale antes de que llegue el anterior, y con esa lectura con una estancia de cero minutos fuera de casa. Cambia: viaje 2 08:00 → 09:10."
17456,2,1409700053147,Mujeres,40,Trabajador independiente,,3,13:00,,"Compras (bienes, productos y servicios)",,"Comercio, mercado, tienda o centro comercial",,,,home,,1409700053503,,A PIE,,2,,,,,,
17456,2,1409700053147,Mujeres,40,Trabajador independiente,,4,18:28,,Regresar a Casa,,Su casa,,,,1409700053503,,home,,A PIE,,2,,,,,,
17520,3,1404400010295,Mujeres,23,Empleado,,1,14:45,,Trabajar,,Fábrica o taller,,Su casa,,home,,1407000130401,,Transporte de personal,,75,,,,,,
17520,3,1404400010295,Mujeres,23,Empleado,,2,12:30,16:00,Regresar a Casa,,Su casa,,,,1407000130401,,home,,Transporte de personal,,60,,,hora_invertida,,,"Decimocuarta revisión: ninguna lectura de las horas cierra el día: con las reglas queda un viaje que sale antes de que llegue el anterior, con la de las tablas anteriores una salida movida a la madrugada. Las salidas se mueven lo menos posible (210 min en total) para que ningún viaje salga antes de que llegue el anterior; queda menos de media hora en el trabajo o la escuela. Cambia: viaje 2 12:30 → 16:00."
17520,3,1404400010295,Mujeres,23,Empleado,,3,17:30,,"Compras (bienes, productos y servicios)",,Centro cultural o área recreativa,,,,home,,home,,A PIE,,13,,,,,,
17520,3,1404400010295,Mujeres,23,Empleado,,4,19:41,,Regresar a Casa,,Su casa,,,,home,,home,,A PIE,,13,,,,,,
17705,4,1407000200613,Mujeres,18,,,1,13:00,,Al médico o atención de salud,,"Hospital, clínica, consultorio, laboratorio clínico",,Su casa,,home,,1403900012319,,TREN LIGERO,,97,,,,,,
17705,4,1407000200613,Mujeres,18,,,2,12:00,14:37,Regresar a Casa,,Su casa,,,,1403900012319,,home,,AUTOMÓVIL PARTICULAR,,45,,,hora_invertida,,,"Decimocuarta revisión: ninguna lectura de las horas cierra el día: con las reglas queda un viaje que sale antes de que llegue el anterior, con la de las tablas anteriores una estancia de 8 horas o más en un mandado o una visita. Las salidas se mueven lo menos posible (157 min en total) para que ningún viaje salga antes de que llegue el anterior; queda una estancia de cero minutos fuera de casa. Cambia: viaje 2 12:00 → 14:37."
17929,2,1403900010280,Mujeres,49,Hogar,yes,1,07:00,,Llevar o recoger a alguien,,Oficina,,Su casa,,home,,1403900010596,,AUTOMÓVIL PARTICULAR,,30,10,,,,,"Decimocuarta revisión: se conserva la decisión de la novena revisión (chain_review_9). Novena revisión: 30 min en AUTOMÓVIL PARTICULAR para 0.9 km en línea recta es más del doble de lo que la encuesta suele reportar para ese modo a esa distancia (10 min, la mediana de 1718 viajes): los minutos son el error, no la hora. Con 10 min llega a las 07:10 y el viaje siguiente sale a las 07:30, 20 min después."
17929,2,1403900010280,Mujeres,49,Hogar,yes,2,07:30,,Regresar a Casa,,Su casa,,,,1403900010596,,home,,AUTOMÓVIL PARTICULAR,,30,10,,,,,"Decimocuarta revisión: se conserva la decisión de la novena revisión (chain_review_9). Novena revisión: 30 min en AUTOMÓVIL PARTICULAR para 0.9 km en línea recta es más del doble de lo que la encuesta suele reportar para ese modo a esa distancia (10 min, la mediana de 1718 viajes): los minutos son el error, no la hora. Con 10 min llega a las 07:40 y el viaje siguiente sale a las 08:00, 20 min después."
17929,2,1403900010280,Mujeres,49,Hogar,yes,3,07:35 → 08:00,07:40,Llevar o recoger a alguien,,Escuela,,,,home,,1409800011928,,AUTOMÓVIL PARTICULAR,,65,,hora:llegada,,changed,,"Decimocuarta revisión: la salida queda a las 07:40, la que dan las reglas al leer de nuevo las horas del día tal como lo dejan las decisiones que se conservan (un renglón quitado, minutos de viaje corregidos, un motivo recodificado); sobre el día registrado daban las 08:00."
17929,2,1403900010280,Mujeres,49,Hogar,yes,4,08:40 → 09:05,08:45,Regresar a Casa,,Su casa,,,,1409800011928,,home,,AUTOMÓVIL PARTICULAR,,45,,hora:llegada,,changed,,"Decimocuarta revisión: la salida queda a las 08:45, la que dan las reglas al leer de nuevo las horas del día tal como lo dejan las decisiones que se conservan (un renglón quitado, minutos de viaje corregidos, un motivo recodificado); sobre el día registrado daban las 09:05."
17929,2,1403900010280,Mujeres,49,Hogar,yes,5,15:00,,Llevar o recoger a alguien,,Escuela,,,,home,,1409800011928,,AUTOMÓVIL PARTICULAR,,65,,,,,,
17929,2,1403900010280,Mujeres,49,Hogar,yes,6,16:30,,Regresar a Casa,,Su casa,,,,1409800011928,,home,,AUTOMÓVIL PARTICULAR,,45,,,,,,
17940,1,1412000013217,Hombres,24,Empleado,,1,19:04,,Regresar a Casa,Trabajar,Su casa,Fábrica o taller,Su casa → Fábrica o taller,,141200001194A,home,home,141200001194A,A PIE,,1,,tipo_origen:regreso,inicio_fuera_de_casa,changed,,"Decimocuarta revisión: se conserva la decisión de la segunda revisión (chain_review_2). Restaurado e intercambiado con el viaje 2: el 2 sale de casa a 141200001194A a las 19:00 y este regresa a las 19:04; la hoja no reordena renglones, así que el renglón 1 toma la ida y el 2 el regreso."
17940,1,1412000013217,Hombres,24,Empleado,,2,19:00 → 19:05,,— → Trabajar,Regresar a Casa,— → Fábrica o taller,Su casa,,,home,141200001194A,141200001194A,home,A PIE,,1,,motivo:vecinos;tipo_origen:regreso;hora:llegada,fin_fuera_de_casa,changed,,Decimocuarta revisión: se conserva la decisión de la segunda revisión (chain_review_2). Intercambiado con el viaje 1: este renglón toma el regreso de 141200001194A a casa (19:04).
17963,4,1409800013322,Mujeres,19,Hogar,,1,19:20 → 09:20,19:00,Regresar a Casa,Compras (comida),Su casa,"Comercio, mercado, tienda o centro comercial","Su casa → Comercio, mercado, tienda o centro comercial",,1409800012004,home,home,1409800012004,A PIE,,1,,tipo_origen:regreso;hora:-10h,inicio_fuera_de_casa,changed,,"Decimocuarta revisión: se conserva la decisión de la segunda revisión (chain_review_2). Restaurado e intercambiado con el viaje 2: el 2 sale de casa a 1409800012004 a las 19:00 y este regresa a las 19:20; la hoja no reordena renglones, así que el renglón 1 toma la ida y el 2 el regreso. | Decimocuarta revisión: se toma la lectura de las horas de las tablas anteriores (la segunda revisión), una sugerencia entre otras: con las reglas de hoy el día queda con una estancia de 8 horas o más en un mandado o una visita, y con esa lectura con ningún problema. Cambia: viaje 1 09:20 → 19:00, viaje 2 19:00 → 19:20."
17963,4,1409800013322,Mujeres,19,Hogar,,2,19:00,19:20,— → Compras (comida),Regresar a Casa,"— → Comercio, mercado, tienda o centro comercial",Su casa,,,home,1409800012004,1409800012004,home,A PIE,,1,,motivo:vecinos;tipo_origen:regreso,fin_fuera_de_casa,changed,,"Decimocuarta revisión: se conserva la decisión de la segunda revisión (chain_review_2). Intercambiado con el viaje 1: este renglón toma el regreso de 1409800012004 a casa (19:20). | Decimocuarta revisión: se toma la lectura de las horas de las tablas anteriores (la segunda revisión), una sugerencia entre otras: con las reglas de hoy el día queda con una estancia de 8 horas o más en un mandado o una visita, y con esa lectura con ningún problema. Cambia: viaje 1 09:20 → 19:00, viaje 2 19:00 → 19:20."
17964,1,140980001110A,Mujeres,30,Empleado,,1,06:00,,Trabajar,,Fábrica o taller,,Su casa,,home,,1409800012220,,A PIE,,15,,,,,,
17964,1,140980001110A,Mujeres,30,Empleado,,2,15:00,,Regresar a Casa,Otros (especifique),Su casa,Otros (especifique),,,1409800012220,,1409800011735,,A PIE,,15,,,regreso_sin_llegar,,,"Decimocuarta revisión: el regreso a casa termina en 1409800011735, que no es el AGEB del hogar, y el día sigue desde ahí o vuelve a él; ni el tipo de lugar ni los demás viajes de la persona dicen qué hizo: «Otros», el propósito O que el modelo ya le daba."
17964,1,140980001110A,Mujeres,30,Empleado,,3,17:00,,"Compras (bienes, productos y servicios)",,"Comercio, mercado, tienda o centro comercial",,,,1409800011735,,1409800012625,,A PIE,,11,,,,,,
17964,1,140980001110A,Mujeres,30,Empleado,,4,18:16,,Regresar a Casa,Otros (especifique),Su casa,Otros (especifique),,,1409800012625,,1409800011735,,A PIE,,11,,,regreso_sin_llegar;fin_fuera_de_casa,,,"Decimocuarta revisión: el regreso a casa termina en 1409800011735, que no es el AGEB del hogar, y el día sigue desde ahí o vuelve a él; ni el tipo de lugar ni los demás viajes de la persona dicen qué hizo: «Otros», el propósito O que el modelo ya le daba."
