CLAVE,CLAVE_ENT,NOM_ENT,NOM_MUN,SEXO,ANO,POB_TOTAL,POB_00_04,POB_05_09,POB_010_014,POB_015_019,POB_20_24,POB_25_29,POB_30_34,POB_35_39,POB_40_44,POB_45_49,POB_50_54,POB_55_59,POB_60_64,POB_65_69,POB_70_74,POB_75_79,POB_80_84,POB_85_mm,fecha,etiqueta_estado
14039,14,Jalisco,Guadalajara,HOMBRES,1990,831481,114530,101199,97018,97620,85364,69549,54386,43611,37491,31616,25037,20454,16905,13515,9998,6820,3885,2483,1990-01-01,Jalisco
14039,14,Jalisco,Guadalajara,MUJERES,1990,892053,110245,98404,96156,101227,91812,76394,61359,49783,42282,35718,29362,25025,21530,17978,14017,10210,6205,4346,1990-01-01,Jalisco
14039,14,Jalisco,Guadalajara,HOMBRES,1991,829338,112621,99322,94923,96605,85789,70433,55188,44263,37435,32159,25710,20756,17101,13586,10069,6840,3952,2586,1991-01-01,Jalisco
14039,14,Jalisco,Guadalajara,MUJERES,1991,889889,108398,96560,94031,99789,91764,76951,62154,50669,42523,36509,30128,25339,21686,18006,14140,10300,6371,4571,1991-01-01,Jalisco
14039,14,Jalisco,Guadalajara,HOMBRES,1992,826320,110366,97384,93054,95072,86119,71150,55945,44915,37471,32665,26406,21081,17270,13665,10166,6883,4022,2686,1992-01-01,Jalisco
14039,14,Jalisco,Guadalajara,MUJERES,1992,886531,106211,94631,92107,97810,91571,77290,62862,51514,42855,37260,30902,25666,21805,18037,14276,10410,6531,4793,1992-01-01,Jalisco
14039,14,Jalisco,Guadalajara,HOMBRES,1993,822103,107679,95336,91390,93110,86245,71716,56615,45515,37643,33109,27102,21430,17400,13743,10268,6942,4080,2780,1993-01-01,Jalisco
14039,14,Jalisco,Guadalajara,MUJERES,1993,881874,103604,92618,90384,95383,91181,77458,63445,52270,43336,37958,31669,26007,21878,18057,14414,10537,6669,5006,1993-01-01,Jalisco
14039,14,Jalisco,Guadalajara,HOMBRES,1994,816719,104547,93223,89866,90894,86058,72121,57155,46017,38023,33459,27816,21818,17493,13821,10370,7026,4138,2874,1994-01-01,Jalisco
14039,14,Jalisco,Guadalajara,MUJERES,1994,876041,100565,90561,88814,92717,90522,77479,63867,52894,44035,38560,32443,26371,21912,18073,14543,10693,6793,5199,1994-01-01,Jalisco
14039,14,Jalisco,Guadalajara,HOMBRES,1995,807255,100650,90775,87997,88236,85011,72074,57426,46350,38484,33559,28369,22208,17571,13914,10443,7082,4147,2959,1995-01-01,Jalisco
14039,14,Jalisco,Guadalajara,MUJERES,1995,865990,96756,88129,86906,89746,89164,77061,63897,53253,44764,38888,33084,26738,21939,18110,14598,10768,6836,5353,1995-01-01,Jalisco
14039,14,Jalisco,Guadalajara,HOMBRES,1996,810564,98367,90375,87545,87312,85038,73131,58610,47476,39505,33853,29081,22942,17958,14226,10638,7228,4205,3074,1996-01-01,Jalisco
14039,14,Jalisco,Guadalajara,MUJERES,1996,868203,94796,87512,86182,88524,88903,77804,64816,54303,45906,39316,33888,27494,22333,18397,14743,10893,6878,5515,1996-01-01,Jalisco
14039,14,Jalisco,Guadalajara,HOMBRES,1997,811376,95793,89772,86861,86307,84299,73904,59537,48473,40461,34152,29703,23644,18325,14486,10825,7381,4270,3183,1997-01-01,Jalisco
14039,14,Jalisco,Guadalajara,MUJERES,1997,868067,92562,86700,85227,87298,87986,78324,65465,55196,46948,39763,34595,28204,22692,18626,14873,11022,6925,5661,1997-01-01,Jalisco
14039,14,Jalisco,Guadalajara,HOMBRES,1998,811026,93224,88980,86061,85457,83001,74394,60298,49381,41361,34579,30272,24357,18721,14717,11021,7552,4354,3296,1998-01-01,Jalisco
14039,14,Jalisco,Guadalajara,MUJERES,1998,867242,90357,85741,84185,86254,86642,78680,65979,55998,47932,40366,35263,28918,23081,18831,15019,11176,7007,5813,1998-01-01,Jalisco
14039,14,Jalisco,Guadalajara,HOMBRES,1999,809567,90858,87884,85181,84780,81273,74466,60855,50150,42170,35192,30761,25076,19148,14927,11226,7735,4464,3421,1999-01-01,Jalisco
14039,14,Jalisco,Guadalajara,MUJERES,1999,865736,88348,84523,83098,85337,85012,78777,66362,56657,48810,41182,35853,29646,23502,19018,15178,11339,7120,5974,1999-01-01,Jalisco
14039,14,Jalisco,Guadalajara,HOMBRES,2000,808521,88893,86725,84341,84410,79634,74194,61317,50861,42961,35995,31128,25773,19664,15177,11464,7899,4560,3525,2000-01-01,Jalisco
14039,14,Jalisco,Guadalajara,MUJERES,2000,864774,86681,83262,82071,84491,83422,78630,66699,57243,49677,42249,36391,30421,24053,19263,15386,11483,7215,6137,2000-01-01,Jalisco
14039,14,Jalisco,Guadalajara,HOMBRES,2001,807987,86760,85339,83536,84316,78691,73685,61570,51433,43733,36850,31422,26520,20423,15594,11763,8062,4663,3627,2001-01-01,Jalisco
14039,14,Jalisco,Guadalajara,MUJERES,2001,864527,84356,82130,81252,83713,82317,78142,66872,57762,50531,43359,36960,31378,24920,19759,15716,11656,7371,6333,2001-01-01,Jalisco
14039,14,Jalisco,Guadalajara,HOMBRES,2002,807640,84577,83754,82743,84413,78379,72842,61735,51882,44491,37728,31802,27248,21213,16032,12046,8237,4780,3738,2002-01-01,Jalisco
14039,14,Jalisco,Guadalajara,MUJERES,2002,864239,82010,80810,80468,82983,81561,77325,67025,58180,51362,44482,37636,32331,25819,20282,16031,11849,7543,6542,2002-01-01,Jalisco
14039,14,Jalisco,Guadalajara,HOMBRES,2003,806426,82170,82127,81772,84303,78531,71683,61694,52188,45170,38573,32314,27934,22010,16497,12298,8410,4899,3853,2003-01-01,Jalisco
14039,14,Jalisco,Guadalajara,MUJERES,2003,863426,79487,79476,79552,82190,81071,76228,67081,58501,52124,45563,38473,33253,26737,20839,16333,12042,7723,6753,2003-01-01,Jalisco
14039,14,Jalisco,Guadalajara,HOMBRES,2004,804094,79565,80593,80527,83799,78961,70329,61369,52337,45734,39347,33014,28557,22832,17000,12538,8591,5025,3976,2004-01-01,Jalisco
14039,14,Jalisco,Guadalajara,MUJERES,2004,862086,76858,78269,78418,81297,80707,74946,66971,58747,52788,46566,39528,34122,27685,21429,16621,12253,7904,6977,2004-01-01,Jalisco
14039,14,Jalisco,Guadalajara,HOMBRES,2005,799769,76805,78994,78986,82981,79314,68843,60580,52266,46128,39994,33817,29027,23620,17564,12804,8815,5161,4070,2005-01-01,Jalisco
14039,14,Jalisco,Guadalajara,MUJERES,2005,859196,74161,77044,77067,80312,80209,73543,66519,58822,53210,47356,40654,34836,28646,22121,16946,12513,8085,7152,2005-01-01,Jalisco
14039,14,Jalisco,Guadalajara,HOMBRES,2006,785960,73283,76300,76713,81275,78392,66899,59062,51595,45939,40197,34188,28938,24013,17971,12930,8936,5221,4108,2006-01-01,Jalisco
14039,14,Jalisco,Guadalajara,MUJERES,2006,847399,70812,74481,75101,78850,78808,71808,65322,58304,53078,47623,41202,34944,29242,22641,17126,12656,8140,7261,2006-01-01,Jalisco
14039,14,Jalisco,Guadalajara,HOMBRES,2007,773017,70260,73629,74278,79662,77645,65546,57332,50858,45638,40364,34564,28924,24380,18391,13065,9043,5283,4155,2007-01-01,Jalisco
14039,14,Jalisco,Guadalajara,MUJERES,2007,835827,67880,71947,72970,77426,77435,70349,63845,57753,52835,47844,41733,35138,29813,23166,17313,12784,8200,7396,2007-01-01,Jalisco
14039,14,Jalisco,Guadalajara,HOMBRES,2008,760942,67681,70890,71871,78015,76954,64832,55535,50049,45259,40487,34917,29038,24716,18811,13217,9126,5344,4200,2008-01-01,Jalisco
14039,14,Jalisco,Guadalajara,MUJERES,2008,823631,65247,69272,70809,75867,75980,69044,62077,57067,52470,47969,42187,35454,30333,23686,17512,12881,8252,7524,2008-01-01,Jalisco
14039,14,Jalisco,Guadalajara,HOMBRES,2009,749152,65330,68014,69630,76176,76198,64621,53773,49109,44800,40529,35210,29319,24986,19241,13385,9185,5399,4247,2009-01-01,Jalisco
14039,14,Jalisco,Guadalajara,MUJERES,2009,810178,62717,66380,68707,74025,74376,67756,60075,56155,51972,47955,42522,35934,30769,24201,17719,12957,8299,7659,2009-01-01,Jalisco
14039,14,Jalisco,Guadalajara,HOMBRES,2010,734223,62803,64860,67306,73866,74955,64223,51798,47690,44101,40398,35355,29619,25033,19574,13588,9269,5479,4306,2010-01-01,Jalisco
14039,14,Jalisco,Guadalajara,MUJERES,2010,793355,60026,63216,66544,71781,72500,66168,57800,54777,51206,47666,42613,36387,30968,24642,17951,13029,8341,7740,2010-01-01,Jalisco
14039,14,Jalisco,Guadalajara,HOMBRES,2011,734263,61392,63041,66409,73088,75390,65356,51646,47589,44614,41022,35876,30124,25080,19995,14072,9500,5632,4437,2011-01-01,Jalisco
14039,14,Jalisco,Guadalajara,MUJERES,2011,789173,58783,61777,65369,70508,71972,65828,57115,54370,51281,47977,43050,36917,31085,25136,18407,13260,8506,7832,2011-01-01,Jalisco
14039,14,Jalisco,Guadalajara,HOMBRES,2012,733216,59692,61374,65420,71994,75598,66394,51799,47217,45018,41511,36336,30616,25182,20386,14568,9744,5777,4590,2012-01-01,Jalisco
14039,14,Jalisco,Guadalajara,MUJERES,2012,784087,57305,60427,64139,69008,71380,65401,56561,53674,51300,48167,43429,37421,31274,25601,18867,13507,8668,7958,2012-01-01,Jalisco
14039,14,Jalisco,Guadalajara,HOMBRES,2013,731206,57736,59886,64268,70804,75504,67243,52299,46648,45285,41883,36727,31070,25388,20745,15064,10001,5912,4743,2013-01-01,Jalisco
14039,14,Jalisco,Guadalajara,MUJERES,2013,778142,55616,59205,62763,67463,70619,64882,56141,52748,51222,48265,43743,37872,31583,26029,19322,13766,8818,8085,2013-01-01,Jalisco
14039,14,Jalisco,Guadalajara,HOMBRES,2014,728292,55642,58482,62939,69675,75052,67865,53093,46002,45370,42138,37018,31463,25744,21052,15567,10271,6027,4892,2014-01-01,Jalisco
14039,14,Jalisco,Guadalajara,MUJERES,2014,771252,53792,58052,61221,66009,69598,64262,55790,51667,50988,48276,43953,38241,32055,26395,19775,14029,8945,8204,2014-01-01,Jalisco
14039,14,Jalisco,Guadalajara,HOMBRES,2015,723658,53416,56944,61367,68495,74037,68126,53978,45354,45105,42203,37225,31872,26292,21307,16072,10601,6176,5088,2015-01-01,Jalisco
14039,14,Jalisco,Guadalajara,MUJERES,2015,763072,51776,56650,59313,64516,68228,63474,55340,50575,50604,48275,44147,38611,32670,26677,20276,14409,9140,8391,2015-01-01,Jalisco
14039,14,Jalisco,Guadalajara,HOMBRES,2016,715481,51401,55479,58943,66367,72090,67856,54726,44877,44264,41860,37382,32357,26908,21546,16588,11074,6449,5314,2016-01-01,Jalisco
14039,14,Jalisco,Guadalajara,MUJERES,2016,755849,49725,54781,56999,62830,66773,63072,55274,50014,50052,48040,44258,39172,33420,27077,21072,15058,9506,8726,2016-01-01,Jalisco
14039,14,Jalisco,Guadalajara,HOMBRES,2017,706958,49408,53845,56740,64237,69906,67426,55421,44691,43204,41436,37422,32803,27529,21851,17103,11584,6758,5594,2017-01-01,Jalisco
14039,14,Jalisco,Guadalajara,MUJERES,2017,748379,47710,52815,54840,61154,65161,62656,55171,49593,49259,47759,44271,39709,34174,27555,21865,15730,9889,9068,2017-01-01,Jalisco
14039,14,Jalisco,Guadalajara,HOMBRES,2018,698351,47549,52081,54756,62013,67709,66797,56006,44830,42012,40902,37372,33204,28137,22262,17609,12121,7097,5894,2018-01-01,Jalisco
14039,14,Jalisco,Guadalajara,MUJERES,2018,740873,45820,50779,52861,59385,63571,62160,55033,49318,48272,47404,44209,40197,34901,28157,22649,16424,10303,9430,2018-01-01,Jalisco
14039,14,Jalisco,Guadalajara,HOMBRES,2019,689518,45851,50248,52905,59681,65635,65891,56438,45244,40793,40232,37234,33523,28694,22800,18069,12663,7444,6173,2019-01-01,Jalisco
14039,14,Jalisco,Guadalajara,MUJERES,2019,733292,44116,48723,50997,57490,62110,61499,54869,49141,47178,46920,44075,40610,35576,28924,23397,17140,10735,9792,2019-01-01,Jalisco
14039,14,Jalisco,Guadalajara,HOMBRES,2020,678617,44247,48416,51098,57270,63629,64556,56596,45753,39644,39316,36895,33571,28965,23238,18269,13046,7725,6383,2020-01-01,Jalisco
14039,14,Jalisco,Guadalajara,MUJERES,2020,723477,42493,46716,49224,55458,60670,60514,54574,48881,45981,46115,43719,40713,35975,29625,23882,17713,11134,10090,2020-01-01,Jalisco
14039,14,Jalisco,Guadalajara,HOMBRES,2021,672488,42960,47220,50363,56655,63820,64767,56594,45242,37464,38515,37167,33675,28993,23571,18139,13100,7801,6442,2021-01-01,Jalisco
14039,14,Jalisco,Guadalajara,MUJERES,2021,723604,41558,45495,48559,53823,58721,58407,54482,49906,47393,46837,44543,41933,37421,30621,24139,18049,11412,10305,2021-01-01,Jalisco
14039,14,Jalisco,Guadalajara,HOMBRES,2022,669999,41887,45985,49537,55723,62871,63630,56699,45878,37370,38184,37624,34310,29728,24253,18302,13340,8032,6646,2022-01-01,Jalisco
14039,14,Jalisco,Guadalajara,MUJERES,2022,721677,40505,44295,47680,52786,57817,57320,54174,49722,47173,46798,45261,42745,38441,31605,24534,18432,11765,10624,2022-01-01,Jalisco
14039,14,Jalisco,Guadalajara,HOMBRES,2023,668759,40765,44797,48542,54956,61780,62448,56640,46433,37590,37802,38113,35058,30658,25166,18790,13776,8418,7027,2023-01-01,Jalisco
14039,14,Jalisco,Guadalajara,MUJERES,2023,720652,39413,43133,46669,51860,56762,56213,53770,49473,47097,46627,45989,43638,39606,32762,25239,19020,12252,11129,2023-01-01,Jalisco
14039,14,Jalisco,Guadalajara,HOMBRES,2024,667345,39618,43680,47474,54316,60550,61356,56341,46837,38044,37394,38501,35778,31577,26070,19397,14168,8810,7434,2024-01-01,Jalisco
14039,14,Jalisco,Guadalajara,MUJERES,2024,719538,38296,42044,45605,51036,55568,55215,53229,49175,47117,46367,46649,44517,40752,33903,26082,19579,12747,11657,2024-01-01,Jalisco
14039,14,Jalisco,Guadalajara,HOMBRES,2025,665661,38470,42602,46370,53669,59258,60374,55748,47103,38647,37061,38743,36475,32464,26971,20119,14525,9197,7865,2025-01-01,Jalisco
14039,14,Jalisco,Guadalajara,MUJERES,2025,718294,37194,40983,44517,50224,54295,54339,52496,48857,47178,46105,47184,45403,41857,35025,27070,20107,13235,12225,2025-01-01,Jalisco
14039,14,Jalisco,Guadalajara,HOMBRES,2026,663657,37310,41593,45240,52915,58040,59429,54848,47258,39293,36904,38794,37157,33310,27894,20913,14872,9567,8320,2026-01-01,Jalisco
14039,14,Jalisco,Guadalajara,MUJERES,2026,716911,36095,39978,43403,49359,53055,53509,51563,48553,47227,45921,47536,46317,42920,36162,28139,20636,13714,12824,2026-01-01,Jalisco
14039,14,Jalisco,Guadalajara,HOMBRES,2027,661325,36182,40621,44107,51996,57003,58417,53729,47277,39885,36990,38652,37802,34124,28838,21730,15254,9921,8797,2027-01-01,Jalisco
14039,14,Jalisco,Guadalajara,MUJERES,2027,715385,35012,39030,42297,48375,51938,52632,50499,48222,47222,45877,47681,47237,43968,37316,29227,21214,14186,13452,2027-01-01,Jalisco
14039,14,Jalisco,Guadalajara,HOMBRES,2028,658692,35087,39609,43028,50917,56165,57275,52545,47115,40360,37336,38375,38373,34913,29790,22557,15701,10253,9293,2028-01-01,Jalisco
14039,14,Jalisco,Guadalajara,MUJERES,2028,713735,33959,38048,41254,47293,50967,51638,49429,47813,47153,45961,47662,48128,45004,38476,30317,21883,14655,14095,2028-01-01,Jalisco
14039,14,Jalisco,Guadalajara,HOMBRES,2029,655835,34001,38557,42021,49748,55442,56001,51425,46740,40691,37906,38062,38836,35674,30737,23374,16255,10559,9806,2029-01-01,Jalisco
14039,14,Jalisco,Guadalajara,MUJERES,2029,711989,32915,37038,40276,46160,50103,50514,48442,47271,47027,46141,47549,48953,46035,39622,31393,22675,15105,14770,2029-01-01,Jalisco
14039,14,Jalisco,Guadalajara,HOMBRES,2030,652792,32936,37500,41043,48544,54718,54675,50407,46122,40907,38625,37822,39153,36417,31657,24191,16907,10830,10338,2030-01-01,Jalisco
14039,14,Jalisco,Guadalajara,MUJERES,2030,710156,31890,36040,39325,45005,49257,49318,47560,46555,46885,46364,47433,49651,47088,40738,32461,23595,15527,15464,2030-01-01,Jalisco
14039,14,Jalisco,Guadalajara,HOMBRES,2031,649614,31903,36429,40126,47313,53886,53434,49433,45265,41042,39403,37763,39283,37153,32543,25031,17624,11102,10881,2031-01-01,Jalisco
14039,14,Jalisco,Guadalajara,MUJERES,2031,708234,30891,35035,38432,43834,48358,48150,46719,45661,46752,46576,47402,50161,48171,41819,33545,24597,15951,16180,2031-01-01,Jalisco
14039,14,Jalisco,Guadalajara,HOMBRES,2032,646392,30907,35387,39260,46088,52889,52383,48434,44262,41081,40152,37968,39231,37860,33411,25895,18362,11398,11424,2032-01-01,Jalisco
14039,14,Jalisco,Guadalajara,MUJERES,2032,706252,29930,34050,37589,42678,47357,47097,45841,44655,46597,46739,47513,50456,49271,42891,34648,25615,16418,16907,2032-01-01,Jalisco
14039,14,Jalisco,Guadalajara,HOMBRES,2033,643152,29940,34381,38350,44928,51743,51533,47358,43233,40985,40809,38460,39054,38510,34267,26774,19113,11750,11964,2033-01-01,Jalisco
14039,14,Jalisco,Guadalajara,MUJERES,2033,704208,28996,33091,36726,41592,46265,46179,44864,43646,46362,46847,47760,50577,50346,43955,35760,26640,16953,17649,2033-01-01,Jalisco
14039,14,Jalisco,Guadalajara,HOMBRES,2034,639946,29003,33386,37406,43846,50515,50807,46198,42285,40729,41350,39197,38850,39062,35110,27657,19865,12178,12502,2034-01-01,Jalisco
14039,14,Jalisco,Guadalajara,MUJERES,2034,702112,28088,32140,35827,40575,45121,45357,43776,42718,46002,46908,48111,50600,51357,45020,36869,27658,17589,18396,2034-01-01,Jalisco
14039,14,Jalisco,Guadalajara,HOMBRES,2035,636814,28100,32412,36459,42803,49257,50095,45021,41445,40284,41795,40115,38732,39482,35946,28522,20628,12686,13032,2035-01-01,Jalisco
14039,14,Jalisco,Guadalajara,MUJERES,2035,699964,27204,31209,34934,39589,43962,44551,42630,41885,45473,46953,48511,50621,52241,46109,37954,28677,18323,19138,2035-01-01,Jalisco
14039,14,Jalisco,Guadalajara,HOMBRES,2036,633753,27231,31468,35504,41846,47985,49293,43929,40659,39649,42177,41109,38812,39719,36790,29367,21413,13236,13566,2036-01-01,Jalisco
14039,14,Jalisco,Guadalajara,MUJERES,2036,697766,26357,30291,34037,38674,42791,43694,41513,41091,44769,47016,48906,50733,52930,47234,39007,29714,19110,19899,2036-01-01,Jalisco
14039,14,Jalisco,Guadalajara,HOMBRES,2037,630745,26389,30553,34575,40936,46714,48345,42998,39861,38889,42476,42089,39174,39780,37614,30196,22226,13804,14126,2037-01-01,Jalisco
14039,14,Jalisco,Guadalajara,MUJERES,2037,695529,25540,29405,33161,37807,41630,42748,40498,40267,43950,47063,49253,50999,53396,48377,40052,30771,19912,20700,2037-01-01,Jalisco
14039,14,Jalisco,Guadalajara,HOMBRES,2038,627744,25578,29672,33674,39990,45518,47254,42226,38996,38106,42639,42979,39829,39713,38388,31020,23059,14379,14724,2038-01-01,Jalisco
14039,14,Jalisco,Guadalajara,MUJERES,2038,693251,24747,28543,32303,36920,40540,41715,39603,39361,43123,47032,49545,51417,53677,49500,41099,31844,20713,21569,2038-01-01,Jalisco
14039,14,Jalisco,Guadalajara,HOMBRES,2039,624728,24791,28809,32782,39012,44399,46080,41544,38051,37380,42629,43750,40746,39618,39068,31835,23895,14957,15382,2039-01-01,Jalisco
14039,14,Jalisco,Guadalajara,MUJERES,2039,690934,23981,27705,31447,36002,39521,40637,38786,38362,42374,46876,49786,51948,53863,50563,42147,32916,21507,22513,2039-01-01,Jalisco
14039,14,Jalisco,Guadalajara,HOMBRES,2040,624468,24237,28164,32092,38252,43558,45073,40988,37178,36839,42548,44582,42018,39779,39790,32790,24834,15594,16152,2040-01-01,Jalisco
14039,14,Jalisco,Guadalajara,MUJERES,2040,691639,23446,27075,30788,35307,38748,39725,38121,37416,41831,46702,50201,52741,54275,51727,43411,34121,22381,23623,2040-01-01,Jalisco
14044,14,Jalisco,Ixtlahuacán de los Membrillos,HOMBRES,1990,8642,1369,1150,1149,1043,778,586,471,384,327,285,249,217,186,156,118,77,56,41,1990-01-01,Jalisco
14044,14,Jalisco,Ixtlahuacán de los Membrillos,MUJERES,1990,9009,1417,1186,1140,1062,853,656,509,406,351,310,254,204,172,156,126,92,68,47,1990-01-01,Jalisco
14044,14,Jalisco,Ixtlahuacán de los Membrillos,HOMBRES,1991,9016,1406,1197,1161,1086,839,634,501,405,337,297,260,226,195,165,125,81,58,43,1991-01-01,Jalisco
14044,14,Jalisco,Ixtlahuacán de los Membrillos,MUJERES,1991,9320,1448,1218,1155,1090,889,691,540,429,364,326,270,216,181,159,128,94,72,50,1991-01-01,Jalisco
14044,14,Jalisco,Ixtlahuacán de los Membrillos,HOMBRES,1992,9392,1439,1244,1175,1120,904,684,533,427,348,309,272,235,204,174,133,86,61,44,1992-01-01,Jalisco
14044,14,Jalisco,Ixtlahuacán de los Membrillos,MUJERES,1992,9625,1475,1249,1173,1111,924,725,571,453,377,342,286,228,190,163,131,98,75,54,1992-01-01,Jalisco
14044,14,Jalisco,Ixtlahuacán de los Membrillos,HOMBRES,1993,9774,1468,1291,1193,1152,970,735,566,450,362,322,284,244,213,183,141,91,64,45,1993-01-01,Jalisco
14044,14,Jalisco,Ixtlahuacán de los Membrillos,MUJERES,1993,9917,1495,1278,1191,1124,959,759,603,478,393,358,303,241,198,166,134,101,78,58,1993-01-01,Jalisco
14044,14,Jalisco,Ixtlahuacán de los Membrillos,HOMBRES,1994,10155,1490,1339,1212,1179,1037,789,600,473,377,333,296,255,222,193,150,97,66,47,1994-01-01,Jalisco
14044,14,Jalisco,Ixtlahuacán de los Membrillos,MUJERES,1994,10213,1510,1308,1212,1137,993,793,635,502,411,374,321,255,207,170,136,105,82,62,1994-01-01,Jalisco
14044,14,Jalisco,Ixtlahuacán de los Membrillos,HOMBRES,1995,10535,1504,1387,1231,1207,1101,845,635,497,396,344,308,266,232,204,158,103,69,48,1995-01-01,Jalisco
14044,14,Jalisco,Ixtlahuacán de los Membrillos,MUJERES,1995,10508,1517,1337,1236,1150,1025,829,668,527,432,389,339,271,217,174,139,108,85,65,1995-01-01,Jalisco
14044,14,Jalisco,Ixtlahuacán de los Membrillos,HOMBRES,1996,10645,1498,1404,1250,1187,1082,854,662,524,415,350,314,274,237,206,160,107,71,50,1996-01-01,Jalisco
14044,14,Jalisco,Ixtlahuacán de los Membrillos,MUJERES,1996,10682,1507,1354,1253,1151,1038,856,697,552,448,394,348,281,223,179,141,108,85,67,1996-01-01,Jalisco
14044,14,Jalisco,Ixtlahuacán de los Membrillos,HOMBRES,1997,10724,1486,1415,1266,1170,1052,860,686,551,435,355,319,280,242,208,161,111,74,53,1997-01-01,Jalisco
14044,14,Jalisco,Ixtlahuacán de los Membrillos,MUJERES,1997,10825,1492,1370,1265,1149,1043,881,724,575,464,399,355,290,229,183,143,108,85,70,1997-01-01,Jalisco
14044,14,Jalisco,Ixtlahuacán de los Membrillos,HOMBRES,1998,10793,1475,1425,1281,1153,1016,862,709,577,454,363,323,287,248,209,162,115,78,56,1998-01-01,Jalisco
14044,14,Jalisco,Ixtlahuacán de los Membrillos,MUJERES,1998,10962,1475,1382,1276,1152,1043,905,751,599,479,406,362,299,235,187,145,108,86,72,1998-01-01,Jalisco
14044,14,Jalisco,Ixtlahuacán de los Membrillos,HOMBRES,1999,10846,1463,1430,1296,1138,974,859,730,603,473,372,326,294,253,210,164,119,82,60,1999-01-01,Jalisco
14044,14,Jalisco,Ixtlahuacán de los Membrillos,MUJERES,1999,11090,1461,1389,1287,1156,1039,926,776,621,493,414,369,309,242,191,148,108,87,74,1999-01-01,Jalisco
14044,14,Jalisco,Ixtlahuacán de los Membrillos,HOMBRES,2000,10902,1456,1432,1309,1129,935,851,751,629,492,383,328,300,260,211,165,123,85,63,2000-01-01,Jalisco
14044,14,Jalisco,Ixtlahuacán de los Membrillos,MUJERES,2000,11235,1453,1397,1297,1161,1037,945,803,645,508,426,374,319,250,196,151,108,88,77,2000-01-01,Jalisco
14044,14,Jalisco,Ixtlahuacán de los Membrillos,HOMBRES,2001,11059,1467,1433,1321,1148,933,855,769,654,516,401,335,306,265,214,168,125,85,64,2001-01-01,Jalisco
14044,14,Jalisco,Ixtlahuacán de los Membrillos,MUJERES,2001,11356,1433,1384,1313,1175,1036,954,828,674,530,437,376,328,260,202,154,110,85,77,2001-01-01,Jalisco
14044,14,Jalisco,Ixtlahuacán de los Membrillos,HOMBRES,2002,11213,1476,1429,1333,1167,938,855,787,678,541,420,343,312,270,216,171,127,84,66,2002-01-01,Jalisco
14044,14,Jalisco,Ixtlahuacán de los Membrillos,MUJERES,2002,11478,1412,1366,1327,1191,1040,960,854,703,553,449,379,336,271,207,157,112,83,78,2002-01-01,Jalisco
14044,14,Jalisco,Ixtlahuacán de los Membrillos,HOMBRES,2003,11360,1480,1424,1342,1187,949,851,802,702,567,439,353,318,274,219,173,128,84,68,2003-01-01,Jalisco
14044,14,Jalisco,Ixtlahuacán de los Membrillos,MUJERES,2003,11598,1388,1348,1341,1204,1047,962,879,733,576,461,384,345,282,214,160,114,81,79,2003-01-01,Jalisco
14044,14,Jalisco,Ixtlahuacán de los Membrillos,HOMBRES,2004,11489,1480,1419,1347,1200,964,844,814,724,591,458,365,323,279,222,175,130,83,71,2004-01-01,Jalisco
14044,14,Jalisco,Ixtlahuacán de los Membrillos,MUJERES,2004,11703,1357,1334,1350,1216,1056,961,903,763,598,471,391,353,293,220,163,116,79,79,2004-01-01,Jalisco
14044,14,Jalisco,Ixtlahuacán de los Membrillos,HOMBRES,2005,11586,1471,1413,1346,1211,978,837,820,745,616,476,377,325,282,226,177,132,82,72,2005-01-01,Jalisco
14044,14,Jalisco,Ixtlahuacán de los Membrillos,MUJERES,2005,11801,1327,1320,1356,1228,1064,959,924,794,621,480,398,358,304,228,166,119,76,79,2005-01-01,Jalisco
14044,14,Jalisco,Ixtlahuacán de los Membrillos,HOMBRES,2006,12956,1635,1590,1500,1344,1103,942,932,853,708,545,424,351,303,241,186,139,86,74,2006-01-01,Jalisco
14044,14,Jalisco,Ixtlahuacán de los Membrillos,MUJERES,2006,13205,1497,1490,1488,1357,1194,1086,1056,913,718,549,440,380,326,247,177,126,81,80,2006-01-01,Jalisco
14044,14,Jalisco,Ixtlahuacán de los Membrillos,HOMBRES,2007,14498,1827,1788,1666,1494,1245,1070,1055,975,811,622,476,380,324,257,196,146,90,76,2007-01-01,Jalisco
14044,14,Jalisco,Ixtlahuacán de los Membrillos,MUJERES,2007,14777,1695,1684,1627,1496,1339,1234,1202,1050,828,626,487,404,349,267,189,134,85,81,2007-01-01,Jalisco
14044,14,Jalisco,Ixtlahuacán de los Membrillos,HOMBRES,2008,16227,2050,2003,1849,1656,1407,1226,1191,1112,928,710,533,413,346,273,206,153,94,77,2008-01-01,Jalisco
14044,14,Jalisco,Ixtlahuacán de los Membrillos,MUJERES,2008,16517,1924,1893,1775,1647,1500,1404,1359,1204,953,713,537,431,373,289,201,142,90,82,2008-01-01,Jalisco
14044,14,Jalisco,Ixtlahuacán de los Membrillos,HOMBRES,2009,18171,2304,2238,2054,1831,1588,1416,1344,1266,1059,809,597,452,369,291,217,159,98,79,2009-01-01,Jalisco
14044,14,Jalisco,Ixtlahuacán de los Membrillos,MUJERES,2009,18433,2182,2119,1940,1805,1676,1598,1531,1375,1093,809,591,462,398,312,215,149,95,83,2009-01-01,Jalisco
14044,14,Jalisco,Ixtlahuacán de los Membrillos,HOMBRES,2010,20922,2659,2566,2349,2078,1839,1686,1560,1473,1243,947,686,511,404,319,238,173,106,85,2010-01-01,Jalisco
14044,14,Jalisco,Ixtlahuacán de los Membrillos,MUJERES,2010,21159,2542,2433,2183,2034,1927,1871,1771,1609,1291,943,667,511,435,348,238,164,104,88,2010-01-01,Jalisco
14044,14,Jalisco,Ixtlahuacán de los Membrillos,HOMBRES,2011,22103,2798,2692,2457,2147,1936,1808,1644,1559,1333,1026,752,559,429,336,250,181,110,86,2011-01-01,Jalisco
14044,14,Jalisco,Ixtlahuacán de los Membrillos,MUJERES,2011,22348,2679,2560,2298,2127,2035,1986,1867,1698,1374,1025,735,551,447,360,248,167,104,87,2011-01-01,Jalisco
14044,14,Jalisco,Ixtlahuacán de los Membrillos,HOMBRES,2012,23312,2930,2831,2564,2207,2031,1935,1743,1640,1426,1108,822,612,457,354,263,189,114,86,2012-01-01,Jalisco
14044,14,Jalisco,Ixtlahuacán de los Membrillos,MUJERES,2012,23586,2812,2697,2416,2218,2148,2107,1973,1783,1462,1113,809,594,460,372,259,171,105,87,2012-01-01,Jalisco
14044,14,Jalisco,Ixtlahuacán de los Membrillos,HOMBRES,2013,24553,3053,2983,2667,2267,2123,2066,1860,1718,1520,1193,896,670,488,372,276,197,117,87,2013-01-01,Jalisco
14044,14,Jalisco,Ixtlahuacán de los Membrillos,MUJERES,2013,24858,2938,2847,2535,2309,2262,2232,2090,1863,1552,1205,889,638,476,384,271,175,105,87,2013-01-01,Jalisco
14044,14,Jalisco,Ixtlahuacán de los Membrillos,HOMBRES,2014,25833,3168,3145,2767,2329,2209,2199,1997,1797,1615,1281,975,731,525,390,290,206,121,88,2014-01-01,Jalisco
14044,14,Jalisco,Ixtlahuacán de los Membrillos,MUJERES,2014,26165,3061,3007,2649,2406,2372,2361,2217,1942,1643,1303,975,685,495,395,283,179,105,87,2014-01-01,Jalisco
14044,14,Jalisco,Ixtlahuacán de los Membrillos,HOMBRES,2015,27306,3297,3332,2878,2407,2298,2345,2164,1893,1716,1382,1070,804,571,409,306,218,126,90,2015-01-01,Jalisco
14044,14,Jalisco,Ixtlahuacán de los Membrillos,MUJERES,2015,27676,3193,3181,2773,2527,2495,2509,2366,2037,1747,1421,1080,741,519,408,297,186,107,89,2015-01-01,Jalisco
14044,14,Jalisco,Ixtlahuacán de los Membrillos,HOMBRES,2016,28633,3354,3432,3011,2580,2437,2456,2270,1953,1790,1484,1164,874,616,432,323,227,132,98,2016-01-01,Jalisco
14044,14,Jalisco,Ixtlahuacán de los Membrillos,MUJERES,2016,29084,3260,3303,2914,2664,2592,2603,2463,2135,1868,1540,1181,819,569,432,321,206,118,96,2016-01-01,Jalisco
14044,14,Jalisco,Ixtlahuacán de los Membrillos,HOMBRES,2017,30005,3408,3526,3159,2761,2572,2566,2379,2028,1859,1590,1263,948,665,458,341,237,138,107,2017-01-01,Jalisco
14044,14,Jalisco,Ixtlahuacán de los Membrillos,MUJERES,2017,30548,3327,3417,3065,2807,2685,2701,2562,2243,1988,1667,1289,905,624,459,346,229,130,104,2017-01-01,Jalisco
14044,14,Jalisco,Ixtlahuacán de los Membrillos,HOMBRES,2018,31427,3465,3606,3322,2947,2713,2674,2489,2121,1922,1699,1368,1027,717,488,359,248,145,117,2018-01-01,Jalisco
14044,14,Jalisco,Ixtlahuacán de los Membrillos,MUJERES,2018,32091,3398,3528,3232,2954,2782,2799,2665,2364,2106,1802,1405,998,684,490,373,254,144,113,2018-01-01,Jalisco
14044,14,Jalisco,Ixtlahuacán de los Membrillos,HOMBRES,2019,32907,3533,3683,3497,3139,2863,2774,2596,2233,1985,1810,1477,1109,772,522,377,257,152,128,2019-01-01,Jalisco
14044,14,Jalisco,Ixtlahuacán de los Membrillos,MUJERES,2019,33699,3481,3633,3409,3097,2887,2892,2771,2497,2225,1942,1529,1099,748,525,401,282,159,122,2019-01-01,Jalisco
14044,14,Jalisco,Ixtlahuacán de los Membrillos,HOMBRES,2020,34530,3623,3770,3692,3342,3033,2874,2710,2367,2061,1929,1600,1197,827,558,390,262,157,138,2020-01-01,Jalisco
14044,14,Jalisco,Ixtlahuacán de los Membrillos,MUJERES,2020,35489,3585,3758,3610,3250,3009,2989,2889,2647,2357,2093,1669,1210,816,564,426,310,175,132,2020-01-01,Jalisco
14044,14,Jalisco,Ixtlahuacán de los Membrillos,HOMBRES,2021,36031,3782,4001,3797,3274,3045,3027,2933,2586,2189,2009,1655,1250,847,562,419,325,184,146,2021-01-01,Jalisco
14044,14,Jalisco,Ixtlahuacán de los Membrillos,MUJERES,2021,36311,3624,3718,3715,3427,3141,3018,2961,2725,2396,2156,1745,1246,854,598,405,275,167,140,2021-01-01,Jalisco
14044,14,Jalisco,Ixtlahuacán de los Membrillos,HOMBRES,2022,37278,3894,4101,3900,3336,3114,3116,3095,2762,2290,2065,1720,1299,880,582,426,343,198,157,2022-01-01,Jalisco
14044,14,Jalisco,Ixtlahuacán de los Membrillos,MUJERES,2022,37508,3722,3808,3809,3492,3214,3101,3107,2862,2496,2235,1820,1292,889,624,415,291,180,151,2022-01-01,Jalisco
14044,14,Jalisco,Ixtlahuacán de los Membrillos,HOMBRES,2023,38621,4004,4208,3993,3415,3179,3207,3260,2946,2417,2122,1790,1354,920,609,441,367,216,173,2023-01-01,Jalisco
14044,14,Jalisco,Ixtlahuacán de los Membrillos,MUJERES,2023,38761,3822,3903,3894,3567,3282,3186,3255,3005,2609,2311,1899,1344,930,654,431,310,195,164,2023-01-01,Jalisco
14044,14,Jalisco,Ixtlahuacán de los Membrillos,HOMBRES,2024,39977,4109,4323,4077,3498,3237,3302,3417,3131,2565,2178,1858,1410,960,636,459,391,235,191,2024-01-01,Jalisco
14044,14,Jalisco,Ixtlahuacán de los Membrillos,MUJERES,2024,40026,3915,4004,3974,3650,3341,3278,3400,3150,2732,2385,1978,1396,970,684,448,331,211,179,2024-01-01,Jalisco
14044,14,Jalisco,Ixtlahuacán de los Membrillos,HOMBRES,2025,41342,4213,4437,4156,3582,3289,3405,3563,3317,2731,2239,1920,1466,999,663,480,415,256,211,2025-01-01,Jalisco
14044,14,Jalisco,Ixtlahuacán de los Membrillos,MUJERES,2025,41289,4009,4105,4047,3731,3392,3377,3537,3300,2862,2459,2053,1449,1010,714,469,351,228,196,2025-01-01,Jalisco
14044,14,Jalisco,Ixtlahuacán de los Membrillos,HOMBRES,2026,42711,4311,4559,4233,3660,3345,3511,3692,3504,2909,2311,1973,1523,1038,690,502,440,277,233,2026-01-01,Jalisco
14044,14,Jalisco,Ixtlahuacán de los Membrillos,MUJERES,2026,42554,4099,4209,4118,3807,3443,3480,3663,3456,2996,2539,2122,1504,1050,744,491,373,246,214,2026-01-01,Jalisco
14044,14,Jalisco,Ixtlahuacán de los Membrillos,HOMBRES,2027,44071,4409,4680,4303,3725,3409,3614,3808,3690,3093,2400,2017,1579,1076,718,526,468,299,257,2027-01-01,Jalisco
14044,14,Jalisco,Ixtlahuacán de los Membrillos,MUJERES,2027,43822,4190,4319,4186,3874,3500,3581,3780,3617,3132,2629,2183,1560,1089,775,513,396,264,234,2027-01-01,Jalisco
14044,14,Jalisco,Ixtlahuacán de los Membrillos,HOMBRES,2028,45432,4507,4799,4380,3778,3485,3709,3920,3870,3276,2509,2054,1633,1114,746,549,498,322,283,2028-01-01,Jalisco
14044,14,Jalisco,Ixtlahuacán de los Membrillos,MUJERES,2028,45089,4280,4427,4256,3930,3565,3673,3898,3777,3268,2727,2238,1617,1129,806,536,423,284,255,2028-01-01,Jalisco
14044,14,Jalisco,Ixtlahuacán de los Membrillos,HOMBRES,2029,46787,4604,4911,4460,3820,3569,3795,4037,4038,3457,2636,2089,1684,1151,775,572,534,344,311,2029-01-01,Jalisco
14044,14,Jalisco,Ixtlahuacán de los Membrillos,MUJERES,2029,46349,4368,4526,4333,3978,3636,3756,4022,3931,3406,2834,2288,1672,1169,837,558,453,304,278,2029-01-01,Jalisco
14044,14,Jalisco,Ixtlahuacán de los Membrillos,HOMBRES,2030,48136,4698,5018,4538,3857,3652,3876,4162,4191,3636,2780,2128,1729,1188,803,596,574,368,342,2030-01-01,Jalisco
14044,14,Jalisco,Ixtlahuacán de los Membrillos,MUJERES,2030,47606,4455,4624,4406,4023,3707,3832,4156,4075,3547,2947,2338,1724,1210,868,580,486,325,303,2030-01-01,Jalisco
14044,14,Jalisco,Ixtlahuacán de los Membrillos,HOMBRES,2031,49479,4792,5122,4622,3888,3728,3961,4293,4324,3816,2932,2177,1766,1225,829,620,618,392,374,2031-01-01,Jalisco
14044,14,Jalisco,Ixtlahuacán de los Membrillos,MUJERES,2031,48857,4541,4720,4485,4061,3773,3908,4295,4204,3693,3062,2393,1769,1253,898,602,523,347,330,2031-01-01,Jalisco
14044,14,Jalisco,Ixtlahuacán de los Membrillos,HOMBRES,2032,50817,4887,5221,4708,3917,3791,4058,4421,4443,3993,3089,2241,1794,1262,856,644,665,418,409,2032-01-01,Jalisco
14044,14,Jalisco,Ixtlahuacán de los Membrillos,MUJERES,2032,50097,4627,4813,4567,4094,3828,3991,4432,4323,3843,3177,2454,1808,1296,928,625,562,371,358,2032-01-01,Jalisco
14044,14,Jalisco,Ixtlahuacán de los Membrillos,HOMBRES,2033,52152,4982,5322,4787,3945,3841,4171,4542,4559,4164,3244,2322,1817,1296,882,669,715,448,446,2033-01-01,Jalisco
14044,14,Jalisco,Ixtlahuacán de los Membrillos,MUJERES,2033,51328,4712,4906,4643,4131,3873,4085,4559,4442,3990,3290,2524,1839,1338,958,648,603,398,389,2033-01-01,Jalisco
14044,14,Jalisco,Ixtlahuacán de los Membrillos,HOMBRES,2034,53482,5075,5421,4856,3977,3882,4295,4654,4682,4323,3396,2421,1837,1328,907,694,767,482,485,2034-01-01,Jalisco
14044,14,Jalisco,Ixtlahuacán de los Membrillos,MUJERES,2034,52546,4797,4996,4711,4171,3910,4186,4674,4567,4130,3404,2599,1868,1380,987,671,646,428,421,2034-01-01,Jalisco
14044,14,Jalisco,Ixtlahuacán de los Membrillos,HOMBRES,2035,54810,5168,5517,4922,4011,3918,4421,4761,4816,4466,3544,2532,1861,1354,932,718,822,521,526,2035-01-01,Jalisco
14044,14,Jalisco,Ixtlahuacán de los Membrillos,MUJERES,2035,53744,4882,5082,4776,4211,3942,4288,4779,4703,4257,3518,2677,1895,1418,1017,692,690,462,455,2035-01-01,Jalisco
14044,14,Jalisco,Ixtlahuacán de los Membrillos,HOMBRES,2036,56130,5261,5612,4983,4046,3947,4539,4876,4957,4588,3692,2651,1893,1375,957,741,879,564,569,2036-01-01,Jalisco
14044,14,Jalisco,Ixtlahuacán de los Membrillos,MUJERES,2036,54929,4966,5168,4837,4252,3968,4384,4885,4842,4369,3637,2756,1925,1450,1048,714,736,500,492,2036-01-01,Jalisco
14044,14,Jalisco,Ixtlahuacán de los Membrillos,HOMBRES,2037,57441,5354,5708,5039,4084,3973,4641,5006,5096,4695,3836,2771,1939,1388,982,764,940,609,616,2037-01-01,Jalisco
14044,14,Jalisco,Ixtlahuacán de los Membrillos,MUJERES,2037,56092,5048,5253,4896,4297,3990,4468,5000,4978,4469,3756,2833,1959,1476,1079,735,785,539,531,2037-01-01,Jalisco
14044,14,Jalisco,Ixtlahuacán de los Membrillos,HOMBRES,2038,58737,5447,5800,5096,4115,4001,4728,5154,5225,4797,3971,2888,1998,1397,1004,787,1004,658,667,2038-01-01,Jalisco
14044,14,Jalisco,Ixtlahuacán de los Membrillos,MUJERES,2038,57231,5133,5336,4951,4334,4013,4540,5127,5102,4566,3871,2907,1999,1497,1109,755,836,581,574,2038-01-01,Jalisco
14044,14,Jalisco,Ixtlahuacán de los Membrillos,HOMBRES,2039,60013,5537,5893,5150,4138,4031,4803,5314,5341,4905,4092,2999,2071,1404,1024,809,1071,708,723,2039-01-01,Jalisco
14044,14,Jalisco,Ixtlahuacán de los Membrillos,MUJERES,2039,58341,5215,5416,5001,4362,4040,4604,5262,5211,4670,3977,2979,2042,1514,1137,776,889,624,622,2039-01-01,Jalisco
14044,14,Jalisco,Ixtlahuacán de los Membrillos,HOMBRES,2040,61044,5591,5948,5177,4148,4050,4854,5462,5442,5015,4182,3089,2138,1403,1034,827,1137,761,786,2040-01-01,Jalisco
14044,14,Jalisco,Ixtlahuacán de los Membrillos,MUJERES,2040,59219,5263,5464,5027,4378,4055,4646,5388,5303,4778,4057,3034,2073,1520,1156,792,941,669,675,2040-01-01,Jalisco
14051,14,Jalisco,Juanacatlán,HOMBRES,1990,5272,854,746,724,599,425,333,280,234,206,183,152,117,99,100,89,63,41,27,1990-01-01,Jalisco
14051,14,Jalisco,Juanacatlán,MUJERES,1990,5337,842,703,705,624,472,368,301,243,200,174,153,127,105,92,78,61,51,38,1990-01-01,Jalisco
14051,14,Jalisco,Juanacatlán,HOMBRES,1991,5416,867,751,724,620,453,354,294,244,212,190,158,124,104,99,88,65,42,27,1991-01-01,Jalisco
14051,14,Jalisco,Juanacatlán,MUJERES,1991,5450,843,708,703,639,494,386,314,254,207,181,158,130,108,94,80,62,50,39,1991-01-01,Jalisco
14051,14,Jalisco,Juanacatlán,HOMBRES,1992,5561,877,757,725,637,483,376,308,254,217,197,165,131,110,98,87,67,44,28,1992-01-01,Jalisco
14051,14,Jalisco,Juanacatlán,MUJERES,1992,5555,842,710,701,650,517,402,326,266,215,188,162,134,112,96,81,63,49,41,1992-01-01,Jalisco
14051,14,Jalisco,Juanacatlán,HOMBRES,1993,5702,881,762,729,653,514,398,322,265,224,204,172,139,115,97,85,69,45,28,1993-01-01,Jalisco
14051,14,Jalisco,Juanacatlán,MUJERES,1993,5656,838,712,703,657,539,419,339,277,224,195,167,138,115,97,82,64,48,42,1993-01-01,Jalisco
14051,14,Jalisco,Juanacatlán,HOMBRES,1994,5842,883,768,732,666,544,421,336,275,233,210,179,147,121,96,84,72,47,28,1994-01-01,Jalisco
14051,14,Jalisco,Juanacatlán,MUJERES,1994,5750,830,714,703,663,561,435,351,289,234,202,171,141,118,99,84,66,46,43,1994-01-01,Jalisco
14051,14,Jalisco,Juanacatlán,HOMBRES,1995,5954,876,768,734,676,571,443,349,285,242,215,185,155,127,95,82,74,48,29,1995-01-01,Jalisco
14051,14,Jalisco,Juanacatlán,MUJERES,1995,5821,815,711,701,666,581,451,361,299,245,208,175,146,121,101,85,67,45,43,1995-01-01,Jalisco
14051,14,Jalisco,Juanacatlán,HOMBRES,1996,5995,861,774,731,670,576,456,361,294,249,217,188,159,130,98,82,73,47,29,1996-01-01,Jalisco
14051,14,Jalisco,Juanacatlán,MUJERES,1996,5869,803,710,703,663,588,463,371,308,254,212,180,150,125,102,84,66,44,43,1996-01-01,Jalisco
14051,14,Jalisco,Juanacatlán,HOMBRES,1997,6017,842,776,726,662,575,468,372,302,256,219,191,162,134,102,82,71,47,30,1997-01-01,Jalisco
14051,14,Jalisco,Juanacatlán,MUJERES,1997,5901,788,707,701,660,590,474,380,316,262,217,184,155,129,103,83,66,43,43,1997-01-01,Jalisco
14051,14,Jalisco,Juanacatlán,HOMBRES,1998,6031,823,778,720,655,570,479,381,310,263,221,193,165,138,105,82,70,47,31,1998-01-01,Jalisco
14051,14,Jalisco,Juanacatlán,MUJERES,1998,5926,772,702,700,659,589,484,388,324,270,222,188,159,132,104,83,65,42,43,1998-01-01,Jalisco
14051,14,Jalisco,Juanacatlán,HOMBRES,1999,6034,805,775,713,650,563,487,390,317,268,225,194,168,142,108,81,69,47,32,1999-01-01,Jalisco
14051,14,Jalisco,Juanacatlán,MUJERES,1999,5948,760,694,698,658,586,492,395,331,277,229,192,163,136,105,82,65,42,43,1999-01-01,Jalisco
14051,14,Jalisco,Juanacatlán,HOMBRES,2000,6040,790,774,706,647,555,493,398,324,274,229,195,170,146,111,81,68,47,32,2000-01-01,Jalisco
14051,14,Jalisco,Juanacatlán,MUJERES,2000,5977,751,688,696,657,583,499,403,338,285,237,195,168,141,106,82,64,41,43,2000-01-01,Jalisco
14051,14,Jalisco,Juanacatlán,HOMBRES,2001,6069,785,760,713,649,542,488,409,335,281,235,198,175,150,115,85,67,47,35,2001-01-01,Jalisco
14051,14,Jalisco,Juanacatlán,MUJERES,2001,6003,741,690,689,650,576,507,416,346,292,243,197,172,144,108,83,63,42,44,2001-01-01,Jalisco
14051,14,Jalisco,Juanacatlán,HOMBRES,2002,6096,777,745,720,651,533,481,418,347,288,242,202,179,153,119,89,66,48,38,2002-01-01,Jalisco
14051,14,Jalisco,Juanacatlán,MUJERES,2002,6030,730,693,683,644,571,512,429,353,299,249,200,176,148,111,83,61,44,44,2002-01-01,Jalisco
14051,14,Jalisco,Juanacatlán,HOMBRES,2003,6118,767,729,726,654,527,471,427,358,295,248,206,182,156,124,92,66,49,41,2003-01-01,Jalisco
14051,14,Jalisco,Juanacatlán,MUJERES,2003,6056,717,696,675,637,568,516,442,361,306,255,204,180,151,114,84,60,45,45,2003-01-01,Jalisco
14051,14,Jalisco,Juanacatlán,HOMBRES,2004,6127,755,713,727,651,523,461,434,368,300,253,212,186,160,129,96,65,50,44,2004-01-01,Jalisco
14051,14,Jalisco,Juanacatlán,MUJERES,2004,6074,703,697,667,629,566,518,455,368,312,260,208,184,154,117,85,58,47,46,2004-01-01,Jalisco
14051,14,Jalisco,Juanacatlán,HOMBRES,2005,6122,741,696,726,647,520,449,438,377,305,258,219,188,162,134,100,64,51,47,2005-01-01,Jalisco
14051,14,Jalisco,Juanacatlán,MUJERES,2005,6086,688,702,656,620,563,519,466,375,317,264,213,186,157,121,86,57,49,47,2005-01-01,Jalisco
14051,14,Jalisco,Juanacatlán,HOMBRES,2006,6259,739,711,724,661,542,455,444,390,320,271,228,192,168,141,104,67,53,49,2006-01-01,Jalisco
14051,14,Jalisco,Juanacatlán,MUJERES,2006,6217,686,704,668,633,573,524,479,393,331,276,225,193,163,125,90,60,49,45,2006-01-01,Jalisco
14051,14,Jalisco,Juanacatlán,HOMBRES,2007,6406,741,722,720,679,566,465,448,403,334,284,239,197,175,147,109,71,55,51,2007-01-01,Jalisco
14051,14,Jalisco,Juanacatlán,MUJERES,2007,6352,690,708,678,644,582,530,491,411,344,288,236,200,169,130,94,63,50,44,2007-01-01,Jalisco
14051,14,Jalisco,Juanacatlán,HOMBRES,2008,6558,747,732,716,694,591,479,452,416,348,297,249,203,181,154,115,74,57,53,2008-01-01,Jalisco
14051,14,Jalisco,Juanacatlán,MUJERES,2008,6483,694,709,687,654,591,538,500,430,357,300,248,208,176,134,98,66,50,43,2008-01-01,Jalisco
14051,14,Jalisco,Juanacatlán,HOMBRES,2009,6714,756,740,712,708,617,497,455,428,362,310,259,210,187,162,120,77,59,55,2009-01-01,Jalisco
14051,14,Jalisco,Juanacatlán,MUJERES,2009,6605,699,707,697,662,599,546,507,447,370,311,260,217,181,139,102,69,50,42,2009-01-01,Jalisco
14051,14,Jalisco,Juanacatlán,HOMBRES,2010,6850,759,744,708,719,640,516,456,437,376,323,269,218,191,169,127,80,62,56,2010-01-01,Jalisco
14051,14,Jalisco,Juanacatlán,MUJERES,2010,6703,700,702,705,667,605,552,511,462,382,322,271,226,185,143,107,72,51,40,2010-01-01,Jalisco
14051,14,Jalisco,Juanacatlán,HOMBRES,2011,7320,822,794,749,743,688,578,501,472,405,346,287,230,197,175,132,82,62,57,2011-01-01,Jalisco
14051,14,Jalisco,Juanacatlán,MUJERES,2011,7180,764,750,749,709,660,605,548,495,411,344,289,239,191,148,110,75,53,40,2011-01-01,Jalisco
14051,14,Jalisco,Juanacatlán,HOMBRES,2012,7809,887,846,789,764,736,647,553,507,435,370,305,243,204,182,137,84,62,58,2012-01-01,Jalisco
14051,14,Jalisco,Juanacatlán,MUJERES,2012,7683,831,805,792,751,719,663,589,526,442,367,307,252,198,153,114,79,56,39,2012-01-01,Jalisco
14051,14,Jalisco,Juanacatlán,HOMBRES,2013,8324,951,906,828,784,785,722,615,542,467,394,324,257,211,189,142,85,62,60,2013-01-01,Jalisco
14051,14,Jalisco,Juanacatlán,MUJERES,2013,8208,900,864,838,794,781,724,634,558,474,391,325,265,205,158,118,82,58,39,2013-01-01,Jalisco
14051,14,Jalisco,Juanacatlán,HOMBRES,2014,8860,1016,971,867,805,833,802,687,579,498,418,343,270,220,195,147,87,61,61,2014-01-01,Jalisco
14051,14,Jalisco,Juanacatlán,MUJERES,2014,8758,972,927,882,840,845,791,683,589,507,416,344,278,214,163,121,86,61,39,2014-01-01,Jalisco
14051,14,Jalisco,Juanacatlán,HOMBRES,2015,9516,1093,1048,916,833,886,898,778,625,533,446,366,287,234,203,154,90,62,64,2015-01-01,Jalisco
14051,14,Jalisco,Juanacatlán,MUJERES,2015,9424,1052,1002,935,899,920,871,744,628,546,447,368,295,226,169,126,92,65,39,2015-01-01,Jalisco
14051,14,Jalisco,Juanacatlán,HOMBRES,2016,10520,1198,1180,1019,919,961,999,882,692,592,499,408,318,252,210,162,99,66,64,2016-01-01,Jalisco
14051,14,Jalisco,Juanacatlán,MUJERES,2016,10470,1157,1127,1033,983,1004,982,850,706,613,504,410,324,246,182,139,101,68,41,2016-01-01,Jalisco
14051,14,Jalisco,Juanacatlán,HOMBRES,2017,11629,1316,1327,1137,1014,1039,1110,999,771,653,556,452,352,272,217,171,109,70,64,2017-01-01,Jalisco
14051,14,Jalisco,Juanacatlán,MUJERES,2017,11631,1271,1266,1146,1073,1093,1107,972,796,684,568,456,356,269,197,152,110,72,43,2017-01-01,Jalisco
14051,14,Jalisco,Juanacatlán,HOMBRES,2018,12847,1444,1485,1273,1115,1123,1228,1129,866,718,619,501,388,294,225,180,121,74,64,2018-01-01,Jalisco
14051,14,Jalisco,Juanacatlán,MUJERES,2018,12912,1394,1414,1274,1170,1190,1247,1111,900,761,639,507,391,293,215,166,119,76,45,2018-01-01,Jalisco
14051,14,Jalisco,Juanacatlán,HOMBRES,2019,14190,1589,1661,1427,1223,1214,1354,1273,979,788,686,553,428,316,234,189,133,79,64,2019-01-01,Jalisco
14051,14,Jalisco,Juanacatlán,MUJERES,2019,14335,1537,1579,1416,1272,1298,1400,1269,1020,844,717,562,428,319,235,181,130,80,48,2019-01-01,Jalisco
14051,14,Jalisco,Juanacatlán,HOMBRES,2020,16044,1795,1903,1638,1371,1348,1522,1467,1138,889,776,624,480,346,249,199,147,86,66,2020-01-01,Jalisco
14051,14,Jalisco,Juanacatlán,MUJERES,2020,16300,1738,1811,1616,1413,1454,1606,1487,1185,959,820,636,478,354,263,199,143,86,52,2020-01-01,Jalisco
14051,14,Jalisco,Juanacatlán,HOMBRES,2021,16687,1832,1927,1648,1414,1399,1623,1569,1224,920,805,644,485,362,289,219,162,91,74,2021-01-01,Jalisco
14051,14,Jalisco,Juanacatlán,MUJERES,2021,16505,1756,1834,1660,1406,1470,1588,1512,1208,976,836,664,511,369,246,186,141,91,51,2021-01-01,Jalisco
14051,14,Jalisco,Juanacatlán,HOMBRES,2022,17140,1862,1947,1674,1434,1428,1661,1641,1293,950,823,668,505,380,303,224,170,97,80,2022-01-01,Jalisco
14051,14,Jalisco,Juanacatlán,MUJERES,2022,16932,1785,1854,1684,1425,1506,1627,1571,1253,1006,858,691,533,387,259,192,148,98,55,2022-01-01,Jalisco
14051,14,Jalisco,Juanacatlán,HOMBRES,2023,17633,1890,1973,1694,1463,1455,1699,1713,1364,990,840,694,528,400,321,234,181,105,89,2023-01-01,Jalisco
14051,14,Jalisco,Juanacatlán,MUJERES,2023,17386,1814,1878,1704,1450,1539,1667,1629,1299,1040,880,721,558,408,274,201,157,107,60,2023-01-01,Jalisco
14051,14,Jalisco,Juanacatlán,HOMBRES,2024,18118,1913,1999,1708,1493,1479,1739,1779,1433,1038,857,718,551,421,340,245,192,114,99,2024-01-01,Jalisco
14051,14,Jalisco,Juanacatlán,MUJERES,2024,17827,1837,1905,1722,1474,1568,1709,1685,1344,1076,900,749,583,429,288,211,166,116,65,2024-01-01,Jalisco
14051,14,Jalisco,Juanacatlán,HOMBRES,2025,18603,1937,2026,1720,1524,1500,1783,1838,1501,1091,875,740,574,442,359,258,202,124,109,2025-01-01,Jalisco
14051,14,Jalisco,Juanacatlán,MUJERES,2025,18266,1861,1928,1734,1500,1594,1755,1735,1390,1115,920,777,608,451,304,222,176,125,71,2025-01-01,Jalisco
14051,14,Jalisco,Juanacatlán,HOMBRES,2026,19073,1957,2053,1731,1548,1522,1827,1887,1567,1148,897,759,597,463,378,272,213,133,121,2026-01-01,Jalisco
14051,14,Jalisco,Juanacatlán,MUJERES,2026,18694,1883,1954,1746,1520,1619,1803,1778,1438,1153,941,802,635,472,319,234,185,135,77,2026-01-01,Jalisco
14051,14,Jalisco,Juanacatlán,HOMBRES,2027,19535,1974,2080,1739,1571,1548,1869,1929,1632,1204,925,774,620,484,398,286,225,143,134,2027-01-01,Jalisco
14051,14,Jalisco,Juanacatlán,MUJERES,2027,19118,1903,1980,1755,1541,1647,1848,1816,1485,1192,965,824,662,493,335,247,196,145,84,2027-01-01,Jalisco
14051,14,Jalisco,Juanacatlán,HOMBRES,2028,19985,1992,2104,1748,1586,1580,1906,1967,1691,1259,960,786,642,505,419,301,238,153,148,2028-01-01,Jalisco
14051,14,Jalisco,Juanacatlán,MUJERES,2028,19529,1921,2003,1765,1554,1679,1889,1853,1531,1229,992,843,689,515,351,259,208,156,92,2028-01-01,Jalisco
14051,14,Jalisco,Juanacatlán,HOMBRES,2029,20420,2009,2122,1757,1596,1614,1938,2006,1744,1312,1001,797,663,526,440,316,253,163,163,2029-01-01,Jalisco
14051,14,Jalisco,Juanacatlán,MUJERES,2029,19933,1939,2021,1775,1566,1713,1924,1893,1573,1266,1021,860,716,538,368,272,221,167,100,2029-01-01,Jalisco
14051,14,Jalisco,Juanacatlán,HOMBRES,2030,20843,2022,2139,1767,1604,1648,1966,2048,1788,1361,1048,810,681,548,461,330,270,173,179,2030-01-01,Jalisco
14051,14,Jalisco,Juanacatlán,MUJERES,2030,20319,1953,2038,1786,1572,1747,1955,1935,1609,1302,1051,877,741,561,384,284,236,179,109,2030-01-01,Jalisco
14051,14,Jalisco,Juanacatlán,HOMBRES,2031,21253,2036,2151,1776,1609,1678,1996,2091,1822,1409,1097,826,697,569,482,346,289,183,196,2031-01-01,Jalisco
14051,14,Jalisco,Juanacatlán,MUJERES,2031,20699,1966,2054,1797,1578,1778,1985,1978,1638,1340,1081,895,764,585,401,297,252,191,119,2031-01-01,Jalisco
14051,14,Jalisco,Juanacatlán,HOMBRES,2032,21653,2048,2164,1786,1612,1702,2031,2131,1849,1455,1146,847,709,590,503,361,309,195,215,2032-01-01,Jalisco
14051,14,Jalisco,Juanacatlán,MUJERES,2032,21059,1979,2066,1807,1582,1803,2018,2018,1662,1376,1111,916,784,609,417,310,269,203,129,2032-01-01,Jalisco
14051,14,Jalisco,Juanacatlán,HOMBRES,2033,22037,2057,2175,1791,1618,1719,2073,2167,1873,1496,1193,875,718,611,524,377,329,207,234,2033-01-01,Jalisco
14051,14,Jalisco,Juanacatlán,MUJERES,2033,21407,1991,2076,1814,1585,1823,2055,2053,1685,1411,1138,939,801,633,434,324,287,218,140,2033-01-01,Jalisco
14051,14,Jalisco,Juanacatlán,HOMBRES,2034,22410,2068,2182,1795,1620,1732,2119,2196,1899,1532,1238,908,727,630,544,393,350,222,255,2034-01-01,Jalisco
14051,14,Jalisco,Juanacatlán,MUJERES,2034,21736,2000,2085,1817,1590,1839,2095,2080,1708,1442,1165,964,816,657,451,337,305,234,151,2034-01-01,Jalisco
14051,14,Jalisco,Juanacatlán,HOMBRES,2035,22771,2076,2188,1796,1623,1742,2165,2222,1927,1560,1281,946,736,647,565,409,372,239,277,2035-01-01,Jalisco
14051,14,Jalisco,Juanacatlán,MUJERES,2035,22049,2008,2091,1820,1594,1851,2135,2103,1734,1467,1191,989,830,679,468,350,323,252,164,2035-01-01,Jalisco
14051,14,Jalisco,Juanacatlán,HOMBRES,2036,23118,2083,2191,1793,1631,1749,2206,2250,1957,1579,1322,986,749,661,586,424,395,257,299,2036-01-01,Jalisco
14051,14,Jalisco,Juanacatlán,MUJERES,2036,22344,2015,2094,1820,1599,1861,2170,2123,1761,1485,1218,1015,846,699,485,362,342,272,177,2036-01-01,Jalisco
14051,14,Jalisco,Juanacatlán,HOMBRES,2037,23443,2088,2195,1786,1634,1754,2238,2283,1984,1592,1360,1026,767,672,607,439,418,276,324,2037-01-01,Jalisco
14051,14,Jalisco,Juanacatlán,MUJERES,2037,22619,2021,2098,1816,1603,1868,2199,2147,1784,1498,1244,1039,863,715,503,375,362,293,191,2037-01-01,Jalisco
14051,14,Jalisco,Juanacatlán,HOMBRES,2038,23757,2094,2197,1782,1634,1759,2261,2323,2005,1602,1395,1064,791,680,627,454,443,296,350,2038-01-01,Jalisco
14051,14,Jalisco,Juanacatlán,MUJERES,2038,22871,2026,2098,1811,1605,1875,2220,2173,1801,1510,1268,1062,883,729,521,387,382,314,206,2038-01-01,Jalisco
14051,14,Jalisco,Juanacatlán,HOMBRES,2039,24043,2096,2195,1774,1632,1765,2278,2365,2020,1613,1423,1099,819,687,645,468,468,317,379,2039-01-01,Jalisco
14051,14,Jalisco,Juanacatlán,MUJERES,2039,23100,2027,2096,1805,1602,1883,2236,2202,1812,1522,1287,1083,904,741,538,399,403,337,223,2039-01-01,Jalisco
14051,14,Jalisco,Juanacatlán,HOMBRES,2040,24111,2076,2173,1751,1615,1754,2271,2387,2015,1613,1431,1121,844,688,654,478,490,337,413,2040-01-01,Jalisco
14051,14,Jalisco,Juanacatlán,MUJERES,2040,23113,2008,2073,1780,1586,1873,2229,2212,1804,1524,1291,1094,917,746,548,407,420,359,242,2040-01-01,Jalisco
14070,14,Jalisco,El Salto,HOMBRES,1990,20972,3651,3139,2819,2383,1815,1498,1272,1017,803,642,513,418,338,262,179,103,63,57,1990-01-01,Jalisco
14070,14,Jalisco,El Salto,MUJERES,1990,20545,3491,2978,2687,2335,1904,1613,1301,958,741,613,504,414,318,235,175,127,94,57,1990-01-01,Jalisco
14070,14,Jalisco,El Salto,HOMBRES,1991,23304,4018,3482,3073,2623,2047,1713,1456,1158,892,716,567,456,371,286,198,117,70,61,1991-01-01,Jalisco
14070,14,Jalisco,El Salto,MUJERES,1991,22798,3868,3293,2925,2572,2135,1828,1486,1097,824,677,554,450,346,255,191,136,98,63,1991-01-01,Jalisco
14070,14,Jalisco,El Salto,HOMBRES,1992,25863,4408,3857,3354,2867,2306,1956,1666,1318,994,798,628,498,405,313,220,133,78,64,1992-01-01,Jalisco
14070,14,Jalisco,El Salto,MUJERES,1992,25266,4268,3638,3194,2818,2392,2066,1696,1254,918,748,608,489,376,277,208,146,101,69,1992-01-01,Jalisco
14070,14,Jalisco,El Salto,HOMBRES,1993,28667,4818,4270,3669,3120,2591,2227,1903,1498,1113,886,694,544,443,342,243,152,86,68,1993-01-01,Jalisco
14070,14,Jalisco,El Salto,MUJERES,1993,27961,4694,4012,3493,3073,2673,2330,1931,1431,1027,825,668,531,408,301,227,157,104,76,1993-01-01,Jalisco
14070,14,Jalisco,El Salto,HOMBRES,1994,31731,5237,4721,4020,3387,2902,2532,2169,1700,1252,983,767,596,482,374,270,173,95,71,1994-01-01,Jalisco
14070,14,Jalisco,El Salto,MUJERES,1994,30895,5136,4423,3826,3337,2980,2624,2193,1629,1154,907,732,578,442,327,247,169,108,83,1994-01-01,Jalisco
14070,14,Jalisco,El Salto,HOMBRES,1995,35961,5807,5346,4516,3763,3314,2947,2536,1980,1452,1110,866,671,541,422,306,201,107,76,1995-01-01,Jalisco
14070,14,Jalisco,El Salto,MUJERES,1995,34958,5729,4989,4296,3718,3394,3029,2552,1900,1336,1017,822,647,493,367,276,186,114,93,1995-01-01,Jalisco
14070,14,Jalisco,El Salto,HOMBRES,1996,37557,5960,5525,4704,3901,3457,3106,2692,2122,1563,1171,920,712,566,441,318,208,111,80,1996-01-01,Jalisco
14070,14,Jalisco,El Salto,MUJERES,1996,36482,5805,5181,4471,3846,3539,3189,2716,2052,1448,1073,869,687,523,391,288,192,115,97,1996-01-01,Jalisco
14070,14,Jalisco,El Salto,HOMBRES,1997,39102,6096,5697,4887,4042,3574,3260,2844,2267,1679,1235,974,754,591,459,329,216,115,83,1997-01-01,Jalisco
14070,14,Jalisco,El Salto,MUJERES,1997,37968,5863,5367,4638,3977,3663,3347,2877,2210,1566,1133,915,727,555,415,300,198,116,101,1997-01-01,Jalisco
14070,14,Jalisco,El Salto,HOMBRES,1998,40652,6230,5863,5071,4193,3671,3409,2996,2417,1800,1307,1029,798,618,477,341,224,121,87,1998-01-01,Jalisco
14070,14,Jalisco,El Salto,MUJERES,1998,39494,5921,5550,4807,4121,3774,3507,3042,2375,1691,1201,963,770,590,440,313,205,118,106,1998-01-01,Jalisco
14070,14,Jalisco,El Salto,HOMBRES,1999,42205,6377,6012,5255,4361,3749,3544,3146,2569,1925,1390,1084,845,648,495,354,233,127,91,1999-01-01,Jalisco
14070,14,Jalisco,El Salto,MUJERES,1999,41045,5989,5720,4980,4275,3873,3662,3210,2546,1821,1279,1011,816,627,466,327,212,120,111,1999-01-01,Jalisco
14070,14,Jalisco,El Salto,HOMBRES,2000,44020,6578,6185,5472,4566,3848,3684,3312,2740,2067,1494,1141,895,683,516,370,242,132,95,2000-01-01,Jalisco
14070,14,Jalisco,El Salto,MUJERES,2000,42873,6105,5918,5181,4458,3993,3829,3401,2739,1971,1376,1063,867,672,498,344,219,123,116,2000-01-01,Jalisco
14070,14,Jalisco,El Salto,HOMBRES,2001,46381,6793,6445,5762,4860,4018,3855,3516,2936,2236,1623,1215,961,732,544,390,254,139,102,2001-01-01,Jalisco
14070,14,Jalisco,El Salto,MUJERES,2001,45292,6383,6124,5476,4723,4179,4029,3608,2942,2157,1515,1139,929,716,526,365,230,129,122,2001-01-01,Jalisco
14070,14,Jalisco,El Salto,HOMBRES,2002,48875,7006,6696,6070,5182,4231,4017,3729,3140,2418,1763,1298,1031,784,575,411,267,146,111,2002-01-01,Jalisco
14070,14,Jalisco,El Salto,MUJERES,2002,47849,6665,6328,5793,5007,4393,4223,3829,3155,2361,1667,1224,993,762,556,386,241,137,129,2002-01-01,Jalisco
14070,14,Jalisco,El Salto,HOMBRES,2003,51451,7203,6955,6381,5516,4482,4168,3943,3350,2611,1914,1391,1104,839,608,432,280,154,120,2003-01-01,Jalisco
14070,14,Jalisco,El Salto,MUJERES,2003,50524,6943,6534,6121,5306,4634,4411,4058,3379,2580,1833,1321,1061,811,589,408,254,145,136,2003-01-01,Jalisco
14070,14,Jalisco,El Salto,HOMBRES,2004,54083,7383,7231,6684,5845,4766,4313,4151,3564,2811,2073,1500,1179,899,643,454,294,163,130,2004-01-01,Jalisco
14070,14,Jalisco,El Salto,MUJERES,2004,53318,7216,6760,6449,5617,4898,4596,4291,3615,2815,2012,1434,1131,864,625,431,267,154,143,2004-01-01,Jalisco
14070,14,Jalisco,El Salto,HOMBRES,2005,57064,7586,7562,7019,6208,5098,4483,4366,3804,3040,2255,1633,1257,962,686,480,312,172,141,2005-01-01,Jalisco
14070,14,Jalisco,El Salto,MUJERES,2005,56513,7528,7035,6816,5975,5202,4811,4546,3885,3082,2216,1568,1205,922,668,458,283,163,150,2005-01-01,Jalisco
14070,14,Jalisco,El Salto,HOMBRES,2006,59496,7768,7779,7260,6472,5350,4609,4531,4023,3249,2433,1769,1331,1028,735,507,327,178,147,2006-01-01,Jalisco
14070,14,Jalisco,El Salto,MUJERES,2006,59226,7730,7344,7050,6251,5445,4996,4787,4137,3300,2396,1700,1276,984,712,486,303,172,157,2006-01-01,Jalisco
14070,14,Jalisco,El Salto,HOMBRES,2007,62081,7992,7996,7488,6754,5626,4779,4681,4248,3464,2623,1915,1413,1096,788,536,343,185,154,2007-01-01,Jalisco
14070,14,Jalisco,El Salto,MUJERES,2007,62075,7968,7661,7273,6542,5699,5205,5019,4403,3525,2588,1842,1355,1048,760,516,324,182,165,2007-01-01,Jalisco
14070,14,Jalisco,El Salto,HOMBRES,2008,64830,8265,8198,7717,7040,5922,5003,4827,4479,3687,2825,2072,1507,1167,845,567,357,191,161,2008-01-01,Jalisco
14070,14,Jalisco,El Salto,MUJERES,2008,64983,8236,7966,7490,6829,5958,5433,5233,4675,3756,2790,1992,1443,1114,810,548,345,192,173,2008-01-01,Jalisco
14070,14,Jalisco,El Salto,HOMBRES,2009,67711,8564,8379,7965,7321,6228,5279,4975,4709,3917,3036,2239,1616,1240,906,600,372,197,168,2009-01-01,Jalisco
14070,14,Jalisco,El Salto,MUJERES,2009,67909,8516,8245,7717,7104,6216,5673,5432,4943,3994,3000,2148,1544,1182,863,582,367,202,181,2009-01-01,Jalisco
14070,14,Jalisco,El Salto,HOMBRES,2010,70733,8875,8548,8246,7596,6542,5583,5129,4927,4164,3270,2423,1743,1309,968,639,390,205,176,2010-01-01,Jalisco
14070,14,Jalisco,El Salto,MUJERES,2010,70972,8803,8521,7978,7379,6490,5924,5635,5210,4249,3228,2317,1658,1247,919,621,392,213,188,2010-01-01,Jalisco
14070,14,Jalisco,El Salto,HOMBRES,2011,75142,9304,8876,8628,8024,7057,6047,5388,5206,4492,3564,2666,1922,1398,1035,697,430,222,186,2011-01-01,Jalisco
14070,14,Jalisco,El Salto,MUJERES,2011,75293,9214,8908,8406,7757,6898,6287,5954,5577,4571,3499,2558,1829,1336,988,663,420,236,192,2011-01-01,Jalisco
14070,14,Jalisco,El Salto,HOMBRES,2012,79712,9707,9231,9015,8440,7590,6540,5696,5469,4834,3872,2929,2119,1495,1105,760,474,240,196,2012-01-01,Jalisco
14070,14,Jalisco,El Salto,MUJERES,2012,79771,9603,9319,8846,8124,7325,6665,6306,5938,4912,3784,2822,2017,1434,1062,707,450,260,197,2012-01-01,Jalisco
14070,14,Jalisco,El Salto,HOMBRES,2013,84450,10072,9623,9394,8863,8132,7052,6062,5722,5188,4195,3212,2333,1607,1177,828,523,259,208,2013-01-01,Jalisco
14070,14,Jalisco,El Salto,MUJERES,2013,84418,9965,9769,9287,8500,7761,7055,6695,6294,5270,4085,3107,2220,1546,1139,753,483,287,202,2013-01-01,Jalisco
14070,14,Jalisco,El Salto,HOMBRES,2014,89367,10416,10041,9760,9317,8672,7578,6488,5976,5546,4532,3513,2564,1737,1251,902,577,278,219,2014-01-01,Jalisco
14070,14,Jalisco,El Salto,MUJERES,2014,89223,10305,10251,9718,8902,8191,7458,7119,6650,5638,4402,3414,2439,1675,1218,802,518,316,207,2014-01-01,Jalisco
14070,14,Jalisco,El Salto,HOMBRES,2015,95145,10817,10536,10183,9867,9257,8172,7018,6295,5938,4924,3877,2850,1907,1335,987,645,302,235,2015-01-01,Jalisco
14070,14,Jalisco,El Salto,MUJERES,2015,94894,10693,10796,10192,9395,8675,7930,7623,7083,6068,4791,3794,2710,1839,1308,862,566,353,216,2015-01-01,Jalisco
14070,14,Jalisco,El Salto,HOMBRES,2016,100646,10906,10871,10419,10220,9831,9016,7823,6775,6353,5325,4195,3088,2085,1430,1047,680,328,254,2016-01-01,Jalisco
14070,14,Jalisco,El Salto,MUJERES,2016,98480,10722,10998,10428,9773,9069,8338,7886,7256,6373,5123,4065,2930,1991,1382,929,609,371,237,2016-01-01,Jalisco
14070,14,Jalisco,El Salto,HOMBRES,2017,106393,10984,11177,10685,10573,10396,9913,8691,7328,6758,5746,4525,3342,2280,1535,1110,718,357,275,2017-01-01,Jalisco
14070,14,Jalisco,El Salto,MUJERES,2017,102148,10742,11166,10684,10162,9454,8764,8151,7453,6661,5474,4345,3165,2155,1465,1000,655,391,261,2017-01-01,Jalisco
14070,14,Jalisco,El Salto,HOMBRES,2018,112434,11073,11450,10988,10912,10981,10857,9613,7971,7160,6183,4869,3610,2489,1657,1175,757,390,299,2018-01-01,Jalisco
14070,14,Jalisco,El Salto,MUJERES,2018,105929,10775,11310,10966,10538,9854,9201,8418,7677,6933,5840,4637,3415,2330,1559,1074,704,411,287,2018-01-01,Jalisco
14070,14,Jalisco,El Salto,HOMBRES,2019,118760,11188,11699,11311,11224,11605,11830,10584,8711,7571,6629,5226,3890,2712,1797,1239,797,424,323,2019-01-01,Jalisco
14070,14,Jalisco,El Salto,MUJERES,2019,109808,10831,11430,11262,10897,10285,9632,8687,7922,7197,6213,4941,3677,2513,1667,1150,756,433,315,2019-01-01,Jalisco
14070,14,Jalisco,El Salto,HOMBRES,2020,125617,11377,11987,11675,11552,12308,12846,11606,9546,8041,7098,5608,4178,2938,1944,1287,826,456,344,2020-01-01,Jalisco
14070,14,Jalisco,El Salto,MUJERES,2020,114118,10957,11595,11610,11265,10773,10095,9007,8205,7488,6604,5266,3948,2704,1783,1216,803,454,345,2020-01-01,Jalisco
14070,14,Jalisco,El Salto,HOMBRES,2021,125841,11560,12232,12306,12002,12302,12319,10882,9074,7709,7132,5911,4363,3019,2006,1309,876,474,365,2021-01-01,Jalisco
14070,14,Jalisco,El Salto,MUJERES,2021,123916,11430,11968,11871,11570,11628,11385,10789,9780,8542,7259,5607,4222,2937,1930,1278,824,513,383,2021-01-01,Jalisco
14070,14,Jalisco,El Salto,HOMBRES,2022,131212,11911,12546,12744,12440,12743,12704,11463,9705,8117,7436,6262,4617,3197,2131,1361,918,517,400,2022-01-01,Jalisco
14070,14,Jalisco,El Salto,MUJERES,2022,129098,11772,12276,12283,11972,12051,11724,11306,10313,8986,7631,5951,4468,3115,2053,1341,869,565,422,2022-01-01,Jalisco
14070,14,Jalisco,El Salto,HOMBRES,2023,136983,12260,12880,13160,12941,13175,13099,12050,10370,8624,7748,6643,4902,3408,2282,1440,975,575,451,2023-01-01,Jalisco
14070,14,Jalisco,El Salto,MUJERES,2023,134576,12119,12605,12678,12422,12463,12074,11833,10868,9486,8005,6321,4739,3315,2194,1425,927,629,473,2023-01-01,Jalisco
14070,14,Jalisco,El Salto,HOMBRES,2024,142877,12592,13229,13553,13484,13582,13514,12609,11039,9215,8062,7025,5197,3626,2440,1532,1032,638,508,2024-01-01,Jalisco
14070,14,Jalisco,El Salto,MUJERES,2024,140153,12453,12946,13056,12902,12846,12448,12347,11436,10029,8377,6700,5020,3521,2340,1519,986,698,529,2024-01-01,Jalisco
14070,14,Jalisco,El Salto,HOMBRES,2025,148876,12916,13585,13939,14039,13975,13959,13119,11712,9877,8401,7397,5502,3850,2603,1636,1088,706,572,2025-01-01,Jalisco
14070,14,Jalisco,El Salto,MUJERES,2025,145827,12781,13294,13424,13396,13209,12851,12827,12022,10606,8761,7079,5315,3733,2490,1627,1046,774,592,2025-01-01,Jalisco
14070,14,Jalisco,El Salto,HOMBRES,2026,154956,13233,13958,14311,14580,14384,14416,13565,12392,10591,8789,7747,5818,4077,2775,1751,1146,779,644,2026-01-01,Jalisco
14070,14,Jalisco,El Salto,MUJERES,2026,151576,13101,13653,13782,13881,13576,13269,13264,12633,11207,9173,7447,5626,3949,2646,1743,1108,855,663,2026-01-01,Jalisco
14070,14,Jalisco,El Salto,HOMBRES,2027,161090,13542,14341,14676,15084,14839,14860,13961,13069,11334,9251,8070,6140,4309,2955,1871,1208,856,724,2027-01-01,Jalisco
14070,14,Jalisco,El Salto,MUJERES,2027,157392,13417,14026,14134,14335,13971,13678,13669,13261,11822,9625,7796,5951,4171,2810,1866,1176,943,741,2027-01-01,Jalisco
14070,14,Jalisco,El Salto,HOMBRES,2028,167271,13855,14702,15054,15544,15351,15270,14337,13723,12086,9798,8373,6464,4546,3143,1997,1278,937,813,2028-01-01,Jalisco
14070,14,Jalisco,El Salto,MUJERES,2028,163265,13731,14379,14498,14763,14406,14056,14069,13889,12449,10122,8130,6285,4400,2980,1993,1250,1037,828,2028-01-01,Jalisco
14070,14,Jalisco,El Salto,HOMBRES,2029,173496,14156,15042,15447,15975,15902,15641,14727,14338,12837,10431,8673,6782,4788,3338,2127,1358,1022,912,2029-01-01,Jalisco
14070,14,Jalisco,El Salto,MUJERES,2029,169188,14035,14716,14877,15168,14871,14396,14492,14496,13085,10659,8456,6625,4636,3155,2124,1335,1138,924,2029-01-01,Jalisco
14070,14,Jalisco,El Salto,HOMBRES,2030,179756,14452,15365,15842,16388,16461,15989,15143,14895,13589,11140,8995,7084,5035,3536,2261,1450,1110,1021,2030-01-01,Jalisco
14070,14,Jalisco,El Salto,MUJERES,2030,175164,14336,15042,15265,15562,15345,14706,14945,15062,13743,11227,8789,6960,4882,3333,2260,1431,1245,1031,2030-01-01,Jalisco
14070,14,Jalisco,El Salto,HOMBRES,2031,186059,14745,15670,16262,16781,16995,16353,15571,15382,14349,11902,9365,7361,5289,3737,2402,1550,1204,1141,2031-01-01,Jalisco
14070,14,Jalisco,El Salto,MUJERES,2031,181159,14631,15355,15664,15937,15802,15016,15412,15577,14429,11816,9145,7279,5140,3513,2401,1534,1360,1148,2031-01-01,Jalisco
14070,14,Jalisco,El Salto,HOMBRES,2032,192398,15035,15969,16690,17166,17476,16765,15987,15817,15108,12694,9811,7608,5547,3941,2549,1655,1308,1272,2032-01-01,Jalisco
14070,14,Jalisco,El Salto,MUJERES,2032,187165,14921,15660,16076,16305,16221,15350,15864,16051,15134,12414,9535,7575,5407,3698,2548,1643,1488,1275,2032-01-01,Jalisco
14070,14,Jalisco,El Salto,HOMBRES,2033,198784,15324,16268,17094,17564,17902,17238,16371,16239,15848,13497,10345,7833,5804,4151,2703,1765,1425,1413,2033-01-01,Jalisco
14070,14,Jalisco,El Salto,MUJERES,2033,193182,15211,15959,16470,16685,16600,15721,16278,16519,15836,13020,9962,7852,5680,3887,2700,1756,1631,1415,2033-01-01,Jalisco
14070,14,Jalisco,El Salto,HOMBRES,2034,205189,15607,16549,17468,17976,18289,17751,16716,16684,16548,14299,10966,8054,6052,4364,2860,1879,1561,1566,2034-01-01,Jalisco
14070,14,Jalisco,El Salto,MUJERES,2034,199189,15491,16245,16840,17083,16949,16118,16641,17012,16514,13633,10421,8117,5953,4081,2857,1872,1795,1567,2034-01-01,Jalisco
14070,14,Jalisco,El Salto,HOMBRES,2035,211633,15886,16828,17828,18394,18649,18268,17039,17166,17188,15103,11662,8292,6284,4582,3021,1996,1717,1730,2035-01-01,Jalisco
14070,14,Jalisco,El Salto,MUJERES,2035,205172,15767,16516,17198,17482,17275,16516,16966,17539,17146,14263,10901,8383,6218,4282,3015,1991,1983,1731,2035-01-01,Jalisco
14070,14,Jalisco,El Salto,HOMBRES,2036,218082,16164,17096,18165,18835,18984,18748,17378,17668,17752,15916,12408,8574,6491,4806,3182,2119,1889,1907,2036-01-01,Jalisco
14070,14,Jalisco,El Salto,MUJERES,2036,211115,16041,16780,17537,17893,17577,16886,17286,18078,17716,14917,11393,8666,6464,4491,3176,2115,2190,1909,2036-01-01,Jalisco
14070,14,Jalisco,El Salto,HOMBRES,2037,224519,16435,17355,18493,19285,19300,19164,17768,18158,18259,16729,13178,8919,6669,5032,3346,2248,2079,2102,2037-01-01,Jalisco
14070,14,Jalisco,El Salto,MUJERES,2037,217001,16306,17033,17865,18317,17862,17208,17629,18598,18240,15586,11886,8976,6686,4706,3339,2244,2415,2105,2037-01-01,Jalisco
14070,14,Jalisco,El Salto,HOMBRES,2038,230909,16699,17610,18819,19704,19623,19507,18214,18610,18748,17513,13952,9337,6825,5255,3512,2381,2282,2318,2038-01-01,Jalisco
14070,14,Jalisco,El Salto,MUJERES,2038,222826,16567,17277,18184,18716,18155,17479,18010,19071,18756,16246,12377,9315,6887,4924,3506,2377,2656,2323,2038-01-01,Jalisco
14070,14,Jalisco,El Salto,HOMBRES,2039,237223,16954,17852,19128,20090,19957,19795,18690,19010,19259,18248,14714,9826,6973,5469,3680,2518,2500,2560,2039-01-01,Jalisco
14070,14,Jalisco,El Salto,MUJERES,2039,228562,16820,17510,18485,19085,18459,17710,18411,19481,19299,16877,12867,9678,7074,5139,3676,2512,2913,2566,2039-01-01,Jalisco
14070,14,Jalisco,El Salto,HOMBRES,2040,242576,17119,18007,19329,20360,20217,19972,19075,19313,19766,18872,15419,10317,7089,5633,3829,2642,2755,2862,2040-01-01,Jalisco
14070,14,Jalisco,El Salto,MUJERES,2040,233388,16984,17656,18683,19346,18692,17850,18731,19779,19842,17424,13324,10002,7214,5312,3829,2635,3214,2871,2040-01-01,Jalisco
14097,14,Jalisco,Tlajomulco de Zúñiga,HOMBRES,1990,36595,6124,5090,4653,4181,3288,2591,2097,1713,1461,1243,1005,836,695,558,422,300,185,153,1990-01-01,Jalisco
14097,14,Jalisco,Tlajomulco de Zúñiga,MUJERES,1990,36634,5930,5057,4782,4224,3346,2691,2149,1686,1403,1222,1018,809,657,557,437,315,200,151,1990-01-01,Jalisco
14097,14,Jalisco,Tlajomulco de Zúñiga,HOMBRES,1991,39131,6474,5431,4941,4473,3542,2779,2248,1853,1561,1347,1095,901,750,600,454,319,199,164,1991-01-01,Jalisco
14097,14,Jalisco,Tlajomulco de Zúñiga,MUJERES,1991,39169,6254,5360,5032,4535,3635,2902,2320,1844,1514,1319,1093,871,710,591,464,338,219,168,1991-01-01,Jalisco
14097,14,Jalisco,Tlajomulco de Zúñiga,HOMBRES,1992,41797,6823,5791,5256,4759,3812,2975,2409,2006,1673,1457,1192,972,808,645,490,340,213,176,1992-01-01,Jalisco
14097,14,Jalisco,Tlajomulco de Zúñiga,MUJERES,1992,41816,6575,5675,5309,4837,3942,3121,2501,2015,1637,1421,1174,937,766,627,493,363,238,185,1992-01-01,Jalisco
14097,14,Jalisco,Tlajomulco de Zúñiga,HOMBRES,1993,44583,7163,6167,5606,5040,4094,3177,2577,2168,1799,1574,1298,1050,869,694,528,364,228,187,1993-01-01,Jalisco
14097,14,Jalisco,Tlajomulco de Zúñiga,MUJERES,1993,44584,6882,6003,5611,5139,4268,3350,2692,2198,1777,1529,1260,1009,824,665,524,391,259,203,1993-01-01,Jalisco
14097,14,Jalisco,Tlajomulco de Zúñiga,HOMBRES,1994,47482,7482,6561,5986,5322,4381,3387,2751,2338,1946,1696,1413,1135,933,747,570,391,244,199,1994-01-01,Jalisco
14097,14,Jalisco,Tlajomulco de Zúñiga,MUJERES,1994,47462,7171,6343,5940,5440,4607,3590,2891,2391,1938,1641,1352,1087,886,705,557,422,280,221,1994-01-01,Jalisco
14097,14,Jalisco,Tlajomulco de Zúñiga,HOMBRES,1995,50902,7844,7030,6439,5656,4702,3631,2958,2543,2135,1833,1545,1242,1013,814,620,423,261,213,1995-01-01,Jalisco
14097,14,Jalisco,Tlajomulco de Zúñiga,MUJERES,1995,50876,7496,6751,6336,5807,4996,3871,3122,2621,2142,1768,1461,1186,963,757,596,457,304,242,1995-01-01,Jalisco
14097,14,Jalisco,Tlajomulco de Zúñiga,HOMBRES,1996,53718,8109,7421,6770,5864,4943,3938,3258,2786,2306,1920,1628,1313,1060,845,636,435,266,220,1996-01-01,Jalisco
14097,14,Jalisco,Tlajomulco de Zúñiga,MUJERES,1996,53625,7794,7112,6613,5985,5251,4188,3423,2868,2319,1855,1533,1246,1007,791,616,468,306,250,1996-01-01,Jalisco
14097,14,Jalisco,Tlajomulco de Zúñiga,HOMBRES,1997,56522,8352,7815,7094,6075,5150,4254,3572,3043,2485,2012,1709,1385,1106,874,650,448,271,227,1997-01-01,Jalisco
14097,14,Jalisco,Tlajomulco de Zúñiga,MUJERES,1997,56374,8072,7478,6882,6168,5476,4517,3736,3129,2504,1947,1603,1307,1052,824,635,479,308,257,1997-01-01,Jalisco
14097,14,Jalisco,Tlajomulco de Zúñiga,HOMBRES,1998,59388,8595,8210,7425,6301,5328,4576,3904,3316,2673,2114,1790,1459,1156,902,666,462,278,233,1998-01-01,Jalisco
14097,14,Jalisco,Tlajomulco de Zúñiga,MUJERES,1998,59214,8357,7844,7152,6370,5682,4862,4068,3406,2698,2051,1674,1369,1099,857,656,492,312,265,1998-01-01,Jalisco
14097,14,Jalisco,Tlajomulco de Zúñiga,HOMBRES,1999,62321,8858,8593,7761,6549,5482,4895,4251,3601,2867,2234,1869,1537,1210,928,682,477,287,240,1999-01-01,Jalisco
14097,14,Jalisco,Tlajomulco de Zúñiga,MUJERES,1999,62147,8667,8202,7428,6584,5874,5214,4420,3697,2900,2172,1743,1434,1149,890,678,505,317,273,1999-01-01,Jalisco
14097,14,Jalisco,Tlajomulco de Zúñiga,HOMBRES,2000,65864,9218,9043,8166,6875,5679,5248,4664,3937,3093,2385,1953,1623,1277,964,704,493,295,247,2000-01-01,Jalisco
14097,14,Jalisco,Tlajomulco de Zúñiga,MUJERES,2000,65708,9075,8624,7765,6858,6112,5615,4844,4040,3136,2325,1821,1510,1214,933,708,521,324,283,2000-01-01,Jalisco
14097,14,Jalisco,Tlajomulco de Zúñiga,HOMBRES,2001,72722,10305,9936,8891,7452,6149,5949,5426,4513,3471,2629,2086,1738,1357,1011,738,509,303,259,2001-01-01,Jalisco
14097,14,Jalisco,Tlajomulco de Zúñiga,MUJERES,2001,72534,10043,9505,8451,7387,6687,6416,5598,4573,3497,2579,1971,1627,1295,987,745,539,336,298,2001-01-01,Jalisco
14097,14,Jalisco,Tlajomulco de Zúñiga,HOMBRES,2002,80309,11507,10882,9681,8091,6710,6711,6301,5159,3892,2898,2234,1858,1442,1062,772,526,312,271,2002-01-01,Jalisco
14097,14,Jalisco,Tlajomulco de Zúñiga,MUJERES,2002,80058,11096,10449,9200,7957,7346,7300,6465,5167,3896,2859,2140,1752,1381,1045,784,559,349,313,2002-01-01,Jalisco
14097,14,Jalisco,Tlajomulco de Zúñiga,HOMBRES,2003,88597,12803,11909,10516,8764,7367,7536,7293,5881,4355,3191,2401,1981,1531,1115,806,543,321,284,2003-01-01,Jalisco
14097,14,Jalisco,Tlajomulco de Zúñiga,MUJERES,2003,88303,12227,11478,9993,8566,8096,8274,7457,5828,4333,3166,2331,1882,1471,1107,823,580,363,328,2003-01-01,Jalisco
14097,14,Jalisco,Tlajomulco de Zúñiga,HOMBRES,2004,97605,14196,13044,11384,9451,8115,8438,8403,6684,4860,3504,2594,2107,1624,1173,839,561,330,298,2004-01-01,Jalisco
14097,14,Jalisco,Tlajomulco de Zúñiga,MUJERES,2004,97345,13440,12627,10828,9208,8937,9352,8580,6566,4809,3497,2553,2017,1568,1175,864,602,377,345,2004-01-01,Jalisco
14097,14,Jalisco,Tlajomulco de Zúñiga,HOMBRES,2005,109776,16023,14589,12561,10402,9138,9660,9883,7756,5525,3918,2866,2270,1754,1266,898,599,349,319,2005-01-01,Jalisco
14097,14,Jalisco,Tlajomulco de Zúñiga,MUJERES,2005,109647,15053,14197,11969,10133,10076,10812,10104,7563,5434,3927,2856,2193,1704,1279,932,645,401,369,2005-01-01,Jalisco
14097,14,Jalisco,Tlajomulco de Zúñiga,HOMBRES,2006,124131,17747,16601,14151,11672,10282,10753,11304,9128,6516,4550,3271,2507,1943,1393,971,643,368,331,2006-01-01,Jalisco
14097,14,Jalisco,Tlajomulco de Zúñiga,MUJERES,2006,124722,16809,16159,13564,11427,11309,12228,11775,8952,6372,4531,3272,2459,1913,1421,1013,695,428,395,2006-01-01,Jalisco
14097,14,Jalisco,Tlajomulco de Zúñiga,HOMBRES,2007,140475,19744,18872,15891,13107,11592,12068,12871,10726,7663,5278,3731,2776,2150,1534,1050,689,388,345,2007-01-01,Jalisco
14097,14,Jalisco,Tlajomulco de Zúñiga,MUJERES,2007,141879,18839,18376,15325,12888,12691,13876,13656,10588,7455,5222,3745,2764,2146,1577,1103,749,456,423,2007-01-01,Jalisco
14097,14,Jalisco,Tlajomulco de Zúñiga,HOMBRES,2008,159107,22071,21399,17831,14700,13078,13674,14622,12582,8996,6115,4253,3085,2374,1687,1136,736,409,359,2008-01-01,Jalisco
14097,14,Jalisco,Tlajomulco de Zúñiga,MUJERES,2008,161228,21172,20829,17292,14504,14223,15774,15750,12490,8700,6005,4277,3116,2401,1749,1201,805,486,454,2008-01-01,Jalisco
14097,14,Jalisco,Tlajomulco de Zúñiga,HOMBRES,2009,180255,24723,24186,20033,16443,14742,15618,16605,14716,10540,7072,4838,3449,2614,1856,1231,785,431,373,2009-01-01,Jalisco
14097,14,Jalisco,Tlajomulco de Zúñiga,MUJERES,2009,182866,23797,23497,19513,16258,15903,17935,18081,14673,10129,6887,4871,3530,2679,1938,1307,864,518,486,2009-01-01,Jalisco
14097,14,Jalisco,Tlajomulco de Zúñiga,HOMBRES,2010,211899,28724,28298,23404,19047,17219,18544,19568,17816,12832,8486,5709,4014,2967,2113,1394,878,479,407,2010-01-01,Jalisco
14097,14,Jalisco,Tlajomulco de Zúñiga,MUJERES,2010,215192,27726,27439,22902,18879,18468,21152,21522,17869,12256,8185,5744,4157,3086,2229,1486,970,579,543,2010-01-01,Jalisco
14097,14,Jalisco,Tlajomulco de Zúñiga,HOMBRES,2011,224547,29816,29244,24925,20401,18451,19530,20157,18854,14074,9459,6352,4392,3176,2320,1532,943,505,416,2011-01-01,Jalisco
14097,14,Jalisco,Tlajomulco de Zúñiga,MUJERES,2011,228520,29080,28526,24282,20092,19573,22140,22496,19186,13526,9097,6356,4618,3352,2405,1598,1032,612,549,2011-01-01,Jalisco
14097,14,Jalisco,Tlajomulco de Zúñiga,HOMBRES,2012,237634,30782,30267,26506,21756,19710,20531,20884,19835,15397,10506,7055,4800,3408,2544,1682,1011,532,428,2012-01-01,Jalisco
14097,14,Jalisco,Tlajomulco de Zúñiga,MUJERES,2012,242364,30361,29684,25707,21301,20720,23142,23562,20486,14909,10085,7023,5123,3648,2592,1717,1098,647,559,2012-01-01,Jalisco
14097,14,Jalisco,Tlajomulco de Zúñiga,HOMBRES,2013,251164,31607,31391,28102,23156,20968,21517,21779,20778,16791,11636,7819,5238,3670,2782,1845,1088,558,439,2013-01-01,Jalisco
14097,14,Jalisco,Tlajomulco de Zúñiga,MUJERES,2013,256746,31553,30937,27141,22557,21879,24155,24736,21772,16402,11158,7747,5675,3985,2788,1842,1169,682,568,2013-01-01,Jalisco
14097,14,Jalisco,Tlajomulco de Zúñiga,HOMBRES,2014,265146,32331,32578,29699,24661,22195,22468,22837,21720,18236,12849,8640,5701,3974,3033,2021,1169,584,450,2014-01-01,Jalisco
14097,14,Jalisco,Tlajomulco de Zúñiga,MUJERES,2014,271612,32676,32261,28559,23899,23009,25166,26001,23058,17987,12322,8524,6271,4376,2990,1975,1244,717,577,2014-01-01,Jalisco
14097,14,Jalisco,Tlajomulco de Zúñiga,HOMBRES,2015,281569,33184,33979,31477,26439,23497,23546,24186,22878,19869,14318,9641,6270,4373,3326,2227,1271,618,470,2015-01-01,Jalisco
14097,14,Jalisco,Tlajomulco de Zúñiga,MUJERES,2015,289082,33932,33744,30066,25491,24253,26386,27525,24594,19877,13788,9488,7005,4871,3223,2136,1343,764,596,2015-01-01,Jalisco
14097,14,Jalisco,Tlajomulco de Zúñiga,HOMBRES,2016,297906,33960,35228,32850,28284,25174,25144,25613,23771,21119,15681,10681,7001,4847,3561,2410,1387,680,515,2016-01-01,Jalisco
14097,14,Jalisco,Tlajomulco de Zúñiga,MUJERES,2016,304891,34292,34655,31497,27352,25779,27548,28555,25843,21560,15317,10557,7688,5363,3539,2375,1484,832,655,2016-01-01,Jalisco
14097,14,Jalisco,Tlajomulco de Zúñiga,HOMBRES,2017,314957,34716,36381,34365,30225,26858,26778,27088,24855,22323,17137,11797,7804,5370,3822,2605,1515,751,567,2017-01-01,Jalisco
14097,14,Jalisco,Tlajomulco de Zúñiga,MUJERES,2017,321479,34622,35486,33035,29327,27320,28748,29602,27227,23266,17000,11719,8431,5902,3896,2636,1638,907,717,2017-01-01,Jalisco
14097,14,Jalisco,Tlajomulco de Zúñiga,HOMBRES,2018,332840,35516,37433,36032,32214,28617,28421,28582,26177,23503,18677,12998,8684,5942,4120,2811,1656,831,626,2018-01-01,Jalisco
14097,14,Jalisco,Tlajomulco de Zúñiga,MUJERES,2018,338971,34987,36234,34710,31369,28942,29957,30663,28764,24994,18833,12986,9232,6486,4307,2922,1808,991,786,2018-01-01,Jalisco
14097,14,Jalisco,Tlajomulco de Zúñiga,HOMBRES,2019,351544,36405,38419,37822,34220,30510,30025,30065,27731,24702,20276,14284,9635,6558,4462,3020,1806,917,687,2019-01-01,Jalisco
14097,14,Jalisco,Tlajomulco de Zúñiga,MUJERES,2019,357372,35437,36910,36491,33442,30699,31125,31739,30443,26770,20803,14364,10087,7114,4785,3228,1994,1081,860,2019-01-01,Jalisco
14097,14,Jalisco,Tlajomulco de Zúñiga,HOMBRES,2020,372767,37597,39610,39828,36408,32701,31671,31666,29609,26145,22094,15787,10691,7219,4834,3208,1947,1005,747,2020-01-01,Jalisco
14097,14,Jalisco,Tlajomulco de Zúñiga,MUJERES,2020,378400,36158,37808,38528,35684,32730,32354,32982,32349,28773,23048,15983,11034,7798,5334,3538,2183,1177,939,2020-01-01,Jalisco
14097,14,Jalisco,Tlajomulco de Zúñiga,HOMBRES,2021,381991,37975,39947,40634,36429,32382,32023,34036,32105,27323,22693,15999,10776,7282,5079,3359,2031,1062,856,2021-01-01,Jalisco
14097,14,Jalisco,Tlajomulco de Zúñiga,MUJERES,2021,383027,36708,38291,38821,35686,33542,33242,33472,32846,28801,23141,16320,11227,7891,5161,3466,2235,1245,932,2021-01-01,Jalisco
14097,14,Jalisco,Tlajomulco de Zúñiga,HOMBRES,2022,389689,38513,40370,41141,36584,32584,32556,35654,33933,28148,22903,16275,10926,7378,5139,3420,2109,1134,922,2022-01-01,Jalisco
14097,14,Jalisco,Tlajomulco de Zúñiga,MUJERES,2022,390286,37215,38693,39240,35777,33838,33843,34843,34175,29572,23521,16661,11409,8024,5242,3559,2334,1335,1005,2022-01-01,Jalisco
14097,14,Jalisco,Tlajomulco de Zúñiga,HOMBRES,2023,398310,39047,40872,41557,36903,32756,33117,37299,35851,29276,23113,16593,11126,7530,5247,3548,2223,1234,1018,2023-01-01,Jalisco
14097,14,Jalisco,Tlajomulco de Zúñiga,MUJERES,2023,398154,37721,39171,39598,35985,34086,34477,36255,35565,30496,23874,17032,11628,8193,5355,3704,2466,1448,1100,2023-01-01,Jalisco
14097,14,Jalisco,Tlajomulco de Zúñiga,HOMBRES,2024,407063,39538,41431,41907,37306,32853,33734,38865,37759,30635,23310,16872,11320,7678,5352,3702,2335,1340,1126,2024-01-01,Jalisco
14097,14,Jalisco,Tlajomulco de Zúñiga,MUJERES,2024,406081,38192,39695,39896,36264,34242,35183,37631,36981,31513,24189,17387,11845,8356,5461,3872,2600,1570,1204,2024-01-01,Jalisco
14097,14,Jalisco,Tlajomulco de Zúñiga,HOMBRES,2025,415875,40009,42014,42215,37713,32913,34424,40293,39663,32179,23557,17096,11507,7817,5452,3881,2445,1453,1244,2025-01-01,Jalisco
14097,14,Jalisco,Tlajomulco de Zúñiga,MUJERES,2025,414053,38655,40243,40165,36550,34338,35975,38917,38447,32594,24510,17702,12066,8509,5561,4067,2735,1697,1322,2025-01-01,Jalisco
14097,14,Jalisco,Tlajomulco de Zúñiga,HOMBRES,2026,424715,40453,42659,42489,38055,33009,35153,41549,41578,33835,23921,17241,11693,7944,5554,4078,2559,1570,1375,2026-01-01,Jalisco
14097,14,Jalisco,Tlajomulco de Zúñiga,MUJERES,2026,422056,39105,40830,40396,36794,34443,36812,40090,39991,33712,24880,17957,12295,8650,5660,4279,2877,1834,1451,2026-01-01,Jalisco
14097,14,Jalisco,Tlajomulco de Zúñiga,HOMBRES,2027,433547,40903,43341,42745,38281,33210,35857,42672,43474,35530,24454,17307,11871,8064,5656,4286,2683,1693,1520,2027-01-01,Jalisco
14097,14,Jalisco,Tlajomulco de Zúñiga,MUJERES,2027,430114,39551,41475,40619,36948,34620,37634,41186,41584,34838,25336,18142,12530,8789,5760,4499,3031,1977,1595,2027-01-01,Jalisco
14097,14,Jalisco,Tlajomulco de Zúñiga,HOMBRES,2028,442377,41375,43977,43045,38391,33534,36497,43768,45300,37207,25177,17317,12029,8179,5758,4500,2824,1818,1681,2028-01-01,Jalisco
14097,14,Jalisco,Tlajomulco de Zúñiga,MUJERES,2028,438243,40014,42084,40892,37022,34893,38387,42301,43181,35968,25876,18271,12760,8925,5859,4726,3205,2130,1749,2028-01-01,Jalisco
14097,14,Jalisco,Tlajomulco de Zúñiga,HOMBRES,2029,451226,41832,44566,43405,38426,33938,37060,44943,47005,38839,26077,17315,12159,8288,5857,4719,2991,1950,1856,2029-01-01,Jalisco
14097,14,Jalisco,Tlajomulco de Zúñiga,MUJERES,2029,446437,40467,42654,41218,37045,35238,39052,43512,44728,37106,26485,18371,12977,9058,5954,4957,3406,2290,1919,2029-01-01,Jalisco
14097,14,Jalisco,Tlajomulco de Zúñiga,HOMBRES,2030,460125,42296,45135,43793,38426,34354,37594,46239,48536,40442,27113,17350,12247,8394,5949,4944,3184,2081,2048,2030-01-01,Jalisco
14097,14,Jalisco,Tlajomulco de Zúñiga,MUJERES,2030,454736,40922,43226,41567,37039,35601,39662,44852,46168,38286,27142,18474,13165,9199,6043,5194,3634,2457,2105,2030-01-01,Jalisco
14097,14,Jalisco,Tlajomulco de Zúñiga,HOMBRES,2031,469081,42772,45676,44241,38395,34712,38188,47613,49864,42044,28231,17472,12283,8500,6033,5179,3398,2221,2259,2031-01-01,Jalisco
14097,14,Jalisco,Tlajomulco de Zúñiga,MUJERES,2031,463137,41394,43784,41974,37014,35926,40295,46271,47474,39528,27813,18616,13307,9344,6126,5441,3888,2633,2309,2031-01-01,Jalisco
14097,14,Jalisco,Tlajomulco de Zúñiga,HOMBRES,2032,478180,43279,46235,44741,38357,34969,38928,49001,51058,43626,29371,17721,12265,8602,6113,5428,3625,2376,2485,2032-01-01,Jalisco
14097,14,Jalisco,Tlajomulco de Zúñiga,MUJERES,2032,471641,41886,44350,42427,36977,36173,41028,47695,48690,40808,28482,18816,13397,9493,6206,5698,4154,2831,2530,2032-01-01,Jalisco
14097,14,Jalisco,Tlajomulco de Zúñiga,HOMBRES,2033,487406,43803,46824,45193,38363,35127,39840,50346,52244,45139,30490,18110,12213,8691,6189,5687,3866,2552,2729,2033-01-01,Jalisco
14097,14,Jalisco,Tlajomulco de Zúñiga,MUJERES,2033,480284,42398,44935,42855,36992,36343,41892,49052,49925,42075,29144,19079,13445,9639,6285,5966,4435,3053,2771,2033-01-01,Jalisco
14097,14,Jalisco,Tlajomulco de Zúñiga,HOMBRES,2034,496802,44350,47414,45596,38424,35226,40879,51628,53549,46537,31569,18627,12158,8762,6264,5954,4118,2757,2990,2034-01-01,Jalisco
14097,14,Jalisco,Tlajomulco de Zúñiga,MUJERES,2034,489061,42928,45517,43243,37059,36464,42862,50314,51280,43283,29805,19389,13471,9774,6364,6241,4727,3308,3032,2034-01-01,Jalisco
14097,14,Jalisco,Tlajomulco de Zúñiga,HOMBRES,2035,506410,44924,48019,45984,38513,35295,41962,52909,55023,47772,32619,19240,12132,8805,6336,6226,4384,2996,3271,2035-01-01,Jalisco
14097,14,Jalisco,Tlajomulco de Zúñiga,MUJERES,2035,497954,43474,46107,43619,37140,36558,43870,51525,52781,44373,30483,19726,13498,9886,6446,6521,5034,3601,3312,2035-01-01,Jalisco
14097,14,Jalisco,Tlajomulco de Zúñiga,HOMBRES,2036,516234,45528,48647,46349,38670,35344,43001,54307,56608,48815,33664,19906,12171,8810,6409,6502,4668,3260,3575,2036-01-01,Jalisco
14097,14,Jalisco,Tlajomulco de Zúñiga,MUJERES,2036,507007,44055,46708,43990,37279,36626,44847,52776,54373,45326,31202,20071,13552,9964,6533,6805,5358,3925,3617,2036-01-01,Jalisco
14097,14,Jalisco,Tlajomulco de Zúñiga,HOMBRES,2037,526269,46160,49300,46730,38865,35380,43932,55934,58214,49724,34683,20580,12300,8779,6477,6783,4972,3549,3907,2037-01-01,Jalisco
14097,14,Jalisco,Tlajomulco de Zúñiga,MUJERES,2037,516172,44655,47329,44357,37452,36685,45741,54169,55963,46181,31938,20407,13648,10000,6621,7097,5701,4275,3953,2037-01-01,Jalisco
14097,14,Jalisco,Tlajomulco de Zúñiga,HOMBRES,2038,536468,46814,49978,47134,39013,35457,44742,57817,59757,50613,35629,21229,12523,8722,6538,7072,5293,3859,4278,2038-01-01,Jalisco
14097,14,Jalisco,Tlajomulco de Zúñiga,MUJERES,2038,525500,45283,47974,44742,37598,36788,46544,55746,57470,47040,32648,20732,13786,10004,6706,7397,6064,4650,4328,2038-01-01,Jalisco
14097,14,Jalisco,Tlajomulco de Zúñiga,HOMBRES,2039,546830,47491,50679,47537,39120,35584,45474,59890,61200,51590,36465,21838,12832,8661,6583,7368,5631,4191,4696,2039-01-01,Jalisco
14097,14,Jalisco,Tlajomulco de Zúñiga,MUJERES,2039,534962,45928,48637,45115,37696,36940,47291,57472,58857,48000,33298,21046,13957,9992,6784,7708,6443,5049,4749,2039-01-01,Jalisco
14097,14,Jalisco,Tlajomulco de Zúñiga,HOMBRES,2040,559130,48178,51411,48026,39392,35876,46305,62378,63005,52927,37218,22416,13192,8624,6627,7680,6006,4607,5262,2040-01-01,Jalisco
14097,14,Jalisco,Tlajomulco de Zúñiga,MUJERES,2040,546408,46597,49325,45580,37976,37260,48158,59617,60558,49298,33910,21371,14134,9984,6866,8043,6863,5547,5321,2040-01-01,Jalisco
14098,14,Jalisco,San Pedro Tlaquepaque,HOMBRES,1990,180207,30707,26040,23670,20896,16473,13374,11044,8965,7374,5883,4447,3412,2627,1997,1440,961,531,366,1990-01-01,Jalisco
14098,14,Jalisco,San Pedro Tlaquepaque,MUJERES,1990,180877,29134,25267,23501,21223,17144,13958,11461,9089,7315,5818,4452,3551,2860,2238,1628,1108,661,469,1990-01-01,Jalisco
14098,14,Jalisco,San Pedro Tlaquepaque,HOMBRES,1991,189367,31756,27049,24415,21934,17661,14424,11851,9564,7725,6258,4755,3612,2779,2099,1516,1008,564,397,1991-01-01,Jalisco
14098,14,Jalisco,San Pedro Tlaquepaque,MUJERES,1991,190222,30297,26198,24159,22226,18351,15022,12289,9741,7727,6224,4767,3746,3012,2352,1722,1172,706,511,1991-01-01,Jalisco
14098,14,Jalisco,San Pedro Tlaquepaque,HOMBRES,1992,198778,32726,28077,25226,22898,18916,15519,12703,10201,8114,6646,5088,3829,2936,2209,1601,1060,600,429,1992-01-01,Jalisco
14098,14,Jalisco,San Pedro Tlaquepaque,MUJERES,1992,199778,31404,27126,24872,23152,19611,16123,13158,10429,8182,6649,5102,3954,3165,2472,1825,1243,755,556,1992-01-01,Jalisco
14098,14,Jalisco,San Pedro Tlaquepaque,HOMBRES,1993,208359,33583,29099,26115,23793,20216,16663,13596,10867,8553,7047,5439,4062,3095,2325,1692,1118,636,460,1993-01-01,Jalisco
14098,14,Jalisco,San Pedro Tlaquepaque,MUJERES,1993,209495,32404,28059,25663,23991,20918,17268,14059,11142,8692,7091,5458,4174,3322,2597,1933,1320,801,603,1993-01-01,Jalisco
14098,14,Jalisco,San Pedro Tlaquepaque,HOMBRES,1994,218100,34302,30130,27076,24648,21531,17854,14518,11552,9067,7448,5816,4316,3256,2447,1787,1182,675,495,1994-01-01,Jalisco
14098,14,Jalisco,San Pedro Tlaquepaque,MUJERES,1994,219373,33280,28998,26514,24787,22246,18462,14985,11876,9281,7542,5836,4411,3479,2727,2045,1406,849,649,1994-01-01,Jalisco
14098,14,Jalisco,San Pedro Tlaquepaque,HOMBRES,1995,228613,34970,31261,28143,25548,22869,19166,15537,12314,9691,7859,6213,4612,3444,2595,1893,1254,711,533,1995-01-01,Jalisco
14098,14,Jalisco,San Pedro Tlaquepaque,MUJERES,1995,230064,34101,30012,27467,25660,23647,19784,15987,12675,9976,8012,6248,4687,3667,2888,2168,1493,896,696,1995-01-01,Jalisco
14098,14,Jalisco,San Pedro Tlaquepaque,HOMBRES,1996,232434,34627,31472,28378,25615,23231,19834,16223,12911,10165,8076,6448,4803,3539,2655,1921,1271,718,547,1996-01-01,Jalisco
14098,14,Jalisco,San Pedro Tlaquepaque,MUJERES,1996,233698,33686,30238,27614,25644,23990,20457,16677,13272,10453,8236,6490,4870,3754,2955,2212,1525,906,719,1996-01-01,Jalisco
14098,14,Jalisco,San Pedro Tlaquepaque,HOMBRES,1997,235586,34160,31614,28537,25653,23386,20442,16858,13493,10637,8296,6668,4986,3630,2706,1945,1289,727,559,1997-01-01,Jalisco
14098,14,Jalisco,San Pedro Tlaquepaque,MUJERES,1997,236747,33159,30393,27689,25617,24157,21089,17319,13851,10921,8471,6718,5046,3836,3014,2255,1557,915,740,1997-01-01,Jalisco
14098,14,Jalisco,San Pedro Tlaquepaque,HOMBRES,1998,238451,33680,31685,28654,25734,23381,20986,17466,14070,11109,8556,6881,5177,3728,2752,1972,1310,737,573,1998-01-01,Jalisco
14098,14,Jalisco,San Pedro Tlaquepaque,MUJERES,1998,239654,32634,30493,27724,25641,24203,21694,17948,14428,11393,8745,6944,5227,3923,3071,2300,1594,931,761,1998-01-01,Jalisco
14098,14,Jalisco,San Pedro Tlaquepaque,HOMBRES,1999,241014,33254,31645,28739,25865,23245,21423,18030,14626,11572,8868,7079,5369,3832,2794,1999,1333,754,587,1999-01-01,Jalisco
14098,14,Jalisco,San Pedro Tlaquepaque,MUJERES,1999,242405,32166,30496,27743,25696,24160,22243,18562,14989,11852,9070,7159,5412,4017,3123,2348,1633,952,784,1999-01-01,Jalisco
14098,14,Jalisco,San Pedro Tlaquepaque,HOMBRES,2000,243857,32976,31581,28845,26093,23129,21776,18603,15200,12055,9244,7254,5558,3954,2844,2030,1351,767,597,2000-01-01,Jalisco
14098,14,Jalisco,San Pedro Tlaquepaque,MUJERES,2000,245457,31828,30483,27785,25778,24123,22743,19204,15566,12335,9469,7371,5608,4132,3187,2404,1668,967,806,2000-01-01,Jalisco
14098,14,Jalisco,San Pedro Tlaquepaque,HOMBRES,2001,252126,33611,32316,29652,26903,23440,22367,19612,16151,12774,9784,7548,5868,4204,2985,2115,1392,789,615,2001-01-01,Jalisco
14098,14,Jalisco,San Pedro Tlaquepaque,MUJERES,2001,254263,32480,31244,28646,26417,24508,23527,20282,16522,13086,10074,7737,5964,4388,3321,2491,1721,1009,846,2001-01-01,Jalisco
14098,14,Jalisco,San Pedro Tlaquepaque,HOMBRES,2002,260717,34216,32983,30487,27801,23950,22870,20647,17122,13529,10357,7875,6188,4471,3137,2199,1436,816,633,2002-01-01,Jalisco
14098,14,Jalisco,San Pedro Tlaquepaque,MUJERES,2002,263359,33117,31941,29551,27083,25005,24235,21418,17507,13876,10718,8145,6336,4661,3463,2578,1781,1054,890,2002-01-01,Jalisco
14098,14,Jalisco,San Pedro Tlaquepaque,HOMBRES,2003,269325,34728,33645,31283,28665,24621,23284,21671,18105,14303,10952,8249,6510,4751,3300,2280,1481,843,654,2003-01-01,Jalisco
14098,14,Jalisco,San Pedro Tlaquepaque,MUJERES,2003,272623,33673,32649,30435,27754,25600,24877,22590,18524,14691,11387,8609,6721,4950,3615,2667,1841,1103,937,2003-01-01,Jalisco
14098,14,Jalisco,San Pedro Tlaquepaque,HOMBRES,2004,277830,35138,34355,31995,29427,25408,23641,22646,19091,15084,11557,8693,6831,5048,3478,2361,1529,872,676,2004-01-01,Jalisco
14098,14,Jalisco,San Pedro Tlaquepaque,MUJERES,2004,282054,34169,33429,31264,28412,26255,25472,23774,19580,15529,12074,9147,7114,5256,3777,2755,1907,1152,988,2004-01-01,Jalisco
14098,14,Jalisco,San Pedro Tlaquepaque,HOMBRES,2005,286530,35492,35121,32668,30179,26275,24009,23566,20132,15899,12185,9204,7139,5355,3675,2450,1586,903,692,2005-01-01,Jalisco
14098,14,Jalisco,San Pedro Tlaquepaque,MUJERES,2005,291958,34643,34286,32094,29124,26966,26097,24978,20724,16391,12774,9753,7505,5583,3965,2855,1985,1204,1031,2005-01-01,Jalisco
14098,14,Jalisco,San Pedro Tlaquepaque,HOMBRES,2006,290412,35190,35079,32850,30666,26812,23835,23555,20674,16593,12779,9666,7377,5614,3877,2555,1652,928,710,2006-01-01,Jalisco
14098,14,Jalisco,San Pedro Tlaquepaque,MUJERES,2006,297080,34313,34346,32360,29637,27322,26150,25404,21518,17155,13395,10265,7804,5896,4187,2958,2059,1248,1063,2006-01-01,Jalisco
14098,14,Jalisco,San Pedro Tlaquepaque,HOMBRES,2007,294575,35058,35005,32923,31184,27417,23858,23441,21200,17275,13390,10151,7644,5878,4088,2666,1716,953,728,2007-01-01,Jalisco
14098,14,Jalisco,San Pedro Tlaquepaque,MUJERES,2007,302317,34118,34375,32536,30163,27683,26291,25716,22327,17917,14031,10799,8134,6217,4418,3066,2133,1295,1098,2007-01-01,Jalisco
14098,14,Jalisco,San Pedro Tlaquepaque,HOMBRES,2008,299061,35093,34851,32978,31677,28054,24109,23274,21701,17954,14013,10654,7954,6147,4310,2785,1779,981,747,2008-01-01,Jalisco
14098,14,Jalisco,San Pedro Tlaquepaque,MUJERES,2008,307346,34015,34295,32668,30634,28011,26481,25892,23108,18668,14668,11338,8506,6542,4660,3181,2204,1342,1133,2008-01-01,Jalisco
14098,14,Jalisco,San Pedro Tlaquepaque,HOMBRES,2009,303661,35200,34582,33078,32089,28679,24556,23104,22151,18624,14637,11160,8324,6407,4544,2912,1840,1007,767,2009-01-01,Jalisco
14098,14,Jalisco,San Pedro Tlaquepaque,MUJERES,2009,311869,33915,34053,32800,30981,28277,26674,25948,23818,19401,15290,11869,8936,6863,4910,3301,2273,1389,1171,2009-01-01,Jalisco
14098,14,Jalisco,San Pedro Tlaquepaque,HOMBRES,2010,306977,35149,34102,33105,32284,29133,24955,22822,22393,19245,15241,11653,8725,6624,4764,3051,1905,1037,789,2010-01-01,Jalisco
14098,14,Jalisco,San Pedro Tlaquepaque,MUJERES,2010,315095,33659,33604,32876,31144,28434,26751,25858,24351,20088,15865,12365,9387,7148,5159,3427,2344,1437,1198,2010-01-01,Jalisco
14098,14,Jalisco,San Pedro Tlaquepaque,HOMBRES,2011,314078,35446,34097,33410,32707,30182,26105,23117,22686,19891,15893,12215,9198,6877,5027,3240,2008,1121,858,2011-01-01,Jalisco
14098,14,Jalisco,San Pedro Tlaquepaque,MUJERES,2011,320743,33545,33532,33071,31487,29040,27141,25949,24776,20780,16559,13013,9936,7436,5455,3703,2523,1533,1264,2011-01-01,Jalisco
14098,14,Jalisco,San Pedro Tlaquepaque,HOMBRES,2012,320863,35556,34149,33669,32990,31175,27260,23555,22857,20509,16517,12781,9692,7156,5295,3440,2117,1207,938,2012-01-01,Jalisco
14098,14,Jalisco,San Pedro Tlaquepaque,MUJERES,2012,326135,33286,33494,33235,31717,29631,27499,26100,25072,21473,17239,13679,10507,7752,5760,3999,2718,1633,1341,2012-01-01,Jalisco
14098,14,Jalisco,San Pedro Tlaquepaque,HOMBRES,2013,327332,35478,34277,33834,33220,32071,28373,24162,22930,21084,17118,13348,10196,7476,5565,3646,2234,1297,1023,2013-01-01,Jalisco
14098,14,Jalisco,San Pedro Tlaquepaque,MUJERES,2013,331256,32879,33510,33301,31918,30162,27819,26312,25258,22146,17914,14355,11094,8113,6072,4313,2929,1739,1422,2013-01-01,Jalisco
14098,14,Jalisco,San Pedro Tlaquepaque,HOMBRES,2014,333498,35270,34433,33897,33472,32834,29424,24920,22961,21586,17688,13897,10703,7856,5833,3863,2357,1389,1115,2014-01-01,Jalisco
14098,14,Jalisco,San Pedro Tlaquepaque,MUJERES,2014,336046,32365,33551,33262,32139,30581,28093,26556,25359,22770,18582,15027,11686,8532,6383,4652,3157,1845,1506,2014-01-01,Jalisco
14098,14,Jalisco,San Pedro Tlaquepaque,HOMBRES,2015,339226,34945,34510,33830,33714,33379,30364,25760,23005,21955,18226,14466,11269,8337,6115,4105,2511,1504,1231,2015-01-01,Jalisco
14098,14,Jalisco,San Pedro Tlaquepaque,MUJERES,2015,340547,31717,33446,33023,32346,30858,28313,26776,25459,23361,19299,15761,12344,9037,6710,5048,3449,1984,1616,2015-01-01,Jalisco
14098,14,Jalisco,San Pedro Tlaquepaque,HOMBRES,2016,341054,33947,33968,33322,33656,33439,30884,26354,22891,21992,18788,15133,11808,8749,6316,4325,2667,1559,1256,2016-01-01,Jalisco
14098,14,Jalisco,San Pedro Tlaquepaque,MUJERES,2016,343404,31275,32822,32432,32320,31079,28812,27044,25457,23801,20047,16402,12883,9525,6976,5256,3557,2038,1678,2016-01-01,Jalisco
14098,14,Jalisco,San Pedro Tlaquepaque,HOMBRES,2017,342687,32949,33311,32897,33567,33364,31342,26934,22926,21910,19328,15783,12357,9176,6542,4554,2835,1621,1291,2017-01-01,Jalisco
14098,14,Jalisco,San Pedro Tlaquepaque,MUJERES,2017,346159,30813,32121,31894,32281,31214,29314,27300,25527,24131,20808,17034,13439,10038,7273,5466,3671,2094,1741,2017-01-01,Jalisco
14098,14,Jalisco,San Pedro Tlaquepaque,HOMBRES,2018,344239,32007,32554,32560,33393,33252,31713,27470,23132,21746,19833,16421,12912,9619,6807,4787,3014,1690,1329,2018-01-01,Jalisco
14098,14,Jalisco,San Pedro Tlaquepaque,MUJERES,2018,348864,30390,31350,31428,32165,31344,29787,27543,25672,24360,21563,17662,13997,10567,7614,5673,3784,2156,1809,2018-01-01,Jalisco
14098,14,Jalisco,San Pedro Tlaquepaque,HOMBRES,2019,345655,31158,31739,32268,33117,33167,31949,27939,23481,21552,20277,17045,13457,10057,7121,5015,3198,1758,1357,2019-01-01,Jalisco
14098,14,Jalisco,San Pedro Tlaquepaque,MUJERES,2019,351492,30052,30533,30988,31953,31518,30184,27775,25870,24522,22283,18282,14551,11100,8014,5872,3901,2219,1875,2019-01-01,Jalisco
14098,14,Jalisco,San Pedro Tlaquepaque,HOMBRES,2020,345915,30314,30887,31907,32692,33041,31941,28250,23867,21358,20618,17626,13921,10421,7414,5164,3328,1802,1364,2020-01-01,Jalisco
14098,14,Jalisco,San Pedro Tlaquepaque,MUJERES,2020,352954,29700,29707,30523,31568,31645,30393,27912,26004,24597,22888,18862,15022,11578,8412,5992,3964,2263,1924,2020-01-01,Jalisco
14098,14,Jalisco,San Pedro Tlaquepaque,HOMBRES,2021,349975,30414,30531,31530,32838,33483,31874,28626,24981,22021,20954,18066,14296,10864,7731,5205,3340,1828,1393,2021-01-01,Jalisco
14098,14,Jalisco,San Pedro Tlaquepaque,MUJERES,2021,354791,29087,29476,30959,31111,31241,30508,28618,26293,24444,23206,19419,15516,11849,8619,6063,4093,2335,1954,2021-01-01,Jalisco
14098,14,Jalisco,San Pedro Tlaquepaque,HOMBRES,2022,353253,30184,30219,31480,32796,33479,31826,29240,25880,22429,21116,18549,14739,11257,8019,5291,3418,1895,1436,2022-01-01,Jalisco
14098,14,Jalisco,San Pedro Tlaquepaque,MUJERES,2022,358000,28852,29165,30878,30999,31245,30440,29070,26816,24819,23570,20004,16017,12288,8971,6209,4214,2424,2019,2022-01-01,Jalisco
14098,14,Jalisco,San Pedro Tlaquepaque,HOMBRES,2023,357130,29924,29938,31336,32872,33412,31768,29803,26779,23046,21261,19072,15250,11736,8391,5475,3552,1997,1518,2023-01-01,Jalisco
14098,14,Jalisco,San Pedro Tlaquepaque,MUJERES,2023,361563,28591,28888,30722,30964,31179,30368,29492,27333,25290,23888,20617,16571,12789,9382,6438,4386,2543,2122,2023-01-01,Jalisco
14098,14,Jalisco,San Pedro Tlaquepaque,HOMBRES,2024,360851,29616,29685,31122,33007,33251,31742,30245,27613,23817,21385,19550,15755,12219,8763,5697,3674,2104,1606,2024-01-01,Jalisco
14098,14,Jalisco,San Pedro Tlaquepaque,MUJERES,2024,364948,28289,28629,30509,30974,31017,30337,29833,27825,25813,24157,21209,17126,13289,9793,6704,4552,2664,2228,2024-01-01,Jalisco
14098,14,Jalisco,San Pedro Tlaquepaque,HOMBRES,2025,364360,29280,29434,30865,33129,33040,31759,30526,28384,24697,21546,19961,16257,12696,9139,5953,3789,2208,1697,2025-01-01,Jalisco
14098,14,Jalisco,San Pedro Tlaquepaque,MUJERES,2025,368147,27966,28369,30255,30978,30789,30355,30057,28309,26362,24422,21754,17694,13781,10204,7011,4714,2784,2343,2025-01-01,Jalisco
14098,14,Jalisco,San Pedro Tlaquepaque,HOMBRES,2026,367624,28909,29208,30572,33175,32848,31783,30629,29103,25626,21804,20275,16762,13163,9527,6233,3902,2310,1795,2026-01-01,Jalisco
14098,14,Jalisco,San Pedro Tlaquepaque,MUJERES,2026,371142,27620,28128,29964,30930,30559,30384,30151,28802,26911,24725,22219,18280,14264,10622,7340,4877,2904,2462,2026-01-01,Jalisco
14098,14,Jalisco,San Pedro Tlaquepaque,HOMBRES,2027,370619,28533,28987,30256,33101,32743,31757,30597,29751,26541,22206,20489,17257,13623,9925,6524,4023,2410,1896,2027-01-01,Jalisco
14098,14,Jalisco,San Pedro Tlaquepaque,MUJERES,2027,373953,27266,27906,29656,30796,30380,30372,30149,29282,27435,25099,22590,18878,14749,11051,7679,5052,3023,2590,2027-01-01,Jalisco
14098,14,Jalisco,San Pedro Tlaquepaque,HOMBRES,2028,373344,28158,28718,29958,32910,32738,31646,30508,30292,27400,22767,20628,17724,14079,10328,6819,4164,2503,2004,2028-01-01,Jalisco
14098,14,Jalisco,San Pedro Tlaquepaque,MUJERES,2028,376560,26904,27641,29368,30581,30270,30275,30123,29713,27929,25545,22886,19474,15234,11484,8021,5252,3143,2717,2028-01-01,Jalisco
14098,14,Jalisco,San Pedro Tlaquepaque,HOMBRES,2029,375822,27763,28400,29687,32640,32790,31443,30439,30697,28182,23474,20744,18147,14528,10734,7114,4334,2593,2113,2029-01-01,Jalisco
14098,14,Jalisco,San Pedro Tlaquepaque,MUJERES,2029,378971,26528,27335,29104,30308,30205,30085,30127,30058,28393,26045,23135,20052,15724,11918,8362,5481,3259,2852,2029-01-01,Jalisco
14098,14,Jalisco,San Pedro Tlaquepaque,HOMBRES,2030,378061,27357,28053,29418,32325,32829,31193,30413,30940,28897,24284,20895,18507,14978,11134,7410,4530,2673,2225,2030-01-01,Jalisco
14098,14,Jalisco,San Pedro Tlaquepaque,MUJERES,2030,381211,26140,27014,28843,30003,30139,29830,30180,30287,28854,26574,23380,20585,16227,12348,8704,5744,3371,2988,2030-01-01,Jalisco
14098,14,Jalisco,San Pedro Tlaquepaque,HOMBRES,2031,380094,26950,27678,29176,31969,32793,30970,30398,31012,29568,25146,21141,18780,15429,11526,7717,4745,2754,2342,2031-01-01,Jalisco
14098,14,Jalisco,San Pedro Tlaquepaque,MUJERES,2031,383258,25751,26670,28605,29665,30025,29574,30242,30385,29325,27099,23664,21045,16745,12769,9051,6030,3482,3131,2031-01-01,Jalisco
14098,14,Jalisco,San Pedro Tlaquepaque,HOMBRES,2032,381954,26548,27296,28954,31594,32641,30839,30350,30964,30180,26005,21535,18966,15872,11913,8034,4966,2841,2456,2032-01-01,Jalisco
14098,14,Jalisco,San Pedro Tlaquepaque,MUJERES,2032,385125,25368,26316,28383,29313,29830,29368,30263,30389,29786,27601,24016,21419,17275,13191,9407,6321,3605,3274,2032-01-01,Jalisco
14098,14,Jalisco,San Pedro Tlaquepaque,HOMBRES,2033,383655,26146,26922,28680,31244,32379,30812,30235,30877,30699,26820,22092,19090,16295,12300,8357,5193,2943,2571,2033-01-01,Jalisco
14098,14,Jalisco,San Pedro Tlaquepaque,MUJERES,2033,386800,24980,25963,28128,28985,29559,29230,30199,30369,30199,28075,24435,21718,17801,13613,9767,6617,3742,3420,2033-01-01,Jalisco
14098,14,Jalisco,San Pedro Tlaquepaque,HOMBRES,2034,385221,25749,26533,28362,30925,32048,30848,30047,30828,31100,27573,22796,19197,16682,12684,8682,5421,3063,2683,2034-01-01,Jalisco
14098,14,Jalisco,San Pedro Tlaquepaque,MUJERES,2034,388296,24595,25593,27829,28690,29235,29136,30040,30384,30530,28523,24906,21974,18309,14041,10128,6912,3904,3567,2034-01-01,Jalisco
14098,14,Jalisco,San Pedro Tlaquepaque,HOMBRES,2035,386666,25351,26145,28025,30612,31674,30879,29825,30839,31352,28272,23613,19342,17014,13066,9005,5653,3205,2794,2035-01-01,Jalisco
14098,14,Jalisco,San Pedro Tlaquepaque,MUJERES,2035,389596,24206,25213,27516,28396,28878,29039,29816,30446,30743,28966,25404,22226,18776,14478,10484,7210,4088,3711,2035-01-01,Jalisco
14098,14,Jalisco,San Pedro Tlaquepaque,HOMBRES,2036,387982,24962,25750,27658,30341,31270,30841,29637,30872,31446,28938,24485,19582,17270,13455,9322,5892,3357,2904,2036-01-01,Jalisco
14098,14,Jalisco,San Pedro Tlaquepaque,MUJERES,2036,390717,23826,24833,27177,28132,28493,28893,29586,30520,30828,29421,25901,22514,19176,14928,10835,7513,4282,3859,2036-01-01,Jalisco
14098,14,Jalisco,San Pedro Tlaquepaque,HOMBRES,2037,389159,24576,25359,27294,30083,30843,30695,29538,30877,31424,29554,25361,19961,17446,13837,9636,6140,3515,3020,2037-01-01,Jalisco
14098,14,Jalisco,San Pedro Tlaquepaque,MUJERES,2037,391638,23449,24451,26832,27882,28092,28668,29405,30552,30819,29867,26373,22866,19495,15385,11183,7824,4483,4012,2037-01-01,Jalisco
14098,14,Jalisco,San Pedro Tlaquepaque,HOMBRES,2038,390159,24192,24975,26930,29783,30444,30438,29530,30811,31364,30081,26195,20490,17564,14203,9948,6393,3675,3143,2038-01-01,Jalisco
14098,14,Jalisco,San Pedro Tlaquepaque,MUJERES,2038,392373,23074,24071,26484,27600,27717,28367,29288,30499,30788,30265,26819,23283,19746,15840,11531,8139,4683,4179,2038-01-01,Jalisco
14098,14,Jalisco,San Pedro Tlaquepaque,HOMBRES,2039,390963,23809,24584,26554,29435,30075,30108,29571,30660,31334,30487,26968,21157,17666,14534,10260,6648,3835,3278,2039-01-01,Jalisco
14098,14,Jalisco,San Pedro Tlaquepaque,MUJERES,2039,392913,22702,23687,26119,27277,27372,28014,29210,30351,30796,30581,27239,23751,19960,16277,11882,8455,4882,4358,2039-01-01,Jalisco
14098,14,Jalisco,San Pedro Tlaquepaque,HOMBRES,2040,390795,23412,24168,26130,29020,29671,29667,29503,30387,31299,30690,27638,21883,17756,14772,10537,6880,3980,3402,2040-01-01,Jalisco
14098,14,Jalisco,San Pedro Tlaquepaque,MUJERES,2040,392481,22322,23277,25705,26904,26990,27571,29043,30063,30804,30730,27610,24194,20114,16625,12203,8740,5061,4525,2040-01-01,Jalisco
14101,14,Jalisco,Tonalá,HOMBRES,1990,93889,15567,13419,11585,10067,8902,8285,6899,5106,3792,2877,2110,1623,1275,924,626,424,242,166,1990-01-01,Jalisco
14101,14,Jalisco,Tonalá,MUJERES,1990,87484,14833,13050,11379,9693,8090,7285,6062,4392,3192,2441,1908,1539,1199,905,649,424,250,193,1990-01-01,Jalisco
14101,14,Jalisco,Tonalá,HOMBRES,1991,101608,16823,14519,12441,10866,9609,8976,7589,5667,4118,3115,2269,1719,1348,985,674,451,258,181,1991-01-01,Jalisco
14101,14,Jalisco,Tonalá,MUJERES,1991,95382,16031,14064,12154,10480,8914,8103,6805,4964,3529,2683,2077,1655,1295,979,704,460,273,212,1991-01-01,Jalisco
14101,14,Jalisco,Tonalá,HOMBRES,1992,109832,18123,15700,13385,11665,10362,9698,8340,6290,4483,3367,2440,1822,1425,1050,729,480,277,196,1992-01-01,Jalisco
14101,14,Jalisco,Tonalá,MUJERES,1992,103860,17273,15140,13002,11274,9805,8989,7629,5605,3909,2945,2259,1780,1397,1059,765,501,296,232,1992-01-01,Jalisco
14101,14,Jalisco,Tonalá,HOMBRES,1993,118536,19443,16951,14429,12470,11148,10455,9149,6971,4899,3634,2623,1934,1501,1120,788,513,296,212,1993-01-01,Jalisco
14101,14,Jalisco,Tonalá,MUJERES,1993,112933,18529,16281,13943,12066,10767,9949,8537,6317,4346,3227,2457,1916,1504,1145,831,545,321,252,1993-01-01,Jalisco
14101,14,Jalisco,Tonalá,HOMBRES,1994,127727,20761,18286,15580,13291,11952,11246,10014,7710,5384,3909,2819,2056,1578,1196,852,549,315,229,1994-01-01,Jalisco
14101,14,Jalisco,Tonalá,MUJERES,1994,122635,19782,17493,14973,12875,11790,10996,9531,7102,4856,3526,2671,2065,1617,1238,902,596,348,274,1994-01-01,Jalisco
14101,14,Jalisco,Tonalá,HOMBRES,1995,139364,22373,19991,17054,14339,12919,12236,11112,8661,6039,4246,3061,2224,1689,1301,934,596,338,251,1995-01-01,Jalisco
14101,14,Jalisco,Tonalá,MUJERES,1995,134902,21308,19038,16303,13930,13047,12308,10777,8102,5533,3892,2939,2263,1771,1366,991,657,378,299,1995-01-01,Jalisco
14101,14,Jalisco,Tonalá,HOMBRES,1996,146603,22830,20805,17841,14948,13620,13038,11887,9364,6594,4562,3317,2404,1791,1371,982,629,352,268,1996-01-01,Jalisco
14101,14,Jalisco,Tonalá,MUJERES,1996,141725,21806,19841,17068,14538,13686,12987,11461,8755,6047,4176,3156,2421,1881,1450,1040,692,399,321,1996-01-01,Jalisco
14101,14,Jalisco,Tonalá,HOMBRES,1997,153743,23214,21600,18610,15565,14232,13835,12655,10091,7184,4903,3580,2593,1896,1439,1031,664,366,285,1997-01-01,Jalisco
14101,14,Jalisco,Tonalá,MUJERES,1997,148490,22239,20631,17823,15167,14253,13664,12136,9430,6592,4483,3379,2581,1992,1535,1092,728,421,344,1997-01-01,Jalisco
14101,14,Jalisco,Tonalá,HOMBRES,1998,161020,23593,22383,19387,16234,14771,14625,13434,10852,7811,5290,3856,2796,2009,1507,1083,703,383,303,1998-01-01,Jalisco
14101,14,Jalisco,Tonalá,MUJERES,1998,155445,22674,21414,18587,15856,14769,14345,12824,10139,7174,4832,3612,2752,2113,1624,1147,767,448,368,1998-01-01,Jalisco
14101,14,Jalisco,Tonalá,HOMBRES,1999,168414,24011,23114,20174,16965,15245,15375,14213,11635,8472,5737,4141,3013,2131,1577,1139,745,404,323,1999-01-01,Jalisco
14101,14,Jalisco,Tonalá,MUJERES,1999,162603,23161,22159,19373,16598,15250,15015,13524,10873,7787,5231,3852,2934,2243,1715,1206,810,477,395,1999-01-01,Jalisco
14101,14,Jalisco,Tonalá,HOMBRES,2000,177277,24678,23978,21118,17885,15832,16180,15098,12535,9249,6301,4458,3257,2282,1662,1206,790,426,342,2000-01-01,Jalisco
14101,14,Jalisco,Tonalá,MUJERES,2000,171181,23877,23043,20315,17482,15833,15755,14334,11716,8511,5741,4126,3147,2407,1826,1278,857,509,424,2000-01-01,Jalisco
14101,14,Jalisco,Tonalá,HOMBRES,2001,184112,25061,24399,21820,18774,16391,16692,15685,13190,9919,6848,4756,3494,2450,1751,1258,821,447,356,2001-01-01,Jalisco
14101,14,Jalisco,Tonalá,MUJERES,2001,177519,24296,23477,21023,18210,16300,16162,14817,12310,9163,6282,4423,3369,2551,1913,1348,898,531,446,2001-01-01,Jalisco
14101,14,Jalisco,Tonalá,HOMBRES,2002,191234,25419,24759,22550,19751,17106,17143,16273,13845,10632,7444,5089,3742,2632,1846,1309,854,471,369,2002-01-01,Jalisco
14101,14,Jalisco,Tonalá,MUJERES,2002,184083,24703,23861,21769,18978,16851,16511,15315,12912,9858,6871,4754,3603,2706,2005,1419,943,555,469,2002-01-01,Jalisco
14101,14,Jalisco,Tonalá,HOMBRES,2003,198435,25699,25111,23258,20733,17959,17528,16831,14495,11375,8082,5467,4001,2823,1947,1359,888,496,383,2003-01-01,Jalisco
14101,14,Jalisco,Tonalá,MUJERES,2003,190776,25042,24244,22501,19769,17478,16808,15810,13524,10590,7505,5129,3847,2869,2104,1494,988,580,494,2003-01-01,Jalisco
14101,14,Jalisco,Tonalá,HOMBRES,2004,205617,25899,25489,23902,21663,18922,17870,17330,15134,12138,8756,5905,4266,3029,2058,1409,925,523,399,2004-01-01,Jalisco
14101,14,Jalisco,Tonalá,MUJERES,2004,197603,25329,24670,23196,20565,18158,17067,16285,14149,11358,8181,5563,4099,3042,2208,1570,1038,605,520,2004-01-01,Jalisco
14101,14,Jalisco,Tonalá,HOMBRES,2005,213110,26069,25920,24523,22603,19963,18224,17757,15778,12962,9518,6437,4536,3243,2182,1463,968,553,411,2005-01-01,Jalisco
14101,14,Jalisco,Tonalá,MUJERES,2005,204877,25615,25166,23890,21415,18877,17345,16735,14801,12176,8936,6080,4359,3226,2329,1656,1096,632,543,2005-01-01,Jalisco
14101,14,Jalisco,Tonalá,HOMBRES,2006,219662,26284,26377,25004,23286,20761,18601,18184,16359,13583,10128,6937,4813,3465,2330,1538,1011,572,429,2006-01-01,Jalisco
14101,14,Jalisco,Tonalá,MUJERES,2006,212007,25835,25689,24424,22127,19601,17893,17335,15455,12820,9566,6598,4641,3438,2466,1733,1154,663,569,2006-01-01,Jalisco
14101,14,Jalisco,Tonalá,HOMBRES,2007,226589,26625,26814,25418,24012,21638,19140,18543,16937,14199,10770,7477,5121,3698,2487,1616,1054,593,447,2007-01-01,Jalisco
14101,14,Jalisco,Tonalá,MUJERES,2007,219400,26157,26203,24899,22868,20354,18518,17874,16128,13469,10231,7156,4954,3660,2610,1813,1212,695,599,2007-01-01,Jalisco
14101,14,Jalisco,Tonalá,HOMBRES,2008,233940,27101,27203,25824,24736,22567,19881,18865,17507,14818,11439,8053,5472,3941,2654,1702,1098,613,466,2008-01-01,Jalisco
14101,14,Jalisco,Tonalá,MUJERES,2008,226821,26557,26639,25352,23584,21109,19195,18332,16789,14118,10918,7745,5307,3888,2761,1898,1271,729,629,2008-01-01,Jalisco
14101,14,Jalisco,Tonalá,HOMBRES,2009,241556,27641,27500,26273,25414,23516,20808,19187,18044,15435,12125,8657,5881,4189,2832,1794,1139,634,487,2009-01-01,Jalisco
14101,14,Jalisco,Tonalá,MUJERES,2009,234049,26969,26961,25815,24223,21839,19895,18712,17405,14761,11620,8360,5710,4118,2917,1988,1331,764,661,2009-01-01,Jalisco
14101,14,Jalisco,Tonalá,HOMBRES,2010,248855,28129,27692,26731,25989,24406,21770,19458,18455,16034,12843,9314,6354,4423,3007,1896,1186,659,509,2010-01-01,Jalisco
14101,14,Jalisco,Tonalá,MUJERES,2010,240955,27312,27169,26299,24785,22557,20567,19032,17932,15393,12339,9017,6166,4339,3077,2087,1394,801,689,2010-01-01,Jalisco
14101,14,Jalisco,Tonalá,HOMBRES,2011,253898,28584,27831,27066,26376,25059,22329,19412,18499,16469,13432,9810,6722,4616,3177,2019,1267,701,529,2011-01-01,Jalisco
14101,14,Jalisco,Tonalá,MUJERES,2011,248559,27828,27319,26924,25359,23345,21373,19563,18492,16011,12911,9569,6669,4650,3315,2231,1464,848,688,2011-01-01,Jalisco
14101,14,Jalisco,Tonalá,HOMBRES,2012,258629,28892,28023,27367,26651,25655,22862,19474,18434,16876,14001,10314,7105,4828,3348,2150,1353,743,553,2012-01-01,Jalisco
14101,14,Jalisco,Tonalá,MUJERES,2012,256108,28230,27497,27535,25851,24142,22192,20154,18967,16638,13477,10144,7207,4995,3567,2384,1540,898,690,2012-01-01,Jalisco
14101,14,Jalisco,Tonalá,HOMBRES,2013,263075,29057,28280,27597,26887,26162,23336,19661,18288,17242,14557,10823,7498,5068,3521,2287,1448,787,576,2013-01-01,Jalisco
14101,14,Jalisco,Tonalá,MUJERES,2013,263611,28511,27726,28084,26332,24910,23017,20815,19368,17259,14046,10738,7778,5387,3832,2546,1621,949,692,2013-01-01,Jalisco
14101,14,Jalisco,Tonalá,HOMBRES,2014,267226,29117,28566,27742,27146,26552,23735,19954,18106,17546,15092,11325,7893,5349,3693,2431,1549,831,599,2014-01-01,Jalisco
14101,14,Jalisco,Tonalá,MUJERES,2014,270997,28698,27979,28556,26841,25605,23841,21528,19711,17849,14612,11339,8376,5840,4105,2717,1706,1000,694,2014-01-01,Jalisco
14101,14,Jalisco,Tonalá,HOMBRES,2015,271089,29080,28808,27798,27416,26779,24028,20299,17940,17746,15615,11859,8347,5719,3880,2591,1672,884,628,2015-01-01,Jalisco
14101,14,Jalisco,Tonalá,MUJERES,2015,278484,28767,28136,28879,27372,26220,24685,22285,20084,18433,15233,12013,9072,6403,4409,2914,1815,1064,700,2015-01-01,Jalisco
14101,14,Jalisco,Tonalá,HOMBRES,2016,274834,28512,28867,27867,27677,26959,24547,20965,18085,17793,15862,12349,8923,6190,4130,2767,1759,924,658,2016-01-01,Jalisco
14101,14,Jalisco,Tonalá,MUJERES,2016,281520,27947,28033,28530,27480,26357,24961,22621,20292,18807,15820,12647,9645,6839,4626,3089,1930,1127,769,2016-01-01,Jalisco
14101,14,Jalisco,Tonalá,HOMBRES,2017,278438,27927,28824,28002,27914,27030,25017,21627,18351,17745,16079,12819,9527,6698,4410,2953,1854,967,694,2017-01-01,Jalisco
14101,14,Jalisco,Tonalá,MUJERES,2017,284496,27127,27852,28221,27571,26420,25235,22948,20558,19091,16416,13287,10249,7302,4866,3269,2051,1191,842,2017-01-01,Jalisco
14101,14,Jalisco,Tonalá,HOMBRES,2018,281989,27380,28678,28205,28085,27072,25418,22262,18757,17629,16253,13276,10156,7240,4729,3146,1955,1016,732,2018-01-01,Jalisco
14101,14,Jalisco,Tonalá,MUJERES,2018,287501,26359,27600,27969,27603,26477,25477,23265,20890,19298,17005,13936,10876,7788,5140,3452,2179,1263,924,2018-01-01,Jalisco
14101,14,Jalisco,Tonalá,HOMBRES,2019,285432,26900,28462,28438,28158,27133,25713,22849,19287,17486,16365,13714,10797,7805,5097,3341,2058,1064,765,2019-01-01,Jalisco
14101,14,Jalisco,Tonalá,MUJERES,2019,290472,25673,27290,27737,27544,26570,25648,23573,21267,19452,17564,14590,11516,8288,5458,3637,2313,1338,1014,2019-01-01,Jalisco
14101,14,Jalisco,Tonalá,HOMBRES,2020,288003,26445,28164,28583,28097,27159,25805,23309,19852,17339,16359,14107,11421,8367,5485,3496,2129,1099,787,2020-01-01,Jalisco
14101,14,Jalisco,Tonalá,MUJERES,2020,292591,25015,26919,27460,27335,26620,25655,23797,21591,19529,18001,15216,12141,8790,5800,3785,2424,1407,1106,2020-01-01,Jalisco
14101,14,Jalisco,Tonalá,HOMBRES,2021,295387,26065,27844,28722,28382,27604,26346,24343,21811,17949,17204,15104,12295,8481,5612,3440,2173,1150,862,2021-01-01,Jalisco
14101,14,Jalisco,Tonalá,MUJERES,2021,290438,25047,26687,27561,27100,26395,25017,23355,20625,19438,17948,15214,12019,9212,6017,3896,2456,1406,1045,2021-01-01,Jalisco
14101,14,Jalisco,Tonalá,HOMBRES,2022,298289,25915,27557,28788,28503,27682,26219,24682,22504,18313,17470,15597,12710,8773,5809,3484,2218,1185,880,2022-01-01,Jalisco
14101,14,Jalisco,Tonalá,MUJERES,2022,293239,24892,26400,27576,27177,26510,24918,23592,20935,19818,18385,15788,12425,9547,6246,3983,2524,1455,1068,2022-01-01,Jalisco
14101,14,Jalisco,Tonalá,HOMBRES,2023,301672,25742,27301,28770,28726,27715,26089,24977,23195,18857,17730,16130,13187,9133,6066,3593,2299,1243,919,2023-01-01,Jalisco
14101,14,Jalisco,Tonalá,MUJERES,2023,296311,24718,26142,27529,27322,26568,24821,23804,21240,20280,18794,16394,12874,9931,6516,4124,2622,1521,1111,2023-01-01,Jalisco
14101,14,Jalisco,Tonalá,HOMBRES,2024,304926,25529,27074,28686,29007,27672,25985,25166,23825,19529,17976,16634,13662,9494,6323,3726,2373,1302,963,2024-01-01,Jalisco
14101,14,Jalisco,Tonalá,MUJERES,2024,299231,24507,25903,27428,27509,26543,24755,23948,21525,20783,19166,16992,13326,10314,6784,4288,2717,1588,1155,2024-01-01,Jalisco
14101,14,Jalisco,Tonalá,HOMBRES,2025,307990,25289,26844,28563,29282,27586,25918,25219,24397,20295,18256,17085,14137,9849,6581,3881,2441,1361,1006,2025-01-01,Jalisco
14101,14,Jalisco,Tonalá,MUJERES,2025,301984,24278,25667,27289,27691,26459,24729,23996,21800,21310,19538,17556,13789,10692,7050,4477,2808,1654,1201,2025-01-01,Jalisco
14101,14,Jalisco,Tonalá,HOMBRES,2026,310834,25018,26639,28402,29487,27517,25855,25124,24922,21106,18624,17460,14614,10195,6845,4049,2508,1417,1052,2026-01-01,Jalisco
14101,14,Jalisco,Tonalá,MUJERES,2026,304558,24029,25444,27117,27825,26370,24710,23938,22081,21839,19944,18063,14267,11061,7320,4681,2900,1719,1250,2026-01-01,Jalisco
14101,14,Jalisco,Tonalá,HOMBRES,2027,313441,24738,26437,28214,29587,27520,25753,24919,25381,21911,19118,17752,15087,10534,7117,4224,2579,1471,1099,2027-01-01,Jalisco
14101,14,Jalisco,Tonalá,MUJERES,2027,306951,23766,25237,26927,27879,26322,24657,23803,22349,22348,20410,18500,14757,11430,7595,4889,2999,1783,1300,2027-01-01,Jalisco
14101,14,Jalisco,Tonalá,HOMBRES,2028,315822,24458,26191,28045,29581,27608,25580,24670,25747,22674,19757,17982,15537,10869,7390,4400,2663,1521,1149,2028-01-01,Jalisco
14101,14,Jalisco,Tonalá,MUJERES,2028,309158,23499,24990,26751,27857,26331,24533,23648,22578,22834,20937,18876,15248,11799,7872,5098,3111,1846,1350,2028-01-01,Jalisco
14101,14,Jalisco,Tonalá,HOMBRES,2029,317978,24159,25896,27894,29505,27743,25334,24437,25994,23378,20531,18191,15951,11197,7663,4575,2764,1568,1198,2029-01-01,Jalisco
14101,14,Jalisco,Tonalá,MUJERES,2029,311190,23214,24708,26598,27778,26377,24334,23518,22740,23297,21513,19217,15725,12170,8147,5305,3240,1907,1402,2029-01-01,Jalisco
14101,14,Jalisco,Tonalá,HOMBRES,2030,319924,23846,25575,27741,29383,27868,25050,24241,26101,24030,21405,18433,16309,11524,7931,4749,2882,1609,1247,2030-01-01,Jalisco
14101,14,Jalisco,Tonalá,MUJERES,2030,313054,22919,24409,26442,27667,26419,24081,23422,22811,23757,22116,19554,16168,12552,8416,5513,3388,1965,1455,2030-01-01,Jalisco
14101,14,Jalisco,Tonalá,HOMBRES,2031,321685,23531,25227,27612,29219,27928,24789,24053,26063,24647,22337,18761,16593,11849,8190,4927,3011,1650,1298,2031-01-01,Jalisco
14101,14,Jalisco,Tonalá,MUJERES,2031,314740,22618,24090,26306,27521,26416,23825,23331,22782,24226,22724,19927,16555,12942,8678,5721,3548,2022,1508,2031-01-01,Jalisco
14101,14,Jalisco,Tonalá,HOMBRES,2032,323291,23218,24873,27495,29034,27888,24600,23840,25922,25217,23279,19221,16798,12166,8445,5111,3143,1694,1347,2032-01-01,Jalisco
14101,14,Jalisco,Tonalá,MUJERES,2032,316243,22317,23758,26182,27352,26338,23609,23207,22682,24686,23316,20356,16873,13339,8939,5934,3711,2084,1560,2032-01-01,Jalisco
14101,14,Jalisco,Tonalá,HOMBRES,2033,324742,22901,24519,27329,28866,27751,24494,23574,25749,25713,24192,19830,16948,12466,8697,5297,3278,1746,1392,2033-01-01,Jalisco
14101,14,Jalisco,Tonalá,MUJERES,2033,317577,22013,23425,26024,27205,26188,23446,23017,22563,25106,23890,20846,17134,13732,9197,6149,3875,2154,1613,2033-01-01,Jalisco
14101,14,Jalisco,Tonalá,HOMBRES,2034,326074,22584,24152,27116,28724,27552,24436,23254,25605,26110,25061,20578,17081,12736,8946,5482,3412,1808,1437,2034-01-01,Jalisco
14101,14,Jalisco,Tonalá,MUJERES,2034,318718,21705,23076,25821,27079,25987,23316,22754,22468,25456,24447,21382,17359,14110,9457,6363,4037,2237,1664,2034-01-01,Jalisco
14101,14,Jalisco,Tonalá,HOMBRES,2035,327298,22265,23783,26881,28585,27312,24373,22909,25510,26382,25892,21433,17246,12961,9191,5664,3548,1884,1479,2035-01-01,Jalisco
14101,14,Jalisco,Tonalá,MUJERES,2035,319668,21394,22717,25603,26952,25753,23182,22441,22407,25707,25004,21943,17578,14452,9720,6572,4199,2331,1713,2035-01-01,Jalisco
14101,14,Jalisco,Tonalá,HOMBRES,2036,328400,21951,23409,26612,28476,27043,24253,22591,25429,26520,26702,22346,17492,13127,9439,5840,3687,1963,1520,2036-01-01,Jalisco
14101,14,Jalisco,Tonalá,MUJERES,2036,320429,21085,22353,25357,26843,25488,23007,22125,22352,25848,25577,22506,17824,14742,9989,6776,4363,2432,1762,2036-01-01,Jalisco
14101,14,Jalisco,Tonalá,HOMBRES,2037,329380,21635,23037,26339,28382,26752,24049,22343,25323,26559,27475,23269,17859,13229,9679,6013,3830,2045,1562,2037-01-01,Jalisco
14101,14,Jalisco,Tonalá,MUJERES,2037,321006,20779,21991,25102,26750,25204,22768,21844,22264,25907,26146,23053,18117,14967,10261,6977,4530,2533,1813,2037-01-01,Jalisco
14101,14,Jalisco,Tonalá,HOMBRES,2038,330182,21317,22665,26064,28237,26479,23756,22166,25158,26565,28171,24161,18359,13286,9906,6182,3976,2127,1607,2038-01-01,Jalisco
14101,14,Jalisco,Tonalá,MUJERES,2038,321382,20471,21626,24836,26619,24938,22467,21612,22113,25945,26677,23580,18458,15138,10528,7176,4698,2633,1867,2038-01-01,Jalisco
14101,14,Jalisco,Tonalá,HOMBRES,2039,330810,21005,22289,25774,28048,26230,23407,22023,24921,26594,28762,25006,18979,13330,10107,6349,4121,2209,1656,2039-01-01,Jalisco
14101,14,Jalisco,Tonalá,MUJERES,2039,321574,20164,21259,24558,26443,24695,22124,21408,21891,26012,27140,24087,18836,15278,10780,7375,4865,2732,1927,2039-01-01,Jalisco
14101,14,Jalisco,Tonalá,HOMBRES,2040,330251,20633,21873,25371,27713,25898,22954,21777,24539,26604,29210,25794,19635,13338,10221,6480,4243,2275,1693,2040-01-01,Jalisco
14101,14,Jalisco,Tonalá,MUJERES,2040,320608,19808,20847,24170,26138,24371,21692,21116,21528,26063,27499,24583,19179,15341,10949,7539,5003,2810,1972,2040-01-01,Jalisco
14120,14,Jalisco,Zapopan,HOMBRES,1990,371980,57329,50176,45686,41977,34904,29845,25944,21674,17813,13688,9642,7066,5452,4128,2915,1980,1097,664,1990-01-01,Jalisco
14120,14,Jalisco,Zapopan,MUJERES,1990,384130,55807,48604,44812,42976,38105,33642,28610,22749,17759,13319,9718,7624,6270,5095,3839,2645,1519,1037,1990-01-01,Jalisco
14120,14,Jalisco,Zapopan,HOMBRES,1991,389578,59338,51896,47100,43832,36945,31657,27479,22982,18640,14651,10444,7549,5760,4317,3049,2053,1161,725,1991-01-01,Jalisco
14120,14,Jalisco,Zapopan,MUJERES,1991,402481,57640,50316,46073,44782,40216,35561,30351,24314,18798,14358,10519,8093,6576,5299,4022,2784,1636,1143,1991-01-01,Jalisco
14120,14,Jalisco,Zapopan,HOMBRES,1992,407569,61208,53626,48651,45519,39067,33500,29077,24366,19556,15660,11318,8073,6076,4520,3198,2136,1229,789,1992-01-01,Jalisco
14120,14,Jalisco,Zapopan,MUJERES,1992,421134,59334,52021,47457,46400,42380,37486,32153,25960,19941,15457,11380,8593,6885,5514,4217,2938,1761,1257,1992-01-01,Jalisco
14120,14,Jalisco,Zapopan,HOMBRES,1993,425774,62868,55335,50353,47048,41219,35376,30720,25799,20593,16704,12256,8641,6396,4732,3355,2228,1296,855,1993-01-01,Jalisco
14120,14,Jalisco,Zapopan,MUJERES,1993,439988,60806,53726,48974,47840,44570,39431,33993,27663,21227,16610,12302,9129,7196,5734,4423,3101,1886,1377,1993-01-01,Jalisco
14120,14,Jalisco,Zapopan,HOMBRES,1994,444152,64271,57038,52186,48478,43338,37278,32381,27257,21804,17767,13273,9264,6718,4953,3519,2332,1368,927,1994-01-01,Jalisco
14120,14,Jalisco,Zapopan,MUJERES,1994,459053,62021,55434,50618,49169,46737,41404,35848,29405,22707,17802,13298,9706,7508,5960,4636,3286,2015,1499,1994-01-01,Jalisco
14120,14,Jalisco,Zapopan,HOMBRES,1995,463561,65518,58870,54164,49948,45379,39263,34163,28852,23268,18876,14380,9987,7089,5220,3701,2444,1434,1005,1995-01-01,Jalisco
14120,14,Jalisco,Zapopan,MUJERES,1995,479248,63065,57240,52389,50602,48916,43476,37785,31273,24444,19063,14402,10380,7875,6240,4860,3470,2140,1628,1995-01-01,Jalisco
14120,14,Jalisco,Zapopan,HOMBRES,1996,473665,64974,59465,54796,50522,46547,40710,35390,29973,24284,19434,15112,10614,7457,5465,3845,2540,1476,1061,1996-01-01,Jalisco
14120,14,Jalisco,Zapopan,MUJERES,1996,489111,62471,57703,53043,51062,49902,44739,38929,32450,25624,19789,15201,11004,8226,6476,4997,3576,2205,1714,1996-01-01,Jalisco
14120,14,Jalisco,Zapopan,HOMBRES,1997,482496,64204,59928,55275,51046,47315,42036,36488,31036,25286,20008,15823,11253,7831,5697,3990,2642,1522,1116,1997-01-01,Jalisco
14120,14,Jalisco,Zapopan,MUJERES,1997,497814,61671,58032,53554,51511,50530,45901,39931,33561,26786,20549,15990,11637,8577,6698,5132,3686,2271,1797,1997-01-01,Jalisco
14120,14,Jalisco,Zapopan,HOMBRES,1998,490805,63397,60266,55685,51663,47768,43237,37508,32066,26279,20675,16532,11925,8233,5926,4143,2754,1574,1174,1998-01-01,Jalisco
14120,14,Jalisco,Zapopan,MUJERES,1998,506273,60869,58257,54007,52067,50909,46993,40871,34645,27954,21420,16793,12301,8951,6917,5275,3808,2351,1885,1998-01-01,Jalisco
14120,14,Jalisco,Zapopan,HOMBRES,1999,498583,62698,60390,56039,52393,47959,44221,38421,33027,27238,21472,17222,12629,8666,6155,4303,2873,1639,1238,1999-01-01,Jalisco
14120,14,Jalisco,Zapopan,MUJERES,1999,514464,60168,58298,54425,52693,51106,47952,41748,35668,29097,22440,17594,13001,9351,7135,5428,3936,2445,1979,1999-01-01,Jalisco
14120,14,Jalisco,Zapopan,HOMBRES,2000,507187,62309,60509,56447,53340,48202,45046,39316,33990,28228,22436,17905,13391,9178,6416,4484,2992,1701,1297,2000-01-01,Jalisco
14120,14,Jalisco,Zapopan,MUJERES,2000,523594,59747,58348,54913,53392,51330,48810,42639,36692,30296,23671,18445,13793,9841,7392,5606,4063,2538,2078,2000-01-01,Jalisco
14120,14,Jalisco,Zapopan,HOMBRES,2001,522182,62844,61334,57872,55162,49196,46171,40740,35384,29538,23594,18579,14198,9835,6793,4721,3107,1762,1352,2001-01-01,Jalisco
14120,14,Jalisco,Zapopan,MUJERES,2001,539252,60379,59137,56132,54747,52305,50099,44164,38159,31768,25103,19376,14715,10522,7766,5845,4206,2636,2193,2001-01-01,Jalisco
14120,14,Jalisco,Zapopan,HOMBRES,2002,537721,63313,62012,59337,57183,50622,47112,42158,36749,30892,24815,19330,15031,10541,7198,4960,3230,1828,1410,2002-01-01,Jalisco
14120,14,Jalisco,Zapopan,MUJERES,2002,555353,60963,59795,57408,56169,53528,51208,45734,39618,33290,26617,20409,15684,11251,8165,6089,4363,2744,2318,2002-01-01,Jalisco
14120,14,Jalisco,Zapopan,HOMBRES,2003,553147,63577,62656,60719,59140,52403,47861,43488,38066,32248,26067,20193,15880,11289,7636,5197,3355,1899,1473,2003-01-01,Jalisco
14120,14,Jalisco,Zapopan,MUJERES,2003,571591,61377,60442,58621,57592,54961,52152,47299,41069,34836,28181,21584,16691,12027,8594,6336,4523,2858,2448,2003-01-01,Jalisco
14120,14,Jalisco,Zapopan,HOMBRES,2004,568213,63646,63362,61917,60890,54450,48485,44662,39318,33577,27322,21212,16732,12089,8112,5437,3490,1972,1540,2004-01-01,Jalisco
14120,14,Jalisco,Zapopan,MUJERES,2004,587960,61659,61191,59692,58983,56532,52981,48805,42524,36385,29777,22947,17725,12857,9054,6587,4697,2975,2589,2004-01-01,Jalisco
14120,14,Jalisco,Zapopan,HOMBRES,2005,583146,63590,64130,62991,62557,56620,49093,45604,40519,34894,28590,22387,17575,12943,8653,5704,3647,2052,1597,2005-01-01,Jalisco
14120,14,Jalisco,Zapopan,MUJERES,2005,604660,61880,62038,60701,60425,58153,53816,50200,43990,37898,31371,24476,18773,13769,9591,6867,4899,3096,2717,2005-01-01,Jalisco
14120,14,Jalisco,Zapopan,HOMBRES,2006,590617,62676,63913,63055,63413,57974,49217,45785,41299,35883,29612,23334,18106,13629,9180,5960,3806,2124,1651,2006-01-01,Jalisco
14120,14,Jalisco,Zapopan,MUJERES,2006,614703,61071,62032,60929,61301,59128,54238,50927,45152,39126,32609,25673,19531,14586,10172,7144,5073,3189,2822,2006-01-01,Jalisco
14120,14,Jalisco,Zapopan,HOMBRES,2007,598661,62076,63636,62927,64330,59485,49754,45768,42034,36810,30644,24322,18702,14334,9740,6230,3963,2198,1708,2007-01-01,Jalisco
14120,14,Jalisco,Zapopan,MUJERES,2007,624956,60513,61973,60981,62200,60123,54853,51422,46313,40308,33863,26912,20370,15433,10783,7434,5247,3286,2942,2007-01-01,Jalisco
14120,14,Jalisco,Zapopan,HOMBRES,2008,607340,61775,63221,62759,65201,61077,50776,45653,42711,37696,31676,25331,19403,15053,10329,6520,4117,2275,1767,2008-01-01,Jalisco
14120,14,Jalisco,Zapopan,MUJERES,2008,634749,60121,61714,60952,62978,61051,55578,51650,47387,41429,35095,28157,21316,16296,11423,7741,5414,3383,3064,2008-01-01,Jalisco
14120,14,Jalisco,Zapopan,HOMBRES,2009,616236,61606,62591,62670,65893,62656,52228,45528,43277,38532,32678,26336,20246,15763,10954,6831,4265,2352,1830,2009-01-01,Jalisco
14120,14,Jalisco,Zapopan,MUJERES,2009,643519,59742,61167,60928,63501,61853,56314,51640,48288,42474,36268,29374,22408,17155,12093,8064,5577,3481,3192,2009-01-01,Jalisco
14120,14,Jalisco,Zapopan,HOMBRES,2010,622497,61181,61594,62456,66143,63864,53577,45177,43410,39187,33579,27278,21153,16383,11572,7177,4428,2441,1897,2010-01-01,Jalisco
14120,14,Jalisco,Zapopan,MUJERES,2010,649528,59100,60256,60802,63642,62412,56792,51339,48790,43330,37277,30482,23555,17944,12778,8413,5740,3576,3300,2010-01-01,Jalisco
14120,14,Jalisco,Zapopan,HOMBRES,2011,634074,61351,61239,62141,66171,65711,56007,46099,44100,40103,34628,28471,22169,16824,12136,7652,4688,2594,1990,2011-01-01,Jalisco
14120,14,Jalisco,Zapopan,MUJERES,2011,660171,58919,59850,61067,63970,63701,58129,51863,49417,44341,38404,31580,24580,18630,13565,8994,6041,3734,3386,2011-01-01,Jalisco
14120,14,Jalisco,Zapopan,HOMBRES,2012,644949,61203,60991,61724,65910,67407,58448,47321,44548,40942,35587,29660,23219,17316,12703,8158,4968,2749,2095,2012-01-01,Jalisco
14120,14,Jalisco,Zapopan,MUJERES,2012,670175,58468,59505,61262,64066,64953,59419,52509,49781,45325,39464,32672,25625,19386,14381,9610,6363,3896,3490,2012-01-01,Jalisco
14120,14,Jalisco,Zapopan,HOMBRES,2013,655147,60729,60874,61137,65539,68873,60810,48897,44809,41670,36467,30837,24283,17891,13267,8685,5268,2907,2204,2013-01-01,Jalisco
14120,14,Jalisco,Zapopan,MUJERES,2013,679551,57765,59261,61287,64089,66070,60647,53284,49921,46243,40476,33747,26673,20249,15218,10260,6706,4059,3596,2013-01-01,Jalisco
14120,14,Jalisco,Zapopan,HOMBRES,2014,664704,60040,60810,60362,65209,70033,63042,50799,44987,42240,37261,31968,25339,18592,13817,9242,5589,3061,2313,2014-01-01,Jalisco
14120,14,Jalisco,Zapopan,MUJERES,2014,688162,56871,59057,61119,64163,66941,61797,54132,49894,47032,41437,34773,27699,21255,16062,10947,7067,4215,3701,2014-01-01,Jalisco
14120,14,Jalisco,Zapopan,HOMBRES,2015,673187,59142,60595,59378,64856,70696,65036,52875,45173,42509,37919,33096,26488,19490,14397,9866,5977,3245,2449,2015-01-01,Jalisco
14120,14,Jalisco,Zapopan,MUJERES,2015,695919,55730,58597,60594,64207,67480,62821,54916,49854,47701,42428,35851,28802,22451,16954,11749,7529,4417,3838,2015-01-01,Jalisco
14120,14,Jalisco,Zapopan,HOMBRES,2016,686879,58571,60834,59428,65274,71167,66987,55258,45972,43224,39061,34277,27741,20692,15140,10631,6501,3494,2627,2016-01-01,Jalisco
14120,14,Jalisco,Zapopan,MUJERES,2016,710539,55476,58635,59891,64286,67965,64433,56726,50978,48895,43924,37493,30480,23912,17856,12625,8121,4725,4118,2016-01-01,Jalisco
14120,14,Jalisco,Zapopan,HOMBRES,2017,700356,57943,60850,59614,65626,71355,68837,57690,47088,43718,40156,35393,29017,21962,15968,11443,7081,3774,2841,2017-01-01,Jalisco
14120,14,Jalisco,Zapopan,MUJERES,2017,725214,55179,58505,59273,64337,68261,66073,58562,52272,49871,45432,39128,32233,25462,18855,13546,8758,5056,4411,2017-01-01,Jalisco
14120,14,Jalisco,Zapopan,HOMBRES,2018,713893,57394,60661,59945,65825,71464,70531,60107,48590,44054,41171,36458,30303,23290,16921,12303,7714,4086,3076,2018-01-01,Jalisco
14120,14,Jalisco,Zapopan,MUJERES,2018,740126,54940,58218,58778,64244,68545,67670,60424,53758,50652,46919,40764,34040,27079,19994,14511,9440,5419,4731,2018-01-01,Jalisco
14120,14,Jalisco,Zapopan,HOMBRES,2019,727318,56967,60324,60348,65805,71633,71955,62450,50446,44330,42064,37467,31564,24640,18026,13182,8390,4418,3309,2019-01-01,Jalisco
14120,14,Jalisco,Zapopan,MUJERES,2019,755202,54839,57813,58330,63950,68929,69114,62317,55396,51309,48321,42400,35877,28745,21314,15501,10171,5809,5067,2019-01-01,Jalisco
14120,14,Jalisco,Zapopan,HOMBRES,2020,739149,56584,59912,60699,65600,71826,72925,64585,52495,44654,42718,38322,32637,25846,19141,13949,9013,4727,3516,2020-01-01,Jalisco
14120,14,Jalisco,Zapopan,MUJERES,2020,768753,54762,57380,57907,63437,69318,70221,64127,56998,51842,49440,43905,37559,30314,22693,16396,10870,6198,5386,2020-01-01,Jalisco
14120,14,Jalisco,Zapopan,HOMBRES,2021,750101,56496,59133,60868,65653,73830,74391,65651,52761,45357,43126,39499,34218,28177,19699,14038,8955,4729,3520,2021-01-01,Jalisco
14120,14,Jalisco,Zapopan,MUJERES,2021,772831,53704,56817,57858,63127,67994,68935,64785,58889,51682,50442,45401,38642,30325,23890,16814,11402,6508,5616,2021-01-01,Jalisco
14120,14,Jalisco,Zapopan,HOMBRES,2022,758425,55983,58437,60808,65768,74152,74336,66741,54221,45990,43457,40724,35556,29476,20607,14368,9223,4918,3660,2022-01-01,Jalisco
14120,14,Jalisco,Zapopan,MUJERES,2022,781389,53176,56133,57702,63086,68282,68817,65375,59604,52161,51261,47048,40199,31719,25081,17334,11779,6779,5853,2022-01-01,Jalisco
14120,14,Jalisco,Zapopan,HOMBRES,2023,768280,55415,57815,60560,66118,74335,74254,67704,55655,47047,43758,42044,37076,31024,21751,14969,9640,5209,3906,2023-01-01,Jalisco
14120,14,Jalisco,Zapopan,MUJERES,2023,791018,52602,55503,57401,63199,68424,68700,65892,60289,52835,51979,48785,41912,33295,26462,18097,12302,7138,6203,2023-01-01,Jalisco
14120,14,Jalisco,Zapopan,HOMBRES,2024,778074,54777,57254,60203,66609,74330,74259,68394,56942,48423,44031,43292,38618,32620,22923,15683,10036,5510,4170,2024-01-01,Jalisco
14120,14,Jalisco,Zapopan,MUJERES,2024,800641,51968,54941,57013,63424,68375,68695,66243,60922,53624,52608,50502,43668,34907,27872,18979,12818,7508,6574,2024-01-01,Jalisco
14120,14,Jalisco,Zapopan,HOMBRES,2025,787687,54103,56718,59774,67098,74222,74385,68733,58091,50020,44393,44410,40187,34233,24128,16512,10414,5813,4453,2025-01-01,Jalisco
14120,14,Jalisco,Zapopan,MUJERES,2025,810219,51322,54387,56571,63654,68204,68827,66347,61537,54473,53244,52135,45492,36536,29313,19993,13327,7882,6975,2025-01-01,Jalisco
14120,14,Jalisco,Zapopan,HOMBRES,2026,797058,53383,56245,59286,67452,74177,74543,68689,59129,51715,44972,45337,41793,35858,25391,17423,10796,6114,4755,2026-01-01,Jalisco
14120,14,Jalisco,Zapopan,MUJERES,2026,819734,50646,53880,56071,63801,68044,69006,66186,62179,55325,53981,53611,47407,38183,30809,21095,13847,8259,7404,2026-01-01,Jalisco
14120,14,Jalisco,Zapopan,HOMBRES,2027,806149,52670,55805,58767,67583,74345,74602,68353,60019,53385,45861,46059,43411,37503,26711,18379,11212,6409,5075,2027-01-01,Jalisco
14120,14,Jalisco,Zapopan,MUJERES,2027,829190,49962,53433,55556,63776,68016,69112,65838,62793,56131,54896,54890,49394,39870,32368,22242,14414,8639,7860,2027-01-01,Jalisco
14120,14,Jalisco,Zapopan,HOMBRES,2028,814981,51968,55281,58292,67491,74758,74481,67914,60696,54943,47101,46634,44998,39176,28080,19369,11687,6698,5414,2028-01-01,Jalisco
14120,14,Jalisco,Zapopan,MUJERES,2028,838600,49288,52914,55097,63603,68157,69050,65458,63308,56882,55985,56012,51419,41605,33981,23423,15056,9028,8334,2028-01-01,Jalisco
14120,14,Jalisco,Zapopan,HOMBRES,2029,823615,51242,54682,57885,67257,75320,74159,67533,61109,56347,48662,47174,46509,40875,29486,20379,12251,6976,5769,2029-01-01,Jalisco
14120,14,Jalisco,Zapopan,MUJERES,2029,847972,48599,52330,54697,63323,68426,68790,65169,63648,57582,57216,57046,53443,43394,35635,24625,15799,9412,8838,2029-01-01,Jalisco
14120,14,Jalisco,Zapopan,HOMBRES,2030,832112,50516,54038,57501,66940,75881,73740,67265,61204,57628,50462,47815,47893,42612,30912,21417,12906,7238,6144,2030-01-01,Jalisco
14120,14,Jalisco,Zapopan,MUJERES,2030,857332,47897,51738,54311,62983,68708,68405,65001,63747,58282,58533,58098,55396,45266,37313,25854,16649,9787,9364,2030-01-01,Jalisco
14120,14,Jalisco,Zapopan,HOMBRES,2031,840515,49800,53352,57174,66557,76289,73404,67038,60976,58828,52394,48700,49086,44401,32349,22505,13626,7503,6533,2031-01-01,Jalisco
14120,14,Jalisco,Zapopan,MUJERES,2031,866686,47208,51111,53987,62586,68901,68029,64875,63587,59012,59869,59279,57199,47233,39011,27129,17580,10173,9917,2031-01-01,Jalisco
14120,14,Jalisco,Zapopan,HOMBRES,2032,848932,49103,52669,56901,66145,76448,73303,66757,60531,59919,54344,49953,50082,46215,33812,23646,14380,7794,6930,2032-01-01,Jalisco
14120,14,Jalisco,Zapopan,MUJERES,2032,876043,46537,50481,53705,62175,68926,67785,64682,63248,59731,61175,60664,58810,49283,40754,28459,18543,10596,10489,2032-01-01,Jalisco
14120,14,Jalisco,Zapopan,HOMBRES,2033,857389,48418,52013,56542,65791,76366,73466,66348,60030,60837,56227,51626,50938,48021,35308,24832,15164,8128,7334,2033-01-01,Jalisco
14120,14,Jalisco,Zapopan,MUJERES,2033,885418,45875,49857,53374,61830,68791,67713,64328,62876,60364,62439,62264,60260,51381,42546,29830,19536,11071,11083,2033-01-01,Jalisco
14120,14,Jalisco,Zapopan,HOMBRES,2034,865940,47746,51341,56105,65520,76131,73796,65791,59621,61530,58005,53687,51777,49765,36836,26055,15966,8523,7745,2034-01-01,Jalisco
14120,14,Jalisco,Zapopan,MUJERES,2034,894839,45227,49219,52974,61552,68545,67763,63790,62596,60845,63670,64042,61630,53484,44396,31239,20548,11624,11695,2034-01-01,Jalisco
14120,14,Jalisco,Zapopan,HOMBRES,2035,874641,47094,50672,55635,65273,75812,74137,65180,59345,61945,59697,56067,52747,51393,38405,27297,16798,8983,8161,2035-01-01,Jalisco
14120,14,Jalisco,Zapopan,MUJERES,2035,904276,44582,48574,52549,61288,68234,67821,63139,62431,61108,64910,65938,63028,55526,46327,32665,21585,12255,12316,2035-01-01,Jalisco
14120,14,Jalisco,Zapopan,HOMBRES,2036,883488,46460,50016,55121,65127,75429,74338,64659,59131,62061,61348,58637,54011,52832,40029,28551,17668,9483,8587,2036-01-01,Jalisco
14120,14,Jalisco,Zapopan,MUJERES,2036,913784,43965,47931,52102,61105,67863,67783,62495,62307,61132,66204,67879,64572,57425,48356,34104,22661,12935,12965,2036-01-01,Jalisco
14120,14,Jalisco,Zapopan,HOMBRES,2037,892480,45848,49373,54620,65030,75005,74295,64348,58885,61967,62921,61273,55702,54070,41683,29828,18583,10009,9040,2037-01-01,Jalisco
14120,14,Jalisco,Zapopan,MUJERES,2037,923314,43360,47304,51644,60966,67466,67579,61974,62113,60988,67503,69812,66351,59137,50467,35575,23779,13642,13654,2037-01-01,Jalisco
14120,14,Jalisco,Zapopan,HOMBRES,2038,901537,45249,48749,54132,64843,74653,74007,64257,58520,61815,64331,63868,57871,55163,43329,31134,19538,10552,9526,2038-01-01,Jalisco
14120,14,Jalisco,Zapopan,MUJERES,2038,932886,42772,46683,51195,60773,67135,67208,61608,61770,60819,68722,71716,68378,60691,52624,37089,24936,14364,14403,2038-01-01,Jalisco
14120,14,Jalisco,Zapopan,HOMBRES,2039,910674,44658,48130,53638,64576,74391,73552,64285,58014,61737,65513,66370,60494,56237,44922,32468,20517,11109,10063,2039-01-01,Jalisco
14120,14,Jalisco,Zapopan,MUJERES,2039,942485,42197,46070,50723,60491,66887,66730,61344,61248,60744,69782,73603,70616,62176,54786,38646,26121,15099,15222,2039-01-01,Jalisco
14120,14,Jalisco,Zapopan,HOMBRES,2040,922168,44324,47740,53292,64403,74302,73140,64359,57466,61818,66502,69021,63772,57699,46553,33908,21546,11680,10643,2040-01-01,Jalisco
14120,14,Jalisco,Zapopan,MUJERES,2040,954506,41868,45674,50405,60330,66789,66313,61166,60648,60831,70715,75770,73313,63958,57059,40357,27355,15847,16108,2040-01-01,Jalisco
14124,14,Jalisco,Zapotlanejo,HOMBRES,1990,20656,3447,3010,2860,2427,1709,1247,1015,855,775,725,628,514,418,355,284,197,113,77,1990-01-01,Jalisco
14124,14,Jalisco,Zapotlanejo,MUJERES,1990,21723,3563,2915,2892,2611,1995,1501,1126,899,826,752,631,521,425,359,294,209,121,83,1990-01-01,Jalisco
14124,14,Jalisco,Zapotlanejo,HOMBRES,1991,21644,3597,3127,2949,2513,1802,1345,1101,922,810,756,658,541,443,370,295,208,123,84,1991-01-01,Jalisco
14124,14,Jalisco,Zapotlanejo,MUJERES,1991,22799,3700,3045,2976,2723,2116,1607,1224,975,859,786,667,552,453,375,303,216,130,92,1991-01-01,Jalisco
14124,14,Jalisco,Zapotlanejo,HOMBRES,1992,22658,3739,3245,3048,2586,1899,1449,1193,995,850,787,690,570,469,385,307,221,133,92,1992-01-01,Jalisco
14124,14,Jalisco,Zapotlanejo,MUJERES,1992,23893,3830,3177,3065,2823,2241,1715,1330,1056,895,820,705,585,482,392,313,224,138,102,1992-01-01,Jalisco
14124,14,Jalisco,Zapotlanejo,HOMBRES,1993,23680,3870,3362,3155,2649,1995,1556,1290,1071,895,817,723,602,494,401,320,235,145,100,1993-01-01,Jalisco
14124,14,Jalisco,Zapotlanejo,MUJERES,1993,25008,3947,3312,3164,2913,2369,1827,1442,1141,936,854,745,620,511,410,323,233,148,113,1993-01-01,Jalisco
14124,14,Jalisco,Zapotlanejo,HOMBRES,1994,24720,3987,3480,3269,2705,2090,1668,1393,1151,948,847,757,637,521,418,333,250,157,109,1994-01-01,Jalisco
14124,14,Jalisco,Zapotlanejo,MUJERES,1994,26131,4047,3446,3270,2995,2496,1942,1559,1231,984,888,787,658,542,428,334,243,157,124,1994-01-01,Jalisco
14124,14,Jalisco,Zapotlanejo,HOMBRES,1995,25826,4096,3606,3396,2763,2180,1790,1508,1241,1011,874,792,677,551,438,348,267,169,119,1995-01-01,Jalisco
14124,14,Jalisco,Zapotlanejo,MUJERES,1995,27332,4136,3589,3386,3086,2625,2069,1689,1331,1041,919,830,703,578,450,345,253,166,136,1995-01-01,Jalisco
14124,14,Jalisco,Zapotlanejo,HOMBRES,1996,26041,4034,3604,3410,2762,2194,1833,1569,1293,1048,886,803,689,563,449,349,264,168,123,1996-01-01,Jalisco
14124,14,Jalisco,Zapotlanejo,MUJERES,1996,27579,4048,3597,3401,3077,2662,2133,1743,1385,1083,926,843,718,589,461,349,256,168,140,1996-01-01,Jalisco
14124,14,Jalisco,Zapotlanejo,HOMBRES,1997,26184,3958,3593,3416,2759,2187,1870,1624,1343,1085,897,812,700,574,459,350,262,168,127,1997-01-01,Jalisco
14124,14,Jalisco,Zapotlanejo,MUJERES,1997,27754,3947,3598,3406,3065,2678,2193,1791,1436,1125,933,853,733,599,471,353,260,170,143,1997-01-01,Jalisco
14124,14,Jalisco,Zapotlanejo,HOMBRES,1998,26293,3882,3574,3417,2760,2165,1900,1676,1392,1120,912,819,711,585,468,351,261,169,131,1998-01-01,Jalisco
14124,14,Jalisco,Zapotlanejo,MUJERES,1998,27903,3845,3590,3408,3061,2681,2250,1836,1486,1165,943,861,747,610,480,357,264,173,146,1998-01-01,Jalisco
14124,14,Jalisco,Zapotlanejo,HOMBRES,1999,26365,3813,3542,3415,2765,2130,1918,1723,1438,1154,931,823,722,598,476,353,259,170,135,1999-01-01,Jalisco
14124,14,Jalisco,Zapotlanejo,MUJERES,1999,28030,3753,3570,3405,3057,2674,2300,1878,1534,1204,958,868,762,622,488,362,268,177,150,1999-01-01,Jalisco
14124,14,Jalisco,Zapotlanejo,HOMBRES,2000,26452,3758,3509,3412,2779,2097,1928,1770,1485,1188,956,823,730,613,485,355,256,170,138,2000-01-01,Jalisco
14124,14,Jalisco,Zapotlanejo,MUJERES,2000,28179,3677,3550,3403,3058,2666,2344,1921,1582,1245,978,871,776,636,499,368,272,180,153,2000-01-01,Jalisco
14124,14,Jalisco,Zapotlanejo,HOMBRES,2001,26722,3739,3509,3421,2817,2091,1927,1804,1537,1237,991,832,740,627,502,372,263,171,142,2001-01-01,Jalisco
14124,14,Jalisco,Zapotlanejo,MUJERES,2001,28480,3637,3526,3419,3090,2669,2371,1972,1635,1305,1022,874,789,660,517,381,274,180,159,2001-01-01,Jalisco
14124,14,Jalisco,Zapotlanejo,HOMBRES,2002,26997,3718,3499,3431,2859,2102,1918,1836,1588,1288,1028,842,750,641,520,389,270,173,145,2002-01-01,Jalisco
14124,14,Jalisco,Zapotlanejo,MUJERES,2002,28785,3593,3497,3436,3123,2683,2389,2023,1687,1368,1067,879,803,683,536,395,277,180,166,2002-01-01,Jalisco
14124,14,Jalisco,Zapotlanejo,HOMBRES,2003,27241,3682,3487,3437,2895,2126,1900,1862,1636,1338,1064,857,758,655,539,406,277,174,148,2003-01-01,Jalisco
14124,14,Jalisco,Zapotlanejo,MUJERES,2003,29076,3540,3466,3448,3154,2707,2397,2073,1739,1431,1113,888,815,708,556,409,280,180,172,2003-01-01,Jalisco
14124,14,Jalisco,Zapotlanejo,HOMBRES,2004,27450,3636,3478,3428,2920,2159,1877,1881,1680,1387,1100,876,764,669,559,423,285,176,152,2004-01-01,Jalisco
14124,14,Jalisco,Zapotlanejo,MUJERES,2004,29361,3482,3440,3451,3185,2736,2400,2119,1789,1495,1158,902,825,734,579,423,283,181,179,2004-01-01,Jalisco
14124,14,Jalisco,Zapotlanejo,HOMBRES,2005,27597,3579,3468,3407,2934,2191,1850,1886,1722,1435,1134,897,763,680,582,443,294,177,155,2005-01-01,Jalisco
14124,14,Jalisco,Zapotlanejo,MUJERES,2005,29591,3415,3413,3444,3209,2762,2398,2157,1839,1557,1200,915,829,758,604,439,287,180,185,2005-01-01,Jalisco
14124,14,Jalisco,Zapotlanejo,HOMBRES,2006,28381,3594,3506,3453,3029,2309,1898,1929,1793,1514,1200,947,790,706,602,460,310,182,159,2006-01-01,Jalisco
14124,14,Jalisco,Zapotlanejo,MUJERES,2006,30340,3449,3449,3474,3273,2831,2440,2227,1920,1629,1275,975,851,779,627,459,306,187,189,2006-01-01,Jalisco
14124,14,Jalisco,Zapotlanejo,HOMBRES,2007,29212,3627,3546,3486,3132,2437,1963,1964,1866,1593,1269,999,820,732,622,479,327,187,163,2007-01-01,Jalisco
14124,14,Jalisco,Zapotlanejo,MUJERES,2007,31116,3497,3483,3494,3340,2902,2493,2289,2004,1701,1353,1039,875,800,652,481,326,194,193,2007-01-01,Jalisco
14124,14,Jalisco,Zapotlanejo,HOMBRES,2008,30095,3679,3577,3521,3234,2573,2051,1996,1938,1674,1341,1054,855,757,643,499,344,192,167,2008-01-01,Jalisco
14124,14,Jalisco,Zapotlanejo,MUJERES,2008,31882,3557,3504,3510,3403,2971,2552,2340,2087,1771,1432,1105,903,821,676,505,347,201,197,2008-01-01,Jalisco
14124,14,Jalisco,Zapotlanejo,HOMBRES,2009,31002,3740,3595,3559,3330,2714,2159,2028,2007,1755,1414,1110,896,782,664,520,360,197,172,2009-01-01,Jalisco
14124,14,Jalisco,Zapotlanejo,MUJERES,2009,32608,3616,3509,3528,3453,3035,2613,2381,2164,1841,1512,1171,937,839,701,529,368,209,202,2009-01-01,Jalisco
14124,14,Jalisco,Zapotlanejo,HOMBRES,2010,31834,3788,3596,3598,3409,2846,2269,2053,2061,1835,1489,1166,940,799,682,544,380,203,176,2010-01-01,Jalisco
14124,14,Jalisco,Zapotlanejo,MUJERES,2010,33249,3666,3499,3543,3486,3094,2668,2414,2230,1907,1592,1237,971,850,724,556,391,216,205,2010-01-01,Jalisco
14124,14,Jalisco,Zapotlanejo,HOMBRES,2011,32459,3815,3606,3604,3440,2962,2386,2075,2080,1892,1557,1221,975,808,692,550,388,224,184,2011-01-01,Jalisco
14124,14,Jalisco,Zapotlanejo,MUJERES,2011,33706,3686,3484,3553,3488,3131,2718,2440,2271,1965,1646,1289,1010,864,749,580,398,222,212,2011-01-01,Jalisco
14124,14,Jalisco,Zapotlanejo,HOMBRES,2012,33046,3823,3619,3606,3458,3074,2504,2110,2088,1946,1622,1276,1010,819,702,556,396,245,192,2012-01-01,Jalisco
14124,14,Jalisco,Zapotlanejo,MUJERES,2012,34132,3690,3474,3558,3480,3164,2765,2472,2301,2023,1698,1342,1051,879,775,605,405,229,221,2012-01-01,Jalisco
14124,14,Jalisco,Zapotlanejo,HOMBRES,2013,33602,3812,3641,3599,3470,3177,2620,2160,2086,1997,1685,1332,1046,833,710,560,405,268,201,2013-01-01,Jalisco
14124,14,Jalisco,Zapotlanejo,MUJERES,2013,34518,3679,3470,3554,3464,3191,2809,2511,2320,2079,1748,1394,1092,899,800,630,412,235,231,2013-01-01,Jalisco
14124,14,Jalisco,Zapotlanejo,HOMBRES,2014,34120,3784,3669,3581,3483,3266,2732,2224,2082,2040,1745,1385,1080,853,715,564,415,292,210,2014-01-01,Jalisco
14124,14,Jalisco,Zapotlanejo,MUJERES,2014,34869,3655,3470,3540,3455,3205,2849,2554,2333,2130,1797,1445,1132,924,824,656,420,240,240,2014-01-01,Jalisco
14124,14,Jalisco,Zapotlanejo,HOMBRES,2015,34585,3744,3687,3550,3498,3334,2834,2296,2078,2072,1804,1441,1117,879,718,566,426,319,222,2015-01-01,Jalisco
14124,14,Jalisco,Zapotlanejo,MUJERES,2015,35164,3615,3452,3505,3443,3206,2884,2596,2346,2178,1850,1501,1175,953,845,684,430,249,252,2015-01-01,Jalisco
14124,14,Jalisco,Zapotlanejo,HOMBRES,2016,34188,3647,3625,3462,3408,3240,2824,2327,2040,2028,1805,1464,1140,898,723,577,433,317,230,2016-01-01,Jalisco
14124,14,Jalisco,Zapotlanejo,MUJERES,2016,34795,3521,3397,3404,3361,3127,2846,2573,2318,2177,1871,1533,1212,973,832,683,447,264,256,2016-01-01,Jalisco
14124,14,Jalisco,Zapotlanejo,HOMBRES,2017,33770,3546,3555,3384,3318,3136,2808,2356,2015,1975,1803,1483,1162,917,729,587,440,316,240,2017-01-01,Jalisco
14124,14,Jalisco,Zapotlanejo,MUJERES,2017,34419,3426,3337,3312,3277,3042,2809,2549,2298,2166,1891,1563,1249,993,821,682,464,280,260,2017-01-01,Jalisco
14124,14,Jalisco,Zapotlanejo,HOMBRES,2018,33345,3451,3474,3316,3222,3033,2784,2380,2005,1916,1796,1499,1184,936,738,597,447,316,251,2018-01-01,Jalisco
14124,14,Jalisco,Zapotlanejo,MUJERES,2018,34040,3338,3266,3229,3191,2959,2769,2525,2285,2145,1908,1591,1286,1012,814,680,481,298,263,2018-01-01,Jalisco
14124,14,Jalisco,Zapotlanejo,HOMBRES,2019,32912,3369,3386,3254,3120,2936,2748,2398,2009,1856,1783,1512,1202,953,752,605,454,314,261,2019-01-01,Jalisco
14124,14,Jalisco,Zapotlanejo,MUJERES,2019,33661,3261,3192,3150,3098,2883,2722,2499,2277,2119,1920,1618,1322,1030,812,675,499,317,267,2019-01-01,Jalisco
14124,14,Jalisco,Zapotlanejo,HOMBRES,2020,32377,3287,3294,3188,3011,2842,2695,2404,2016,1799,1761,1519,1213,961,760,601,452,306,268,2020-01-01,Jalisco
14124,14,Jalisco,Zapotlanejo,MUJERES,2020,33185,3183,3115,3074,2994,2808,2661,2468,2266,2088,1920,1639,1351,1040,805,660,510,335,268,2020-01-01,Jalisco
14124,14,Jalisco,Zapotlanejo,HOMBRES,2021,31942,3254,3224,3135,2778,2683,2570,2423,2117,1841,1778,1524,1233,966,761,598,484,312,261,2021-01-01,Jalisco
14124,14,Jalisco,Zapotlanejo,MUJERES,2021,33499,3115,3065,3068,3152,2942,2763,2511,2252,2053,1910,1659,1351,1062,834,661,485,337,279,2021-01-01,Jalisco
14124,14,Jalisco,Zapotlanejo,HOMBRES,2022,31919,3205,3164,3099,2752,2669,2554,2460,2177,1859,1769,1534,1244,981,777,600,490,318,267,2022-01-01,Jalisco
14124,14,Jalisco,Zapotlanejo,MUJERES,2022,33451,3066,3005,3028,3120,2925,2741,2532,2278,2065,1915,1678,1364,1081,857,671,493,346,286,2022-01-01,Jalisco
14124,14,Jalisco,Zapotlanejo,HOMBRES,2023,31954,3157,3108,3055,2732,2650,2537,2492,2235,1892,1759,1546,1259,1004,801,613,503,331,280,2023-01-01,Jalisco
14124,14,Jalisco,Zapotlanejo,MUJERES,2023,33427,3015,2949,2980,3095,2901,2719,2550,2302,2083,1914,1698,1381,1105,885,689,506,358,297,2023-01-01,Jalisco
14124,14,Jalisco,Zapotlanejo,HOMBRES,2024,31965,3100,3055,3003,2719,2624,2522,2514,2287,1938,1747,1554,1272,1025,825,629,514,343,294,2024-01-01,Jalisco
14124,14,Jalisco,Zapotlanejo,MUJERES,2024,33384,2959,2896,2928,3075,2869,2700,2561,2324,2106,1910,1714,1396,1127,911,711,518,370,309,2024-01-01,Jalisco
14124,14,Jalisco,Zapotlanejo,HOMBRES,2025,31962,3045,3001,2950,2706,2595,2511,2522,2334,1992,1738,1555,1284,1044,848,649,524,355,309,2025-01-01,Jalisco
14124,14,Jalisco,Zapotlanejo,MUJERES,2025,33324,2902,2844,2872,3054,2831,2687,2562,2345,2130,1905,1726,1411,1148,937,736,529,383,322,2025-01-01,Jalisco
14124,14,Jalisco,Zapotlanejo,HOMBRES,2026,31928,2985,2951,2892,2686,2567,2501,2515,2375,2048,1737,1549,1295,1062,871,671,533,366,324,2026-01-01,Jalisco
14124,14,Jalisco,Zapotlanejo,MUJERES,2026,33242,2844,2793,2816,3028,2793,2674,2551,2366,2154,1903,1731,1427,1167,963,763,540,394,335,2026-01-01,Jalisco
14124,14,Jalisco,Zapotlanejo,HOMBRES,2027,31867,2925,2904,2834,2654,2547,2487,2497,2410,2102,1746,1534,1304,1078,894,693,543,376,339,2027-01-01,Jalisco
14124,14,Jalisco,Zapotlanejo,MUJERES,2027,33141,2787,2746,2755,2995,2761,2658,2533,2386,2175,1906,1728,1441,1184,988,791,552,406,349,2027-01-01,Jalisco
14124,14,Jalisco,Zapotlanejo,HOMBRES,2028,31790,2866,2853,2777,2618,2534,2466,2475,2435,2151,1768,1515,1311,1093,917,715,556,385,355,2028-01-01,Jalisco
14124,14,Jalisco,Zapotlanejo,MUJERES,2028,33016,2728,2694,2701,2953,2735,2635,2512,2401,2192,1914,1719,1455,1201,1013,818,566,416,363,2028-01-01,Jalisco
14124,14,Jalisco,Zapotlanejo,HOMBRES,2029,31686,2806,2796,2727,2573,2527,2438,2454,2449,2192,1800,1493,1313,1106,940,737,571,393,371,2029-01-01,Jalisco
14124,14,Jalisco,Zapotlanejo,MUJERES,2029,32879,2670,2642,2648,2906,2713,2603,2495,2410,2208,1926,1706,1465,1218,1038,844,583,427,377,2029-01-01,Jalisco
14124,14,Jalisco,Zapotlanejo,HOMBRES,2030,31564,2747,2738,2675,2526,2518,2407,2437,2450,2228,1838,1475,1310,1118,961,758,590,400,388,2030-01-01,Jalisco
14124,14,Jalisco,Zapotlanejo,MUJERES,2030,32723,2613,2588,2596,2857,2692,2567,2482,2408,2222,1938,1692,1472,1234,1061,870,603,436,392,2030-01-01,Jalisco
14124,14,Jalisco,Zapotlanejo,HOMBRES,2031,31422,2686,2678,2627,2477,2504,2379,2421,2438,2259,1880,1463,1300,1130,980,779,611,406,404,2031-01-01,Jalisco
14124,14,Jalisco,Zapotlanejo,MUJERES,2031,32547,2554,2531,2549,2805,2666,2531,2469,2396,2237,1950,1681,1472,1250,1083,896,625,445,407,2031-01-01,Jalisco
14124,14,Jalisco,Zapotlanejo,HOMBRES,2032,31270,2629,2618,2580,2428,2481,2357,2403,2416,2286,1919,1462,1285,1140,999,801,632,413,421,2032-01-01,Jalisco
14124,14,Jalisco,Zapotlanejo,MUJERES,2032,32358,2496,2474,2505,2752,2633,2500,2453,2377,2251,1960,1675,1466,1267,1104,922,646,455,422,2032-01-01,Jalisco
14124,14,Jalisco,Zapotlanejo,HOMBRES,2033,31100,2570,2560,2531,2380,2449,2344,2380,2392,2304,1954,1471,1265,1149,1017,823,653,422,436,2033-01-01,Jalisco
14124,14,Jalisco,Zapotlanejo,MUJERES,2033,32156,2440,2421,2455,2703,2594,2475,2431,2356,2260,1967,1674,1455,1282,1124,947,668,467,437,2033-01-01,Jalisco
14124,14,Jalisco,Zapotlanejo,HOMBRES,2034,30921,2513,2501,2479,2336,2413,2336,2351,2370,2314,1984,1488,1245,1154,1034,845,673,433,452,2034-01-01,Jalisco
14124,14,Jalisco,Zapotlanejo,MUJERES,2034,31936,2384,2365,2402,2655,2551,2454,2402,2339,2264,1972,1675,1440,1295,1144,973,688,481,452,2034-01-01,Jalisco
14124,14,Jalisco,Zapotlanejo,HOMBRES,2035,30729,2457,2443,2425,2292,2374,2328,2320,2354,2312,2009,1512,1227,1154,1050,865,694,447,466,2035-01-01,Jalisco
14124,14,Jalisco,Zapotlanejo,MUJERES,2035,31710,2331,2310,2353,2610,2505,2433,2367,2325,2258,1977,1678,1426,1304,1164,997,709,497,466,2035-01-01,Jalisco
14124,14,Jalisco,Zapotlanejo,HOMBRES,2036,30533,2403,2386,2370,2254,2333,2314,2291,2339,2299,2030,1539,1216,1149,1067,885,715,462,481,2036-01-01,Jalisco
14124,14,Jalisco,Zapotlanejo,MUJERES,2036,31467,2277,2255,2302,2567,2457,2408,2333,2312,2243,1982,1680,1413,1308,1185,1020,729,515,481,2036-01-01,Jalisco
14124,14,Jalisco,Zapotlanejo,HOMBRES,2037,30323,2350,2330,2315,2216,2291,2293,2270,2323,2277,2048,1563,1213,1139,1082,904,736,477,496,2037-01-01,Jalisco
14124,14,Jalisco,Zapotlanejo,MUJERES,2037,31205,2224,2201,2248,2526,2409,2377,2303,2296,2222,1985,1679,1405,1306,1205,1042,749,532,496,2037-01-01,Jalisco
14124,14,Jalisco,Zapotlanejo,HOMBRES,2038,30100,2297,2275,2263,2176,2251,2263,2257,2301,2253,2058,1584,1219,1125,1095,922,757,492,512,2038-01-01,Jalisco
14124,14,Jalisco,Zapotlanejo,MUJERES,2038,30933,2171,2148,2197,2483,2363,2340,2278,2274,2199,1986,1677,1400,1299,1224,1064,769,549,512,2038-01-01,Jalisco
14124,14,Jalisco,Zapotlanejo,HOMBRES,2039,29866,2246,2220,2209,2134,2214,2228,2247,2274,2232,2060,1600,1232,1111,1105,940,778,506,530,2039-01-01,Jalisco
14124,14,Jalisco,Zapotlanejo,MUJERES,2039,30653,2122,2095,2145,2437,2321,2299,2257,2245,2179,1981,1673,1398,1290,1241,1085,789,566,530,2039-01-01,Jalisco
14124,14,Jalisco,Zapotlanejo,HOMBRES,2040,29614,2195,2168,2158,2090,2178,2191,2236,2245,2217,2053,1610,1246,1096,1110,957,797,520,547,2040-01-01,Jalisco
14124,14,Jalisco,Zapotlanejo,MUJERES,2040,30358,2074,2044,2095,2391,2280,2257,2236,2214,2167,1969,1666,1393,1277,1254,1106,807,580,548,2040-01-01,Jalisco
