AGEB,TAZ,note,source
1403900010026,1,,"working group, zonas_2212.shp (id_visum by clave_ageb), received 2026-10-02"
1403900010030,2,,"working group, zonas_2212.shp (id_visum by clave_ageb), received 2026-10-02"
140390001005A,3,,"working group, zonas_2212.shp (id_visum by clave_ageb), received 2026-10-02"
1403900010064,4,,"working group, zonas_2212.shp (id_visum by clave_ageb), received 2026-10-02"
1403900010083,5,,"working group, zonas_2212.shp (id_visum by clave_ageb), received 2026-10-02"
1403900010115,6,,"working group, zonas_2212.shp (id_visum by clave_ageb), received 2026-10-02"
1403900010134,7,,"working group, zonas_2212.shp (id_visum by clave_ageb), received 2026-10-02"
1403900010149,8,,"working group, zonas_2212.shp (id_visum by clave_ageb), received 2026-10-02"
1403900010153,9,,"working group, zonas_2212.shp (id_visum by clave_ageb), received 2026-10-02"
1403900010191,10,,"working group, zonas_2212.shp (id_visum by clave_ageb), received 2026-10-02"
1403900010204,11,,"working group, zonas_2212.shp (id_visum by clave_ageb), received 2026-10-02"
1403900010223,12,,"working group, zonas_2212.shp (id_visum by clave_ageb), received 2026-10-02"
1403900010238,13,,"working group, zonas_2212.shp (id_visum by clave_ageb), received 2026-10-02"
1403900010261,14,,"working group, zonas_2212.shp (id_visum by clave_ageb), received 2026-10-02"
1403900010276,15,,"working group, zonas_2212.shp (id_visum by clave_ageb), received 2026-10-02"
1403900010280,16,,"working group, zonas_2212.shp (id_visum by clave_ageb), received 2026-10-02"
1403900010295,17,,"working group, zonas_2212.shp (id_visum by clave_ageb), received 2026-10-02"
1403900010308,18,,"working group, zonas_2212.shp (id_visum by clave_ageb), received 2026-10-02"
1403900010312,19,,"working group, zonas_2212.shp (id_visum by clave_ageb), received 2026-10-02"
1403900010327,20,,"working group, zonas_2212.shp (id_visum by clave_ageb), received 2026-10-02"
1403900010346,21,,"working group, zonas_2212.shp (id_visum by clave_ageb), received 2026-10-02"
1403900010350,22,,"working group, zonas_2212.shp (id_visum by clave_ageb), received 2026-10-02"
1403900010365,23,,"working group, zonas_2212.shp (id_visum by clave_ageb), received 2026-10-02"
140390001037A,24,,"working group, zonas_2212.shp (id_visum by clave_ageb), received 2026-10-02"
1403900010384,25,,"working group, zonas_2212.shp (id_visum by clave_ageb), received 2026-10-02"
1403900010399,26,,"working group, zonas_2212.shp (id_visum by clave_ageb), received 2026-10-02"
1403900010401,27,,"working group, zonas_2212.shp (id_visum by clave_ageb), received 2026-10-02"
1403900010416,28,,"working group, zonas_2212.shp (id_visum by clave_ageb), received 2026-10-02"
1403900010435,29,,"working group, zonas_2212.shp (id_visum by clave_ageb), received 2026-10-02"
140390001044A,30,,"working group, zonas_2212.shp (id_visum by clave_ageb), received 2026-10-02"
1403900010454,31,,"working group, zonas_2212.shp (id_visum by clave_ageb), received 2026-10-02"
1403900010469,32,,"working group, zonas_2212.shp (id_visum by clave_ageb), received 2026-10-02"
1403900010473,33,,"working group, zonas_2212.shp (id_visum by clave_ageb), received 2026-10-02"
1403900010492,34,,"working group, zonas_2212.shp (id_visum by clave_ageb), received 2026-10-02"
1403900010505,35,,"working group, zonas_2212.shp (id_visum by clave_ageb), received 2026-10-02"
140390001051A,36,,"working group, zonas_2212.shp (id_visum by clave_ageb), received 2026-10-02"
1403900010524,37,,"working group, zonas_2212.shp (id_visum by clave_ageb), received 2026-10-02"
1403900010539,38,,"working group, zonas_2212.shp (id_visum by clave_ageb), received 2026-10-02"
1403900010543,39,,"working group, zonas_2212.shp (id_visum by clave_ageb), received 2026-10-02"
1403900010562,40,,"working group, zonas_2212.shp (id_visum by clave_ageb), received 2026-10-02"
1403900010577,41,,"working group, zonas_2212.shp (id_visum by clave_ageb), received 2026-10-02"
1403900010596,42,,"working group, zonas_2212.shp (id_visum by clave_ageb), received 2026-10-02"
1403900010609,43,,"working group, zonas_2212.shp (id_visum by clave_ageb), received 2026-10-02"
1403900010613,44,,"working group, zonas_2212.shp (id_visum by clave_ageb), received 2026-10-02"
1403900010632,45,,"working group, zonas_2212.shp (id_visum by clave_ageb), received 2026-10-02"
1403900010647,46,,"working group, zonas_2212.shp (id_visum by clave_ageb), received 2026-10-02"
1403900010651,47,,"working group, zonas_2212.shp (id_visum by clave_ageb), received 2026-10-02"
1403900010666,48,,"working group, zonas_2212.shp (id_visum by clave_ageb), received 2026-10-02"
1403900010670,49,,"working group, zonas_2212.shp (id_visum by clave_ageb), received 2026-10-02"
1403900010685,50,,"working group, zonas_2212.shp (id_visum by clave_ageb), received 2026-10-02"
140390001069A,51,,"working group, zonas_2212.shp (id_visum by clave_ageb), received 2026-10-02"
1403900010702,52,,"working group, zonas_2212.shp (id_visum by clave_ageb), received 2026-10-02"
1403900010717,53,,"working group, zonas_2212.shp (id_visum by clave_ageb), received 2026-10-02"
1403900010721,54,,"working group, zonas_2212.shp (id_visum by clave_ageb), received 2026-10-02"
1403900010736,55,,"working group, zonas_2212.shp (id_visum by clave_ageb), received 2026-10-02"
1403900010740,56,,"working group, zonas_2212.shp (id_visum by clave_ageb), received 2026-10-02"
1403900010755,57,,"working group, zonas_2212.shp (id_visum by clave_ageb), received 2026-10-02"
1403900010774,58,,"working group, zonas_2212.shp (id_visum by clave_ageb), received 2026-10-02"
1403900010789,59,,"working group, zonas_2212.shp (id_visum by clave_ageb), received 2026-10-02"
1403900010793,60,,"working group, zonas_2212.shp (id_visum by clave_ageb), received 2026-10-02"
1403900010806,61,,"working group, zonas_2212.shp (id_visum by clave_ageb), received 2026-10-02"
1403900010810,62,,"working group, zonas_2212.shp (id_visum by clave_ageb), received 2026-10-02"
1403900010825,63,,"working group, zonas_2212.shp (id_visum by clave_ageb), received 2026-10-02"
140390001083A,64,,"working group, zonas_2212.shp (id_visum by clave_ageb), received 2026-10-02"
1403900010844,65,,"working group, zonas_2212.shp (id_visum by clave_ageb), received 2026-10-02"
1403900010859,66,,"working group, zonas_2212.shp (id_visum by clave_ageb), received 2026-10-02"
1403900010863,67,,"working group, zonas_2212.shp (id_visum by clave_ageb), received 2026-10-02"
1403900010878,68,,"working group, zonas_2212.shp (id_visum by clave_ageb), received 2026-10-02"
1403900010882,69,,"working group, zonas_2212.shp (id_visum by clave_ageb), received 2026-10-02"
1403900010897,70,,"working group, zonas_2212.shp (id_visum by clave_ageb), received 2026-10-02"
140390001090A,71,,"working group, zonas_2212.shp (id_visum by clave_ageb), received 2026-10-02"
1403900010929,72,,"working group, zonas_2212.shp (id_visum by clave_ageb), received 2026-10-02"
1403900010933,73,,"working group, zonas_2212.shp (id_visum by clave_ageb), received 2026-10-02"
1403900010948,74,,"working group, zonas_2212.shp (id_visum by clave_ageb), received 2026-10-02"
1403900010952,75,,"working group, zonas_2212.shp (id_visum by clave_ageb), received 2026-10-02"
1403900010967,76,,"working group, zonas_2212.shp (id_visum by clave_ageb), received 2026-10-02"
1403900010971,77,,"working group, zonas_2212.shp (id_visum by clave_ageb), received 2026-10-02"
1403900010986,78,,"working group, zonas_2212.shp (id_visum by clave_ageb), received 2026-10-02"
1403900010990,79,,"working group, zonas_2212.shp (id_visum by clave_ageb), received 2026-10-02"
1403900011005,80,,"working group, zonas_2212.shp (id_visum by clave_ageb), received 2026-10-02"
140390001101A,81,,"working group, zonas_2212.shp (id_visum by clave_ageb), received 2026-10-02"
1403900011024,82,,"working group, zonas_2212.shp (id_visum by clave_ageb), received 2026-10-02"
1403900011039,83,,"working group, zonas_2212.shp (id_visum by clave_ageb), received 2026-10-02"
1403900011043,84,,"working group, zonas_2212.shp (id_visum by clave_ageb), received 2026-10-02"
1403900011062,85,,"working group, zonas_2212.shp (id_visum by clave_ageb), received 2026-10-02"
1403900011077,86,,"working group, zonas_2212.shp (id_visum by clave_ageb), received 2026-10-02"
1403900011081,87,,"working group, zonas_2212.shp (id_visum by clave_ageb), received 2026-10-02"
1403900011096,88,,"working group, zonas_2212.shp (id_visum by clave_ageb), received 2026-10-02"
1403900011109,89,,"working group, zonas_2212.shp (id_visum by clave_ageb), received 2026-10-02"
1403900011113,90,,"working group, zonas_2212.shp (id_visum by clave_ageb), received 2026-10-02"
1403900011128,91,,"working group, zonas_2212.shp (id_visum by clave_ageb), received 2026-10-02"
1403900011132,92,,"working group, zonas_2212.shp (id_visum by clave_ageb), received 2026-10-02"
1403900011147,93,,"working group, zonas_2212.shp (id_visum by clave_ageb), received 2026-10-02"
1403900011151,94,,"working group, zonas_2212.shp (id_visum by clave_ageb), received 2026-10-02"
1403900011166,95,,"working group, zonas_2212.shp (id_visum by clave_ageb), received 2026-10-02"
1403900011170,96,,"working group, zonas_2212.shp (id_visum by clave_ageb), received 2026-10-02"
1403900011185,97,,"working group, zonas_2212.shp (id_visum by clave_ageb), received 2026-10-02"
140390001119A,98,,"working group, zonas_2212.shp (id_visum by clave_ageb), received 2026-10-02"
1403900011202,99,,"working group, zonas_2212.shp (id_visum by clave_ageb), received 2026-10-02"
1403900011217,100,,"working group, zonas_2212.shp (id_visum by clave_ageb), received 2026-10-02"
1403900011221,101,,"working group, zonas_2212.shp (id_visum by clave_ageb), received 2026-10-02"
1403900011236,102,,"working group, zonas_2212.shp (id_visum by clave_ageb), received 2026-10-02"
1403900011274,103,,"working group, zonas_2212.shp (id_visum by clave_ageb), received 2026-10-02"
1403900011289,104,,"working group, zonas_2212.shp (id_visum by clave_ageb), received 2026-10-02"
1403900011293,105,,"working group, zonas_2212.shp (id_visum by clave_ageb), received 2026-10-02"
1403900011306,106,,"working group, zonas_2212.shp (id_visum by clave_ageb), received 2026-10-02"
1403900011310,107,,"working group, zonas_2212.shp (id_visum by clave_ageb), received 2026-10-02"
1403900011325,108,,"working group, zonas_2212.shp (id_visum by clave_ageb), received 2026-10-02"
140390001133A,109,,"working group, zonas_2212.shp (id_visum by clave_ageb), received 2026-10-02"
1403900011344,110,,"working group, zonas_2212.shp (id_visum by clave_ageb), received 2026-10-02"
1403900011359,111,,"working group, zonas_2212.shp (id_visum by clave_ageb), received 2026-10-02"
1403900011363,112,,"working group, zonas_2212.shp (id_visum by clave_ageb), received 2026-10-02"
1403900011378,113,,"working group, zonas_2212.shp (id_visum by clave_ageb), received 2026-10-02"
1403900011382,114,,"working group, zonas_2212.shp (id_visum by clave_ageb), received 2026-10-02"
1403900011397,115,,"working group, zonas_2212.shp (id_visum by clave_ageb), received 2026-10-02"
140390001140A,116,,"working group, zonas_2212.shp (id_visum by clave_ageb), received 2026-10-02"
1403900011414,117,,"working group, zonas_2212.shp (id_visum by clave_ageb), received 2026-10-02"
1403900011429,118,,"working group, zonas_2212.shp (id_visum by clave_ageb), received 2026-10-02"
1403900011433,119,,"working group, zonas_2212.shp (id_visum by clave_ageb), received 2026-10-02"
1403900011448,120,,"working group, zonas_2212.shp (id_visum by clave_ageb), received 2026-10-02"
1403900011452,121,,"working group, zonas_2212.shp (id_visum by clave_ageb), received 2026-10-02"
1403900011467,122,,"working group, zonas_2212.shp (id_visum by clave_ageb), received 2026-10-02"
1403900011471,123,,"working group, zonas_2212.shp (id_visum by clave_ageb), received 2026-10-02"
1403900011490,124,,"working group, zonas_2212.shp (id_visum by clave_ageb), received 2026-10-02"
1403900011518,125,,"working group, zonas_2212.shp (id_visum by clave_ageb), received 2026-10-02"
1403900011537,126,,"working group, zonas_2212.shp (id_visum by clave_ageb), received 2026-10-02"
1403900011556,127,,"working group, zonas_2212.shp (id_visum by clave_ageb), received 2026-10-02"
1403900011560,128,,"working group, zonas_2212.shp (id_visum by clave_ageb), received 2026-10-02"
1403900011575,129,,"working group, zonas_2212.shp (id_visum by clave_ageb), received 2026-10-02"
140390001158A,130,,"working group, zonas_2212.shp (id_visum by clave_ageb), received 2026-10-02"
1403900011594,131,,"working group, zonas_2212.shp (id_visum by clave_ageb), received 2026-10-02"
1403900011607,132,,"working group, zonas_2212.shp (id_visum by clave_ageb), received 2026-10-02"
1403900011626,133,,"working group, zonas_2212.shp (id_visum by clave_ageb), received 2026-10-02"
1403900011630,134,,"working group, zonas_2212.shp (id_visum by clave_ageb), received 2026-10-02"
1403900011645,135,,"working group, zonas_2212.shp (id_visum by clave_ageb), received 2026-10-02"
140390001165A,136,,"working group, zonas_2212.shp (id_visum by clave_ageb), received 2026-10-02"
1403900011664,137,,"working group, zonas_2212.shp (id_visum by clave_ageb), received 2026-10-02"
1403900011679,138,,"working group, zonas_2212.shp (id_visum by clave_ageb), received 2026-10-02"
1403900011683,139,,"working group, zonas_2212.shp (id_visum by clave_ageb), received 2026-10-02"
1403900011698,140,,"working group, zonas_2212.shp (id_visum by clave_ageb), received 2026-10-02"
1403900011700,141,,"working group, zonas_2212.shp (id_visum by clave_ageb), received 2026-10-02"
1403900011715,142,,"working group, zonas_2212.shp (id_visum by clave_ageb), received 2026-10-02"
140390001172A,143,,"working group, zonas_2212.shp (id_visum by clave_ageb), received 2026-10-02"
1403900011734,144,,"working group, zonas_2212.shp (id_visum by clave_ageb), received 2026-10-02"
1403900011753,145,,"working group, zonas_2212.shp (id_visum by clave_ageb), received 2026-10-02"
1403900011768,146,,"working group, zonas_2212.shp (id_visum by clave_ageb), received 2026-10-02"
1403900011787,147,,"working group, zonas_2212.shp (id_visum by clave_ageb), received 2026-10-02"
1403900011791,148,,"working group, zonas_2212.shp (id_visum by clave_ageb), received 2026-10-02"
1403900011804,149,,"working group, zonas_2212.shp (id_visum by clave_ageb), received 2026-10-02"
1403900011819,150,,"working group, zonas_2212.shp (id_visum by clave_ageb), received 2026-10-02"
1403900011823,151,,"working group, zonas_2212.shp (id_visum by clave_ageb), received 2026-10-02"
1403900011838,152,,"working group, zonas_2212.shp (id_visum by clave_ageb), received 2026-10-02"
1403900011842,153,,"working group, zonas_2212.shp (id_visum by clave_ageb), received 2026-10-02"
1403900011857,154,,"working group, zonas_2212.shp (id_visum by clave_ageb), received 2026-10-02"
1403900011861,155,,"working group, zonas_2212.shp (id_visum by clave_ageb), received 2026-10-02"
1403900011876,156,,"working group, zonas_2212.shp (id_visum by clave_ageb), received 2026-10-02"
1403900011880,157,,"working group, zonas_2212.shp (id_visum by clave_ageb), received 2026-10-02"
1403900011895,158,,"working group, zonas_2212.shp (id_visum by clave_ageb), received 2026-10-02"
1403900011908,159,,"working group, zonas_2212.shp (id_visum by clave_ageb), received 2026-10-02"
1403900011912,160,,"working group, zonas_2212.shp (id_visum by clave_ageb), received 2026-10-02"
1403900011927,161,,"working group, zonas_2212.shp (id_visum by clave_ageb), received 2026-10-02"
1403900011931,162,,"working group, zonas_2212.shp (id_visum by clave_ageb), received 2026-10-02"
1403900011946,163,,"working group, zonas_2212.shp (id_visum by clave_ageb), received 2026-10-02"
1403900011950,164,,"working group, zonas_2212.shp (id_visum by clave_ageb), received 2026-10-02"
1403900011965,165,,"working group, zonas_2212.shp (id_visum by clave_ageb), received 2026-10-02"
140390001197A,166,,"working group, zonas_2212.shp (id_visum by clave_ageb), received 2026-10-02"
1403900011984,167,,"working group, zonas_2212.shp (id_visum by clave_ageb), received 2026-10-02"
1403900011999,168,,"working group, zonas_2212.shp (id_visum by clave_ageb), received 2026-10-02"
1403900012003,169,,"working group, zonas_2212.shp (id_visum by clave_ageb), received 2026-10-02"
1403900012018,170,,"working group, zonas_2212.shp (id_visum by clave_ageb), received 2026-10-02"
1403900012022,171,,"working group, zonas_2212.shp (id_visum by clave_ageb), received 2026-10-02"
1403900012037,172,,"working group, zonas_2212.shp (id_visum by clave_ageb), received 2026-10-02"
1403900012041,173,,"working group, zonas_2212.shp (id_visum by clave_ageb), received 2026-10-02"
1403900012056,174,,"working group, zonas_2212.shp (id_visum by clave_ageb), received 2026-10-02"
1403900012107,175,,"working group, zonas_2212.shp (id_visum by clave_ageb), received 2026-10-02"
1403900012111,176,,"working group, zonas_2212.shp (id_visum by clave_ageb), received 2026-10-02"
1403900012126,177,,"working group, zonas_2212.shp (id_visum by clave_ageb), received 2026-10-02"
1403900012130,178,,"working group, zonas_2212.shp (id_visum by clave_ageb), received 2026-10-02"
1403900012145,179,,"working group, zonas_2212.shp (id_visum by clave_ageb), received 2026-10-02"
140390001215A,180,,"working group, zonas_2212.shp (id_visum by clave_ageb), received 2026-10-02"
1403900012164,181,,"working group, zonas_2212.shp (id_visum by clave_ageb), received 2026-10-02"
1403900012179,182,,"working group, zonas_2212.shp (id_visum by clave_ageb), received 2026-10-02"
1403900012183,183,,"working group, zonas_2212.shp (id_visum by clave_ageb), received 2026-10-02"
1403900012200,184,,"working group, zonas_2212.shp (id_visum by clave_ageb), received 2026-10-02"
1403900012215,185,,"working group, zonas_2212.shp (id_visum by clave_ageb), received 2026-10-02"
1403900012249,186,,"working group, zonas_2212.shp (id_visum by clave_ageb), received 2026-10-02"
1403900012253,187,,"working group, zonas_2212.shp (id_visum by clave_ageb), received 2026-10-02"
1403900012268,188,,"working group, zonas_2212.shp (id_visum by clave_ageb), received 2026-10-02"
1403900012272,189,,"working group, zonas_2212.shp (id_visum by clave_ageb), received 2026-10-02"
1403900012287,190,,"working group, zonas_2212.shp (id_visum by clave_ageb), received 2026-10-02"
1403900012291,191,,"working group, zonas_2212.shp (id_visum by clave_ageb), received 2026-10-02"
1403900012304,192,,"working group, zonas_2212.shp (id_visum by clave_ageb), received 2026-10-02"
1403900012319,193,,"working group, zonas_2212.shp (id_visum by clave_ageb), received 2026-10-02"
1403900012342,194,,"working group, zonas_2212.shp (id_visum by clave_ageb), received 2026-10-02"
1403900012357,195,,"working group, zonas_2212.shp (id_visum by clave_ageb), received 2026-10-02"
1403900012361,196,,"working group, zonas_2212.shp (id_visum by clave_ageb), received 2026-10-02"
1403900012376,197,,"working group, zonas_2212.shp (id_visum by clave_ageb), received 2026-10-02"
1403900012380,198,,"working group, zonas_2212.shp (id_visum by clave_ageb), received 2026-10-02"
1403900012395,199,,"working group, zonas_2212.shp (id_visum by clave_ageb), received 2026-10-02"
1403900012408,200,,"working group, zonas_2212.shp (id_visum by clave_ageb), received 2026-10-02"
1403900012427,201,,"working group, zonas_2212.shp (id_visum by clave_ageb), received 2026-10-02"
1403900012431,202,,"working group, zonas_2212.shp (id_visum by clave_ageb), received 2026-10-02"
1403900012446,203,,"working group, zonas_2212.shp (id_visum by clave_ageb), received 2026-10-02"
1403900012501,204,,"working group, zonas_2212.shp (id_visum by clave_ageb), received 2026-10-02"
1403900012516,205,,"working group, zonas_2212.shp (id_visum by clave_ageb), received 2026-10-02"
1403900012520,206,,"working group, zonas_2212.shp (id_visum by clave_ageb), received 2026-10-02"
1403900012535,207,,"working group, zonas_2212.shp (id_visum by clave_ageb), received 2026-10-02"
140390001254A,208,,"working group, zonas_2212.shp (id_visum by clave_ageb), received 2026-10-02"
1403900012554,209,,"working group, zonas_2212.shp (id_visum by clave_ageb), received 2026-10-02"
1403900012569,210,,"working group, zonas_2212.shp (id_visum by clave_ageb), received 2026-10-02"
1403900012573,211,,"working group, zonas_2212.shp (id_visum by clave_ageb), received 2026-10-02"
1403900012588,212,,"working group, zonas_2212.shp (id_visum by clave_ageb), received 2026-10-02"
1403900012592,213,,"working group, zonas_2212.shp (id_visum by clave_ageb), received 2026-10-02"
1403900012605,214,,"working group, zonas_2212.shp (id_visum by clave_ageb), received 2026-10-02"
140390001261A,215,,"working group, zonas_2212.shp (id_visum by clave_ageb), received 2026-10-02"
1403900012624,216,,"working group, zonas_2212.shp (id_visum by clave_ageb), received 2026-10-02"
1403900012639,217,,"working group, zonas_2212.shp (id_visum by clave_ageb), received 2026-10-02"
1403900012662,218,,"working group, zonas_2212.shp (id_visum by clave_ageb), received 2026-10-02"
1403900012677,219,,"working group, zonas_2212.shp (id_visum by clave_ageb), received 2026-10-02"
1403900012681,220,,"working group, zonas_2212.shp (id_visum by clave_ageb), received 2026-10-02"
1403900012696,221,,"working group, zonas_2212.shp (id_visum by clave_ageb), received 2026-10-02"
1403900012709,222,,"working group, zonas_2212.shp (id_visum by clave_ageb), received 2026-10-02"
1403900012713,223,,"working group, zonas_2212.shp (id_visum by clave_ageb), received 2026-10-02"
1403900012728,224,,"working group, zonas_2212.shp (id_visum by clave_ageb), received 2026-10-02"
1403900012785,225,,"working group, zonas_2212.shp (id_visum by clave_ageb), received 2026-10-02"
140390001279A,226,,"working group, zonas_2212.shp (id_visum by clave_ageb), received 2026-10-02"
1403900012802,227,,"working group, zonas_2212.shp (id_visum by clave_ageb), received 2026-10-02"
140390001286A,228,,"working group, zonas_2212.shp (id_visum by clave_ageb), received 2026-10-02"
1403900013001,229,,"working group, zonas_2212.shp (id_visum by clave_ageb), received 2026-10-02"
1403900013016,230,,"working group, zonas_2212.shp (id_visum by clave_ageb), received 2026-10-02"
1403900013020,231,,"working group, zonas_2212.shp (id_visum by clave_ageb), received 2026-10-02"
1403900013088,232,,"working group, zonas_2212.shp (id_visum by clave_ageb), received 2026-10-02"
1403900013143,233,,"working group, zonas_2212.shp (id_visum by clave_ageb), received 2026-10-02"
1403900013177,234,,"working group, zonas_2212.shp (id_visum by clave_ageb), received 2026-10-02"
1403900013209,235,,"working group, zonas_2212.shp (id_visum by clave_ageb), received 2026-10-02"
1403900013317,236,,"working group, zonas_2212.shp (id_visum by clave_ageb), received 2026-10-02"
1403900013321,237,,"working group, zonas_2212.shp (id_visum by clave_ageb), received 2026-10-02"
1403900013336,238,,"working group, zonas_2212.shp (id_visum by clave_ageb), received 2026-10-02"
1403900013340,239,,"working group, zonas_2212.shp (id_visum by clave_ageb), received 2026-10-02"
1403900013374,240,,"working group, zonas_2212.shp (id_visum by clave_ageb), received 2026-10-02"
1403900013406,241,,"working group, zonas_2212.shp (id_visum by clave_ageb), received 2026-10-02"
1403900013482,242,,"working group, zonas_2212.shp (id_visum by clave_ageb), received 2026-10-02"
140390001350A,243,,"working group, zonas_2212.shp (id_visum by clave_ageb), received 2026-10-02"
1403900013514,244,,"working group, zonas_2212.shp (id_visum by clave_ageb), received 2026-10-02"
1403900013529,245,,"working group, zonas_2212.shp (id_visum by clave_ageb), received 2026-10-02"
1403900013533,246,,"working group, zonas_2212.shp (id_visum by clave_ageb), received 2026-10-02"
1403900013548,247,,"working group, zonas_2212.shp (id_visum by clave_ageb), received 2026-10-02"
1403900013552,248,,"working group, zonas_2212.shp (id_visum by clave_ageb), received 2026-10-02"
1403900013567,249,,"working group, zonas_2212.shp (id_visum by clave_ageb), received 2026-10-02"
1403900013586,250,,"working group, zonas_2212.shp (id_visum by clave_ageb), received 2026-10-02"
1403900013590,251,,"working group, zonas_2212.shp (id_visum by clave_ageb), received 2026-10-02"
1403900013603,252,,"working group, zonas_2212.shp (id_visum by clave_ageb), received 2026-10-02"
1403900013618,253,,"working group, zonas_2212.shp (id_visum by clave_ageb), received 2026-10-02"
1403900013637,254,,"working group, zonas_2212.shp (id_visum by clave_ageb), received 2026-10-02"
1403900013641,255,,"working group, zonas_2212.shp (id_visum by clave_ageb), received 2026-10-02"
1403900013656,256,,"working group, zonas_2212.shp (id_visum by clave_ageb), received 2026-10-02"
1403900013660,257,,"working group, zonas_2212.shp (id_visum by clave_ageb), received 2026-10-02"
140390001368A,258,,"working group, zonas_2212.shp (id_visum by clave_ageb), received 2026-10-02"
1403900013694,259,,"working group, zonas_2212.shp (id_visum by clave_ageb), received 2026-10-02"
1403900013707,260,,"working group, zonas_2212.shp (id_visum by clave_ageb), received 2026-10-02"
1403900013711,261,,"working group, zonas_2212.shp (id_visum by clave_ageb), received 2026-10-02"
1403900013726,262,,"working group, zonas_2212.shp (id_visum by clave_ageb), received 2026-10-02"
1403900013730,263,,"working group, zonas_2212.shp (id_visum by clave_ageb), received 2026-10-02"
1403900013745,264,,"working group, zonas_2212.shp (id_visum by clave_ageb), received 2026-10-02"
1403900013764,265,,"working group, zonas_2212.shp (id_visum by clave_ageb), received 2026-10-02"
1403900013783,266,,"working group, zonas_2212.shp (id_visum by clave_ageb), received 2026-10-02"
1403900013798,267,,"working group, zonas_2212.shp (id_visum by clave_ageb), received 2026-10-02"
1403900013800,268,,"working group, zonas_2212.shp (id_visum by clave_ageb), received 2026-10-02"
1403900013815,269,,"working group, zonas_2212.shp (id_visum by clave_ageb), received 2026-10-02"
140390001382A,270,,"working group, zonas_2212.shp (id_visum by clave_ageb), received 2026-10-02"
1403900013834,271,,"working group, zonas_2212.shp (id_visum by clave_ageb), received 2026-10-02"
1403900013849,272,,"working group, zonas_2212.shp (id_visum by clave_ageb), received 2026-10-02"
1403900013853,273,,"working group, zonas_2212.shp (id_visum by clave_ageb), received 2026-10-02"
1403900013868,274,,"working group, zonas_2212.shp (id_visum by clave_ageb), received 2026-10-02"
1403900013872,275,,"working group, zonas_2212.shp (id_visum by clave_ageb), received 2026-10-02"
1403900013891,276,,"working group, zonas_2212.shp (id_visum by clave_ageb), received 2026-10-02"
1403900013904,277,,"working group, zonas_2212.shp (id_visum by clave_ageb), received 2026-10-02"
1403900013919,278,,"working group, zonas_2212.shp (id_visum by clave_ageb), received 2026-10-02"
1403900013923,279,,"working group, zonas_2212.shp (id_visum by clave_ageb), received 2026-10-02"
1403900013938,280,,"working group, zonas_2212.shp (id_visum by clave_ageb), received 2026-10-02"
1403900013942,281,,"working group, zonas_2212.shp (id_visum by clave_ageb), received 2026-10-02"
1403900013957,282,,"working group, zonas_2212.shp (id_visum by clave_ageb), received 2026-10-02"
1403900013961,283,,"working group, zonas_2212.shp (id_visum by clave_ageb), received 2026-10-02"
1403900013976,284,,"working group, zonas_2212.shp (id_visum by clave_ageb), received 2026-10-02"
1403900013980,285,,"working group, zonas_2212.shp (id_visum by clave_ageb), received 2026-10-02"
1403900013995,286,,"working group, zonas_2212.shp (id_visum by clave_ageb), received 2026-10-02"
140390001400A,287,,"working group, zonas_2212.shp (id_visum by clave_ageb), received 2026-10-02"
1403900014014,288,,"working group, zonas_2212.shp (id_visum by clave_ageb), received 2026-10-02"
1403900014029,289,,"working group, zonas_2212.shp (id_visum by clave_ageb), received 2026-10-02"
1403900014033,290,,"working group, zonas_2212.shp (id_visum by clave_ageb), received 2026-10-02"
1403900014048,291,,"working group, zonas_2212.shp (id_visum by clave_ageb), received 2026-10-02"
1403900014052,292,,"working group, zonas_2212.shp (id_visum by clave_ageb), received 2026-10-02"
1403900014067,293,,"working group, zonas_2212.shp (id_visum by clave_ageb), received 2026-10-02"
1403900014071,294,,"working group, zonas_2212.shp (id_visum by clave_ageb), received 2026-10-02"
1403900014086,295,,"working group, zonas_2212.shp (id_visum by clave_ageb), received 2026-10-02"
1403900014090,296,,"working group, zonas_2212.shp (id_visum by clave_ageb), received 2026-10-02"
1403900014103,297,,"working group, zonas_2212.shp (id_visum by clave_ageb), received 2026-10-02"
1403900014118,298,,"working group, zonas_2212.shp (id_visum by clave_ageb), received 2026-10-02"
1403900014122,299,,"working group, zonas_2212.shp (id_visum by clave_ageb), received 2026-10-02"
1403900014141,300,,"working group, zonas_2212.shp (id_visum by clave_ageb), received 2026-10-02"
1403900014156,301,,"working group, zonas_2212.shp (id_visum by clave_ageb), received 2026-10-02"
1403900014160,302,,"working group, zonas_2212.shp (id_visum by clave_ageb), received 2026-10-02"
1403900014175,303,,"working group, zonas_2212.shp (id_visum by clave_ageb), received 2026-10-02"
140390001418A,304,,"working group, zonas_2212.shp (id_visum by clave_ageb), received 2026-10-02"
1403900014194,305,,"working group, zonas_2212.shp (id_visum by clave_ageb), received 2026-10-02"
1403900014207,306,,"working group, zonas_2212.shp (id_visum by clave_ageb), received 2026-10-02"
1403900014211,307,,"working group, zonas_2212.shp (id_visum by clave_ageb), received 2026-10-02"
1403900014226,308,,"working group, zonas_2212.shp (id_visum by clave_ageb), received 2026-10-02"
1403900014230,309,,"working group, zonas_2212.shp (id_visum by clave_ageb), received 2026-10-02"
1403900014245,310,,"working group, zonas_2212.shp (id_visum by clave_ageb), received 2026-10-02"
140390001425A,311,,"working group, zonas_2212.shp (id_visum by clave_ageb), received 2026-10-02"
1403900014264,312,,"working group, zonas_2212.shp (id_visum by clave_ageb), received 2026-10-02"
1403900014279,313,,"working group, zonas_2212.shp (id_visum by clave_ageb), received 2026-10-02"
1403900014283,314,,"working group, zonas_2212.shp (id_visum by clave_ageb), received 2026-10-02"
1403900014298,315,,"working group, zonas_2212.shp (id_visum by clave_ageb), received 2026-10-02"
1403900014300,316,,"working group, zonas_2212.shp (id_visum by clave_ageb), received 2026-10-02"
1403900014349,317,,"working group, zonas_2212.shp (id_visum by clave_ageb), received 2026-10-02"
1403900014353,318,,"working group, zonas_2212.shp (id_visum by clave_ageb), received 2026-10-02"
1403900014368,319,,"working group, zonas_2212.shp (id_visum by clave_ageb), received 2026-10-02"
1403900014387,320,,"working group, zonas_2212.shp (id_visum by clave_ageb), received 2026-10-02"
1403900014391,321,,"working group, zonas_2212.shp (id_visum by clave_ageb), received 2026-10-02"
1403900014404,322,,"working group, zonas_2212.shp (id_visum by clave_ageb), received 2026-10-02"
1403900014423,323,,"working group, zonas_2212.shp (id_visum by clave_ageb), received 2026-10-02"
1403900014438,324,,"working group, zonas_2212.shp (id_visum by clave_ageb), received 2026-10-02"
1403900014442,325,,"working group, zonas_2212.shp (id_visum by clave_ageb), received 2026-10-02"
1403900014457,326,,"working group, zonas_2212.shp (id_visum by clave_ageb), received 2026-10-02"
1403900014461,327,,"working group, zonas_2212.shp (id_visum by clave_ageb), received 2026-10-02"
1403900014476,328,,"working group, zonas_2212.shp (id_visum by clave_ageb), received 2026-10-02"
1403900014480,329,,"working group, zonas_2212.shp (id_visum by clave_ageb), received 2026-10-02"
1403900014495,330,,"working group, zonas_2212.shp (id_visum by clave_ageb), received 2026-10-02"
1403900014508,331,,"working group, zonas_2212.shp (id_visum by clave_ageb), received 2026-10-02"
1403900014512,332,,"working group, zonas_2212.shp (id_visum by clave_ageb), received 2026-10-02"
1403900014527,333,,"working group, zonas_2212.shp (id_visum by clave_ageb), received 2026-10-02"
1403900014531,334,,"working group, zonas_2212.shp (id_visum by clave_ageb), received 2026-10-02"
1403900014546,335,,"working group, zonas_2212.shp (id_visum by clave_ageb), received 2026-10-02"
1403900014550,336,,"working group, zonas_2212.shp (id_visum by clave_ageb), received 2026-10-02"
1403900014565,337,,"working group, zonas_2212.shp (id_visum by clave_ageb), received 2026-10-02"
140390001457A,338,,"working group, zonas_2212.shp (id_visum by clave_ageb), received 2026-10-02"
1403900014584,339,,"working group, zonas_2212.shp (id_visum by clave_ageb), received 2026-10-02"
1403900014599,340,,"working group, zonas_2212.shp (id_visum by clave_ageb), received 2026-10-02"
1403900014601,341,,"working group, zonas_2212.shp (id_visum by clave_ageb), received 2026-10-02"
1403900014616,342,,"working group, zonas_2212.shp (id_visum by clave_ageb), received 2026-10-02"
1403900014620,343,,"working group, zonas_2212.shp (id_visum by clave_ageb), received 2026-10-02"
1403900014635,344,,"working group, zonas_2212.shp (id_visum by clave_ageb), received 2026-10-02"
140390001464A,345,,"working group, zonas_2212.shp (id_visum by clave_ageb), received 2026-10-02"
1403900014654,346,,"working group, zonas_2212.shp (id_visum by clave_ageb), received 2026-10-02"
1403900014669,347,,"working group, zonas_2212.shp (id_visum by clave_ageb), received 2026-10-02"
1403900014673,348,,"working group, zonas_2212.shp (id_visum by clave_ageb), received 2026-10-02"
1403900014705,349,,"working group, zonas_2212.shp (id_visum by clave_ageb), received 2026-10-02"
140390001471A,350,,"working group, zonas_2212.shp (id_visum by clave_ageb), received 2026-10-02"
1403900014724,351,,"working group, zonas_2212.shp (id_visum by clave_ageb), received 2026-10-02"
1403900014743,352,,"working group, zonas_2212.shp (id_visum by clave_ageb), received 2026-10-02"
1403900014762,353,,"working group, zonas_2212.shp (id_visum by clave_ageb), received 2026-10-02"
1403900014777,354,,"working group, zonas_2212.shp (id_visum by clave_ageb), received 2026-10-02"
1403900014781,355,,"working group, zonas_2212.shp (id_visum by clave_ageb), received 2026-10-02"
1403900014796,356,,"working group, zonas_2212.shp (id_visum by clave_ageb), received 2026-10-02"
1403900014809,357,,"working group, zonas_2212.shp (id_visum by clave_ageb), received 2026-10-02"
1403900014813,358,,"working group, zonas_2212.shp (id_visum by clave_ageb), received 2026-10-02"
1403900014828,359,,"working group, zonas_2212.shp (id_visum by clave_ageb), received 2026-10-02"
1403900014832,360,,"working group, zonas_2212.shp (id_visum by clave_ageb), received 2026-10-02"
1403900014847,361,,"working group, zonas_2212.shp (id_visum by clave_ageb), received 2026-10-02"
1403900014851,362,,"working group, zonas_2212.shp (id_visum by clave_ageb), received 2026-10-02"
1403900014866,363,,"working group, zonas_2212.shp (id_visum by clave_ageb), received 2026-10-02"
1403900014870,364,,"working group, zonas_2212.shp (id_visum by clave_ageb), received 2026-10-02"
1403900014885,365,,"working group, zonas_2212.shp (id_visum by clave_ageb), received 2026-10-02"
140390001489A,366,,"working group, zonas_2212.shp (id_visum by clave_ageb), received 2026-10-02"
1403900014902,367,,"working group, zonas_2212.shp (id_visum by clave_ageb), received 2026-10-02"
1403900014917,368,,"working group, zonas_2212.shp (id_visum by clave_ageb), received 2026-10-02"
1403900014921,369,,"working group, zonas_2212.shp (id_visum by clave_ageb), received 2026-10-02"
1403900014936,370,,"working group, zonas_2212.shp (id_visum by clave_ageb), received 2026-10-02"
1403900014940,371,,"working group, zonas_2212.shp (id_visum by clave_ageb), received 2026-10-02"
1403900014955,372,,"working group, zonas_2212.shp (id_visum by clave_ageb), received 2026-10-02"
140390001496A,373,,"working group, zonas_2212.shp (id_visum by clave_ageb), received 2026-10-02"
1403900014974,374,,"working group, zonas_2212.shp (id_visum by clave_ageb), received 2026-10-02"
1403900014989,375,,"working group, zonas_2212.shp (id_visum by clave_ageb), received 2026-10-02"
1403900014993,376,,"working group, zonas_2212.shp (id_visum by clave_ageb), received 2026-10-02"
1403900015008,377,,"working group, zonas_2212.shp (id_visum by clave_ageb), received 2026-10-02"
1403900015012,378,,"working group, zonas_2212.shp (id_visum by clave_ageb), received 2026-10-02"
1403900015027,379,,"working group, zonas_2212.shp (id_visum by clave_ageb), received 2026-10-02"
1403900015031,380,,"working group, zonas_2212.shp (id_visum by clave_ageb), received 2026-10-02"
1403900015046,381,,"working group, zonas_2212.shp (id_visum by clave_ageb), received 2026-10-02"
1403900015050,382,,"working group, zonas_2212.shp (id_visum by clave_ageb), received 2026-10-02"
1403900015065,383,,"working group, zonas_2212.shp (id_visum by clave_ageb), received 2026-10-02"
140390001507A,384,,"working group, zonas_2212.shp (id_visum by clave_ageb), received 2026-10-02"
1403900015084,385,,"working group, zonas_2212.shp (id_visum by clave_ageb), received 2026-10-02"
1403900015099,386,,"working group, zonas_2212.shp (id_visum by clave_ageb), received 2026-10-02"
1403900015101,387,,"working group, zonas_2212.shp (id_visum by clave_ageb), received 2026-10-02"
1403900015116,388,,"working group, zonas_2212.shp (id_visum by clave_ageb), received 2026-10-02"
1403900015120,389,,"working group, zonas_2212.shp (id_visum by clave_ageb), received 2026-10-02"
1403900015135,390,,"working group, zonas_2212.shp (id_visum by clave_ageb), received 2026-10-02"
140390001514A,391,,"working group, zonas_2212.shp (id_visum by clave_ageb), received 2026-10-02"
1403900015154,392,,"working group, zonas_2212.shp (id_visum by clave_ageb), received 2026-10-02"
1403900015169,393,,"working group, zonas_2212.shp (id_visum by clave_ageb), received 2026-10-02"
1403900015173,394,,"working group, zonas_2212.shp (id_visum by clave_ageb), received 2026-10-02"
1403900015188,395,,"working group, zonas_2212.shp (id_visum by clave_ageb), received 2026-10-02"
1403900015192,396,,"working group, zonas_2212.shp (id_visum by clave_ageb), received 2026-10-02"
1403900015205,397,,"working group, zonas_2212.shp (id_visum by clave_ageb), received 2026-10-02"
140390001521A,398,,"working group, zonas_2212.shp (id_visum by clave_ageb), received 2026-10-02"
1403900015224,399,,"working group, zonas_2212.shp (id_visum by clave_ageb), received 2026-10-02"
1403900015243,400,,"working group, zonas_2212.shp (id_visum by clave_ageb), received 2026-10-02"
1403900015258,401,,"working group, zonas_2212.shp (id_visum by clave_ageb), received 2026-10-02"
1403900015262,402,,"working group, zonas_2212.shp (id_visum by clave_ageb), received 2026-10-02"
1403900015277,403,,"working group, zonas_2212.shp (id_visum by clave_ageb), received 2026-10-02"
1403900015281,404,,"working group, zonas_2212.shp (id_visum by clave_ageb), received 2026-10-02"
1403900015296,405,,"working group, zonas_2212.shp (id_visum by clave_ageb), received 2026-10-02"
1403900015309,406,,"working group, zonas_2212.shp (id_visum by clave_ageb), received 2026-10-02"
1403900015313,407,,"working group, zonas_2212.shp (id_visum by clave_ageb), received 2026-10-02"
1403900015328,408,,"working group, zonas_2212.shp (id_visum by clave_ageb), received 2026-10-02"
1403900015332,409,,"working group, zonas_2212.shp (id_visum by clave_ageb), received 2026-10-02"
1403900015347,410,,"working group, zonas_2212.shp (id_visum by clave_ageb), received 2026-10-02"
1403900015351,411,,"working group, zonas_2212.shp (id_visum by clave_ageb), received 2026-10-02"
1403900015366,412,,"working group, zonas_2212.shp (id_visum by clave_ageb), received 2026-10-02"
1403900015370,413,,"working group, zonas_2212.shp (id_visum by clave_ageb), received 2026-10-02"
1403900015385,414,,"working group, zonas_2212.shp (id_visum by clave_ageb), received 2026-10-02"
140390001539A,415,,"working group, zonas_2212.shp (id_visum by clave_ageb), received 2026-10-02"
1403900015402,416,,"working group, zonas_2212.shp (id_visum by clave_ageb), received 2026-10-02"
1403900015417,417,,"working group, zonas_2212.shp (id_visum by clave_ageb), received 2026-10-02"
1403900015421,418,,"working group, zonas_2212.shp (id_visum by clave_ageb), received 2026-10-02"
1403900015436,419,,"working group, zonas_2212.shp (id_visum by clave_ageb), received 2026-10-02"
1403900015440,420,,"working group, zonas_2212.shp (id_visum by clave_ageb), received 2026-10-02"
140390001546A,421,,"working group, zonas_2212.shp (id_visum by clave_ageb), received 2026-10-02"
1403900015474,422,,"working group, zonas_2212.shp (id_visum by clave_ageb), received 2026-10-02"
1403900015489,423,,"working group, zonas_2212.shp (id_visum by clave_ageb), received 2026-10-02"
1403900015493,424,,"working group, zonas_2212.shp (id_visum by clave_ageb), received 2026-10-02"
1403900015506,425,,"working group, zonas_2212.shp (id_visum by clave_ageb), received 2026-10-02"
1403900015510,426,,"working group, zonas_2212.shp (id_visum by clave_ageb), received 2026-10-02"
1403900015525,427,,"working group, zonas_2212.shp (id_visum by clave_ageb), received 2026-10-02"
140390001553A,428,,"working group, zonas_2212.shp (id_visum by clave_ageb), received 2026-10-02"
1403900015544,429,,"working group, zonas_2212.shp (id_visum by clave_ageb), received 2026-10-02"
1403900015559,430,,"working group, zonas_2212.shp (id_visum by clave_ageb), received 2026-10-02"
1403900015563,431,,"working group, zonas_2212.shp (id_visum by clave_ageb), received 2026-10-02"
1403900015578,432,,"working group, zonas_2212.shp (id_visum by clave_ageb), received 2026-10-02"
1403900015582,433,,"working group, zonas_2212.shp (id_visum by clave_ageb), received 2026-10-02"
1403900015597,434,,"working group, zonas_2212.shp (id_visum by clave_ageb), received 2026-10-02"
140390001560A,435,,"working group, zonas_2212.shp (id_visum by clave_ageb), received 2026-10-02"
1403900015614,436,,"working group, zonas_2212.shp (id_visum by clave_ageb), received 2026-10-02"
1403900015629,437,,"working group, zonas_2212.shp (id_visum by clave_ageb), received 2026-10-02"
1403900015633,438,,"working group, zonas_2212.shp (id_visum by clave_ageb), received 2026-10-02"
1403900015648,439,,"working group, zonas_2212.shp (id_visum by clave_ageb), received 2026-10-02"
1403900015652,440,,"working group, zonas_2212.shp (id_visum by clave_ageb), received 2026-10-02"
1403900015667,441,,"working group, zonas_2212.shp (id_visum by clave_ageb), received 2026-10-02"
1403900015671,442,,"working group, zonas_2212.shp (id_visum by clave_ageb), received 2026-10-02"
140392874,900,,"working group, zonas_2212.shp (id_visum by clave_ageb), received 2026-10-02"
1404400010064,1001,,"working group, zonas_2212.shp (id_visum by clave_ageb), received 2026-10-02"
1404400010079,1002,,"working group, zonas_2212.shp (id_visum by clave_ageb), received 2026-10-02"
1404400010083,1003,,"working group, zonas_2212.shp (id_visum by clave_ageb), received 2026-10-02"
1404400010098,1004,,"working group, zonas_2212.shp (id_visum by clave_ageb), received 2026-10-02"
1404400010100,1005,,"working group, zonas_2212.shp (id_visum by clave_ageb), received 2026-10-02"
1404400010280,1006,,"working group, zonas_2212.shp (id_visum by clave_ageb), received 2026-10-02"
1404400010295,1007,,"working group, zonas_2212.shp (id_visum by clave_ageb), received 2026-10-02"
1404400010308,1008,,"working group, zonas_2212.shp (id_visum by clave_ageb), received 2026-10-02"
1404400010312,1009,,"working group, zonas_2212.shp (id_visum by clave_ageb), received 2026-10-02"
1404400010327,1010,,"working group, zonas_2212.shp (id_visum by clave_ageb), received 2026-10-02"
1404400010331,1011,,"working group, zonas_2212.shp (id_visum by clave_ageb), received 2026-10-02"
1404400010365,1012,,"working group, zonas_2212.shp (id_visum by clave_ageb), received 2026-10-02"
140440002005A,1013,,"working group, zonas_2212.shp (id_visum by clave_ageb), received 2026-10-02"
1404400020115,1014,,"working group, zonas_2212.shp (id_visum by clave_ageb), received 2026-10-02"
140440002012A,1015,,"working group, zonas_2212.shp (id_visum by clave_ageb), received 2026-10-02"
1404400020134,1016,,"working group, zonas_2212.shp (id_visum by clave_ageb), received 2026-10-02"
1404400020149,1017,,"working group, zonas_2212.shp (id_visum by clave_ageb), received 2026-10-02"
1404400020153,1018,,"working group, zonas_2212.shp (id_visum by clave_ageb), received 2026-10-02"
1404400020168,1019,,"working group, zonas_2212.shp (id_visum by clave_ageb), received 2026-10-02"
1404400020172,1020,,"working group, zonas_2212.shp (id_visum by clave_ageb), received 2026-10-02"
1404400020187,1021,,"working group, zonas_2212.shp (id_visum by clave_ageb), received 2026-10-02"
1404400020346,1022,,"working group, zonas_2212.shp (id_visum by clave_ageb), received 2026-10-02"
1404400020350,1023,,"working group, zonas_2212.shp (id_visum by clave_ageb), received 2026-10-02"
1404400050257,1024,,"working group, zonas_2212.shp (id_visum by clave_ageb), received 2026-10-02"
1404400050261,1025,,"working group, zonas_2212.shp (id_visum by clave_ageb), received 2026-10-02"
1404400050276,1026,,"working group, zonas_2212.shp (id_visum by clave_ageb), received 2026-10-02"
1404400100223,1027,,"working group, zonas_2212.shp (id_visum by clave_ageb), received 2026-10-02"
1404400100238,1028,,"working group, zonas_2212.shp (id_visum by clave_ageb), received 2026-10-02"
1404400100242,1029,,"working group, zonas_2212.shp (id_visum by clave_ageb), received 2026-10-02"
140440010037A,1030,,"working group, zonas_2212.shp (id_visum by clave_ageb), received 2026-10-02"
1404400540401,1031,,"working group, zonas_2212.shp (id_visum by clave_ageb), received 2026-10-02"
1404400540416,1032,,"working group, zonas_2212.shp (id_visum by clave_ageb), received 2026-10-02"
1404400540420,1033,,"working group, zonas_2212.shp (id_visum by clave_ageb), received 2026-10-02"
1404400540435,1034,,"working group, zonas_2212.shp (id_visum by clave_ageb), received 2026-10-02"
1404401700219,1035,,"working group, zonas_2212.shp (id_visum by clave_ageb), received 2026-10-02"
1404401700384,1036,,"working group, zonas_2212.shp (id_visum by clave_ageb), received 2026-10-02"
1404401700399,1037,,"working group, zonas_2212.shp (id_visum by clave_ageb), received 2026-10-02"
140440011,1900,,"working group, zonas_2212.shp (id_visum by clave_ageb), received 2026-10-02"
140440026,1901,,"working group, zonas_2212.shp (id_visum by clave_ageb), received 2026-10-02"
140510001004A,2001,,"working group, zonas_2212.shp (id_visum by clave_ageb), received 2026-10-02"
1405100010054,2002,,"working group, zonas_2212.shp (id_visum by clave_ageb), received 2026-10-02"
1405100010069,2003,,"working group, zonas_2212.shp (id_visum by clave_ageb), received 2026-10-02"
1405100010073,2004,,"working group, zonas_2212.shp (id_visum by clave_ageb), received 2026-10-02"
1405100010088,2005,,"working group, zonas_2212.shp (id_visum by clave_ageb), received 2026-10-02"
1405100010092,2006,,"working group, zonas_2212.shp (id_visum by clave_ageb), received 2026-10-02"
1405100010105,2007,,"working group, zonas_2212.shp (id_visum by clave_ageb), received 2026-10-02"
140510001011A,2008,,"working group, zonas_2212.shp (id_visum by clave_ageb), received 2026-10-02"
1405100010124,2009,,"working group, zonas_2212.shp (id_visum by clave_ageb), received 2026-10-02"
1405100010139,2010,,"working group, zonas_2212.shp (id_visum by clave_ageb), received 2026-10-02"
1405100010143,2011,,"working group, zonas_2212.shp (id_visum by clave_ageb), received 2026-10-02"
1405100010158,2012,,"working group, zonas_2212.shp (id_visum by clave_ageb), received 2026-10-02"
1405100010162,2013,,"working group, zonas_2212.shp (id_visum by clave_ageb), received 2026-10-02"
1405100010177,2014,,"working group, zonas_2212.shp (id_visum by clave_ageb), received 2026-10-02"
1405100020181,2015,,"working group, zonas_2212.shp (id_visum by clave_ageb), received 2026-10-02"
1405100020196,2016,,"working group, zonas_2212.shp (id_visum by clave_ageb), received 2026-10-02"
1405100020209,2017,,"working group, zonas_2212.shp (id_visum by clave_ageb), received 2026-10-02"
1405100020213,2018,,"working group, zonas_2212.shp (id_visum by clave_ageb), received 2026-10-02"
140510016,2900,,"working group, zonas_2212.shp (id_visum by clave_ageb), received 2026-10-02"
140510035,2901,,"working group, zonas_2212.shp (id_visum by clave_ageb), received 2026-10-02"
1407000010030,3001,,"working group, zonas_2212.shp (id_visum by clave_ageb), received 2026-10-02"
1407000010045,3002,,"working group, zonas_2212.shp (id_visum by clave_ageb), received 2026-10-02"
1407000010098,3003,,"working group, zonas_2212.shp (id_visum by clave_ageb), received 2026-10-02"
1407000010100,3004,,"working group, zonas_2212.shp (id_visum by clave_ageb), received 2026-10-02"
1407000010115,3005,,"working group, zonas_2212.shp (id_visum by clave_ageb), received 2026-10-02"
140700001012A,3006,,"working group, zonas_2212.shp (id_visum by clave_ageb), received 2026-10-02"
1407000010134,3007,,"working group, zonas_2212.shp (id_visum by clave_ageb), received 2026-10-02"
140700001037A,3008,,"working group, zonas_2212.shp (id_visum by clave_ageb), received 2026-10-02"
1407000010384,3009,,"working group, zonas_2212.shp (id_visum by clave_ageb), received 2026-10-02"
1407000010399,3010,,"working group, zonas_2212.shp (id_visum by clave_ageb), received 2026-10-02"
1407000010539,3011,,"working group, zonas_2212.shp (id_visum by clave_ageb), received 2026-10-02"
1407000010581,3012,,"working group, zonas_2212.shp (id_visum by clave_ageb), received 2026-10-02"
1407000010685,3013,,"working group, zonas_2212.shp (id_visum by clave_ageb), received 2026-10-02"
140700001069A,3014,,"working group, zonas_2212.shp (id_visum by clave_ageb), received 2026-10-02"
1407000010702,3015,,"working group, zonas_2212.shp (id_visum by clave_ageb), received 2026-10-02"
1407000010717,3016,,"working group, zonas_2212.shp (id_visum by clave_ageb), received 2026-10-02"
1407000010914,3017,,"working group, zonas_2212.shp (id_visum by clave_ageb), received 2026-10-02"
1407000010929,3018,,"working group, zonas_2212.shp (id_visum by clave_ageb), received 2026-10-02"
1407000011043,3019,,"working group, zonas_2212.shp (id_visum by clave_ageb), received 2026-10-02"
1407000011058,3020,,"working group, zonas_2212.shp (id_visum by clave_ageb), received 2026-10-02"
1407000011062,3021,,"working group, zonas_2212.shp (id_visum by clave_ageb), received 2026-10-02"
1407000011217,3022,,"working group, zonas_2212.shp (id_visum by clave_ageb), received 2026-10-02"
1407000011240,3023,,"working group, zonas_2212.shp (id_visum by clave_ageb), received 2026-10-02"
1407000011274,3024,,"working group, zonas_2212.shp (id_visum by clave_ageb), received 2026-10-02"
1407000011289,3025,,"working group, zonas_2212.shp (id_visum by clave_ageb), received 2026-10-02"
1407000011503,3026,,"working group, zonas_2212.shp (id_visum by clave_ageb), received 2026-10-02"
140700013005A,3027,,"working group, zonas_2212.shp (id_visum by clave_ageb), received 2026-10-02"
1407000130083,3028,,"working group, zonas_2212.shp (id_visum by clave_ageb), received 2026-10-02"
1407000130238,3029,,"working group, zonas_2212.shp (id_visum by clave_ageb), received 2026-10-02"
1407000130327,3030,,"working group, zonas_2212.shp (id_visum by clave_ageb), received 2026-10-02"
1407000130350,3031,,"working group, zonas_2212.shp (id_visum by clave_ageb), received 2026-10-02"
1407000130365,3032,,"working group, zonas_2212.shp (id_visum by clave_ageb), received 2026-10-02"
1407000130401,3033,,"working group, zonas_2212.shp (id_visum by clave_ageb), received 2026-10-02"
1407000130416,3034,,"working group, zonas_2212.shp (id_visum by clave_ageb), received 2026-10-02"
1407000130420,3035,,"working group, zonas_2212.shp (id_visum by clave_ageb), received 2026-10-02"
1407000130435,3036,,"working group, zonas_2212.shp (id_visum by clave_ageb), received 2026-10-02"
1407000130596,3037,,"working group, zonas_2212.shp (id_visum by clave_ageb), received 2026-10-02"
1407000131429,3038,,"working group, zonas_2212.shp (id_visum by clave_ageb), received 2026-10-02"
1407000131433,3039,,"working group, zonas_2212.shp (id_visum by clave_ageb), received 2026-10-02"
1407000131448,3040,,"working group, zonas_2212.shp (id_visum by clave_ageb), received 2026-10-02"
1407000131452,3041,,"working group, zonas_2212.shp (id_visum by clave_ageb), received 2026-10-02"
1407000131471,3042,,"working group, zonas_2212.shp (id_visum by clave_ageb), received 2026-10-02"
1407000131486,3043,,"working group, zonas_2212.shp (id_visum by clave_ageb), received 2026-10-02"
1407000140219,3044,,"working group, zonas_2212.shp (id_visum by clave_ageb), received 2026-10-02"
1407000140223,3045,,"working group, zonas_2212.shp (id_visum by clave_ageb), received 2026-10-02"
1407000140276,3046,,"working group, zonas_2212.shp (id_visum by clave_ageb), received 2026-10-02"
1407000140280,3047,,"working group, zonas_2212.shp (id_visum by clave_ageb), received 2026-10-02"
1407000140346,3048,,"working group, zonas_2212.shp (id_visum by clave_ageb), received 2026-10-02"
140700014044A,3049,,"working group, zonas_2212.shp (id_visum by clave_ageb), received 2026-10-02"
1407000140454,3050,,"working group, zonas_2212.shp (id_visum by clave_ageb), received 2026-10-02"
1407000140469,3051,,"working group, zonas_2212.shp (id_visum by clave_ageb), received 2026-10-02"
1407000140473,3052,,"working group, zonas_2212.shp (id_visum by clave_ageb), received 2026-10-02"
1407000140488,3053,,"working group, zonas_2212.shp (id_visum by clave_ageb), received 2026-10-02"
1407000140543,3054,,"working group, zonas_2212.shp (id_visum by clave_ageb), received 2026-10-02"
1407000140558,3055,,"working group, zonas_2212.shp (id_visum by clave_ageb), received 2026-10-02"
1407000140609,3056,,"working group, zonas_2212.shp (id_visum by clave_ageb), received 2026-10-02"
1407000140774,3057,,"working group, zonas_2212.shp (id_visum by clave_ageb), received 2026-10-02"
1407000140810,3058,,"working group, zonas_2212.shp (id_visum by clave_ageb), received 2026-10-02"
1407000140825,3059,,"working group, zonas_2212.shp (id_visum by clave_ageb), received 2026-10-02"
140700014083A,3060,,"working group, zonas_2212.shp (id_visum by clave_ageb), received 2026-10-02"
1407000140844,3061,,"working group, zonas_2212.shp (id_visum by clave_ageb), received 2026-10-02"
1407000140859,3062,,"working group, zonas_2212.shp (id_visum by clave_ageb), received 2026-10-02"
1407000140948,3063,,"working group, zonas_2212.shp (id_visum by clave_ageb), received 2026-10-02"
1407000141077,3064,,"working group, zonas_2212.shp (id_visum by clave_ageb), received 2026-10-02"
1407000200079,3065,,"working group, zonas_2212.shp (id_visum by clave_ageb), received 2026-10-02"
1407000200191,3066,,"working group, zonas_2212.shp (id_visum by clave_ageb), received 2026-10-02"
1407000200204,3067,,"working group, zonas_2212.shp (id_visum by clave_ageb), received 2026-10-02"
1407000200242,3068,,"working group, zonas_2212.shp (id_visum by clave_ageb), received 2026-10-02"
1407000200257,3069,,"working group, zonas_2212.shp (id_visum by clave_ageb), received 2026-10-02"
1407000200261,3070,,"working group, zonas_2212.shp (id_visum by clave_ageb), received 2026-10-02"
1407000200613,3071,,"working group, zonas_2212.shp (id_visum by clave_ageb), received 2026-10-02"
1407000200789,3072,,"working group, zonas_2212.shp (id_visum by clave_ageb), received 2026-10-02"
1407000200793,3073,,"working group, zonas_2212.shp (id_visum by clave_ageb), received 2026-10-02"
1407000200933,3074,,"working group, zonas_2212.shp (id_visum by clave_ageb), received 2026-10-02"
1407000201221,3075,,"working group, zonas_2212.shp (id_visum by clave_ageb), received 2026-10-02"
1407000201236,3076,,"working group, zonas_2212.shp (id_visum by clave_ageb), received 2026-10-02"
1407000201255,3077,,"working group, zonas_2212.shp (id_visum by clave_ageb), received 2026-10-02"
140700020126A,3078,,"working group, zonas_2212.shp (id_visum by clave_ageb), received 2026-10-02"
1407000201382,3079,,"working group, zonas_2212.shp (id_visum by clave_ageb), received 2026-10-02"
1407000201397,3080,,"working group, zonas_2212.shp (id_visum by clave_ageb), received 2026-10-02"
1407000210721,3081,,"working group, zonas_2212.shp (id_visum by clave_ageb), received 2026-10-02"
1407000210736,3082,,"working group, zonas_2212.shp (id_visum by clave_ageb), received 2026-10-02"
1407000210740,3083,,"working group, zonas_2212.shp (id_visum by clave_ageb), received 2026-10-02"
1407000210755,3084,,"working group, zonas_2212.shp (id_visum by clave_ageb), received 2026-10-02"
140700021076A,3085,,"working group, zonas_2212.shp (id_visum by clave_ageb), received 2026-10-02"
1407000210967,3086,,"working group, zonas_2212.shp (id_visum by clave_ageb), received 2026-10-02"
1407000211005,3087,,"working group, zonas_2212.shp (id_visum by clave_ageb), received 2026-10-02"
140700021101A,3088,,"working group, zonas_2212.shp (id_visum by clave_ageb), received 2026-10-02"
1407000211096,3089,,"working group, zonas_2212.shp (id_visum by clave_ageb), received 2026-10-02"
1407000211109,3090,,"working group, zonas_2212.shp (id_visum by clave_ageb), received 2026-10-02"
1407000211113,3091,,"working group, zonas_2212.shp (id_visum by clave_ageb), received 2026-10-02"
1407000211128,3092,,"working group, zonas_2212.shp (id_visum by clave_ageb), received 2026-10-02"
1407000211151,3093,,"working group, zonas_2212.shp (id_visum by clave_ageb), received 2026-10-02"
1407000211185,3094,,"working group, zonas_2212.shp (id_visum by clave_ageb), received 2026-10-02"
140700021119A,3095,,"working group, zonas_2212.shp (id_visum by clave_ageb), received 2026-10-02"
1407000430295,3096,,"working group, zonas_2212.shp (id_visum by clave_ageb), received 2026-10-02"
1407000430308,3097,,"working group, zonas_2212.shp (id_visum by clave_ageb), received 2026-10-02"
1407000430492,3098,,"working group, zonas_2212.shp (id_visum by clave_ageb), received 2026-10-02"
1407000430505,3099,,"working group, zonas_2212.shp (id_visum by clave_ageb), received 2026-10-02"
1407000430628,3100,,"working group, zonas_2212.shp (id_visum by clave_ageb), received 2026-10-02"
1407000430632,3101,,"working group, zonas_2212.shp (id_visum by clave_ageb), received 2026-10-02"
1407000430647,3102,,"working group, zonas_2212.shp (id_visum by clave_ageb), received 2026-10-02"
1407000430651,3103,,"working group, zonas_2212.shp (id_visum by clave_ageb), received 2026-10-02"
1407000430666,3104,,"working group, zonas_2212.shp (id_visum by clave_ageb), received 2026-10-02"
1407000430806,3105,,"working group, zonas_2212.shp (id_visum by clave_ageb), received 2026-10-02"
1407000430897,3106,,"working group, zonas_2212.shp (id_visum by clave_ageb), received 2026-10-02"
140700043090A,3107,,"working group, zonas_2212.shp (id_visum by clave_ageb), received 2026-10-02"
1407000430971,3108,,"working group, zonas_2212.shp (id_visum by clave_ageb), received 2026-10-02"
1407000430986,3109,,"working group, zonas_2212.shp (id_visum by clave_ageb), received 2026-10-02"
1407000430990,3110,,"working group, zonas_2212.shp (id_visum by clave_ageb), received 2026-10-02"
1407000431024,3111,,"working group, zonas_2212.shp (id_visum by clave_ageb), received 2026-10-02"
1407000431039,3112,,"working group, zonas_2212.shp (id_visum by clave_ageb), received 2026-10-02"
1407000431081,3113,,"working group, zonas_2212.shp (id_visum by clave_ageb), received 2026-10-02"
1407000431132,3114,,"working group, zonas_2212.shp (id_visum by clave_ageb), received 2026-10-02"
1407000431147,3115,,"working group, zonas_2212.shp (id_visum by clave_ageb), received 2026-10-02"
1407000431202,3116,,"working group, zonas_2212.shp (id_visum by clave_ageb), received 2026-10-02"
1407000641293,3117,,"working group, zonas_2212.shp (id_visum by clave_ageb), received 2026-10-02"
1407000641306,3118,,"working group, zonas_2212.shp (id_visum by clave_ageb), received 2026-10-02"
1407001111310,3119,,"working group, zonas_2212.shp (id_visum by clave_ageb), received 2026-10-02"
1407001111325,3120,,"working group, zonas_2212.shp (id_visum by clave_ageb), received 2026-10-02"
140700111133A,3121,,"working group, zonas_2212.shp (id_visum by clave_ageb), received 2026-10-02"
1407001111344,3122,,"working group, zonas_2212.shp (id_visum by clave_ageb), received 2026-10-02"
1407001111359,3123,,"working group, zonas_2212.shp (id_visum by clave_ageb), received 2026-10-02"
1407001111363,3124,,"working group, zonas_2212.shp (id_visum by clave_ageb), received 2026-10-02"
1407001111378,3125,,"working group, zonas_2212.shp (id_visum by clave_ageb), received 2026-10-02"
1407001111490,3126,,"working group, zonas_2212.shp (id_visum by clave_ageb), received 2026-10-02"
1407001211518,3127,,"working group, zonas_2212.shp (id_visum by clave_ageb), received 2026-10-02"
140701166,3901,,"working group, zonas_2212.shp (id_visum by clave_ageb), received 2026-10-02"
140701170,3902,,"working group, zonas_2212.shp (id_visum by clave_ageb), received 2026-10-02"
14070140A,3903,,"working group, zonas_2212.shp (id_visum by clave_ageb), received 2026-10-02"
140701414,3904,,"working group, zonas_2212.shp (id_visum by clave_ageb), received 2026-10-02"
140701467,3905,,"working group, zonas_2212.shp (id_visum by clave_ageb), received 2026-10-02"
1409700010195,5001,,"working group, zonas_2212.shp (id_visum by clave_ageb), received 2026-10-02"
1409700010208,5002,,"working group, zonas_2212.shp (id_visum by clave_ageb), received 2026-10-02"
1409700010212,5003,,"working group, zonas_2212.shp (id_visum by clave_ageb), received 2026-10-02"
1409700010513,5004,,"working group, zonas_2212.shp (id_visum by clave_ageb), received 2026-10-02"
1409700010528,5005,,"working group, zonas_2212.shp (id_visum by clave_ageb), received 2026-10-02"
1409700010532,5006,,"working group, zonas_2212.shp (id_visum by clave_ageb), received 2026-10-02"
1409700010566,5007,,"working group, zonas_2212.shp (id_visum by clave_ageb), received 2026-10-02"
1409700010636,5008,,"working group, zonas_2212.shp (id_visum by clave_ageb), received 2026-10-02"
1409700010918,5009,,"working group, zonas_2212.shp (id_visum by clave_ageb), received 2026-10-02"
1409700010922,5010,,"working group, zonas_2212.shp (id_visum by clave_ageb), received 2026-10-02"
1409700010937,5011,,"working group, zonas_2212.shp (id_visum by clave_ageb), received 2026-10-02"
1409700010941,5012,,"working group, zonas_2212.shp (id_visum by clave_ageb), received 2026-10-02"
1409700011085,5013,,"working group, zonas_2212.shp (id_visum by clave_ageb), received 2026-10-02"
140970001109A,5014,,"working group, zonas_2212.shp (id_visum by clave_ageb), received 2026-10-02"
1409700011102,5015,,"working group, zonas_2212.shp (id_visum by clave_ageb), received 2026-10-02"
1409700011117,5016,,"working group, zonas_2212.shp (id_visum by clave_ageb), received 2026-10-02"
1409700011121,5017,,"working group, zonas_2212.shp (id_visum by clave_ageb), received 2026-10-02"
1409700011136,5018,,"working group, zonas_2212.shp (id_visum by clave_ageb), received 2026-10-02"
1409700011371,5019,,"working group, zonas_2212.shp (id_visum by clave_ageb), received 2026-10-02"
1409700011386,5020,,"working group, zonas_2212.shp (id_visum by clave_ageb), received 2026-10-02"
1409700012098,5021,,"working group, zonas_2212.shp (id_visum by clave_ageb), received 2026-10-02"
1409700012100,5022,,"working group, zonas_2212.shp (id_visum by clave_ageb), received 2026-10-02"
1409700012115,5023,,"working group, zonas_2212.shp (id_visum by clave_ageb), received 2026-10-02"
140970001212A,5024,,"working group, zonas_2212.shp (id_visum by clave_ageb), received 2026-10-02"
1409700012134,5025,,"working group, zonas_2212.shp (id_visum by clave_ageb), received 2026-10-02"
1409700012331,5026,,"working group, zonas_2212.shp (id_visum by clave_ageb), received 2026-10-02"
1409700012346,5027,,"working group, zonas_2212.shp (id_visum by clave_ageb), received 2026-10-02"
1409700012488,5028,,"working group, zonas_2212.shp (id_visum by clave_ageb), received 2026-10-02"
1409700013096,5029,,"working group, zonas_2212.shp (id_visum by clave_ageb), received 2026-10-02"
1409700013109,5030,,"working group, zonas_2212.shp (id_visum by clave_ageb), received 2026-10-02"
1409700013113,5031,,"working group, zonas_2212.shp (id_visum by clave_ageb), received 2026-10-02"
1409700013128,5032,,"working group, zonas_2212.shp (id_visum by clave_ageb), received 2026-10-02"
1409700013132,5033,,"working group, zonas_2212.shp (id_visum by clave_ageb), received 2026-10-02"
1409700013626,5034,,"working group, zonas_2212.shp (id_visum by clave_ageb), received 2026-10-02"
1409700050335,5035,,"working group, zonas_2212.shp (id_visum by clave_ageb), received 2026-10-02"
140970005034A,5036,,"working group, zonas_2212.shp (id_visum by clave_ageb), received 2026-10-02"
1409700050640,5037,,"working group, zonas_2212.shp (id_visum by clave_ageb), received 2026-10-02"
1409700050655,5038,,"working group, zonas_2212.shp (id_visum by clave_ageb), received 2026-10-02"
140970005066A,5039,,"working group, zonas_2212.shp (id_visum by clave_ageb), received 2026-10-02"
1409700051314,5040,,"working group, zonas_2212.shp (id_visum by clave_ageb), received 2026-10-02"
1409700051329,5041,,"working group, zonas_2212.shp (id_visum by clave_ageb), received 2026-10-02"
1409700052581,5042,,"working group, zonas_2212.shp (id_visum by clave_ageb), received 2026-10-02"
1409700053147,5043,,"working group, zonas_2212.shp (id_visum by clave_ageb), received 2026-10-02"
1409700053151,5044,,"working group, zonas_2212.shp (id_visum by clave_ageb), received 2026-10-02"
1409700053166,5045,,"working group, zonas_2212.shp (id_visum by clave_ageb), received 2026-10-02"
1409700053170,5046,,"working group, zonas_2212.shp (id_visum by clave_ageb), received 2026-10-02"
1409700053503,5047,,"working group, zonas_2212.shp (id_visum by clave_ageb), received 2026-10-02"
1409700053518,5048,,"working group, zonas_2212.shp (id_visum by clave_ageb), received 2026-10-02"
1409700053575,5049,,"working group, zonas_2212.shp (id_visum by clave_ageb), received 2026-10-02"
1409700053768,5050,,"working group, zonas_2212.shp (id_visum by clave_ageb), received 2026-10-02"
1409700092810,5051,,"working group, zonas_2212.shp (id_visum by clave_ageb), received 2026-10-02"
1409700092825,5052,,"working group, zonas_2212.shp (id_visum by clave_ageb), received 2026-10-02"
140970009283A,5053,,"working group, zonas_2212.shp (id_visum by clave_ageb), received 2026-10-02"
1409700092844,5054,,"working group, zonas_2212.shp (id_visum by clave_ageb), received 2026-10-02"
1409700092859,5055,,"working group, zonas_2212.shp (id_visum by clave_ageb), received 2026-10-02"
1409700092863,5056,,"working group, zonas_2212.shp (id_visum by clave_ageb), received 2026-10-02"
1409700092878,5057,,"working group, zonas_2212.shp (id_visum by clave_ageb), received 2026-10-02"
1409700092882,5058,,"working group, zonas_2212.shp (id_visum by clave_ageb), received 2026-10-02"
1409700092897,5059,,"working group, zonas_2212.shp (id_visum by clave_ageb), received 2026-10-02"
1409700150227,5060,,"working group, zonas_2212.shp (id_visum by clave_ageb), received 2026-10-02"
1409700150674,5061,,"working group, zonas_2212.shp (id_visum by clave_ageb), received 2026-10-02"
1409700150689,5062,,"working group, zonas_2212.shp (id_visum by clave_ageb), received 2026-10-02"
1409700150693,5063,,"working group, zonas_2212.shp (id_visum by clave_ageb), received 2026-10-02"
1409700150706,5064,,"working group, zonas_2212.shp (id_visum by clave_ageb), received 2026-10-02"
1409700150710,5065,,"working group, zonas_2212.shp (id_visum by clave_ageb), received 2026-10-02"
1409700150725,5066,,"working group, zonas_2212.shp (id_visum by clave_ageb), received 2026-10-02"
1409700150956,5067,,"working group, zonas_2212.shp (id_visum by clave_ageb), received 2026-10-02"
1409700150960,5068,,"working group, zonas_2212.shp (id_visum by clave_ageb), received 2026-10-02"
1409700151333,5069,,"working group, zonas_2212.shp (id_visum by clave_ageb), received 2026-10-02"
1409700151348,5070,,"working group, zonas_2212.shp (id_visum by clave_ageb), received 2026-10-02"
1409700151723,5071,,"working group, zonas_2212.shp (id_visum by clave_ageb), received 2026-10-02"
1409700151738,5072,,"working group, zonas_2212.shp (id_visum by clave_ageb), received 2026-10-02"
1409700152064,5073,,"working group, zonas_2212.shp (id_visum by clave_ageb), received 2026-10-02"
1409700152492,5074,,"working group, zonas_2212.shp (id_visum by clave_ageb), received 2026-10-02"
1409700152539,5075,,"working group, zonas_2212.shp (id_visum by clave_ageb), received 2026-10-02"
1409700153185,5076,,"working group, zonas_2212.shp (id_visum by clave_ageb), received 2026-10-02"
140970015319A,5077,,"working group, zonas_2212.shp (id_visum by clave_ageb), received 2026-10-02"
1409700201013,5078,,"working group, zonas_2212.shp (id_visum by clave_ageb), received 2026-10-02"
1409700213838,5079,,"working group, zonas_2212.shp (id_visum by clave_ageb), received 2026-10-02"
1409700213842,5080,,"working group, zonas_2212.shp (id_visum by clave_ageb), received 2026-10-02"
1409700213857,5081,,"working group, zonas_2212.shp (id_visum by clave_ageb), received 2026-10-02"
1409700232755,5082,,"working group, zonas_2212.shp (id_visum by clave_ageb), received 2026-10-02"
140970023276A,5083,,"working group, zonas_2212.shp (id_visum by clave_ageb), received 2026-10-02"
1409700233202,5084,,"working group, zonas_2212.shp (id_visum by clave_ageb), received 2026-10-02"
1409700250299,5085,,"working group, zonas_2212.shp (id_visum by clave_ageb), received 2026-10-02"
1409700250354,5086,,"working group, zonas_2212.shp (id_visum by clave_ageb), received 2026-10-02"
1409700250369,5087,,"working group, zonas_2212.shp (id_visum by clave_ageb), received 2026-10-02"
1409700250458,5088,,"working group, zonas_2212.shp (id_visum by clave_ageb), received 2026-10-02"
1409700250462,5089,,"working group, zonas_2212.shp (id_visum by clave_ageb), received 2026-10-02"
1409700250477,5090,,"working group, zonas_2212.shp (id_visum by clave_ageb), received 2026-10-02"
140970025073A,5091,,"working group, zonas_2212.shp (id_visum by clave_ageb), received 2026-10-02"
1409700250759,5092,,"working group, zonas_2212.shp (id_visum by clave_ageb), received 2026-10-02"
1409700250763,5093,,"working group, zonas_2212.shp (id_visum by clave_ageb), received 2026-10-02"
1409700250778,5094,,"working group, zonas_2212.shp (id_visum by clave_ageb), received 2026-10-02"
1409700250782,5095,,"working group, zonas_2212.shp (id_visum by clave_ageb), received 2026-10-02"
1409700250797,5096,,"working group, zonas_2212.shp (id_visum by clave_ageb), received 2026-10-02"
140970025080A,5097,,"working group, zonas_2212.shp (id_visum by clave_ageb), received 2026-10-02"
1409700250814,5098,,"working group, zonas_2212.shp (id_visum by clave_ageb), received 2026-10-02"
1409700250994,5099,,"working group, zonas_2212.shp (id_visum by clave_ageb), received 2026-10-02"
1409700251193,5100,,"working group, zonas_2212.shp (id_visum by clave_ageb), received 2026-10-02"
1409700251206,5101,,"working group, zonas_2212.shp (id_visum by clave_ageb), received 2026-10-02"
1409700251210,5102,,"working group, zonas_2212.shp (id_visum by clave_ageb), received 2026-10-02"
1409700251225,5103,,"working group, zonas_2212.shp (id_visum by clave_ageb), received 2026-10-02"
1409700251297,5104,,"working group, zonas_2212.shp (id_visum by clave_ageb), received 2026-10-02"
140970025130A,5105,,"working group, zonas_2212.shp (id_visum by clave_ageb), received 2026-10-02"
1409700251390,5106,,"working group, zonas_2212.shp (id_visum by clave_ageb), received 2026-10-02"
1409700251403,5107,,"working group, zonas_2212.shp (id_visum by clave_ageb), received 2026-10-02"
1409700251418,5108,,"working group, zonas_2212.shp (id_visum by clave_ageb), received 2026-10-02"
1409700251422,5109,,"working group, zonas_2212.shp (id_visum by clave_ageb), received 2026-10-02"
1409700251456,5110,,"working group, zonas_2212.shp (id_visum by clave_ageb), received 2026-10-02"
1409700251460,5111,,"working group, zonas_2212.shp (id_visum by clave_ageb), received 2026-10-02"
1409700251988,5112,,"working group, zonas_2212.shp (id_visum by clave_ageb), received 2026-10-02"
1409700252191,5113,,"working group, zonas_2212.shp (id_visum by clave_ageb), received 2026-10-02"
1409700252204,5114,,"working group, zonas_2212.shp (id_visum by clave_ageb), received 2026-10-02"
1409700252223,5115,,"working group, zonas_2212.shp (id_visum by clave_ageb), received 2026-10-02"
1409700252295,5116,,"working group, zonas_2212.shp (id_visum by clave_ageb), received 2026-10-02"
1409700252399,5117,,"working group, zonas_2212.shp (id_visum by clave_ageb), received 2026-10-02"
1409700252420,5118,,"working group, zonas_2212.shp (id_visum by clave_ageb), received 2026-10-02"
1409700252543,5119,,"working group, zonas_2212.shp (id_visum by clave_ageb), received 2026-10-02"
1409700252558,5120,,"working group, zonas_2212.shp (id_visum by clave_ageb), received 2026-10-02"
1409700252562,5121,,"working group, zonas_2212.shp (id_visum by clave_ageb), received 2026-10-02"
1409700252609,5122,,"working group, zonas_2212.shp (id_visum by clave_ageb), received 2026-10-02"
1409700253005,5123,,"working group, zonas_2212.shp (id_visum by clave_ageb), received 2026-10-02"
140970025301A,5124,,"working group, zonas_2212.shp (id_visum by clave_ageb), received 2026-10-02"
1409700253024,5125,,"working group, zonas_2212.shp (id_visum by clave_ageb), received 2026-10-02"
1409700253039,5126,,"working group, zonas_2212.shp (id_visum by clave_ageb), received 2026-10-02"
1409700253560,5127,,"working group, zonas_2212.shp (id_visum by clave_ageb), received 2026-10-02"
1409700253787,5128,,"working group, zonas_2212.shp (id_visum by clave_ageb), received 2026-10-02"
1409700253791,5129,,"working group, zonas_2212.shp (id_visum by clave_ageb), received 2026-10-02"
1409700253819,5130,,"working group, zonas_2212.shp (id_visum by clave_ageb), received 2026-10-02"
1409700312774,5131,,"working group, zonas_2212.shp (id_visum by clave_ageb), received 2026-10-02"
1409700312789,5132,,"working group, zonas_2212.shp (id_visum by clave_ageb), received 2026-10-02"
1409700313630,5133,,"working group, zonas_2212.shp (id_visum by clave_ageb), received 2026-10-02"
1409700320053,5134,,"working group, zonas_2212.shp (id_visum by clave_ageb), received 2026-10-02"
1409700320180,5135,,"working group, zonas_2212.shp (id_visum by clave_ageb), received 2026-10-02"
1409700320265,5136,,"working group, zonas_2212.shp (id_visum by clave_ageb), received 2026-10-02"
140970032027A,5137,,"working group, zonas_2212.shp (id_visum by clave_ageb), received 2026-10-02"
1409700320284,5138,,"working group, zonas_2212.shp (id_visum by clave_ageb), received 2026-10-02"
1409700320481,5139,,"working group, zonas_2212.shp (id_visum by clave_ageb), received 2026-10-02"
1409700320496,5140,,"working group, zonas_2212.shp (id_visum by clave_ageb), received 2026-10-02"
1409700320509,5141,,"working group, zonas_2212.shp (id_visum by clave_ageb), received 2026-10-02"
1409700320829,5142,,"working group, zonas_2212.shp (id_visum by clave_ageb), received 2026-10-02"
1409700320833,5143,,"working group, zonas_2212.shp (id_visum by clave_ageb), received 2026-10-02"
1409700321140,5144,,"working group, zonas_2212.shp (id_visum by clave_ageb), received 2026-10-02"
1409700321155,5145,,"working group, zonas_2212.shp (id_visum by clave_ageb), received 2026-10-02"
140970032116A,5146,,"working group, zonas_2212.shp (id_visum by clave_ageb), received 2026-10-02"
1409700321174,5147,,"working group, zonas_2212.shp (id_visum by clave_ageb), received 2026-10-02"
1409700321189,5148,,"working group, zonas_2212.shp (id_visum by clave_ageb), received 2026-10-02"
1409700321437,5149,,"working group, zonas_2212.shp (id_visum by clave_ageb), received 2026-10-02"
1409700321441,5150,,"working group, zonas_2212.shp (id_visum by clave_ageb), received 2026-10-02"
1409700321831,5151,,"working group, zonas_2212.shp (id_visum by clave_ageb), received 2026-10-02"
1409700321846,5152,,"working group, zonas_2212.shp (id_visum by clave_ageb), received 2026-10-02"
1409700321850,5153,,"working group, zonas_2212.shp (id_visum by clave_ageb), received 2026-10-02"
1409700323217,5154,,"working group, zonas_2212.shp (id_visum by clave_ageb), received 2026-10-02"
1409700340250,5155,,"working group, zonas_2212.shp (id_visum by clave_ageb), received 2026-10-02"
1409700340373,5156,,"working group, zonas_2212.shp (id_visum by clave_ageb), received 2026-10-02"
1409700340388,5157,,"working group, zonas_2212.shp (id_visum by clave_ageb), received 2026-10-02"
1409700340547,5158,,"working group, zonas_2212.shp (id_visum by clave_ageb), received 2026-10-02"
1409700340848,5159,,"working group, zonas_2212.shp (id_visum by clave_ageb), received 2026-10-02"
1409700341352,5160,,"working group, zonas_2212.shp (id_visum by clave_ageb), received 2026-10-02"
1409700341367,5161,,"working group, zonas_2212.shp (id_visum by clave_ageb), received 2026-10-02"
1409700342079,5162,,"working group, zonas_2212.shp (id_visum by clave_ageb), received 2026-10-02"
1409700342350,5163,,"working group, zonas_2212.shp (id_visum by clave_ageb), received 2026-10-02"
1409700342505,5164,,"working group, zonas_2212.shp (id_visum by clave_ageb), received 2026-10-02"
1409700343221,5165,,"working group, zonas_2212.shp (id_visum by clave_ageb), received 2026-10-02"
1409700343236,5166,,"working group, zonas_2212.shp (id_visum by clave_ageb), received 2026-10-02"
1409700343645,5167,,"working group, zonas_2212.shp (id_visum by clave_ageb), received 2026-10-02"
1409700350138,5168,,"working group, zonas_2212.shp (id_visum by clave_ageb), received 2026-10-02"
1409700350231,5169,,"working group, zonas_2212.shp (id_visum by clave_ageb), received 2026-10-02"
1409700350246,5170,,"working group, zonas_2212.shp (id_visum by clave_ageb), received 2026-10-02"
1409700350551,5171,,"working group, zonas_2212.shp (id_visum by clave_ageb), received 2026-10-02"
1409700350867,5172,,"working group, zonas_2212.shp (id_visum by clave_ageb), received 2026-10-02"
1409700352435,5173,,"working group, zonas_2212.shp (id_visum by clave_ageb), received 2026-10-02"
1409700353240,5174,,"working group, zonas_2212.shp (id_visum by clave_ageb), received 2026-10-02"
1409700353448,5175,,"working group, zonas_2212.shp (id_visum by clave_ageb), received 2026-10-02"
1409700353556,5176,,"working group, zonas_2212.shp (id_visum by clave_ageb), received 2026-10-02"
1409700353734,5177,,"working group, zonas_2212.shp (id_visum by clave_ageb), received 2026-10-02"
1409700353772,5178,,"working group, zonas_2212.shp (id_visum by clave_ageb), received 2026-10-02"
1409700353823,5179,,"working group, zonas_2212.shp (id_visum by clave_ageb), received 2026-10-02"
1409700381795,5180,,"working group, zonas_2212.shp (id_visum by clave_ageb), received 2026-10-02"
1409700381808,5181,,"working group, zonas_2212.shp (id_visum by clave_ageb), received 2026-10-02"
1409700381812,5182,,"working group, zonas_2212.shp (id_visum by clave_ageb), received 2026-10-02"
1409700381827,5183,,"working group, zonas_2212.shp (id_visum by clave_ageb), received 2026-10-02"
1409700382242,5184,,"working group, zonas_2212.shp (id_visum by clave_ageb), received 2026-10-02"
1409700382257,5185,,"working group, zonas_2212.shp (id_visum by clave_ageb), received 2026-10-02"
1409700382261,5186,,"working group, zonas_2212.shp (id_visum by clave_ageb), received 2026-10-02"
1409700382384,5187,,"working group, zonas_2212.shp (id_visum by clave_ageb), received 2026-10-02"
1409700382524,5188,,"working group, zonas_2212.shp (id_visum by clave_ageb), received 2026-10-02"
1409700383255,5189,,"working group, zonas_2212.shp (id_visum by clave_ageb), received 2026-10-02"
1409700411009,5190,,"working group, zonas_2212.shp (id_visum by clave_ageb), received 2026-10-02"
1409700411259,5191,,"working group, zonas_2212.shp (id_visum by clave_ageb), received 2026-10-02"
1409700411263,5192,,"working group, zonas_2212.shp (id_visum by clave_ageb), received 2026-10-02"
1409700412149,5193,,"working group, zonas_2212.shp (id_visum by clave_ageb), received 2026-10-02"
140970041326A,5194,,"working group, zonas_2212.shp (id_visum by clave_ageb), received 2026-10-02"
1409700413274,5195,,"working group, zonas_2212.shp (id_visum by clave_ageb), received 2026-10-02"
1409700413289,5196,,"working group, zonas_2212.shp (id_visum by clave_ageb), received 2026-10-02"
1409700413293,5197,,"working group, zonas_2212.shp (id_visum by clave_ageb), received 2026-10-02"
1409700413306,5198,,"working group, zonas_2212.shp (id_visum by clave_ageb), received 2026-10-02"
1409700413310,5199,,"working group, zonas_2212.shp (id_visum by clave_ageb), received 2026-10-02"
1409700413325,5200,,"working group, zonas_2212.shp (id_visum by clave_ageb), received 2026-10-02"
140970041333A,5201,,"working group, zonas_2212.shp (id_visum by clave_ageb), received 2026-10-02"
1409700413344,5202,,"working group, zonas_2212.shp (id_visum by clave_ageb), received 2026-10-02"
1409700432613,5203,,"working group, zonas_2212.shp (id_visum by clave_ageb), received 2026-10-02"
1409700432628,5204,,"working group, zonas_2212.shp (id_visum by clave_ageb), received 2026-10-02"
1409700463861,5205,,"working group, zonas_2212.shp (id_visum by clave_ageb), received 2026-10-02"
1409700463876,5206,,"working group, zonas_2212.shp (id_visum by clave_ageb), received 2026-10-02"
1409700931028,5207,,"working group, zonas_2212.shp (id_visum by clave_ageb), received 2026-10-02"
1409701150871,5208,,"working group, zonas_2212.shp (id_visum by clave_ageb), received 2026-10-02"
1409701150886,5209,,"working group, zonas_2212.shp (id_visum by clave_ageb), received 2026-10-02"
1409701150890,5210,,"working group, zonas_2212.shp (id_visum by clave_ageb), received 2026-10-02"
1409701151278,5211,,"working group, zonas_2212.shp (id_visum by clave_ageb), received 2026-10-02"
1409701151511,5212,,"working group, zonas_2212.shp (id_visum by clave_ageb), received 2026-10-02"
1409701151992,5213,,"working group, zonas_2212.shp (id_visum by clave_ageb), received 2026-10-02"
1409701152007,5214,,"working group, zonas_2212.shp (id_visum by clave_ageb), received 2026-10-02"
1409701152596,5215,,"working group, zonas_2212.shp (id_visum by clave_ageb), received 2026-10-02"
1409701153359,5216,,"working group, zonas_2212.shp (id_visum by clave_ageb), received 2026-10-02"
1409701153363,5217,,"working group, zonas_2212.shp (id_visum by clave_ageb), received 2026-10-02"
1409701153429,5218,,"working group, zonas_2212.shp (id_visum by clave_ageb), received 2026-10-02"
1409701153433,5219,,"working group, zonas_2212.shp (id_visum by clave_ageb), received 2026-10-02"
1409701800301,5220,,"working group, zonas_2212.shp (id_visum by clave_ageb), received 2026-10-02"
1409701801047,5221,,"working group, zonas_2212.shp (id_visum by clave_ageb), received 2026-10-02"
140970180123A,5222,,"working group, zonas_2212.shp (id_visum by clave_ageb), received 2026-10-02"
1409701801244,5223,,"working group, zonas_2212.shp (id_visum by clave_ageb), received 2026-10-02"
1409701802577,5224,,"working group, zonas_2212.shp (id_visum by clave_ageb), received 2026-10-02"
1409704240443,5225,,"working group, zonas_2212.shp (id_visum by clave_ageb), received 2026-10-02"
1409704240570,5226,,"working group, zonas_2212.shp (id_visum by clave_ageb), received 2026-10-02"
1409704240975,5227,,"working group, zonas_2212.shp (id_visum by clave_ageb), received 2026-10-02"
140970424098A,5228,,"working group, zonas_2212.shp (id_visum by clave_ageb), received 2026-10-02"
1409704241761,5229,,"working group, zonas_2212.shp (id_visum by clave_ageb), received 2026-10-02"
1409704241776,5230,,"working group, zonas_2212.shp (id_visum by clave_ageb), received 2026-10-02"
1409704393880,5231,,"working group, zonas_2212.shp (id_visum by clave_ageb), received 2026-10-02"
1409704393895,5232,,"working group, zonas_2212.shp (id_visum by clave_ageb), received 2026-10-02"
1409705601032,5233,,"working group, zonas_2212.shp (id_visum by clave_ageb), received 2026-10-02"
1409705601282,5234,,"working group, zonas_2212.shp (id_visum by clave_ageb), received 2026-10-02"
1409705601719,5235,,"working group, zonas_2212.shp (id_visum by clave_ageb), received 2026-10-02"
1409705603467,5236,,"working group, zonas_2212.shp (id_visum by clave_ageb), received 2026-10-02"
1409705603683,5237,,"working group, zonas_2212.shp (id_visum by clave_ageb), received 2026-10-02"
1409706133927,5238,,"working group, zonas_2212.shp (id_visum by clave_ageb), received 2026-10-02"
1409706133931,5239,,"working group, zonas_2212.shp (id_visum by clave_ageb), received 2026-10-02"
1409706133946,5240,,"working group, zonas_2212.shp (id_visum by clave_ageb), received 2026-10-02"
1409706663950,5241,,"working group, zonas_2212.shp (id_visum by clave_ageb), received 2026-10-02"
1409707771780,5242,,"working group, zonas_2212.shp (id_visum by clave_ageb), received 2026-10-02"
1409707772365,5243,,"working group, zonas_2212.shp (id_visum by clave_ageb), received 2026-10-02"
140970777237A,5244,,"working group, zonas_2212.shp (id_visum by clave_ageb), received 2026-10-02"
140970777244A,5245,,"working group, zonas_2212.shp (id_visum by clave_ageb), received 2026-10-02"
1409708221526,5246,,"working group, zonas_2212.shp (id_visum by clave_ageb), received 2026-10-02"
1409708221530,5247,,"working group, zonas_2212.shp (id_visum by clave_ageb), received 2026-10-02"
1409708221545,5248,,"working group, zonas_2212.shp (id_visum by clave_ageb), received 2026-10-02"
140970822155A,5249,,"working group, zonas_2212.shp (id_visum by clave_ageb), received 2026-10-02"
1409708221564,5250,,"working group, zonas_2212.shp (id_visum by clave_ageb), received 2026-10-02"
1409708221579,5251,,"working group, zonas_2212.shp (id_visum by clave_ageb), received 2026-10-02"
1409708221583,5252,,"working group, zonas_2212.shp (id_visum by clave_ageb), received 2026-10-02"
1409708221598,5253,,"working group, zonas_2212.shp (id_visum by clave_ageb), received 2026-10-02"
1409708221600,5254,,"working group, zonas_2212.shp (id_visum by clave_ageb), received 2026-10-02"
1409708221615,5255,,"working group, zonas_2212.shp (id_visum by clave_ageb), received 2026-10-02"
1409708221899,5256,,"working group, zonas_2212.shp (id_visum by clave_ageb), received 2026-10-02"
1409708221901,5257,,"working group, zonas_2212.shp (id_visum by clave_ageb), received 2026-10-02"
1409708221916,5258,,"working group, zonas_2212.shp (id_visum by clave_ageb), received 2026-10-02"
1409708221920,5259,,"working group, zonas_2212.shp (id_visum by clave_ageb), received 2026-10-02"
1409708221935,5260,,"working group, zonas_2212.shp (id_visum by clave_ageb), received 2026-10-02"
140970822194A,5261,,"working group, zonas_2212.shp (id_visum by clave_ageb), received 2026-10-02"
1409708221954,5262,,"working group, zonas_2212.shp (id_visum by clave_ageb), received 2026-10-02"
1409708221969,5263,,"working group, zonas_2212.shp (id_visum by clave_ageb), received 2026-10-02"
1409708221973,5264,,"working group, zonas_2212.shp (id_visum by clave_ageb), received 2026-10-02"
1409708222153,5265,,"working group, zonas_2212.shp (id_visum by clave_ageb), received 2026-10-02"
1409708222168,5266,,"working group, zonas_2212.shp (id_visum by clave_ageb), received 2026-10-02"
1409708222172,5267,,"working group, zonas_2212.shp (id_visum by clave_ageb), received 2026-10-02"
1409708222219,5268,,"working group, zonas_2212.shp (id_visum by clave_ageb), received 2026-10-02"
1409708222469,5269,,"working group, zonas_2212.shp (id_visum by clave_ageb), received 2026-10-02"
140970822251A,5270,,"working group, zonas_2212.shp (id_visum by clave_ageb), received 2026-10-02"
1409708223043,5271,,"working group, zonas_2212.shp (id_visum by clave_ageb), received 2026-10-02"
1409708223058,5272,,"working group, zonas_2212.shp (id_visum by clave_ageb), received 2026-10-02"
1409708223062,5273,,"working group, zonas_2212.shp (id_visum by clave_ageb), received 2026-10-02"
1409708223077,5274,,"working group, zonas_2212.shp (id_visum by clave_ageb), received 2026-10-02"
1409708223081,5275,,"working group, zonas_2212.shp (id_visum by clave_ageb), received 2026-10-02"
1409708223452,5276,,"working group, zonas_2212.shp (id_visum by clave_ageb), received 2026-10-02"
1409708223471,5277,,"working group, zonas_2212.shp (id_visum by clave_ageb), received 2026-10-02"
1409708223486,5278,,"working group, zonas_2212.shp (id_visum by clave_ageb), received 2026-10-02"
1409708223490,5279,,"working group, zonas_2212.shp (id_visum by clave_ageb), received 2026-10-02"
140970822358A,5280,,"working group, zonas_2212.shp (id_visum by clave_ageb), received 2026-10-02"
1409708223698,5281,,"working group, zonas_2212.shp (id_visum by clave_ageb), received 2026-10-02"
1409708223700,5282,,"working group, zonas_2212.shp (id_visum by clave_ageb), received 2026-10-02"
1409708223715,5283,,"working group, zonas_2212.shp (id_visum by clave_ageb), received 2026-10-02"
140970822372A,5284,,"working group, zonas_2212.shp (id_visum by clave_ageb), received 2026-10-02"
1409708223749,5285,,"working group, zonas_2212.shp (id_visum by clave_ageb), received 2026-10-02"
1409708234003,5286,,"working group, zonas_2212.shp (id_visum by clave_ageb), received 2026-10-02"
1409708234041,5287,,"working group, zonas_2212.shp (id_visum by clave_ageb), received 2026-10-02"
140970823422A,5288,,"working group, zonas_2212.shp (id_visum by clave_ageb), received 2026-10-02"
1409708274130,5289,,"working group, zonas_2212.shp (id_visum by clave_ageb), received 2026-10-02"
1409708311634,5290,,"working group, zonas_2212.shp (id_visum by clave_ageb), received 2026-10-02"
1409708311649,5291,,"working group, zonas_2212.shp (id_visum by clave_ageb), received 2026-10-02"
1409708311653,5292,,"working group, zonas_2212.shp (id_visum by clave_ageb), received 2026-10-02"
1409708312011,5293,,"working group, zonas_2212.shp (id_visum by clave_ageb), received 2026-10-02"
1409708312026,5294,,"working group, zonas_2212.shp (id_visum by clave_ageb), received 2026-10-02"
1409708312030,5295,,"working group, zonas_2212.shp (id_visum by clave_ageb), received 2026-10-02"
1409708312045,5296,,"working group, zonas_2212.shp (id_visum by clave_ageb), received 2026-10-02"
140970831205A,5297,,"working group, zonas_2212.shp (id_visum by clave_ageb), received 2026-10-02"
1409708312187,5298,,"working group, zonas_2212.shp (id_visum by clave_ageb), received 2026-10-02"
1409708312971,5299,,"working group, zonas_2212.shp (id_visum by clave_ageb), received 2026-10-02"
1409708312986,5300,,"working group, zonas_2212.shp (id_visum by clave_ageb), received 2026-10-02"
1409708312990,5301,,"working group, zonas_2212.shp (id_visum by clave_ageb), received 2026-10-02"
1409708331475,5302,,"working group, zonas_2212.shp (id_visum by clave_ageb), received 2026-10-02"
140970833148A,5303,,"working group, zonas_2212.shp (id_visum by clave_ageb), received 2026-10-02"
1409708331494,5304,,"working group, zonas_2212.shp (id_visum by clave_ageb), received 2026-10-02"
1409708331507,5305,,"working group, zonas_2212.shp (id_visum by clave_ageb), received 2026-10-02"
140970833162A,5306,,"working group, zonas_2212.shp (id_visum by clave_ageb), received 2026-10-02"
1409708331865,5307,,"working group, zonas_2212.shp (id_visum by clave_ageb), received 2026-10-02"
1409708332276,5308,,"working group, zonas_2212.shp (id_visum by clave_ageb), received 2026-10-02"
1409708332280,5309,,"working group, zonas_2212.shp (id_visum by clave_ageb), received 2026-10-02"
1409708332454,5310,,"working group, zonas_2212.shp (id_visum by clave_ageb), received 2026-10-02"
1409708332933,5311,,"working group, zonas_2212.shp (id_visum by clave_ageb), received 2026-10-02"
1409708332948,5312,,"working group, zonas_2212.shp (id_visum by clave_ageb), received 2026-10-02"
1409708333537,5313,,"working group, zonas_2212.shp (id_visum by clave_ageb), received 2026-10-02"
1409708333594,5314,,"working group, zonas_2212.shp (id_visum by clave_ageb), received 2026-10-02"
1409708333607,5315,,"working group, zonas_2212.shp (id_visum by clave_ageb), received 2026-10-02"
1409708333753,5316,,"working group, zonas_2212.shp (id_visum by clave_ageb), received 2026-10-02"
1409708352721,5317,,"working group, zonas_2212.shp (id_visum by clave_ageb), received 2026-10-02"
1409708352736,5318,,"working group, zonas_2212.shp (id_visum by clave_ageb), received 2026-10-02"
1409708352740,5319,,"working group, zonas_2212.shp (id_visum by clave_ageb), received 2026-10-02"
1409708353378,5320,,"working group, zonas_2212.shp (id_visum by clave_ageb), received 2026-10-02"
1409708353522,5321,,"working group, zonas_2212.shp (id_visum by clave_ageb), received 2026-10-02"
140970835365A,5322,,"working group, zonas_2212.shp (id_visum by clave_ageb), received 2026-10-02"
1409708362793,5323,,"working group, zonas_2212.shp (id_visum by clave_ageb), received 2026-10-02"
1409708362806,5324,,"working group, zonas_2212.shp (id_visum by clave_ageb), received 2026-10-02"
1409708363382,5325,,"working group, zonas_2212.shp (id_visum by clave_ageb), received 2026-10-02"
1409708374198,5326,,"working group, zonas_2212.shp (id_visum by clave_ageb), received 2026-10-02"
1409708374200,5327,,"working group, zonas_2212.shp (id_visum by clave_ageb), received 2026-10-02"
1409708432632,5328,,"working group, zonas_2212.shp (id_visum by clave_ageb), received 2026-10-02"
1409708432647,5329,,"working group, zonas_2212.shp (id_visum by clave_ageb), received 2026-10-02"
1409708432651,5330,,"working group, zonas_2212.shp (id_visum by clave_ageb), received 2026-10-02"
1409708432666,5331,,"working group, zonas_2212.shp (id_visum by clave_ageb), received 2026-10-02"
1409708432670,5332,,"working group, zonas_2212.shp (id_visum by clave_ageb), received 2026-10-02"
1409708432685,5333,,"working group, zonas_2212.shp (id_visum by clave_ageb), received 2026-10-02"
140970843269A,5334,,"working group, zonas_2212.shp (id_visum by clave_ageb), received 2026-10-02"
1409708432702,5335,,"working group, zonas_2212.shp (id_visum by clave_ageb), received 2026-10-02"
1409708432717,5336,,"working group, zonas_2212.shp (id_visum by clave_ageb), received 2026-10-02"
1409708432952,5337,,"working group, zonas_2212.shp (id_visum by clave_ageb), received 2026-10-02"
1409708432967,5338,,"working group, zonas_2212.shp (id_visum by clave_ageb), received 2026-10-02"
1409708440744,5339,,"working group, zonas_2212.shp (id_visum by clave_ageb), received 2026-10-02"
1409708441687,5340,,"working group, zonas_2212.shp (id_visum by clave_ageb), received 2026-10-02"
1409708441691,5341,,"working group, zonas_2212.shp (id_visum by clave_ageb), received 2026-10-02"
1409708441704,5342,,"working group, zonas_2212.shp (id_visum by clave_ageb), received 2026-10-02"
1409708443397,5343,,"working group, zonas_2212.shp (id_visum by clave_ageb), received 2026-10-02"
1409708443611,5344,,"working group, zonas_2212.shp (id_visum by clave_ageb), received 2026-10-02"
1409708443804,5345,,"working group, zonas_2212.shp (id_visum by clave_ageb), received 2026-10-02"
140970852415A,5346,,"working group, zonas_2212.shp (id_visum by clave_ageb), received 2026-10-02"
1409708524164,5347,,"working group, zonas_2212.shp (id_visum by clave_ageb), received 2026-10-02"
1409708524179,5348,,"working group, zonas_2212.shp (id_visum by clave_ageb), received 2026-10-02"
1409708524183,5349,,"working group, zonas_2212.shp (id_visum by clave_ageb), received 2026-10-02"
1409708531668,5350,,"working group, zonas_2212.shp (id_visum by clave_ageb), received 2026-10-02"
1409708531672,5351,,"working group, zonas_2212.shp (id_visum by clave_ageb), received 2026-10-02"
140970853187A,5352,,"working group, zonas_2212.shp (id_visum by clave_ageb), received 2026-10-02"
1409708531884,5353,,"working group, zonas_2212.shp (id_visum by clave_ageb), received 2026-10-02"
1409708532083,5354,,"working group, zonas_2212.shp (id_visum by clave_ageb), received 2026-10-02"
1409708532238,5355,,"working group, zonas_2212.shp (id_visum by clave_ageb), received 2026-10-02"
1409708614075,5356,,"working group, zonas_2212.shp (id_visum by clave_ageb), received 2026-10-02"
140970862290A,5357,,"working group, zonas_2212.shp (id_visum by clave_ageb), received 2026-10-02"
1409708622914,5358,,"working group, zonas_2212.shp (id_visum by clave_ageb), received 2026-10-02"
1409708622929,5359,,"working group, zonas_2212.shp (id_visum by clave_ageb), received 2026-10-02"
140970862340A,5360,,"working group, zonas_2212.shp (id_visum by clave_ageb), received 2026-10-02"
1409708623414,5361,,"working group, zonas_2212.shp (id_visum by clave_ageb), received 2026-10-02"
1409708634111,5362,,"working group, zonas_2212.shp (id_visum by clave_ageb), received 2026-10-02"
1409708634126,5363,,"working group, zonas_2212.shp (id_visum by clave_ageb), received 2026-10-02"
1409708634145,5364,,"working group, zonas_2212.shp (id_visum by clave_ageb), received 2026-10-02"
140970870408A,5365,,"working group, zonas_2212.shp (id_visum by clave_ageb), received 2026-10-02"
1409708714056,5366,,"working group, zonas_2212.shp (id_visum by clave_ageb), received 2026-10-02"
1409708714060,5367,,"working group, zonas_2212.shp (id_visum by clave_ageb), received 2026-10-02"
1409708743999,5368,,"working group, zonas_2212.shp (id_visum by clave_ageb), received 2026-10-02"
1409708744018,5369,,"working group, zonas_2212.shp (id_visum by clave_ageb), received 2026-10-02"
1409708744022,5370,,"working group, zonas_2212.shp (id_visum by clave_ageb), received 2026-10-02"
1409708744037,5371,,"working group, zonas_2212.shp (id_visum by clave_ageb), received 2026-10-02"
1409708823984,5372,,"working group, zonas_2212.shp (id_visum by clave_ageb), received 2026-10-02"
1409708824215,5373,,"working group, zonas_2212.shp (id_visum by clave_ageb), received 2026-10-02"
1409708843965,5374,,"working group, zonas_2212.shp (id_visum by clave_ageb), received 2026-10-02"
140970884397A,5375,,"working group, zonas_2212.shp (id_visum by clave_ageb), received 2026-10-02"
1409709033908,5376,,"working group, zonas_2212.shp (id_visum by clave_ageb), received 2026-10-02"
1409709033912,5377,,"working group, zonas_2212.shp (id_visum by clave_ageb), received 2026-10-02"
140970015,5900,,"working group, zonas_2212.shp (id_visum by clave_ageb), received 2026-10-02"
140970104,5901,,"working group, zonas_2212.shp (id_visum by clave_ageb), received 2026-10-02"
140970123,5902,,"working group, zonas_2212.shp (id_visum by clave_ageb), received 2026-10-02"
14097059A,5903,,"working group, zonas_2212.shp (id_visum by clave_ageb), received 2026-10-02"
140970602,5904,,"working group, zonas_2212.shp (id_visum by clave_ageb), received 2026-10-02"
140971066,5905,,"working group, zonas_2212.shp (id_visum by clave_ageb), received 2026-10-02"
140972308,5906,,"working group, zonas_2212.shp (id_visum by clave_ageb), received 2026-10-02"
140972327,5907,,"working group, zonas_2212.shp (id_visum by clave_ageb), received 2026-10-02"
140972401,5908,,"working group, zonas_2212.shp (id_visum by clave_ageb), received 2026-10-02"
140972416,5909,,"working group, zonas_2212.shp (id_visum by clave_ageb), received 2026-10-02"
140973541,5910,,"working group, zonas_2212.shp (id_visum by clave_ageb), received 2026-10-02"
140973679,5912,,"working group, zonas_2212.shp (id_visum by clave_ageb), received 2026-10-02"
1409800010031,6001,,"working group, zonas_2212.shp (id_visum by clave_ageb), received 2026-10-02"
1409800010046,6002,,"working group, zonas_2212.shp (id_visum by clave_ageb), received 2026-10-02"
1409800010050,6003,,"working group, zonas_2212.shp (id_visum by clave_ageb), received 2026-10-02"
140980001007A,6004,,"working group, zonas_2212.shp (id_visum by clave_ageb), received 2026-10-02"
1409800010084,6005,,"working group, zonas_2212.shp (id_visum by clave_ageb), received 2026-10-02"
1409800010101,6006,,"working group, zonas_2212.shp (id_visum by clave_ageb), received 2026-10-02"
1409800010116,6007,,"working group, zonas_2212.shp (id_visum by clave_ageb), received 2026-10-02"
1409800010120,6008,,"working group, zonas_2212.shp (id_visum by clave_ageb), received 2026-10-02"
1409800010262,6009,,"working group, zonas_2212.shp (id_visum by clave_ageb), received 2026-10-02"
1409800010281,6010,,"working group, zonas_2212.shp (id_visum by clave_ageb), received 2026-10-02"
1409800010296,6011,,"working group, zonas_2212.shp (id_visum by clave_ageb), received 2026-10-02"
1409800010347,6012,,"working group, zonas_2212.shp (id_visum by clave_ageb), received 2026-10-02"
1409800010351,6013,,"working group, zonas_2212.shp (id_visum by clave_ageb), received 2026-10-02"
1409800010370,6014,,"working group, zonas_2212.shp (id_visum by clave_ageb), received 2026-10-02"
1409800010385,6015,,"working group, zonas_2212.shp (id_visum by clave_ageb), received 2026-10-02"
1409800010474,6016,,"working group, zonas_2212.shp (id_visum by clave_ageb), received 2026-10-02"
1409800010506,6017,,"working group, zonas_2212.shp (id_visum by clave_ageb), received 2026-10-02"
1409800010525,6018,,"working group, zonas_2212.shp (id_visum by clave_ageb), received 2026-10-02"
140980001053A,6019,,"working group, zonas_2212.shp (id_visum by clave_ageb), received 2026-10-02"
1409800010597,6020,,"working group, zonas_2212.shp (id_visum by clave_ageb), received 2026-10-02"
1409800010671,6021,,"working group, zonas_2212.shp (id_visum by clave_ageb), received 2026-10-02"
1409800010690,6022,,"working group, zonas_2212.shp (id_visum by clave_ageb), received 2026-10-02"
1409800010718,6023,,"working group, zonas_2212.shp (id_visum by clave_ageb), received 2026-10-02"
1409800010775,6024,,"working group, zonas_2212.shp (id_visum by clave_ageb), received 2026-10-02"
1409800010794,6025,,"working group, zonas_2212.shp (id_visum by clave_ageb), received 2026-10-02"
1409800010807,6026,,"working group, zonas_2212.shp (id_visum by clave_ageb), received 2026-10-02"
140980001085A,6027,,"working group, zonas_2212.shp (id_visum by clave_ageb), received 2026-10-02"
1409800010879,6028,,"working group, zonas_2212.shp (id_visum by clave_ageb), received 2026-10-02"
1409800010953,6029,,"working group, zonas_2212.shp (id_visum by clave_ageb), received 2026-10-02"
1409800010968,6030,,"working group, zonas_2212.shp (id_visum by clave_ageb), received 2026-10-02"
1409800010972,6031,,"working group, zonas_2212.shp (id_visum by clave_ageb), received 2026-10-02"
1409800010987,6032,,"working group, zonas_2212.shp (id_visum by clave_ageb), received 2026-10-02"
1409800010991,6033,,"working group, zonas_2212.shp (id_visum by clave_ageb), received 2026-10-02"
140980001103A,6034,,"working group, zonas_2212.shp (id_visum by clave_ageb), received 2026-10-02"
1409800011044,6035,,"working group, zonas_2212.shp (id_visum by clave_ageb), received 2026-10-02"
1409800011059,6036,,"working group, zonas_2212.shp (id_visum by clave_ageb), received 2026-10-02"
1409800011063,6037,,"working group, zonas_2212.shp (id_visum by clave_ageb), received 2026-10-02"
1409800011078,6038,,"working group, zonas_2212.shp (id_visum by clave_ageb), received 2026-10-02"
1409800011082,6039,,"working group, zonas_2212.shp (id_visum by clave_ageb), received 2026-10-02"
1409800011097,6040,,"working group, zonas_2212.shp (id_visum by clave_ageb), received 2026-10-02"
140980001110A,6041,,"working group, zonas_2212.shp (id_visum by clave_ageb), received 2026-10-02"
1409800011152,6042,,"working group, zonas_2212.shp (id_visum by clave_ageb), received 2026-10-02"
1409800011167,6043,,"working group, zonas_2212.shp (id_visum by clave_ageb), received 2026-10-02"
1409800011171,6044,,"working group, zonas_2212.shp (id_visum by clave_ageb), received 2026-10-02"
1409800011186,6045,,"working group, zonas_2212.shp (id_visum by clave_ageb), received 2026-10-02"
1409800011190,6046,,"working group, zonas_2212.shp (id_visum by clave_ageb), received 2026-10-02"
1409800011203,6047,,"working group, zonas_2212.shp (id_visum by clave_ageb), received 2026-10-02"
1409800011218,6048,,"working group, zonas_2212.shp (id_visum by clave_ageb), received 2026-10-02"
1409800011222,6049,,"working group, zonas_2212.shp (id_visum by clave_ageb), received 2026-10-02"
1409800011237,6050,,"working group, zonas_2212.shp (id_visum by clave_ageb), received 2026-10-02"
1409800011241,6051,,"working group, zonas_2212.shp (id_visum by clave_ageb), received 2026-10-02"
1409800011256,6052,,"working group, zonas_2212.shp (id_visum by clave_ageb), received 2026-10-02"
1409800011260,6053,,"working group, zonas_2212.shp (id_visum by clave_ageb), received 2026-10-02"
1409800011294,6054,,"working group, zonas_2212.shp (id_visum by clave_ageb), received 2026-10-02"
1409800011330,6055,,"working group, zonas_2212.shp (id_visum by clave_ageb), received 2026-10-02"
1409800011345,6056,,"working group, zonas_2212.shp (id_visum by clave_ageb), received 2026-10-02"
140980001135A,6057,,"working group, zonas_2212.shp (id_visum by clave_ageb), received 2026-10-02"
1409800011364,6058,,"working group, zonas_2212.shp (id_visum by clave_ageb), received 2026-10-02"
1409800011379,6059,,"working group, zonas_2212.shp (id_visum by clave_ageb), received 2026-10-02"
1409800011383,6060,,"working group, zonas_2212.shp (id_visum by clave_ageb), received 2026-10-02"
1409800011398,6061,,"working group, zonas_2212.shp (id_visum by clave_ageb), received 2026-10-02"
140980001142A,6062,,"working group, zonas_2212.shp (id_visum by clave_ageb), received 2026-10-02"
1409800011434,6063,,"working group, zonas_2212.shp (id_visum by clave_ageb), received 2026-10-02"
1409800011449,6064,,"working group, zonas_2212.shp (id_visum by clave_ageb), received 2026-10-02"
1409800011453,6065,,"working group, zonas_2212.shp (id_visum by clave_ageb), received 2026-10-02"
1409800011468,6066,,"working group, zonas_2212.shp (id_visum by clave_ageb), received 2026-10-02"
1409800011491,6067,,"working group, zonas_2212.shp (id_visum by clave_ageb), received 2026-10-02"
1409800011504,6068,,"working group, zonas_2212.shp (id_visum by clave_ageb), received 2026-10-02"
1409800011519,6069,,"working group, zonas_2212.shp (id_visum by clave_ageb), received 2026-10-02"
1409800011538,6070,,"working group, zonas_2212.shp (id_visum by clave_ageb), received 2026-10-02"
1409800011542,6071,,"working group, zonas_2212.shp (id_visum by clave_ageb), received 2026-10-02"
1409800011576,6072,,"working group, zonas_2212.shp (id_visum by clave_ageb), received 2026-10-02"
1409800011595,6073,,"working group, zonas_2212.shp (id_visum by clave_ageb), received 2026-10-02"
1409800011608,6074,,"working group, zonas_2212.shp (id_visum by clave_ageb), received 2026-10-02"
1409800011631,6075,,"working group, zonas_2212.shp (id_visum by clave_ageb), received 2026-10-02"
1409800011646,6076,,"working group, zonas_2212.shp (id_visum by clave_ageb), received 2026-10-02"
1409800011650,6077,,"working group, zonas_2212.shp (id_visum by clave_ageb), received 2026-10-02"
1409800011665,6078,,"working group, zonas_2212.shp (id_visum by clave_ageb), received 2026-10-02"
140980001167A,6079,,"working group, zonas_2212.shp (id_visum by clave_ageb), received 2026-10-02"
1409800011684,6080,,"working group, zonas_2212.shp (id_visum by clave_ageb), received 2026-10-02"
1409800011699,6081,,"working group, zonas_2212.shp (id_visum by clave_ageb), received 2026-10-02"
1409800011716,6082,,"working group, zonas_2212.shp (id_visum by clave_ageb), received 2026-10-02"
1409800011720,6083,,"working group, zonas_2212.shp (id_visum by clave_ageb), received 2026-10-02"
1409800011735,6084,,"working group, zonas_2212.shp (id_visum by clave_ageb), received 2026-10-02"
1409800011769,6085,,"working group, zonas_2212.shp (id_visum by clave_ageb), received 2026-10-02"
1409800011773,6086,,"working group, zonas_2212.shp (id_visum by clave_ageb), received 2026-10-02"
1409800011788,6087,,"working group, zonas_2212.shp (id_visum by clave_ageb), received 2026-10-02"
1409800011792,6088,,"working group, zonas_2212.shp (id_visum by clave_ageb), received 2026-10-02"
1409800011805,6089,,"working group, zonas_2212.shp (id_visum by clave_ageb), received 2026-10-02"
140980001181A,6090,,"working group, zonas_2212.shp (id_visum by clave_ageb), received 2026-10-02"
1409800011824,6091,,"working group, zonas_2212.shp (id_visum by clave_ageb), received 2026-10-02"
1409800011839,6092,,"working group, zonas_2212.shp (id_visum by clave_ageb), received 2026-10-02"
1409800011843,6093,,"working group, zonas_2212.shp (id_visum by clave_ageb), received 2026-10-02"
1409800011858,6094,,"working group, zonas_2212.shp (id_visum by clave_ageb), received 2026-10-02"
1409800011862,6095,,"working group, zonas_2212.shp (id_visum by clave_ageb), received 2026-10-02"
1409800011877,6096,,"working group, zonas_2212.shp (id_visum by clave_ageb), received 2026-10-02"
1409800011909,6097,,"working group, zonas_2212.shp (id_visum by clave_ageb), received 2026-10-02"
1409800011913,6098,,"working group, zonas_2212.shp (id_visum by clave_ageb), received 2026-10-02"
1409800011928,6099,,"working group, zonas_2212.shp (id_visum by clave_ageb), received 2026-10-02"
1409800011951,6100,,"working group, zonas_2212.shp (id_visum by clave_ageb), received 2026-10-02"
1409800011966,6101,,"working group, zonas_2212.shp (id_visum by clave_ageb), received 2026-10-02"
1409800011970,6102,,"working group, zonas_2212.shp (id_visum by clave_ageb), received 2026-10-02"
1409800011985,6103,,"working group, zonas_2212.shp (id_visum by clave_ageb), received 2026-10-02"
1409800012004,6104,,"working group, zonas_2212.shp (id_visum by clave_ageb), received 2026-10-02"
1409800012042,6105,,"working group, zonas_2212.shp (id_visum by clave_ageb), received 2026-10-02"
1409800012061,6106,,"working group, zonas_2212.shp (id_visum by clave_ageb), received 2026-10-02"
1409800012076,6107,,"working group, zonas_2212.shp (id_visum by clave_ageb), received 2026-10-02"
1409800012095,6108,,"working group, zonas_2212.shp (id_visum by clave_ageb), received 2026-10-02"
1409800012108,6109,,"working group, zonas_2212.shp (id_visum by clave_ageb), received 2026-10-02"
1409800012112,6110,,"working group, zonas_2212.shp (id_visum by clave_ageb), received 2026-10-02"
1409800012131,6111,,"working group, zonas_2212.shp (id_visum by clave_ageb), received 2026-10-02"
1409800012150,6112,,"working group, zonas_2212.shp (id_visum by clave_ageb), received 2026-10-02"
1409800012165,6113,,"working group, zonas_2212.shp (id_visum by clave_ageb), received 2026-10-02"
140980001217A,6114,,"working group, zonas_2212.shp (id_visum by clave_ageb), received 2026-10-02"
1409800012199,6115,,"working group, zonas_2212.shp (id_visum by clave_ageb), received 2026-10-02"
1409800012201,6116,,"working group, zonas_2212.shp (id_visum by clave_ageb), received 2026-10-02"
1409800012216,6117,,"working group, zonas_2212.shp (id_visum by clave_ageb), received 2026-10-02"
1409800012220,6118,,"working group, zonas_2212.shp (id_visum by clave_ageb), received 2026-10-02"
1409800012235,6119,,"working group, zonas_2212.shp (id_visum by clave_ageb), received 2026-10-02"
140980001224A,6120,,"working group, zonas_2212.shp (id_visum by clave_ageb), received 2026-10-02"
1409800012254,6121,,"working group, zonas_2212.shp (id_visum by clave_ageb), received 2026-10-02"
1409800012269,6122,,"working group, zonas_2212.shp (id_visum by clave_ageb), received 2026-10-02"
1409800012273,6123,,"working group, zonas_2212.shp (id_visum by clave_ageb), received 2026-10-02"
1409800012292,6124,,"working group, zonas_2212.shp (id_visum by clave_ageb), received 2026-10-02"
1409800012343,6125,,"working group, zonas_2212.shp (id_visum by clave_ageb), received 2026-10-02"
1409800012358,6126,,"working group, zonas_2212.shp (id_visum by clave_ageb), received 2026-10-02"
1409800012362,6127,,"working group, zonas_2212.shp (id_visum by clave_ageb), received 2026-10-02"
1409800012377,6128,,"working group, zonas_2212.shp (id_visum by clave_ageb), received 2026-10-02"
1409800012381,6129,,"working group, zonas_2212.shp (id_visum by clave_ageb), received 2026-10-02"
1409800012413,6130,,"working group, zonas_2212.shp (id_visum by clave_ageb), received 2026-10-02"
1409800012428,6131,,"working group, zonas_2212.shp (id_visum by clave_ageb), received 2026-10-02"
1409800012432,6132,,"working group, zonas_2212.shp (id_visum by clave_ageb), received 2026-10-02"
1409800012447,6133,,"working group, zonas_2212.shp (id_visum by clave_ageb), received 2026-10-02"
1409800012451,6134,,"working group, zonas_2212.shp (id_visum by clave_ageb), received 2026-10-02"
1409800012466,6135,,"working group, zonas_2212.shp (id_visum by clave_ageb), received 2026-10-02"
1409800012470,6136,,"working group, zonas_2212.shp (id_visum by clave_ageb), received 2026-10-02"
1409800012485,6137,,"working group, zonas_2212.shp (id_visum by clave_ageb), received 2026-10-02"
140980001249A,6138,,"working group, zonas_2212.shp (id_visum by clave_ageb), received 2026-10-02"
1409800012502,6139,,"working group, zonas_2212.shp (id_visum by clave_ageb), received 2026-10-02"
1409800012517,6140,,"working group, zonas_2212.shp (id_visum by clave_ageb), received 2026-10-02"
1409800012521,6141,,"working group, zonas_2212.shp (id_visum by clave_ageb), received 2026-10-02"
1409800012536,6142,,"working group, zonas_2212.shp (id_visum by clave_ageb), received 2026-10-02"
1409800012540,6143,,"working group, zonas_2212.shp (id_visum by clave_ageb), received 2026-10-02"
1409800012555,6144,,"working group, zonas_2212.shp (id_visum by clave_ageb), received 2026-10-02"
140980001256A,6145,,"working group, zonas_2212.shp (id_visum by clave_ageb), received 2026-10-02"
1409800012574,6146,,"working group, zonas_2212.shp (id_visum by clave_ageb), received 2026-10-02"
1409800012589,6147,,"working group, zonas_2212.shp (id_visum by clave_ageb), received 2026-10-02"
1409800012606,6148,,"working group, zonas_2212.shp (id_visum by clave_ageb), received 2026-10-02"
1409800012610,6149,,"working group, zonas_2212.shp (id_visum by clave_ageb), received 2026-10-02"
1409800012625,6150,,"working group, zonas_2212.shp (id_visum by clave_ageb), received 2026-10-02"
140980001263A,6151,,"working group, zonas_2212.shp (id_visum by clave_ageb), received 2026-10-02"
1409800012644,6152,,"working group, zonas_2212.shp (id_visum by clave_ageb), received 2026-10-02"
1409800012659,6153,,"working group, zonas_2212.shp (id_visum by clave_ageb), received 2026-10-02"
1409800012663,6154,,"working group, zonas_2212.shp (id_visum by clave_ageb), received 2026-10-02"
1409800012697,6155,,"working group, zonas_2212.shp (id_visum by clave_ageb), received 2026-10-02"
140980001270A,6156,,"working group, zonas_2212.shp (id_visum by clave_ageb), received 2026-10-02"
1409800012714,6157,,"working group, zonas_2212.shp (id_visum by clave_ageb), received 2026-10-02"
1409800012729,6158,,"working group, zonas_2212.shp (id_visum by clave_ageb), received 2026-10-02"
1409800012733,6159,,"working group, zonas_2212.shp (id_visum by clave_ageb), received 2026-10-02"
1409800012748,6160,,"working group, zonas_2212.shp (id_visum by clave_ageb), received 2026-10-02"
1409800012752,6161,,"working group, zonas_2212.shp (id_visum by clave_ageb), received 2026-10-02"
1409800012767,6162,,"working group, zonas_2212.shp (id_visum by clave_ageb), received 2026-10-02"
1409800012771,6163,,"working group, zonas_2212.shp (id_visum by clave_ageb), received 2026-10-02"
1409800012786,6164,,"working group, zonas_2212.shp (id_visum by clave_ageb), received 2026-10-02"
1409800012790,6165,,"working group, zonas_2212.shp (id_visum by clave_ageb), received 2026-10-02"
1409800012803,6166,,"working group, zonas_2212.shp (id_visum by clave_ageb), received 2026-10-02"
1409800012818,6167,,"working group, zonas_2212.shp (id_visum by clave_ageb), received 2026-10-02"
1409800012822,6168,,"working group, zonas_2212.shp (id_visum by clave_ageb), received 2026-10-02"
1409800012837,6169,,"working group, zonas_2212.shp (id_visum by clave_ageb), received 2026-10-02"
1409800012841,6170,,"working group, zonas_2212.shp (id_visum by clave_ageb), received 2026-10-02"
1409800012856,6171,,"working group, zonas_2212.shp (id_visum by clave_ageb), received 2026-10-02"
1409800012860,6172,,"working group, zonas_2212.shp (id_visum by clave_ageb), received 2026-10-02"
1409800012894,6173,,"working group, zonas_2212.shp (id_visum by clave_ageb), received 2026-10-02"
1409800012907,6174,,"working group, zonas_2212.shp (id_visum by clave_ageb), received 2026-10-02"
1409800012911,6175,,"working group, zonas_2212.shp (id_visum by clave_ageb), received 2026-10-02"
1409800012926,6176,,"working group, zonas_2212.shp (id_visum by clave_ageb), received 2026-10-02"
1409800012930,6177,,"working group, zonas_2212.shp (id_visum by clave_ageb), received 2026-10-02"
1409800012964,6178,,"working group, zonas_2212.shp (id_visum by clave_ageb), received 2026-10-02"
1409800012979,6179,,"working group, zonas_2212.shp (id_visum by clave_ageb), received 2026-10-02"
1409800012983,6180,,"working group, zonas_2212.shp (id_visum by clave_ageb), received 2026-10-02"
1409800012998,6181,,"working group, zonas_2212.shp (id_visum by clave_ageb), received 2026-10-02"
1409800013002,6182,,"working group, zonas_2212.shp (id_visum by clave_ageb), received 2026-10-02"
1409800013036,6183,,"working group, zonas_2212.shp (id_visum by clave_ageb), received 2026-10-02"
1409800013040,6184,,"working group, zonas_2212.shp (id_visum by clave_ageb), received 2026-10-02"
1409800013055,6185,,"working group, zonas_2212.shp (id_visum by clave_ageb), received 2026-10-02"
140980001306A,6186,,"working group, zonas_2212.shp (id_visum by clave_ageb), received 2026-10-02"
1409800013074,6187,,"working group, zonas_2212.shp (id_visum by clave_ageb), received 2026-10-02"
1409800013089,6188,,"working group, zonas_2212.shp (id_visum by clave_ageb), received 2026-10-02"
1409800013093,6189,,"working group, zonas_2212.shp (id_visum by clave_ageb), received 2026-10-02"
1409800013106,6190,,"working group, zonas_2212.shp (id_visum by clave_ageb), received 2026-10-02"
1409800013110,6191,,"working group, zonas_2212.shp (id_visum by clave_ageb), received 2026-10-02"
1409800013125,6192,,"working group, zonas_2212.shp (id_visum by clave_ageb), received 2026-10-02"
140980001313A,6193,,"working group, zonas_2212.shp (id_visum by clave_ageb), received 2026-10-02"
1409800013144,6194,,"working group, zonas_2212.shp (id_visum by clave_ageb), received 2026-10-02"
1409800013163,6195,,"working group, zonas_2212.shp (id_visum by clave_ageb), received 2026-10-02"
1409800013182,6196,,"working group, zonas_2212.shp (id_visum by clave_ageb), received 2026-10-02"
1409800013197,6197,,"working group, zonas_2212.shp (id_visum by clave_ageb), received 2026-10-02"
140980001320A,6198,,"working group, zonas_2212.shp (id_visum by clave_ageb), received 2026-10-02"
1409800013214,6199,,"working group, zonas_2212.shp (id_visum by clave_ageb), received 2026-10-02"
1409800013252,6200,,"working group, zonas_2212.shp (id_visum by clave_ageb), received 2026-10-02"
1409800013267,6201,,"working group, zonas_2212.shp (id_visum by clave_ageb), received 2026-10-02"
1409800013271,6202,,"working group, zonas_2212.shp (id_visum by clave_ageb), received 2026-10-02"
1409800013286,6203,,"working group, zonas_2212.shp (id_visum by clave_ageb), received 2026-10-02"
1409800013290,6204,,"working group, zonas_2212.shp (id_visum by clave_ageb), received 2026-10-02"
1409800013303,6205,,"working group, zonas_2212.shp (id_visum by clave_ageb), received 2026-10-02"
1409800013318,6206,,"working group, zonas_2212.shp (id_visum by clave_ageb), received 2026-10-02"
1409800013322,6207,,"working group, zonas_2212.shp (id_visum by clave_ageb), received 2026-10-02"
1409800013337,6208,,"working group, zonas_2212.shp (id_visum by clave_ageb), received 2026-10-02"
1409800013341,6209,,"working group, zonas_2212.shp (id_visum by clave_ageb), received 2026-10-02"
1409800013356,6210,,"working group, zonas_2212.shp (id_visum by clave_ageb), received 2026-10-02"
1409800013360,6211,,"working group, zonas_2212.shp (id_visum by clave_ageb), received 2026-10-02"
1409800013375,6212,,"working group, zonas_2212.shp (id_visum by clave_ageb), received 2026-10-02"
140980001338A,6213,,"working group, zonas_2212.shp (id_visum by clave_ageb), received 2026-10-02"
1409800013394,6214,,"working group, zonas_2212.shp (id_visum by clave_ageb), received 2026-10-02"
1409800013411,6215,,"working group, zonas_2212.shp (id_visum by clave_ageb), received 2026-10-02"
1409800140027,6216,,"working group, zonas_2212.shp (id_visum by clave_ageb), received 2026-10-02"
1409800141114,6217,,"working group, zonas_2212.shp (id_visum by clave_ageb), received 2026-10-02"
1409800141129,6218,,"working group, zonas_2212.shp (id_visum by clave_ageb), received 2026-10-02"
1409800142019,6219,,"working group, zonas_2212.shp (id_visum by clave_ageb), received 2026-10-02"
1409800142023,6220,,"working group, zonas_2212.shp (id_visum by clave_ageb), received 2026-10-02"
1409800142038,6221,,"working group, zonas_2212.shp (id_visum by clave_ageb), received 2026-10-02"
1409800142127,6222,,"working group, zonas_2212.shp (id_visum by clave_ageb), received 2026-10-02"
1409800142945,6223,,"working group, zonas_2212.shp (id_visum by clave_ageb), received 2026-10-02"
140980014295A,6224,,"working group, zonas_2212.shp (id_visum by clave_ageb), received 2026-10-02"
1409800143017,6225,,"working group, zonas_2212.shp (id_visum by clave_ageb), received 2026-10-02"
1409800143021,6226,,"working group, zonas_2212.shp (id_visum by clave_ageb), received 2026-10-02"
1409800143159,6227,,"working group, zonas_2212.shp (id_visum by clave_ageb), received 2026-10-02"
1409800143178,6228,,"working group, zonas_2212.shp (id_visum by clave_ageb), received 2026-10-02"
1409800143229,6229,,"working group, zonas_2212.shp (id_visum by clave_ageb), received 2026-10-02"
1409800143233,6230,,"working group, zonas_2212.shp (id_visum by clave_ageb), received 2026-10-02"
1409800143248,6231,,"working group, zonas_2212.shp (id_visum by clave_ageb), received 2026-10-02"
1409800143407,6232,,"working group, zonas_2212.shp (id_visum by clave_ageb), received 2026-10-02"
1409801282875,6233,,"working group, zonas_2212.shp (id_visum by clave_ageb), received 2026-10-02"
140980128288A,6234,,"working group, zonas_2212.shp (id_visum by clave_ageb), received 2026-10-02"
140980012,6900,,"working group, zonas_2212.shp (id_visum by clave_ageb), received 2026-10-02"
140980188,6901,,"working group, zonas_2212.shp (id_visum by clave_ageb), received 2026-10-02"
140980243,6902,,"working group, zonas_2212.shp (id_visum by clave_ageb), received 2026-10-02"
140981010,6903,,"working group, zonas_2212.shp (id_visum by clave_ageb), received 2026-10-02"
1410100010147,7001,,"working group, zonas_2212.shp (id_visum by clave_ageb), received 2026-10-02"
1410100010151,7002,,"working group, zonas_2212.shp (id_visum by clave_ageb), received 2026-10-02"
141010001019A,7003,,"working group, zonas_2212.shp (id_visum by clave_ageb), received 2026-10-02"
1410100010202,7004,,"working group, zonas_2212.shp (id_visum by clave_ageb), received 2026-10-02"
1410100010310,7005,,"working group, zonas_2212.shp (id_visum by clave_ageb), received 2026-10-02"
1410100010363,7006,,"working group, zonas_2212.shp (id_visum by clave_ageb), received 2026-10-02"
1410100010378,7007,,"working group, zonas_2212.shp (id_visum by clave_ageb), received 2026-10-02"
1410100010382,7008,,"working group, zonas_2212.shp (id_visum by clave_ageb), received 2026-10-02"
1410100010397,7009,,"working group, zonas_2212.shp (id_visum by clave_ageb), received 2026-10-02"
141010001040A,7010,,"working group, zonas_2212.shp (id_visum by clave_ageb), received 2026-10-02"
1410100010433,7011,,"working group, zonas_2212.shp (id_visum by clave_ageb), received 2026-10-02"
1410100010448,7012,,"working group, zonas_2212.shp (id_visum by clave_ageb), received 2026-10-02"
1410100010452,7013,,"working group, zonas_2212.shp (id_visum by clave_ageb), received 2026-10-02"
1410100010471,7014,,"working group, zonas_2212.shp (id_visum by clave_ageb), received 2026-10-02"
1410100010486,7015,,"working group, zonas_2212.shp (id_visum by clave_ageb), received 2026-10-02"
1410100010490,7016,,"working group, zonas_2212.shp (id_visum by clave_ageb), received 2026-10-02"
1410100010503,7017,,"working group, zonas_2212.shp (id_visum by clave_ageb), received 2026-10-02"
1410100010518,7018,,"working group, zonas_2212.shp (id_visum by clave_ageb), received 2026-10-02"
1410100010522,7019,,"working group, zonas_2212.shp (id_visum by clave_ageb), received 2026-10-02"
1410100010537,7020,,"working group, zonas_2212.shp (id_visum by clave_ageb), received 2026-10-02"
1410100010541,7021,,"working group, zonas_2212.shp (id_visum by clave_ageb), received 2026-10-02"
1410100010556,7022,,"working group, zonas_2212.shp (id_visum by clave_ageb), received 2026-10-02"
1410100010575,7023,,"working group, zonas_2212.shp (id_visum by clave_ageb), received 2026-10-02"
1410100010594,7024,,"working group, zonas_2212.shp (id_visum by clave_ageb), received 2026-10-02"
1410100010607,7025,,"working group, zonas_2212.shp (id_visum by clave_ageb), received 2026-10-02"
1410100010611,7026,,"working group, zonas_2212.shp (id_visum by clave_ageb), received 2026-10-02"
1410100010626,7027,,"working group, zonas_2212.shp (id_visum by clave_ageb), received 2026-10-02"
1410100010630,7028,,"working group, zonas_2212.shp (id_visum by clave_ageb), received 2026-10-02"
1410100010645,7029,,"working group, zonas_2212.shp (id_visum by clave_ageb), received 2026-10-02"
141010001065A,7030,,"working group, zonas_2212.shp (id_visum by clave_ageb), received 2026-10-02"
1410100010679,7031,,"working group, zonas_2212.shp (id_visum by clave_ageb), received 2026-10-02"
1410100010700,7032,,"working group, zonas_2212.shp (id_visum by clave_ageb), received 2026-10-02"
1410100010715,7033,,"working group, zonas_2212.shp (id_visum by clave_ageb), received 2026-10-02"
141010001072A,7034,,"working group, zonas_2212.shp (id_visum by clave_ageb), received 2026-10-02"
1410100010734,7035,,"working group, zonas_2212.shp (id_visum by clave_ageb), received 2026-10-02"
1410100010749,7036,,"working group, zonas_2212.shp (id_visum by clave_ageb), received 2026-10-02"
1410100010753,7037,,"working group, zonas_2212.shp (id_visum by clave_ageb), received 2026-10-02"
1410100010768,7038,,"working group, zonas_2212.shp (id_visum by clave_ageb), received 2026-10-02"
1410100010772,7039,,"working group, zonas_2212.shp (id_visum by clave_ageb), received 2026-10-02"
1410100010787,7040,,"working group, zonas_2212.shp (id_visum by clave_ageb), received 2026-10-02"
1410100010791,7041,,"working group, zonas_2212.shp (id_visum by clave_ageb), received 2026-10-02"
1410100010819,7042,,"working group, zonas_2212.shp (id_visum by clave_ageb), received 2026-10-02"
1410100010823,7043,,"working group, zonas_2212.shp (id_visum by clave_ageb), received 2026-10-02"
1410100010842,7044,,"working group, zonas_2212.shp (id_visum by clave_ageb), received 2026-10-02"
1410100010857,7045,,"working group, zonas_2212.shp (id_visum by clave_ageb), received 2026-10-02"
1410100010861,7046,,"working group, zonas_2212.shp (id_visum by clave_ageb), received 2026-10-02"
1410100010880,7047,,"working group, zonas_2212.shp (id_visum by clave_ageb), received 2026-10-02"
1410100010895,7048,,"working group, zonas_2212.shp (id_visum by clave_ageb), received 2026-10-02"
1410100010912,7049,,"working group, zonas_2212.shp (id_visum by clave_ageb), received 2026-10-02"
1410100010927,7050,,"working group, zonas_2212.shp (id_visum by clave_ageb), received 2026-10-02"
1410100010931,7051,,"working group, zonas_2212.shp (id_visum by clave_ageb), received 2026-10-02"
1410100010946,7052,,"working group, zonas_2212.shp (id_visum by clave_ageb), received 2026-10-02"
1410100010950,7053,,"working group, zonas_2212.shp (id_visum by clave_ageb), received 2026-10-02"
1410100010965,7054,,"working group, zonas_2212.shp (id_visum by clave_ageb), received 2026-10-02"
141010001097A,7055,,"working group, zonas_2212.shp (id_visum by clave_ageb), received 2026-10-02"
1410100010984,7056,,"working group, zonas_2212.shp (id_visum by clave_ageb), received 2026-10-02"
1410100010999,7057,,"working group, zonas_2212.shp (id_visum by clave_ageb), received 2026-10-02"
1410100011003,7058,,"working group, zonas_2212.shp (id_visum by clave_ageb), received 2026-10-02"
1410100011018,7059,,"working group, zonas_2212.shp (id_visum by clave_ageb), received 2026-10-02"
1410100011022,7060,,"working group, zonas_2212.shp (id_visum by clave_ageb), received 2026-10-02"
1410100011037,7061,,"working group, zonas_2212.shp (id_visum by clave_ageb), received 2026-10-02"
1410100011041,7062,,"working group, zonas_2212.shp (id_visum by clave_ageb), received 2026-10-02"
1410100011056,7063,,"working group, zonas_2212.shp (id_visum by clave_ageb), received 2026-10-02"
1410100011075,7064,,"working group, zonas_2212.shp (id_visum by clave_ageb), received 2026-10-02"
141010001108A,7065,,"working group, zonas_2212.shp (id_visum by clave_ageb), received 2026-10-02"
1410100011094,7066,,"working group, zonas_2212.shp (id_visum by clave_ageb), received 2026-10-02"
1410100011107,7067,,"working group, zonas_2212.shp (id_visum by clave_ageb), received 2026-10-02"
1410100011126,7068,,"working group, zonas_2212.shp (id_visum by clave_ageb), received 2026-10-02"
1410100011130,7069,,"working group, zonas_2212.shp (id_visum by clave_ageb), received 2026-10-02"
1410100011145,7070,,"working group, zonas_2212.shp (id_visum by clave_ageb), received 2026-10-02"
141010001115A,7071,,"working group, zonas_2212.shp (id_visum by clave_ageb), received 2026-10-02"
1410100011164,7072,,"working group, zonas_2212.shp (id_visum by clave_ageb), received 2026-10-02"
1410100011179,7073,,"working group, zonas_2212.shp (id_visum by clave_ageb), received 2026-10-02"
1410100011183,7074,,"working group, zonas_2212.shp (id_visum by clave_ageb), received 2026-10-02"
1410100011198,7075,,"working group, zonas_2212.shp (id_visum by clave_ageb), received 2026-10-02"
1410100011200,7076,,"working group, zonas_2212.shp (id_visum by clave_ageb), received 2026-10-02"
1410100011215,7077,,"working group, zonas_2212.shp (id_visum by clave_ageb), received 2026-10-02"
1410100011268,7078,,"working group, zonas_2212.shp (id_visum by clave_ageb), received 2026-10-02"
1410100011272,7079,,"working group, zonas_2212.shp (id_visum by clave_ageb), received 2026-10-02"
1410100011287,7080,,"working group, zonas_2212.shp (id_visum by clave_ageb), received 2026-10-02"
1410100011291,7081,,"working group, zonas_2212.shp (id_visum by clave_ageb), received 2026-10-02"
1410100011304,7082,,"working group, zonas_2212.shp (id_visum by clave_ageb), received 2026-10-02"
1410100011319,7083,,"working group, zonas_2212.shp (id_visum by clave_ageb), received 2026-10-02"
1410100011323,7084,,"working group, zonas_2212.shp (id_visum by clave_ageb), received 2026-10-02"
1410100011338,7085,,"working group, zonas_2212.shp (id_visum by clave_ageb), received 2026-10-02"
1410100011357,7086,,"working group, zonas_2212.shp (id_visum by clave_ageb), received 2026-10-02"
1410100011361,7087,,"working group, zonas_2212.shp (id_visum by clave_ageb), received 2026-10-02"
1410100011376,7088,,"working group, zonas_2212.shp (id_visum by clave_ageb), received 2026-10-02"
1410100011395,7089,,"working group, zonas_2212.shp (id_visum by clave_ageb), received 2026-10-02"
1410100011408,7090,,"working group, zonas_2212.shp (id_visum by clave_ageb), received 2026-10-02"
1410100011412,7091,,"working group, zonas_2212.shp (id_visum by clave_ageb), received 2026-10-02"
1410100011427,7092,,"working group, zonas_2212.shp (id_visum by clave_ageb), received 2026-10-02"
1410100011431,7093,,"working group, zonas_2212.shp (id_visum by clave_ageb), received 2026-10-02"
1410100011446,7094,,"working group, zonas_2212.shp (id_visum by clave_ageb), received 2026-10-02"
141010001147A,7095,,"working group, zonas_2212.shp (id_visum by clave_ageb), received 2026-10-02"
1410100011484,7096,,"working group, zonas_2212.shp (id_visum by clave_ageb), received 2026-10-02"
1410100011499,7097,,"working group, zonas_2212.shp (id_visum by clave_ageb), received 2026-10-02"
1410100011501,7098,,"working group, zonas_2212.shp (id_visum by clave_ageb), received 2026-10-02"
1410100011516,7099,,"working group, zonas_2212.shp (id_visum by clave_ageb), received 2026-10-02"
1410100011554,7100,,"working group, zonas_2212.shp (id_visum by clave_ageb), received 2026-10-02"
1410100011569,7101,,"working group, zonas_2212.shp (id_visum by clave_ageb), received 2026-10-02"
1410100011573,7102,,"working group, zonas_2212.shp (id_visum by clave_ageb), received 2026-10-02"
1410100011588,7103,,"working group, zonas_2212.shp (id_visum by clave_ageb), received 2026-10-02"
1410100011592,7104,,"working group, zonas_2212.shp (id_visum by clave_ageb), received 2026-10-02"
1410100011605,7105,,"working group, zonas_2212.shp (id_visum by clave_ageb), received 2026-10-02"
141010001161A,7106,,"working group, zonas_2212.shp (id_visum by clave_ageb), received 2026-10-02"
1410100011624,7107,,"working group, zonas_2212.shp (id_visum by clave_ageb), received 2026-10-02"
1410100011639,7108,,"working group, zonas_2212.shp (id_visum by clave_ageb), received 2026-10-02"
1410100011643,7109,,"working group, zonas_2212.shp (id_visum by clave_ageb), received 2026-10-02"
1410100011658,7110,,"working group, zonas_2212.shp (id_visum by clave_ageb), received 2026-10-02"
1410100011728,7111,,"working group, zonas_2212.shp (id_visum by clave_ageb), received 2026-10-02"
1410100011732,7112,,"working group, zonas_2212.shp (id_visum by clave_ageb), received 2026-10-02"
1410100011747,7113,,"working group, zonas_2212.shp (id_visum by clave_ageb), received 2026-10-02"
1410100011751,7114,,"working group, zonas_2212.shp (id_visum by clave_ageb), received 2026-10-02"
1410100011766,7115,,"working group, zonas_2212.shp (id_visum by clave_ageb), received 2026-10-02"
1410100011770,7116,,"working group, zonas_2212.shp (id_visum by clave_ageb), received 2026-10-02"
141010001179A,7117,,"working group, zonas_2212.shp (id_visum by clave_ageb), received 2026-10-02"
1410100011817,7118,,"working group, zonas_2212.shp (id_visum by clave_ageb), received 2026-10-02"
1410100011821,7119,,"working group, zonas_2212.shp (id_visum by clave_ageb), received 2026-10-02"
1410100011836,7120,,"working group, zonas_2212.shp (id_visum by clave_ageb), received 2026-10-02"
1410100011874,7121,,"working group, zonas_2212.shp (id_visum by clave_ageb), received 2026-10-02"
1410100011889,7122,,"working group, zonas_2212.shp (id_visum by clave_ageb), received 2026-10-02"
1410100011906,7123,,"working group, zonas_2212.shp (id_visum by clave_ageb), received 2026-10-02"
1410100011982,7124,,"working group, zonas_2212.shp (id_visum by clave_ageb), received 2026-10-02"
1410100011997,7125,,"working group, zonas_2212.shp (id_visum by clave_ageb), received 2026-10-02"
1410100012001,7126,,"working group, zonas_2212.shp (id_visum by clave_ageb), received 2026-10-02"
1410100012016,7127,,"working group, zonas_2212.shp (id_visum by clave_ageb), received 2026-10-02"
1410100012020,7128,,"working group, zonas_2212.shp (id_visum by clave_ageb), received 2026-10-02"
1410100012035,7129,,"working group, zonas_2212.shp (id_visum by clave_ageb), received 2026-10-02"
141010001204A,7130,,"working group, zonas_2212.shp (id_visum by clave_ageb), received 2026-10-02"
1410100012054,7131,,"working group, zonas_2212.shp (id_visum by clave_ageb), received 2026-10-02"
1410100012069,7132,,"working group, zonas_2212.shp (id_visum by clave_ageb), received 2026-10-02"
1410100012073,7133,,"working group, zonas_2212.shp (id_visum by clave_ageb), received 2026-10-02"
1410100012088,7134,,"working group, zonas_2212.shp (id_visum by clave_ageb), received 2026-10-02"
1410100012251,7135,,"working group, zonas_2212.shp (id_visum by clave_ageb), received 2026-10-02"
1410100012266,7136,,"working group, zonas_2212.shp (id_visum by clave_ageb), received 2026-10-02"
1410100012270,7137,,"working group, zonas_2212.shp (id_visum by clave_ageb), received 2026-10-02"
1410100012425,7138,,"working group, zonas_2212.shp (id_visum by clave_ageb), received 2026-10-02"
1410100012459,7139,,"working group, zonas_2212.shp (id_visum by clave_ageb), received 2026-10-02"
1410100012478,7140,,"working group, zonas_2212.shp (id_visum by clave_ageb), received 2026-10-02"
1410100012482,7141,,"working group, zonas_2212.shp (id_visum by clave_ageb), received 2026-10-02"
1410100012497,7142,,"working group, zonas_2212.shp (id_visum by clave_ageb), received 2026-10-02"
141010001250A,7143,,"working group, zonas_2212.shp (id_visum by clave_ageb), received 2026-10-02"
1410100012514,7144,,"working group, zonas_2212.shp (id_visum by clave_ageb), received 2026-10-02"
1410100012529,7145,,"working group, zonas_2212.shp (id_visum by clave_ageb), received 2026-10-02"
1410100012533,7146,,"working group, zonas_2212.shp (id_visum by clave_ageb), received 2026-10-02"
1410100012548,7147,,"working group, zonas_2212.shp (id_visum by clave_ageb), received 2026-10-02"
1410100012590,7148,,"working group, zonas_2212.shp (id_visum by clave_ageb), received 2026-10-02"
1410100012603,7149,,"working group, zonas_2212.shp (id_visum by clave_ageb), received 2026-10-02"
1410100091450,7150,,"working group, zonas_2212.shp (id_visum by clave_ageb), received 2026-10-02"
1410100091465,7151,,"working group, zonas_2212.shp (id_visum by clave_ageb), received 2026-10-02"
1410100091520,7152,,"working group, zonas_2212.shp (id_visum by clave_ageb), received 2026-10-02"
1410100091535,7153,,"working group, zonas_2212.shp (id_visum by clave_ageb), received 2026-10-02"
1410100091662,7154,,"working group, zonas_2212.shp (id_visum by clave_ageb), received 2026-10-02"
1410100091677,7155,,"working group, zonas_2212.shp (id_visum by clave_ageb), received 2026-10-02"
1410100091681,7156,,"working group, zonas_2212.shp (id_visum by clave_ageb), received 2026-10-02"
1410100091696,7157,,"working group, zonas_2212.shp (id_visum by clave_ageb), received 2026-10-02"
1410100091713,7158,,"working group, zonas_2212.shp (id_visum by clave_ageb), received 2026-10-02"
1410100091802,7159,,"working group, zonas_2212.shp (id_visum by clave_ageb), received 2026-10-02"
1410100091840,7160,,"working group, zonas_2212.shp (id_visum by clave_ageb), received 2026-10-02"
1410100091855,7161,,"working group, zonas_2212.shp (id_visum by clave_ageb), received 2026-10-02"
1410100091893,7162,,"working group, zonas_2212.shp (id_visum by clave_ageb), received 2026-10-02"
1410100091910,7163,,"working group, zonas_2212.shp (id_visum by clave_ageb), received 2026-10-02"
1410100091925,7164,,"working group, zonas_2212.shp (id_visum by clave_ageb), received 2026-10-02"
141010009193A,7165,,"working group, zonas_2212.shp (id_visum by clave_ageb), received 2026-10-02"
1410100091944,7166,,"working group, zonas_2212.shp (id_visum by clave_ageb), received 2026-10-02"
1410100092092,7167,,"working group, zonas_2212.shp (id_visum by clave_ageb), received 2026-10-02"
1410100092105,7168,,"working group, zonas_2212.shp (id_visum by clave_ageb), received 2026-10-02"
141010009211A,7169,,"working group, zonas_2212.shp (id_visum by clave_ageb), received 2026-10-02"
1410100092124,7170,,"working group, zonas_2212.shp (id_visum by clave_ageb), received 2026-10-02"
1410100092139,7171,,"working group, zonas_2212.shp (id_visum by clave_ageb), received 2026-10-02"
1410100092143,7172,,"working group, zonas_2212.shp (id_visum by clave_ageb), received 2026-10-02"
1410100092158,7173,,"working group, zonas_2212.shp (id_visum by clave_ageb), received 2026-10-02"
1410100092162,7174,,"working group, zonas_2212.shp (id_visum by clave_ageb), received 2026-10-02"
1410100092177,7175,,"working group, zonas_2212.shp (id_visum by clave_ageb), received 2026-10-02"
1410100092181,7176,,"working group, zonas_2212.shp (id_visum by clave_ageb), received 2026-10-02"
1410100092196,7177,,"working group, zonas_2212.shp (id_visum by clave_ageb), received 2026-10-02"
1410100092209,7178,,"working group, zonas_2212.shp (id_visum by clave_ageb), received 2026-10-02"
1410100092213,7179,,"working group, zonas_2212.shp (id_visum by clave_ageb), received 2026-10-02"
1410100092228,7180,,"working group, zonas_2212.shp (id_visum by clave_ageb), received 2026-10-02"
1410100092232,7181,,"working group, zonas_2212.shp (id_visum by clave_ageb), received 2026-10-02"
1410100092247,7182,,"working group, zonas_2212.shp (id_visum by clave_ageb), received 2026-10-02"
141010009229A,7183,,"working group, zonas_2212.shp (id_visum by clave_ageb), received 2026-10-02"
1410100092302,7184,,"working group, zonas_2212.shp (id_visum by clave_ageb), received 2026-10-02"
1410100092393,7185,,"working group, zonas_2212.shp (id_visum by clave_ageb), received 2026-10-02"
1410100092406,7186,,"working group, zonas_2212.shp (id_visum by clave_ageb), received 2026-10-02"
1410100092410,7187,,"working group, zonas_2212.shp (id_visum by clave_ageb), received 2026-10-02"
141010009243A,7188,,"working group, zonas_2212.shp (id_visum by clave_ageb), received 2026-10-02"
1410100092444,7189,,"working group, zonas_2212.shp (id_visum by clave_ageb), received 2026-10-02"
1410100092586,7190,,"working group, zonas_2212.shp (id_visum by clave_ageb), received 2026-10-02"
1410100092618,7191,,"working group, zonas_2212.shp (id_visum by clave_ageb), received 2026-10-02"
1410100092622,7192,,"working group, zonas_2212.shp (id_visum by clave_ageb), received 2026-10-02"
1410100220024,7193,,"working group, zonas_2212.shp (id_visum by clave_ageb), received 2026-10-02"
1410100220081,7194,,"working group, zonas_2212.shp (id_visum by clave_ageb), received 2026-10-02"
1410100220096,7195,,"working group, zonas_2212.shp (id_visum by clave_ageb), received 2026-10-02"
1410100220113,7196,,"working group, zonas_2212.shp (id_visum by clave_ageb), received 2026-10-02"
1410100260683,7197,,"working group, zonas_2212.shp (id_visum by clave_ageb), received 2026-10-02"
1410100260698,7198,,"working group, zonas_2212.shp (id_visum by clave_ageb), received 2026-10-02"
141010026122A,7199,,"working group, zonas_2212.shp (id_visum by clave_ageb), received 2026-10-02"
1410100261234,7200,,"working group, zonas_2212.shp (id_visum by clave_ageb), received 2026-10-02"
1410100261249,7201,,"working group, zonas_2212.shp (id_visum by clave_ageb), received 2026-10-02"
141010026154A,7202,,"working group, zonas_2212.shp (id_visum by clave_ageb), received 2026-10-02"
1410100261709,7203,,"working group, zonas_2212.shp (id_visum by clave_ageb), received 2026-10-02"
1410100261785,7204,,"working group, zonas_2212.shp (id_visum by clave_ageb), received 2026-10-02"
141010026186A,7205,,"working group, zonas_2212.shp (id_visum by clave_ageb), received 2026-10-02"
1410100262285,7206,,"working group, zonas_2212.shp (id_visum by clave_ageb), received 2026-10-02"
1410100272336,7207,,"working group, zonas_2212.shp (id_visum by clave_ageb), received 2026-10-02"
1410100272340,7208,,"working group, zonas_2212.shp (id_visum by clave_ageb), received 2026-10-02"
1410100272355,7209,,"working group, zonas_2212.shp (id_visum by clave_ageb), received 2026-10-02"
141010027236A,7210,,"working group, zonas_2212.shp (id_visum by clave_ageb), received 2026-10-02"
1410100312317,7211,,"working group, zonas_2212.shp (id_visum by clave_ageb), received 2026-10-02"
1410100312321,7212,,"working group, zonas_2212.shp (id_visum by clave_ageb), received 2026-10-02"
1410100340274,7213,,"working group, zonas_2212.shp (id_visum by clave_ageb), received 2026-10-02"
1410100341978,7214,,"working group, zonas_2212.shp (id_visum by clave_ageb), received 2026-10-02"
1410100342463,7215,,"working group, zonas_2212.shp (id_visum by clave_ageb), received 2026-10-02"
1410100342637,7216,,"working group, zonas_2212.shp (id_visum by clave_ageb), received 2026-10-02"
1410100342641,7217,,"working group, zonas_2212.shp (id_visum by clave_ageb), received 2026-10-02"
1410100380128,7218,,"working group, zonas_2212.shp (id_visum by clave_ageb), received 2026-10-02"
1410100380132,7219,,"working group, zonas_2212.shp (id_visum by clave_ageb), received 2026-10-02"
1410100380166,7220,,"working group, zonas_2212.shp (id_visum by clave_ageb), received 2026-10-02"
1410101892656,7221,,"working group, zonas_2212.shp (id_visum by clave_ageb), received 2026-10-02"
1410101892660,7222,,"working group, zonas_2212.shp (id_visum by clave_ageb), received 2026-10-02"
1410101892675,7223,,"working group, zonas_2212.shp (id_visum by clave_ageb), received 2026-10-02"
1410101902374,7224,,"working group, zonas_2212.shp (id_visum by clave_ageb), received 2026-10-02"
141010193268A,7225,,"working group, zonas_2212.shp (id_visum by clave_ageb), received 2026-10-02"
1410101932694,7226,,"working group, zonas_2212.shp (id_visum by clave_ageb), received 2026-10-02"
1410101932707,7227,,"working group, zonas_2212.shp (id_visum by clave_ageb), received 2026-10-02"
1410101932711,7228,,"working group, zonas_2212.shp (id_visum by clave_ageb), received 2026-10-02"
141011959,7900,,"working group, zonas_2212.shp (id_visum by clave_ageb), received 2026-10-02"
141011963,7901,,"working group, zonas_2212.shp (id_visum by clave_ageb), received 2026-10-02"
141012552,7902,,"working group, zonas_2212.shp (id_visum by clave_ageb), received 2026-10-02"
141012567,7903,,"working group, zonas_2212.shp (id_visum by clave_ageb), received 2026-10-02"
1412000010212,8001,,"working group, zonas_2212.shp (id_visum by clave_ageb), received 2026-10-02"
1412000010227,8002,,"working group, zonas_2212.shp (id_visum by clave_ageb), received 2026-10-02"
1412000010231,8003,,"working group, zonas_2212.shp (id_visum by clave_ageb), received 2026-10-02"
1412000010246,8004,,"working group, zonas_2212.shp (id_visum by clave_ageb), received 2026-10-02"
1412000010265,8005,,"working group, zonas_2212.shp (id_visum by clave_ageb), received 2026-10-02"
141200001027A,8006,,"working group, zonas_2212.shp (id_visum by clave_ageb), received 2026-10-02"
1412000010354,8007,,"working group, zonas_2212.shp (id_visum by clave_ageb), received 2026-10-02"
1412000010369,8008,,"working group, zonas_2212.shp (id_visum by clave_ageb), received 2026-10-02"
1412000010373,8009,,"working group, zonas_2212.shp (id_visum by clave_ageb), received 2026-10-02"
1412000010392,8010,,"working group, zonas_2212.shp (id_visum by clave_ageb), received 2026-10-02"
1412000010405,8011,,"working group, zonas_2212.shp (id_visum by clave_ageb), received 2026-10-02"
1412000010547,8012,,"working group, zonas_2212.shp (id_visum by clave_ageb), received 2026-10-02"
1412000010602,8013,,"working group, zonas_2212.shp (id_visum by clave_ageb), received 2026-10-02"
1412000010617,8014,,"working group, zonas_2212.shp (id_visum by clave_ageb), received 2026-10-02"
1412000010636,8015,,"working group, zonas_2212.shp (id_visum by clave_ageb), received 2026-10-02"
1412000010640,8016,,"working group, zonas_2212.shp (id_visum by clave_ageb), received 2026-10-02"
1412000010655,8017,,"working group, zonas_2212.shp (id_visum by clave_ageb), received 2026-10-02"
141200001066A,8018,,"working group, zonas_2212.shp (id_visum by clave_ageb), received 2026-10-02"
1412000010689,8019,,"working group, zonas_2212.shp (id_visum by clave_ageb), received 2026-10-02"
1412000010706,8020,,"working group, zonas_2212.shp (id_visum by clave_ageb), received 2026-10-02"
1412000010710,8021,,"working group, zonas_2212.shp (id_visum by clave_ageb), received 2026-10-02"
1412000010814,8022,,"working group, zonas_2212.shp (id_visum by clave_ageb), received 2026-10-02"
1412000010890,8023,,"working group, zonas_2212.shp (id_visum by clave_ageb), received 2026-10-02"
1412000010918,8024,,"working group, zonas_2212.shp (id_visum by clave_ageb), received 2026-10-02"
1412000010937,8025,,"working group, zonas_2212.shp (id_visum by clave_ageb), received 2026-10-02"
1412000010975,8026,,"working group, zonas_2212.shp (id_visum by clave_ageb), received 2026-10-02"
141200001098A,8027,,"working group, zonas_2212.shp (id_visum by clave_ageb), received 2026-10-02"
1412000010994,8028,,"working group, zonas_2212.shp (id_visum by clave_ageb), received 2026-10-02"
1412000011009,8029,,"working group, zonas_2212.shp (id_visum by clave_ageb), received 2026-10-02"
1412000011032,8030,,"working group, zonas_2212.shp (id_visum by clave_ageb), received 2026-10-02"
1412000011121,8031,,"working group, zonas_2212.shp (id_visum by clave_ageb), received 2026-10-02"
1412000011155,8032,,"working group, zonas_2212.shp (id_visum by clave_ageb), received 2026-10-02"
141200001116A,8033,,"working group, zonas_2212.shp (id_visum by clave_ageb), received 2026-10-02"
1412000011189,8034,,"working group, zonas_2212.shp (id_visum by clave_ageb), received 2026-10-02"
1412000011193,8035,,"working group, zonas_2212.shp (id_visum by clave_ageb), received 2026-10-02"
1412000011206,8036,,"working group, zonas_2212.shp (id_visum by clave_ageb), received 2026-10-02"
1412000011210,8037,,"working group, zonas_2212.shp (id_visum by clave_ageb), received 2026-10-02"
1412000011225,8038,,"working group, zonas_2212.shp (id_visum by clave_ageb), received 2026-10-02"
1412000011278,8039,,"working group, zonas_2212.shp (id_visum by clave_ageb), received 2026-10-02"
1412000011282,8040,,"working group, zonas_2212.shp (id_visum by clave_ageb), received 2026-10-02"
1412000011297,8041,,"working group, zonas_2212.shp (id_visum by clave_ageb), received 2026-10-02"
1412000011418,8042,,"working group, zonas_2212.shp (id_visum by clave_ageb), received 2026-10-02"
1412000011441,8043,,"working group, zonas_2212.shp (id_visum by clave_ageb), received 2026-10-02"
1412000011460,8044,,"working group, zonas_2212.shp (id_visum by clave_ageb), received 2026-10-02"
1412000011526,8045,,"working group, zonas_2212.shp (id_visum by clave_ageb), received 2026-10-02"
1412000011579,8046,,"working group, zonas_2212.shp (id_visum by clave_ageb), received 2026-10-02"
1412000011634,8047,,"working group, zonas_2212.shp (id_visum by clave_ageb), received 2026-10-02"
1412000011649,8048,,"working group, zonas_2212.shp (id_visum by clave_ageb), received 2026-10-02"
1412000011653,8049,,"working group, zonas_2212.shp (id_visum by clave_ageb), received 2026-10-02"
1412000011687,8050,,"working group, zonas_2212.shp (id_visum by clave_ageb), received 2026-10-02"
1412000011691,8051,,"working group, zonas_2212.shp (id_visum by clave_ageb), received 2026-10-02"
1412000011723,8052,,"working group, zonas_2212.shp (id_visum by clave_ageb), received 2026-10-02"
1412000011742,8053,,"working group, zonas_2212.shp (id_visum by clave_ageb), received 2026-10-02"
1412000011757,8054,,"working group, zonas_2212.shp (id_visum by clave_ageb), received 2026-10-02"
1412000011795,8055,,"working group, zonas_2212.shp (id_visum by clave_ageb), received 2026-10-02"
1412000011808,8056,,"working group, zonas_2212.shp (id_visum by clave_ageb), received 2026-10-02"
1412000011812,8057,,"working group, zonas_2212.shp (id_visum by clave_ageb), received 2026-10-02"
1412000011846,8058,,"working group, zonas_2212.shp (id_visum by clave_ageb), received 2026-10-02"
1412000011850,8059,,"working group, zonas_2212.shp (id_visum by clave_ageb), received 2026-10-02"
1412000011865,8060,,"working group, zonas_2212.shp (id_visum by clave_ageb), received 2026-10-02"
141200001187A,8061,,"working group, zonas_2212.shp (id_visum by clave_ageb), received 2026-10-02"
1412000011884,8062,,"working group, zonas_2212.shp (id_visum by clave_ageb), received 2026-10-02"
1412000011899,8063,,"working group, zonas_2212.shp (id_visum by clave_ageb), received 2026-10-02"
1412000011901,8064,,"working group, zonas_2212.shp (id_visum by clave_ageb), received 2026-10-02"
1412000011920,8065,,"working group, zonas_2212.shp (id_visum by clave_ageb), received 2026-10-02"
1412000011935,8066,,"working group, zonas_2212.shp (id_visum by clave_ageb), received 2026-10-02"
141200001194A,8067,,"working group, zonas_2212.shp (id_visum by clave_ageb), received 2026-10-02"
1412000012064,8068,,"working group, zonas_2212.shp (id_visum by clave_ageb), received 2026-10-02"
1412000012115,8069,,"working group, zonas_2212.shp (id_visum by clave_ageb), received 2026-10-02"
141200001212A,8070,,"working group, zonas_2212.shp (id_visum by clave_ageb), received 2026-10-02"
1412000012134,8071,,"working group, zonas_2212.shp (id_visum by clave_ageb), received 2026-10-02"
1412000012172,8072,,"working group, zonas_2212.shp (id_visum by clave_ageb), received 2026-10-02"
1412000012204,8073,,"working group, zonas_2212.shp (id_visum by clave_ageb), received 2026-10-02"
1412000012219,8074,,"working group, zonas_2212.shp (id_visum by clave_ageb), received 2026-10-02"
1412000012223,8075,,"working group, zonas_2212.shp (id_visum by clave_ageb), received 2026-10-02"
1412000012238,8076,,"working group, zonas_2212.shp (id_visum by clave_ageb), received 2026-10-02"
1412000012242,8077,,"working group, zonas_2212.shp (id_visum by clave_ageb), received 2026-10-02"
1412000012257,8078,,"working group, zonas_2212.shp (id_visum by clave_ageb), received 2026-10-02"
1412000012261,8079,,"working group, zonas_2212.shp (id_visum by clave_ageb), received 2026-10-02"
1412000012276,8080,,"working group, zonas_2212.shp (id_visum by clave_ageb), received 2026-10-02"
1412000012280,8081,,"working group, zonas_2212.shp (id_visum by clave_ageb), received 2026-10-02"
1412000012295,8082,,"working group, zonas_2212.shp (id_visum by clave_ageb), received 2026-10-02"
1412000012308,8083,,"working group, zonas_2212.shp (id_visum by clave_ageb), received 2026-10-02"
1412000012312,8084,,"working group, zonas_2212.shp (id_visum by clave_ageb), received 2026-10-02"
1412000012327,8085,,"working group, zonas_2212.shp (id_visum by clave_ageb), received 2026-10-02"
1412000012331,8086,,"working group, zonas_2212.shp (id_visum by clave_ageb), received 2026-10-02"
1412000012346,8087,,"working group, zonas_2212.shp (id_visum by clave_ageb), received 2026-10-02"
1412000012350,8088,,"working group, zonas_2212.shp (id_visum by clave_ageb), received 2026-10-02"
1412000012365,8089,,"working group, zonas_2212.shp (id_visum by clave_ageb), received 2026-10-02"
141200001237A,8090,,"working group, zonas_2212.shp (id_visum by clave_ageb), received 2026-10-02"
1412000012384,8091,,"working group, zonas_2212.shp (id_visum by clave_ageb), received 2026-10-02"
1412000012399,8092,,"working group, zonas_2212.shp (id_visum by clave_ageb), received 2026-10-02"
1412000012401,8093,,"working group, zonas_2212.shp (id_visum by clave_ageb), received 2026-10-02"
1412000012416,8094,,"working group, zonas_2212.shp (id_visum by clave_ageb), received 2026-10-02"
1412000012420,8095,,"working group, zonas_2212.shp (id_visum by clave_ageb), received 2026-10-02"
1412000012435,8096,,"working group, zonas_2212.shp (id_visum by clave_ageb), received 2026-10-02"
141200001244A,8097,,"working group, zonas_2212.shp (id_visum by clave_ageb), received 2026-10-02"
1412000012454,8098,,"working group, zonas_2212.shp (id_visum by clave_ageb), received 2026-10-02"
1412000012469,8099,,"working group, zonas_2212.shp (id_visum by clave_ageb), received 2026-10-02"
1412000012473,8100,,"working group, zonas_2212.shp (id_visum by clave_ageb), received 2026-10-02"
1412000012488,8101,,"working group, zonas_2212.shp (id_visum by clave_ageb), received 2026-10-02"
1412000012492,8102,,"working group, zonas_2212.shp (id_visum by clave_ageb), received 2026-10-02"
1412000012505,8103,,"working group, zonas_2212.shp (id_visum by clave_ageb), received 2026-10-02"
141200001251A,8104,,"working group, zonas_2212.shp (id_visum by clave_ageb), received 2026-10-02"
1412000012524,8105,,"working group, zonas_2212.shp (id_visum by clave_ageb), received 2026-10-02"
1412000012539,8106,,"working group, zonas_2212.shp (id_visum by clave_ageb), received 2026-10-02"
1412000012543,8107,,"working group, zonas_2212.shp (id_visum by clave_ageb), received 2026-10-02"
1412000012558,8108,,"working group, zonas_2212.shp (id_visum by clave_ageb), received 2026-10-02"
1412000012562,8109,,"working group, zonas_2212.shp (id_visum by clave_ageb), received 2026-10-02"
1412000012596,8110,,"working group, zonas_2212.shp (id_visum by clave_ageb), received 2026-10-02"
1412000012609,8111,,"working group, zonas_2212.shp (id_visum by clave_ageb), received 2026-10-02"
1412000012613,8112,,"working group, zonas_2212.shp (id_visum by clave_ageb), received 2026-10-02"
1412000012628,8113,,"working group, zonas_2212.shp (id_visum by clave_ageb), received 2026-10-02"
1412000012632,8114,,"working group, zonas_2212.shp (id_visum by clave_ageb), received 2026-10-02"
1412000012647,8115,,"working group, zonas_2212.shp (id_visum by clave_ageb), received 2026-10-02"
1412000012651,8116,,"working group, zonas_2212.shp (id_visum by clave_ageb), received 2026-10-02"
1412000012666,8117,,"working group, zonas_2212.shp (id_visum by clave_ageb), received 2026-10-02"
1412000012670,8118,,"working group, zonas_2212.shp (id_visum by clave_ageb), received 2026-10-02"
1412000012685,8119,,"working group, zonas_2212.shp (id_visum by clave_ageb), received 2026-10-02"
141200001269A,8120,,"working group, zonas_2212.shp (id_visum by clave_ageb), received 2026-10-02"
1412000012702,8121,,"working group, zonas_2212.shp (id_visum by clave_ageb), received 2026-10-02"
1412000012717,8122,,"working group, zonas_2212.shp (id_visum by clave_ageb), received 2026-10-02"
1412000012721,8123,,"working group, zonas_2212.shp (id_visum by clave_ageb), received 2026-10-02"
1412000012755,8124,,"working group, zonas_2212.shp (id_visum by clave_ageb), received 2026-10-02"
1412000012774,8125,,"working group, zonas_2212.shp (id_visum by clave_ageb), received 2026-10-02"
1412000012789,8126,,"working group, zonas_2212.shp (id_visum by clave_ageb), received 2026-10-02"
1412000012793,8127,,"working group, zonas_2212.shp (id_visum by clave_ageb), received 2026-10-02"
1412000012806,8128,,"working group, zonas_2212.shp (id_visum by clave_ageb), received 2026-10-02"
1412000012810,8129,,"working group, zonas_2212.shp (id_visum by clave_ageb), received 2026-10-02"
1412000012825,8130,,"working group, zonas_2212.shp (id_visum by clave_ageb), received 2026-10-02"
141200001283A,8131,,"working group, zonas_2212.shp (id_visum by clave_ageb), received 2026-10-02"
1412000012844,8132,,"working group, zonas_2212.shp (id_visum by clave_ageb), received 2026-10-02"
1412000012863,8133,,"working group, zonas_2212.shp (id_visum by clave_ageb), received 2026-10-02"
1412000012882,8134,,"working group, zonas_2212.shp (id_visum by clave_ageb), received 2026-10-02"
1412000012897,8135,,"working group, zonas_2212.shp (id_visum by clave_ageb), received 2026-10-02"
141200001290A,8136,,"working group, zonas_2212.shp (id_visum by clave_ageb), received 2026-10-02"
1412000012914,8137,,"working group, zonas_2212.shp (id_visum by clave_ageb), received 2026-10-02"
1412000012929,8138,,"working group, zonas_2212.shp (id_visum by clave_ageb), received 2026-10-02"
1412000012933,8139,,"working group, zonas_2212.shp (id_visum by clave_ageb), received 2026-10-02"
1412000012948,8140,,"working group, zonas_2212.shp (id_visum by clave_ageb), received 2026-10-02"
1412000012952,8141,,"working group, zonas_2212.shp (id_visum by clave_ageb), received 2026-10-02"
1412000012967,8142,,"working group, zonas_2212.shp (id_visum by clave_ageb), received 2026-10-02"
1412000012971,8143,,"working group, zonas_2212.shp (id_visum by clave_ageb), received 2026-10-02"
1412000012986,8144,,"working group, zonas_2212.shp (id_visum by clave_ageb), received 2026-10-02"
1412000012990,8145,,"working group, zonas_2212.shp (id_visum by clave_ageb), received 2026-10-02"
1412000013005,8146,,"working group, zonas_2212.shp (id_visum by clave_ageb), received 2026-10-02"
141200001301A,8147,,"working group, zonas_2212.shp (id_visum by clave_ageb), received 2026-10-02"
1412000013039,8148,,"working group, zonas_2212.shp (id_visum by clave_ageb), received 2026-10-02"
1412000013043,8149,,"working group, zonas_2212.shp (id_visum by clave_ageb), received 2026-10-02"
1412000013058,8150,,"working group, zonas_2212.shp (id_visum by clave_ageb), received 2026-10-02"
1412000013062,8151,,"working group, zonas_2212.shp (id_visum by clave_ageb), received 2026-10-02"
1412000013077,8152,,"working group, zonas_2212.shp (id_visum by clave_ageb), received 2026-10-02"
1412000013081,8153,,"working group, zonas_2212.shp (id_visum by clave_ageb), received 2026-10-02"
1412000013096,8154,,"working group, zonas_2212.shp (id_visum by clave_ageb), received 2026-10-02"
1412000013113,8155,,"working group, zonas_2212.shp (id_visum by clave_ageb), received 2026-10-02"
1412000013128,8156,,"working group, zonas_2212.shp (id_visum by clave_ageb), received 2026-10-02"
1412000013132,8157,,"working group, zonas_2212.shp (id_visum by clave_ageb), received 2026-10-02"
1412000013147,8158,,"working group, zonas_2212.shp (id_visum by clave_ageb), received 2026-10-02"
1412000013151,8159,,"working group, zonas_2212.shp (id_visum by clave_ageb), received 2026-10-02"
1412000013166,8160,,"working group, zonas_2212.shp (id_visum by clave_ageb), received 2026-10-02"
1412000013170,8161,,"working group, zonas_2212.shp (id_visum by clave_ageb), received 2026-10-02"
1412000013185,8162,,"working group, zonas_2212.shp (id_visum by clave_ageb), received 2026-10-02"
141200001319A,8163,,"working group, zonas_2212.shp (id_visum by clave_ageb), received 2026-10-02"
1412000013202,8164,,"working group, zonas_2212.shp (id_visum by clave_ageb), received 2026-10-02"
1412000013217,8165,,"working group, zonas_2212.shp (id_visum by clave_ageb), received 2026-10-02"
1412000013236,8166,,"working group, zonas_2212.shp (id_visum by clave_ageb), received 2026-10-02"
141200001326A,8167,,"working group, zonas_2212.shp (id_visum by clave_ageb), received 2026-10-02"
1412000013274,8168,,"working group, zonas_2212.shp (id_visum by clave_ageb), received 2026-10-02"
1412000013289,8169,,"working group, zonas_2212.shp (id_visum by clave_ageb), received 2026-10-02"
1412000013293,8170,,"working group, zonas_2212.shp (id_visum by clave_ageb), received 2026-10-02"
1412000013306,8171,,"working group, zonas_2212.shp (id_visum by clave_ageb), received 2026-10-02"
1412000013310,8172,,"working group, zonas_2212.shp (id_visum by clave_ageb), received 2026-10-02"
1412000013325,8173,,"working group, zonas_2212.shp (id_visum by clave_ageb), received 2026-10-02"
1412000013378,8174,,"working group, zonas_2212.shp (id_visum by clave_ageb), received 2026-10-02"
1412000013382,8175,,"working group, zonas_2212.shp (id_visum by clave_ageb), received 2026-10-02"
1412000013397,8176,,"working group, zonas_2212.shp (id_visum by clave_ageb), received 2026-10-02"
141200001340A,8177,,"working group, zonas_2212.shp (id_visum by clave_ageb), received 2026-10-02"
1412000013414,8178,,"working group, zonas_2212.shp (id_visum by clave_ageb), received 2026-10-02"
1412000013429,8179,,"working group, zonas_2212.shp (id_visum by clave_ageb), received 2026-10-02"
1412000013433,8180,,"working group, zonas_2212.shp (id_visum by clave_ageb), received 2026-10-02"
1412000013448,8181,,"working group, zonas_2212.shp (id_visum by clave_ageb), received 2026-10-02"
1412000013452,8182,,"working group, zonas_2212.shp (id_visum by clave_ageb), received 2026-10-02"
1412000013486,8183,,"working group, zonas_2212.shp (id_visum by clave_ageb), received 2026-10-02"
1412000013490,8184,,"working group, zonas_2212.shp (id_visum by clave_ageb), received 2026-10-02"
1412000013503,8185,,"working group, zonas_2212.shp (id_visum by clave_ageb), received 2026-10-02"
1412000013518,8186,,"working group, zonas_2212.shp (id_visum by clave_ageb), received 2026-10-02"
1412000013556,8187,,"working group, zonas_2212.shp (id_visum by clave_ageb), received 2026-10-02"
1412000013560,8188,,"working group, zonas_2212.shp (id_visum by clave_ageb), received 2026-10-02"
1412000013575,8189,,"working group, zonas_2212.shp (id_visum by clave_ageb), received 2026-10-02"
1412000013594,8190,,"working group, zonas_2212.shp (id_visum by clave_ageb), received 2026-10-02"
1412000013607,8191,,"working group, zonas_2212.shp (id_visum by clave_ageb), received 2026-10-02"
1412000013611,8192,,"working group, zonas_2212.shp (id_visum by clave_ageb), received 2026-10-02"
1412000013626,8193,,"working group, zonas_2212.shp (id_visum by clave_ageb), received 2026-10-02"
1412000013630,8194,,"working group, zonas_2212.shp (id_visum by clave_ageb), received 2026-10-02"
1412000013645,8195,,"working group, zonas_2212.shp (id_visum by clave_ageb), received 2026-10-02"
141200001365A,8196,,"working group, zonas_2212.shp (id_visum by clave_ageb), received 2026-10-02"
1412000013664,8197,,"working group, zonas_2212.shp (id_visum by clave_ageb), received 2026-10-02"
1412000013679,8198,,"working group, zonas_2212.shp (id_visum by clave_ageb), received 2026-10-02"
1412000013683,8199,,"working group, zonas_2212.shp (id_visum by clave_ageb), received 2026-10-02"
1412000013698,8200,,"working group, zonas_2212.shp (id_visum by clave_ageb), received 2026-10-02"
1412000013700,8201,,"working group, zonas_2212.shp (id_visum by clave_ageb), received 2026-10-02"
1412000013715,8202,,"working group, zonas_2212.shp (id_visum by clave_ageb), received 2026-10-02"
141200001372A,8203,,"working group, zonas_2212.shp (id_visum by clave_ageb), received 2026-10-02"
1412000013734,8204,,"working group, zonas_2212.shp (id_visum by clave_ageb), received 2026-10-02"
1412000013768,8205,,"working group, zonas_2212.shp (id_visum by clave_ageb), received 2026-10-02"
1412000013772,8206,,"working group, zonas_2212.shp (id_visum by clave_ageb), received 2026-10-02"
1412000013787,8207,,"working group, zonas_2212.shp (id_visum by clave_ageb), received 2026-10-02"
1412000013791,8208,,"working group, zonas_2212.shp (id_visum by clave_ageb), received 2026-10-02"
1412000013804,8209,,"working group, zonas_2212.shp (id_visum by clave_ageb), received 2026-10-02"
1412000013819,8210,,"working group, zonas_2212.shp (id_visum by clave_ageb), received 2026-10-02"
1412000013857,8211,,"working group, zonas_2212.shp (id_visum by clave_ageb), received 2026-10-02"
1412000013861,8212,,"working group, zonas_2212.shp (id_visum by clave_ageb), received 2026-10-02"
1412000013876,8213,,"working group, zonas_2212.shp (id_visum by clave_ageb), received 2026-10-02"
1412000013950,8214,,"working group, zonas_2212.shp (id_visum by clave_ageb), received 2026-10-02"
1412000013965,8215,,"working group, zonas_2212.shp (id_visum by clave_ageb), received 2026-10-02"
141200001397A,8216,,"working group, zonas_2212.shp (id_visum by clave_ageb), received 2026-10-02"
1412000013984,8217,,"working group, zonas_2212.shp (id_visum by clave_ageb), received 2026-10-02"
1412000014041,8218,,"working group, zonas_2212.shp (id_visum by clave_ageb), received 2026-10-02"
1412000014060,8219,,"working group, zonas_2212.shp (id_visum by clave_ageb), received 2026-10-02"
1412000014075,8220,,"working group, zonas_2212.shp (id_visum by clave_ageb), received 2026-10-02"
141200001408A,8221,,"working group, zonas_2212.shp (id_visum by clave_ageb), received 2026-10-02"
1412000014094,8222,,"working group, zonas_2212.shp (id_visum by clave_ageb), received 2026-10-02"
1412000014107,8223,,"working group, zonas_2212.shp (id_visum by clave_ageb), received 2026-10-02"
1412000014111,8224,,"working group, zonas_2212.shp (id_visum by clave_ageb), received 2026-10-02"
1412000014126,8225,,"working group, zonas_2212.shp (id_visum by clave_ageb), received 2026-10-02"
1412000014130,8226,,"working group, zonas_2212.shp (id_visum by clave_ageb), received 2026-10-02"
1412000014183,8227,,"working group, zonas_2212.shp (id_visum by clave_ageb), received 2026-10-02"
1412000014198,8228,,"working group, zonas_2212.shp (id_visum by clave_ageb), received 2026-10-02"
1412000014200,8229,,"working group, zonas_2212.shp (id_visum by clave_ageb), received 2026-10-02"
1412000014215,8230,,"working group, zonas_2212.shp (id_visum by clave_ageb), received 2026-10-02"
141200001422A,8231,,"working group, zonas_2212.shp (id_visum by clave_ageb), received 2026-10-02"
1412000014234,8232,,"working group, zonas_2212.shp (id_visum by clave_ageb), received 2026-10-02"
1412000014249,8233,,"working group, zonas_2212.shp (id_visum by clave_ageb), received 2026-10-02"
1412000014253,8234,,"working group, zonas_2212.shp (id_visum by clave_ageb), received 2026-10-02"
1412000014268,8235,,"working group, zonas_2212.shp (id_visum by clave_ageb), received 2026-10-02"
1412000014272,8236,,"working group, zonas_2212.shp (id_visum by clave_ageb), received 2026-10-02"
1412000014287,8237,,"working group, zonas_2212.shp (id_visum by clave_ageb), received 2026-10-02"
1412000014291,8238,,"working group, zonas_2212.shp (id_visum by clave_ageb), received 2026-10-02"
1412000014304,8239,,"working group, zonas_2212.shp (id_visum by clave_ageb), received 2026-10-02"
1412000014319,8240,,"working group, zonas_2212.shp (id_visum by clave_ageb), received 2026-10-02"
1412000014323,8241,,"working group, zonas_2212.shp (id_visum by clave_ageb), received 2026-10-02"
1412000014338,8242,,"working group, zonas_2212.shp (id_visum by clave_ageb), received 2026-10-02"
1412000014342,8243,,"working group, zonas_2212.shp (id_visum by clave_ageb), received 2026-10-02"
1412000014357,8244,,"working group, zonas_2212.shp (id_visum by clave_ageb), received 2026-10-02"
1412000014361,8245,,"working group, zonas_2212.shp (id_visum by clave_ageb), received 2026-10-02"
1412000014376,8246,,"working group, zonas_2212.shp (id_visum by clave_ageb), received 2026-10-02"
1412000014380,8247,,"working group, zonas_2212.shp (id_visum by clave_ageb), received 2026-10-02"
1412000014395,8248,,"working group, zonas_2212.shp (id_visum by clave_ageb), received 2026-10-02"
1412000014408,8249,,"working group, zonas_2212.shp (id_visum by clave_ageb), received 2026-10-02"
1412000014412,8250,,"working group, zonas_2212.shp (id_visum by clave_ageb), received 2026-10-02"
1412000014427,8251,,"working group, zonas_2212.shp (id_visum by clave_ageb), received 2026-10-02"
1412000014431,8252,,"working group, zonas_2212.shp (id_visum by clave_ageb), received 2026-10-02"
1412000014446,8253,,"working group, zonas_2212.shp (id_visum by clave_ageb), received 2026-10-02"
1412000014450,8254,,"working group, zonas_2212.shp (id_visum by clave_ageb), received 2026-10-02"
1412000014465,8255,,"working group, zonas_2212.shp (id_visum by clave_ageb), received 2026-10-02"
141200001447A,8256,,"working group, zonas_2212.shp (id_visum by clave_ageb), received 2026-10-02"
1412000014484,8257,,"working group, zonas_2212.shp (id_visum by clave_ageb), received 2026-10-02"
1412000014499,8258,,"working group, zonas_2212.shp (id_visum by clave_ageb), received 2026-10-02"
1412000014501,8259,,"working group, zonas_2212.shp (id_visum by clave_ageb), received 2026-10-02"
1412000014516,8260,,"working group, zonas_2212.shp (id_visum by clave_ageb), received 2026-10-02"
1412000014520,8261,,"working group, zonas_2212.shp (id_visum by clave_ageb), received 2026-10-02"
1412000014535,8262,,"working group, zonas_2212.shp (id_visum by clave_ageb), received 2026-10-02"
141200001454A,8263,,"working group, zonas_2212.shp (id_visum by clave_ageb), received 2026-10-02"
1412000014554,8264,,"working group, zonas_2212.shp (id_visum by clave_ageb), received 2026-10-02"
1412000014569,8265,,"working group, zonas_2212.shp (id_visum by clave_ageb), received 2026-10-02"
1412000014573,8266,,"working group, zonas_2212.shp (id_visum by clave_ageb), received 2026-10-02"
1412000014588,8267,,"working group, zonas_2212.shp (id_visum by clave_ageb), received 2026-10-02"
1412000014592,8268,,"working group, zonas_2212.shp (id_visum by clave_ageb), received 2026-10-02"
1412000014605,8269,,"working group, zonas_2212.shp (id_visum by clave_ageb), received 2026-10-02"
141200001461A,8270,,"working group, zonas_2212.shp (id_visum by clave_ageb), received 2026-10-02"
1412000014643,8271,,"working group, zonas_2212.shp (id_visum by clave_ageb), received 2026-10-02"
1412000014658,8272,,"working group, zonas_2212.shp (id_visum by clave_ageb), received 2026-10-02"
1412000014662,8273,,"working group, zonas_2212.shp (id_visum by clave_ageb), received 2026-10-02"
1412000014677,8274,,"working group, zonas_2212.shp (id_visum by clave_ageb), received 2026-10-02"
1412000014728,8275,,"working group, zonas_2212.shp (id_visum by clave_ageb), received 2026-10-02"
1412000014732,8276,,"working group, zonas_2212.shp (id_visum by clave_ageb), received 2026-10-02"
1412000014766,8277,,"working group, zonas_2212.shp (id_visum by clave_ageb), received 2026-10-02"
1412000014770,8278,,"working group, zonas_2212.shp (id_visum by clave_ageb), received 2026-10-02"
141200001479A,8279,,"working group, zonas_2212.shp (id_visum by clave_ageb), received 2026-10-02"
1412000014821,8280,,"working group, zonas_2212.shp (id_visum by clave_ageb), received 2026-10-02"
1412000014836,8281,,"working group, zonas_2212.shp (id_visum by clave_ageb), received 2026-10-02"
1412000014840,8282,,"working group, zonas_2212.shp (id_visum by clave_ageb), received 2026-10-02"
1412000014855,8283,,"working group, zonas_2212.shp (id_visum by clave_ageb), received 2026-10-02"
141200001486A,8284,,"working group, zonas_2212.shp (id_visum by clave_ageb), received 2026-10-02"
1412000014874,8285,,"working group, zonas_2212.shp (id_visum by clave_ageb), received 2026-10-02"
1412000014889,8286,,"working group, zonas_2212.shp (id_visum by clave_ageb), received 2026-10-02"
1412000014906,8287,,"working group, zonas_2212.shp (id_visum by clave_ageb), received 2026-10-02"
1412000014910,8288,,"working group, zonas_2212.shp (id_visum by clave_ageb), received 2026-10-02"
1412000014925,8289,,"working group, zonas_2212.shp (id_visum by clave_ageb), received 2026-10-02"
1412000014944,8290,,"working group, zonas_2212.shp (id_visum by clave_ageb), received 2026-10-02"
1412000014963,8291,,"working group, zonas_2212.shp (id_visum by clave_ageb), received 2026-10-02"
1412000014978,8292,,"working group, zonas_2212.shp (id_visum by clave_ageb), received 2026-10-02"
1412000015105,8293,,"working group, zonas_2212.shp (id_visum by clave_ageb), received 2026-10-02"
1412000015124,8294,,"working group, zonas_2212.shp (id_visum by clave_ageb), received 2026-10-02"
1412000015139,8295,,"working group, zonas_2212.shp (id_visum by clave_ageb), received 2026-10-02"
1412000015143,8296,,"working group, zonas_2212.shp (id_visum by clave_ageb), received 2026-10-02"
1412000015158,8297,,"working group, zonas_2212.shp (id_visum by clave_ageb), received 2026-10-02"
1412000015162,8298,,"working group, zonas_2212.shp (id_visum by clave_ageb), received 2026-10-02"
1412000015177,8299,,"working group, zonas_2212.shp (id_visum by clave_ageb), received 2026-10-02"
1412000015181,8300,,"working group, zonas_2212.shp (id_visum by clave_ageb), received 2026-10-02"
1412000015196,8301,,"working group, zonas_2212.shp (id_visum by clave_ageb), received 2026-10-02"
1412000015209,8302,,"working group, zonas_2212.shp (id_visum by clave_ageb), received 2026-10-02"
1412000015228,8303,,"working group, zonas_2212.shp (id_visum by clave_ageb), received 2026-10-02"
1412000015251,8304,,"working group, zonas_2212.shp (id_visum by clave_ageb), received 2026-10-02"
1412000015266,8305,,"working group, zonas_2212.shp (id_visum by clave_ageb), received 2026-10-02"
1412000015270,8306,,"working group, zonas_2212.shp (id_visum by clave_ageb), received 2026-10-02"
1412000015285,8307,,"working group, zonas_2212.shp (id_visum by clave_ageb), received 2026-10-02"
141200001529A,8308,,"working group, zonas_2212.shp (id_visum by clave_ageb), received 2026-10-02"
1412000015302,8309,,"working group, zonas_2212.shp (id_visum by clave_ageb), received 2026-10-02"
1412000015317,8310,,"working group, zonas_2212.shp (id_visum by clave_ageb), received 2026-10-02"
1412000015336,8311,,"working group, zonas_2212.shp (id_visum by clave_ageb), received 2026-10-02"
1412000015340,8312,,"working group, zonas_2212.shp (id_visum by clave_ageb), received 2026-10-02"
1412000015355,8313,,"working group, zonas_2212.shp (id_visum by clave_ageb), received 2026-10-02"
141200001536A,8314,,"working group, zonas_2212.shp (id_visum by clave_ageb), received 2026-10-02"
1412000015374,8315,,"working group, zonas_2212.shp (id_visum by clave_ageb), received 2026-10-02"
1412000015444,8316,,"working group, zonas_2212.shp (id_visum by clave_ageb), received 2026-10-02"
1412000015459,8317,,"working group, zonas_2212.shp (id_visum by clave_ageb), received 2026-10-02"
1412000015463,8318,,"working group, zonas_2212.shp (id_visum by clave_ageb), received 2026-10-02"
1412000015478,8319,,"working group, zonas_2212.shp (id_visum by clave_ageb), received 2026-10-02"
1412000015482,8320,,"working group, zonas_2212.shp (id_visum by clave_ageb), received 2026-10-02"
1412000015497,8321,,"working group, zonas_2212.shp (id_visum by clave_ageb), received 2026-10-02"
141200001550A,8322,,"working group, zonas_2212.shp (id_visum by clave_ageb), received 2026-10-02"
1412000015533,8323,,"working group, zonas_2212.shp (id_visum by clave_ageb), received 2026-10-02"
1412000015548,8324,,"working group, zonas_2212.shp (id_visum by clave_ageb), received 2026-10-02"
1412000015552,8325,,"working group, zonas_2212.shp (id_visum by clave_ageb), received 2026-10-02"
1412000015622,8326,,"working group, zonas_2212.shp (id_visum by clave_ageb), received 2026-10-02"
1412000015637,8327,,"working group, zonas_2212.shp (id_visum by clave_ageb), received 2026-10-02"
1412000015641,8328,,"working group, zonas_2212.shp (id_visum by clave_ageb), received 2026-10-02"
1412000015656,8329,,"working group, zonas_2212.shp (id_visum by clave_ageb), received 2026-10-02"
1412000015660,8330,,"working group, zonas_2212.shp (id_visum by clave_ageb), received 2026-10-02"
1412000015675,8331,,"working group, zonas_2212.shp (id_visum by clave_ageb), received 2026-10-02"
1412000015694,8332,,"working group, zonas_2212.shp (id_visum by clave_ageb), received 2026-10-02"
1412000015745,8333,,"working group, zonas_2212.shp (id_visum by clave_ageb), received 2026-10-02"
141200001575A,8334,,"working group, zonas_2212.shp (id_visum by clave_ageb), received 2026-10-02"
1412000015798,8335,,"working group, zonas_2212.shp (id_visum by clave_ageb), received 2026-10-02"
1412000015800,8336,,"working group, zonas_2212.shp (id_visum by clave_ageb), received 2026-10-02"
1412000015815,8337,,"working group, zonas_2212.shp (id_visum by clave_ageb), received 2026-10-02"
141200001582A,8338,,"working group, zonas_2212.shp (id_visum by clave_ageb), received 2026-10-02"
1412000015834,8339,,"working group, zonas_2212.shp (id_visum by clave_ageb), received 2026-10-02"
1412000015849,8340,,"working group, zonas_2212.shp (id_visum by clave_ageb), received 2026-10-02"
1412000015938,8341,,"working group, zonas_2212.shp (id_visum by clave_ageb), received 2026-10-02"
1412000015942,8342,,"working group, zonas_2212.shp (id_visum by clave_ageb), received 2026-10-02"
141200001600A,8343,,"working group, zonas_2212.shp (id_visum by clave_ageb), received 2026-10-02"
1412000016014,8344,,"working group, zonas_2212.shp (id_visum by clave_ageb), received 2026-10-02"
1412000016029,8345,,"working group, zonas_2212.shp (id_visum by clave_ageb), received 2026-10-02"
1412000016033,8346,,"working group, zonas_2212.shp (id_visum by clave_ageb), received 2026-10-02"
1412000016048,8347,,"working group, zonas_2212.shp (id_visum by clave_ageb), received 2026-10-02"
1412000016052,8348,,"working group, zonas_2212.shp (id_visum by clave_ageb), received 2026-10-02"
1412000016067,8349,,"working group, zonas_2212.shp (id_visum by clave_ageb), received 2026-10-02"
1412000016071,8350,,"working group, zonas_2212.shp (id_visum by clave_ageb), received 2026-10-02"
1412000016086,8351,,"working group, zonas_2212.shp (id_visum by clave_ageb), received 2026-10-02"
1412000016090,8352,,"working group, zonas_2212.shp (id_visum by clave_ageb), received 2026-10-02"
1412000016103,8353,,"working group, zonas_2212.shp (id_visum by clave_ageb), received 2026-10-02"
1412000016118,8354,,"working group, zonas_2212.shp (id_visum by clave_ageb), received 2026-10-02"
1412000016122,8355,,"working group, zonas_2212.shp (id_visum by clave_ageb), received 2026-10-02"
1412000016141,8356,,"working group, zonas_2212.shp (id_visum by clave_ageb), received 2026-10-02"
1412000016175,8357,,"working group, zonas_2212.shp (id_visum by clave_ageb), received 2026-10-02"
1412000016283,8358,,"working group, zonas_2212.shp (id_visum by clave_ageb), received 2026-10-02"
1412000016298,8359,,"working group, zonas_2212.shp (id_visum by clave_ageb), received 2026-10-02"
1412000016300,8360,,"working group, zonas_2212.shp (id_visum by clave_ageb), received 2026-10-02"
1412000016315,8361,,"working group, zonas_2212.shp (id_visum by clave_ageb), received 2026-10-02"
141200001632A,8362,,"working group, zonas_2212.shp (id_visum by clave_ageb), received 2026-10-02"
1412000016391,8363,,"working group, zonas_2212.shp (id_visum by clave_ageb), received 2026-10-02"
1412000016423,8364,,"working group, zonas_2212.shp (id_visum by clave_ageb), received 2026-10-02"
1412000016438,8365,,"working group, zonas_2212.shp (id_visum by clave_ageb), received 2026-10-02"
1412000016495,8366,,"working group, zonas_2212.shp (id_visum by clave_ageb), received 2026-10-02"
1412000016508,8367,,"working group, zonas_2212.shp (id_visum by clave_ageb), received 2026-10-02"
1412000016512,8368,,"working group, zonas_2212.shp (id_visum by clave_ageb), received 2026-10-02"
1412000016527,8369,,"working group, zonas_2212.shp (id_visum by clave_ageb), received 2026-10-02"
1412000016531,8370,,"working group, zonas_2212.shp (id_visum by clave_ageb), received 2026-10-02"
1412000016546,8371,,"working group, zonas_2212.shp (id_visum by clave_ageb), received 2026-10-02"
1412000016550,8372,,"working group, zonas_2212.shp (id_visum by clave_ageb), received 2026-10-02"
1412000016565,8373,,"working group, zonas_2212.shp (id_visum by clave_ageb), received 2026-10-02"
141200001657A,8374,,"working group, zonas_2212.shp (id_visum by clave_ageb), received 2026-10-02"
1412000016584,8375,,"working group, zonas_2212.shp (id_visum by clave_ageb), received 2026-10-02"
1412000016599,8376,,"working group, zonas_2212.shp (id_visum by clave_ageb), received 2026-10-02"
1412000016601,8377,,"working group, zonas_2212.shp (id_visum by clave_ageb), received 2026-10-02"
1412000016616,8378,,"working group, zonas_2212.shp (id_visum by clave_ageb), received 2026-10-02"
1412000016620,8379,,"working group, zonas_2212.shp (id_visum by clave_ageb), received 2026-10-02"
1412000016635,8380,,"working group, zonas_2212.shp (id_visum by clave_ageb), received 2026-10-02"
141200001664A,8381,,"working group, zonas_2212.shp (id_visum by clave_ageb), received 2026-10-02"
1412000016705,8382,,"working group, zonas_2212.shp (id_visum by clave_ageb), received 2026-10-02"
141200001671A,8383,,"working group, zonas_2212.shp (id_visum by clave_ageb), received 2026-10-02"
1412000016724,8384,,"working group, zonas_2212.shp (id_visum by clave_ageb), received 2026-10-02"
1412000016739,8385,,"working group, zonas_2212.shp (id_visum by clave_ageb), received 2026-10-02"
1412000016743,8386,,"working group, zonas_2212.shp (id_visum by clave_ageb), received 2026-10-02"
1412000016758,8387,,"working group, zonas_2212.shp (id_visum by clave_ageb), received 2026-10-02"
1412000016762,8388,,"working group, zonas_2212.shp (id_visum by clave_ageb), received 2026-10-02"
1412000016777,8389,,"working group, zonas_2212.shp (id_visum by clave_ageb), received 2026-10-02"
1412000016781,8390,,"working group, zonas_2212.shp (id_visum by clave_ageb), received 2026-10-02"
1412000016796,8391,,"working group, zonas_2212.shp (id_visum by clave_ageb), received 2026-10-02"
1412000016809,8392,,"working group, zonas_2212.shp (id_visum by clave_ageb), received 2026-10-02"
1412000016813,8393,,"working group, zonas_2212.shp (id_visum by clave_ageb), received 2026-10-02"
1412000016828,8394,,"working group, zonas_2212.shp (id_visum by clave_ageb), received 2026-10-02"
1412000016832,8395,,"working group, zonas_2212.shp (id_visum by clave_ageb), received 2026-10-02"
1412000016847,8396,,"working group, zonas_2212.shp (id_visum by clave_ageb), received 2026-10-02"
1412000016851,8397,,"working group, zonas_2212.shp (id_visum by clave_ageb), received 2026-10-02"
1412000016866,8398,,"working group, zonas_2212.shp (id_visum by clave_ageb), received 2026-10-02"
1412000016870,8399,,"working group, zonas_2212.shp (id_visum by clave_ageb), received 2026-10-02"
1412000016885,8400,,"working group, zonas_2212.shp (id_visum by clave_ageb), received 2026-10-02"
141200001689A,8401,,"working group, zonas_2212.shp (id_visum by clave_ageb), received 2026-10-02"
1412000016902,8402,,"working group, zonas_2212.shp (id_visum by clave_ageb), received 2026-10-02"
1412000016917,8403,,"working group, zonas_2212.shp (id_visum by clave_ageb), received 2026-10-02"
1412000016921,8404,,"working group, zonas_2212.shp (id_visum by clave_ageb), received 2026-10-02"
1412000017008,8405,,"working group, zonas_2212.shp (id_visum by clave_ageb), received 2026-10-02"
1412000017012,8406,,"working group, zonas_2212.shp (id_visum by clave_ageb), received 2026-10-02"
1412000017027,8407,,"working group, zonas_2212.shp (id_visum by clave_ageb), received 2026-10-02"
1412000017031,8408,,"working group, zonas_2212.shp (id_visum by clave_ageb), received 2026-10-02"
1412000017046,8409,,"working group, zonas_2212.shp (id_visum by clave_ageb), received 2026-10-02"
1412000017050,8410,,"working group, zonas_2212.shp (id_visum by clave_ageb), received 2026-10-02"
1412000017065,8411,,"working group, zonas_2212.shp (id_visum by clave_ageb), received 2026-10-02"
141200001707A,8412,,"working group, zonas_2212.shp (id_visum by clave_ageb), received 2026-10-02"
1412000017084,8413,,"working group, zonas_2212.shp (id_visum by clave_ageb), received 2026-10-02"
1412000017099,8414,,"working group, zonas_2212.shp (id_visum by clave_ageb), received 2026-10-02"
1412000017101,8415,,"working group, zonas_2212.shp (id_visum by clave_ageb), received 2026-10-02"
1412000017116,8416,,"working group, zonas_2212.shp (id_visum by clave_ageb), received 2026-10-02"
1412000017120,8417,,"working group, zonas_2212.shp (id_visum by clave_ageb), received 2026-10-02"
1412000017135,8418,,"working group, zonas_2212.shp (id_visum by clave_ageb), received 2026-10-02"
141200001714A,8419,,"working group, zonas_2212.shp (id_visum by clave_ageb), received 2026-10-02"
1412000017154,8420,,"working group, zonas_2212.shp (id_visum by clave_ageb), received 2026-10-02"
1412000017169,8421,,"working group, zonas_2212.shp (id_visum by clave_ageb), received 2026-10-02"
1412000017188,8422,,"working group, zonas_2212.shp (id_visum by clave_ageb), received 2026-10-02"
1412000017205,8423,,"working group, zonas_2212.shp (id_visum by clave_ageb), received 2026-10-02"
141200001721A,8424,,"working group, zonas_2212.shp (id_visum by clave_ageb), received 2026-10-02"
1412000017258,8425,,"working group, zonas_2212.shp (id_visum by clave_ageb), received 2026-10-02"
1412000017262,8426,,"working group, zonas_2212.shp (id_visum by clave_ageb), received 2026-10-02"
1412000017277,8427,,"working group, zonas_2212.shp (id_visum by clave_ageb), received 2026-10-02"
1412000017281,8428,,"working group, zonas_2212.shp (id_visum by clave_ageb), received 2026-10-02"
1412000017296,8429,,"working group, zonas_2212.shp (id_visum by clave_ageb), received 2026-10-02"
1412000017309,8430,,"working group, zonas_2212.shp (id_visum by clave_ageb), received 2026-10-02"
1412000017313,8431,,"working group, zonas_2212.shp (id_visum by clave_ageb), received 2026-10-02"
1412000017328,8432,,"working group, zonas_2212.shp (id_visum by clave_ageb), received 2026-10-02"
1412000017332,8433,,"working group, zonas_2212.shp (id_visum by clave_ageb), received 2026-10-02"
1412000017366,8434,,"working group, zonas_2212.shp (id_visum by clave_ageb), received 2026-10-02"
1412000017370,8435,,"working group, zonas_2212.shp (id_visum by clave_ageb), received 2026-10-02"
1412000017385,8436,,"working group, zonas_2212.shp (id_visum by clave_ageb), received 2026-10-02"
141200001739A,8437,,"working group, zonas_2212.shp (id_visum by clave_ageb), received 2026-10-02"
1412000017402,8438,,"working group, zonas_2212.shp (id_visum by clave_ageb), received 2026-10-02"
1412000017417,8439,,"working group, zonas_2212.shp (id_visum by clave_ageb), received 2026-10-02"
1412000620161,8440,,"working group, zonas_2212.shp (id_visum by clave_ageb), received 2026-10-02"
1412000620176,8441,,"working group, zonas_2212.shp (id_visum by clave_ageb), received 2026-10-02"
1412000620180,8442,,"working group, zonas_2212.shp (id_visum by clave_ageb), received 2026-10-02"
1412000620208,8443,,"working group, zonas_2212.shp (id_visum by clave_ageb), received 2026-10-02"
1412000620284,8444,,"working group, zonas_2212.shp (id_visum by clave_ageb), received 2026-10-02"
1412000620299,8445,,"working group, zonas_2212.shp (id_visum by clave_ageb), received 2026-10-02"
1412001395980,8446,,"working group, zonas_2212.shp (id_visum by clave_ageb), received 2026-10-02"
1412001395995,8447,,"working group, zonas_2212.shp (id_visum by clave_ageb), received 2026-10-02"
141200206504A,8448,,"working group, zonas_2212.shp (id_visum by clave_ageb), received 2026-10-02"
1412002065054,8449,,"working group, zonas_2212.shp (id_visum by clave_ageb), received 2026-10-02"
1412002066461,8450,,"working group, zonas_2212.shp (id_visum by clave_ageb), received 2026-10-02"
1412002067347,8451,,"working group, zonas_2212.shp (id_visum by clave_ageb), received 2026-10-02"
1412002312026,8452,,"working group, zonas_2212.shp (id_visum by clave_ageb), received 2026-10-02"
1412002312045,8453,,"working group, zonas_2212.shp (id_visum by clave_ageb), received 2026-10-02"
141200231205A,8454,,"working group, zonas_2212.shp (id_visum by clave_ageb), received 2026-10-02"
1412002312079,8455,,"working group, zonas_2212.shp (id_visum by clave_ageb), received 2026-10-02"
1412002313823,8456,,"working group, zonas_2212.shp (id_visum by clave_ageb), received 2026-10-02"
1412002313838,8457,,"working group, zonas_2212.shp (id_visum by clave_ageb), received 2026-10-02"
1412002313842,8458,,"working group, zonas_2212.shp (id_visum by clave_ageb), received 2026-10-02"
1412002313895,8459,,"working group, zonas_2212.shp (id_visum by clave_ageb), received 2026-10-02"
1412002313999,8460,,"working group, zonas_2212.shp (id_visum by clave_ageb), received 2026-10-02"
1412002314003,8461,,"working group, zonas_2212.shp (id_visum by clave_ageb), received 2026-10-02"
1412002314145,8462,,"working group, zonas_2212.shp (id_visum by clave_ageb), received 2026-10-02"
141200231415A,8463,,"working group, zonas_2212.shp (id_visum by clave_ageb), received 2026-10-02"
1412002314164,8464,,"working group, zonas_2212.shp (id_visum by clave_ageb), received 2026-10-02"
1412002314179,8465,,"working group, zonas_2212.shp (id_visum by clave_ageb), received 2026-10-02"
1412002314802,8466,,"working group, zonas_2212.shp (id_visum by clave_ageb), received 2026-10-02"
1412002314817,8467,,"working group, zonas_2212.shp (id_visum by clave_ageb), received 2026-10-02"
1412002315035,8468,,"working group, zonas_2212.shp (id_visum by clave_ageb), received 2026-10-02"
1412002315590,8469,,"working group, zonas_2212.shp (id_visum by clave_ageb), received 2026-10-02"
1412002315603,8470,,"working group, zonas_2212.shp (id_visum by clave_ageb), received 2026-10-02"
1412002315618,8471,,"working group, zonas_2212.shp (id_visum by clave_ageb), received 2026-10-02"
1412002315726,8472,,"working group, zonas_2212.shp (id_visum by clave_ageb), received 2026-10-02"
1412002315730,8473,,"working group, zonas_2212.shp (id_visum by clave_ageb), received 2026-10-02"
1412002315779,8474,,"working group, zonas_2212.shp (id_visum by clave_ageb), received 2026-10-02"
1412002315872,8475,,"working group, zonas_2212.shp (id_visum by clave_ageb), received 2026-10-02"
1412002315887,8476,,"working group, zonas_2212.shp (id_visum by clave_ageb), received 2026-10-02"
1412002316207,8477,,"working group, zonas_2212.shp (id_visum by clave_ageb), received 2026-10-02"
1412002316211,8478,,"working group, zonas_2212.shp (id_visum by clave_ageb), received 2026-10-02"
1412002316226,8479,,"working group, zonas_2212.shp (id_visum by clave_ageb), received 2026-10-02"
1412002316230,8480,,"working group, zonas_2212.shp (id_visum by clave_ageb), received 2026-10-02"
1412002316245,8481,,"working group, zonas_2212.shp (id_visum by clave_ageb), received 2026-10-02"
141200231625A,8482,,"working group, zonas_2212.shp (id_visum by clave_ageb), received 2026-10-02"
1412002316264,8483,,"working group, zonas_2212.shp (id_visum by clave_ageb), received 2026-10-02"
1412002316404,8484,,"working group, zonas_2212.shp (id_visum by clave_ageb), received 2026-10-02"
1412002316476,8485,,"working group, zonas_2212.shp (id_visum by clave_ageb), received 2026-10-02"
1412002316480,8486,,"working group, zonas_2212.shp (id_visum by clave_ageb), received 2026-10-02"
1412002316654,8487,,"working group, zonas_2212.shp (id_visum by clave_ageb), received 2026-10-02"
1412002316669,8488,,"working group, zonas_2212.shp (id_visum by clave_ageb), received 2026-10-02"
1412002316673,8489,,"working group, zonas_2212.shp (id_visum by clave_ageb), received 2026-10-02"
1412002316688,8490,,"working group, zonas_2212.shp (id_visum by clave_ageb), received 2026-10-02"
1412002316692,8491,,"working group, zonas_2212.shp (id_visum by clave_ageb), received 2026-10-02"
141200231696A,8492,,"working group, zonas_2212.shp (id_visum by clave_ageb), received 2026-10-02"
1412002316974,8493,,"working group, zonas_2212.shp (id_visum by clave_ageb), received 2026-10-02"
1412002316989,8494,,"working group, zonas_2212.shp (id_visum by clave_ageb), received 2026-10-02"
1412002316993,8495,,"working group, zonas_2212.shp (id_visum by clave_ageb), received 2026-10-02"
1412002317173,8496,,"working group, zonas_2212.shp (id_visum by clave_ageb), received 2026-10-02"
1412002317192,8497,,"working group, zonas_2212.shp (id_visum by clave_ageb), received 2026-10-02"
1412002317224,8498,,"working group, zonas_2212.shp (id_visum by clave_ageb), received 2026-10-02"
1412002317239,8499,,"working group, zonas_2212.shp (id_visum by clave_ageb), received 2026-10-02"
1412002317243,8500,,"working group, zonas_2212.shp (id_visum by clave_ageb), received 2026-10-02"
1412002317351,8501,,"working group, zonas_2212.shp (id_visum by clave_ageb), received 2026-10-02"
1412002317436,8502,,"working group, zonas_2212.shp (id_visum by clave_ageb), received 2026-10-02"
1412002434709,8503,,"working group, zonas_2212.shp (id_visum by clave_ageb), received 2026-10-02"
1412002434713,8504,,"working group, zonas_2212.shp (id_visum by clave_ageb), received 2026-10-02"
1412004306936,8505,,"working group, zonas_2212.shp (id_visum by clave_ageb), received 2026-10-02"
1412004306940,8506,,"working group, zonas_2212.shp (id_visum by clave_ageb), received 2026-10-02"
1412004306955,8507,,"working group, zonas_2212.shp (id_visum by clave_ageb), received 2026-10-02"
1412004307421,8508,,"working group, zonas_2212.shp (id_visum by clave_ageb), received 2026-10-02"
1412007500301,8509,,"working group, zonas_2212.shp (id_visum by clave_ageb), received 2026-10-02"
1412007500316,8510,,"working group, zonas_2212.shp (id_visum by clave_ageb), received 2026-10-02"
1412007530320,8511,,"working group, zonas_2212.shp (id_visum by clave_ageb), received 2026-10-02"
1412007560335,8512,,"working group, zonas_2212.shp (id_visum by clave_ageb), received 2026-10-02"
1412007560424,8513,,"working group, zonas_2212.shp (id_visum by clave_ageb), received 2026-10-02"
1412007570439,8514,,"working group, zonas_2212.shp (id_visum by clave_ageb), received 2026-10-02"
1412007570462,8515,,"working group, zonas_2212.shp (id_visum by clave_ageb), received 2026-10-02"
1412007580496,8516,,"working group, zonas_2212.shp (id_visum by clave_ageb), received 2026-10-02"
1412007580509,8517,,"working group, zonas_2212.shp (id_visum by clave_ageb), received 2026-10-02"
1412007580551,8518,,"working group, zonas_2212.shp (id_visum by clave_ageb), received 2026-10-02"
1412007580566,8519,,"working group, zonas_2212.shp (id_visum by clave_ageb), received 2026-10-02"
1412007580693,8520,,"working group, zonas_2212.shp (id_visum by clave_ageb), received 2026-10-02"
1412007580744,8521,,"working group, zonas_2212.shp (id_visum by clave_ageb), received 2026-10-02"
1412007580759,8522,,"working group, zonas_2212.shp (id_visum by clave_ageb), received 2026-10-02"
1412007580797,8523,,"working group, zonas_2212.shp (id_visum by clave_ageb), received 2026-10-02"
141200758080A,8524,,"working group, zonas_2212.shp (id_visum by clave_ageb), received 2026-10-02"
1412007580829,8525,,"working group, zonas_2212.shp (id_visum by clave_ageb), received 2026-10-02"
1412007580833,8526,,"working group, zonas_2212.shp (id_visum by clave_ageb), received 2026-10-02"
1412007580848,8527,,"working group, zonas_2212.shp (id_visum by clave_ageb), received 2026-10-02"
1412007630852,8528,,"working group, zonas_2212.shp (id_visum by clave_ageb), received 2026-10-02"
1412007630867,8529,,"working group, zonas_2212.shp (id_visum by clave_ageb), received 2026-10-02"
141200034,8902,,"working group, zonas_2212.shp (id_visum by clave_ageb), received 2026-10-02"
141200068,8905,,"working group, zonas_2212.shp (id_visum by clave_ageb), received 2026-10-02"
141200087,8906,,"working group, zonas_2212.shp (id_visum by clave_ageb), received 2026-10-02"
141200091,8907,,"working group, zonas_2212.shp (id_visum by clave_ageb), received 2026-10-02"
141200104,8908,,"working group, zonas_2212.shp (id_visum by clave_ageb), received 2026-10-02"
141200123,8909,,"working group, zonas_2212.shp (id_visum by clave_ageb), received 2026-10-02"
141200138,8910,,"working group, zonas_2212.shp (id_visum by clave_ageb), received 2026-10-02"
141200142,8911,,"working group, zonas_2212.shp (id_visum by clave_ageb), received 2026-10-02"
141200157,8912,,"working group, zonas_2212.shp (id_visum by clave_ageb), received 2026-10-02"
14120059A,8914,,"working group, zonas_2212.shp (id_visum by clave_ageb), received 2026-10-02"
141203908,8915,,"working group, zonas_2212.shp (id_visum by clave_ageb), received 2026-10-02"
141205567,8916,,"working group, zonas_2212.shp (id_visum by clave_ageb), received 2026-10-02"
1412400010122,9001,,"working group, zonas_2212.shp (id_visum by clave_ageb), received 2026-10-02"
1412400010137,9002,,"working group, zonas_2212.shp (id_visum by clave_ageb), received 2026-10-02"
1412400010141,9003,,"working group, zonas_2212.shp (id_visum by clave_ageb), received 2026-10-02"
1412400010156,9004,,"working group, zonas_2212.shp (id_visum by clave_ageb), received 2026-10-02"
1412400010175,9005,,"working group, zonas_2212.shp (id_visum by clave_ageb), received 2026-10-02"
141240001018A,9006,,"working group, zonas_2212.shp (id_visum by clave_ageb), received 2026-10-02"
1412400010211,9007,,"working group, zonas_2212.shp (id_visum by clave_ageb), received 2026-10-02"
1412400010226,9008,,"working group, zonas_2212.shp (id_visum by clave_ageb), received 2026-10-02"
1412400010230,9009,,"working group, zonas_2212.shp (id_visum by clave_ageb), received 2026-10-02"
1412400010245,9010,,"working group, zonas_2212.shp (id_visum by clave_ageb), received 2026-10-02"
141240001025A,9011,,"working group, zonas_2212.shp (id_visum by clave_ageb), received 2026-10-02"
1412400010264,9012,,"working group, zonas_2212.shp (id_visum by clave_ageb), received 2026-10-02"
1412400010279,9013,,"working group, zonas_2212.shp (id_visum by clave_ageb), received 2026-10-02"
1412400010283,9014,,"working group, zonas_2212.shp (id_visum by clave_ageb), received 2026-10-02"
1412400010298,9015,,"working group, zonas_2212.shp (id_visum by clave_ageb), received 2026-10-02"
1412400010300,9016,,"working group, zonas_2212.shp (id_visum by clave_ageb), received 2026-10-02"
1412400010315,9017,,"working group, zonas_2212.shp (id_visum by clave_ageb), received 2026-10-02"
141240001032A,9018,,"working group, zonas_2212.shp (id_visum by clave_ageb), received 2026-10-02"
1412400010334,9019,,"working group, zonas_2212.shp (id_visum by clave_ageb), received 2026-10-02"
1412400010349,9020,,"working group, zonas_2212.shp (id_visum by clave_ageb), received 2026-10-02"
1412400010372,9021,,"working group, zonas_2212.shp (id_visum by clave_ageb), received 2026-10-02"
1412400010404,9022,,"working group, zonas_2212.shp (id_visum by clave_ageb), received 2026-10-02"
1412400010419,9023,,"working group, zonas_2212.shp (id_visum by clave_ageb), received 2026-10-02"
1412400010423,9024,,"working group, zonas_2212.shp (id_visum by clave_ageb), received 2026-10-02"
1412400010438,9025,,"working group, zonas_2212.shp (id_visum by clave_ageb), received 2026-10-02"
1412400010442,9026,,"working group, zonas_2212.shp (id_visum by clave_ageb), received 2026-10-02"
1412400010457,9027,,"working group, zonas_2212.shp (id_visum by clave_ageb), received 2026-10-02"
1412400010461,9028,,"working group, zonas_2212.shp (id_visum by clave_ageb), received 2026-10-02"
1412400010476,9029,,"working group, zonas_2212.shp (id_visum by clave_ageb), received 2026-10-02"
1412400010480,9030,,"working group, zonas_2212.shp (id_visum by clave_ageb), received 2026-10-02"
1412400010495,9031,,"working group, zonas_2212.shp (id_visum by clave_ageb), received 2026-10-02"
1412400010508,9032,,"working group, zonas_2212.shp (id_visum by clave_ageb), received 2026-10-02"
1412400010512,9033,,"working group, zonas_2212.shp (id_visum by clave_ageb), received 2026-10-02"
1412400010527,9034,,"working group, zonas_2212.shp (id_visum by clave_ageb), received 2026-10-02"
1412400010531,9035,,"working group, zonas_2212.shp (id_visum by clave_ageb), received 2026-10-02"
1412400010546,9036,,"working group, zonas_2212.shp (id_visum by clave_ageb), received 2026-10-02"
1412400010550,9037,,"working group, zonas_2212.shp (id_visum by clave_ageb), received 2026-10-02"
1412400010565,9038,,"working group, zonas_2212.shp (id_visum by clave_ageb), received 2026-10-02"
141240001057A,9039,,"working group, zonas_2212.shp (id_visum by clave_ageb), received 2026-10-02"
1412400010584,9040,,"working group, zonas_2212.shp (id_visum by clave_ageb), received 2026-10-02"
1412400940387,9041,,"working group, zonas_2212.shp (id_visum by clave_ageb), received 2026-10-02"
1412400940391,9042,,"working group, zonas_2212.shp (id_visum by clave_ageb), received 2026-10-02"
1412401760160,9043,,"working group, zonas_2212.shp (id_visum by clave_ageb), received 2026-10-02"
1412401760599,9044,,"working group, zonas_2212.shp (id_visum by clave_ageb), received 2026-10-02"
1412401760601,9045,,"working group, zonas_2212.shp (id_visum by clave_ageb), received 2026-10-02"
141240014,9900,,"working group, zonas_2212.shp (id_visum by clave_ageb), received 2026-10-02"
141240029,9901,,"working group, zonas_2212.shp (id_visum by clave_ageb), received 2026-10-02"
141240033,9902,,"working group, zonas_2212.shp (id_visum by clave_ageb), received 2026-10-02"
141240048,9903,,"working group, zonas_2212.shp (id_visum by clave_ageb), received 2026-10-02"
141240071,9904,,"working group, zonas_2212.shp (id_visum by clave_ageb), received 2026-10-02"
141240086,9905,,"working group, zonas_2212.shp (id_visum by clave_ageb), received 2026-10-02"
141240090,9906,,"working group, zonas_2212.shp (id_visum by clave_ageb), received 2026-10-02"
141240103,9907,,"working group, zonas_2212.shp (id_visum by clave_ageb), received 2026-10-02"
999990001,10001,,"working group, zonas_2212.shp (id_visum by clave_ageb), received 2026-10-02"
999990002,10002,,"working group, zonas_2212.shp (id_visum by clave_ageb), received 2026-10-02"
999990003,10003,,"working group, zonas_2212.shp (id_visum by clave_ageb), received 2026-10-02"
999990004,10004,the survey's one Zapotlanejo access point; the working group's file splits it into Cuota (999990004) and Libre (999990007),"working group, zonas_2212.shp (id_visum by clave_ageb), received 2026-10-02"
999990005,10005,,"working group, zonas_2212.shp (id_visum by clave_ageb), received 2026-10-02"
999990006,10006,,"working group, zonas_2212.shp (id_visum by clave_ageb), received 2026-10-02"
99999000A,10009,,"working group, zonas_2212.shp (id_visum by clave_ageb), received 2026-10-02"
